0,5,22,66,17,58,10,26,6,63,2,46,19,84,18,55,43,24,16,23,29,1,25,114,20,28,21
1,21,66,20,34,5,65,8,45,24,22,117,95
2,8,7,10,34,26,15,19,16,28,18,3,5,23,92,14,6,114,77,22,1
3,10,114,13,14,23,7,8,26,1,20,17,55,24,3,25,107,92,68,63,11,46
4,22,89,54,12,26,95,13,43,7,9,28,16,3,23,10,15,11,55,19,46,34,35,68,84,63
5,13,66,15,9,1,95,24,11,43,84,26,25,22,62,19,18,41,46,16
6,18,14,7,12,26,3,6,9,69,21,1,2,13,22,17,89,63,10,8
7,15,24,13,16,3,26,14,5,8,12,1,46,97,10,11,25,18,56,66,108,117
8,12,46,22,11,16,66,20,15,89,84,17,18,21,25,28,7,1,116
9,114,23,43,8,7,3,2,92,25,11,18,13,97,46,6,4,21,14
10,21,11,18,4,8,84,48,6,22,7,34,53,58,104,10,1,26
11,5,2,22,114,7,15,18,6,46,3,12,16,60,19,14,17,43
12,3,34,89,10,1,92,26,13,14,97,46,84,23,69,16,65,4,8,28,11,18
13,7,26,114,22,84,14,66,33,3,53,5,46,4,16,34,54,11,108,20,89,6,99,15,18,9,58,30
14,2,24,97,21,10,26,55,4,89,6,25,3,38,15,20,84,57,92,114,35,27
15,15,66,34,114,2,16,17,29,9,22,1,18,20,3,10,5,12
16,89,3,22,12,63,84,92,117,46,43,29,19,20,15,102,8,34,27,25,67,21,26,13,97,95,6
17,6,9,22,2,46,3,1,25,15,11,19,43,14,4,24,38,17,16,92,10,89
18,16,6,2,5,97,15,17,19,14,34,114,10,92,26,23,84,100,39,25,24,21
19,12,66,10,92,46,8,24,5,21,26,1,14,20,13,16,6,55,15
20,2,97,18,95,17,15,7,46,11,34,63,5,58,21,53,84,8,117
21,17,8,14,6,18,89,19,58,81,9,22,34,20,15,95,7,46,84,33,78,23,50
22,84,6,5,97,92,7,16,85,73,9,114,20,18,17,4,24,43,41,15
23,19,18,2,7,89,95,10,114,4,5,97,37,66,22,25,6,27,8,55
24,34,20,26,21,11,33,89,3,9,95,22,25,2,81,24,84,97,6,10
25,19,12,4,14,1,7,8,97,3,114,11,95,24,20,46,34
26,5,89,34,6,12,25,10,9,16,22,21
27,21,17,3,97,19,114,66,34,58,25,84,13,31,43,46,18,85,81,116,63,2,26
28,9,34,3,46,11,7,19,14,62,92,1,78,17,114,8,96,22,95,25,80,58
29,87,12,13,92,114,19,1,26,46,24,8,84,6,89,20,16,9,21,7,115,104,97,10
30,1,34,28,43,3,117,19,16,17,18,14,6,23,59,7,114,97,104,46,86,24,20,10,36,41,2
31,8,10,66,97,17,6,24,26,9,16,46,18,74,11,20,84,89,63
32,12,85,22,114,1,34,17,21,47,5,18,36
33,2,97,1,11,10,34,20,22,51,89,54,9,8,4,58,55,14
34,12,6,16,17,18,22,4,95,89,97,24,67,20,3,46,9,28,92,10
35,114,6,9,11,18,23,46,95,2,55,8,93,1,16,21,31,5,25,60,15,17
36,10,26,46,89,13,114,21,11,20,34,7,12,18,16,59,95,1,63,17,24
37,2,89,97,12,28,6,5,4,114,21,46,68,17,69,13,9,14,42,58,26,34,84,10
38,7,114,97,26,24,34,89,84,63,13,3,6,2,77,25,18,22,11
39,5,9,6,16,19,20,17,10,25,22,15,23,30,95,62,63,103
40,14,21,26,17,63,19,16,1,58,20,106,6,95,15,2
41,20,12,13,89,65,16,109,1,26,17
42,89,17,6,25,26,92,19,65,1,13,14,4,21,16,97,24,46,12,117,93,71,2,22
43,114,13,10,14,22,24,26,86,2,18,115,89,66,20,43,91,19,1,9
44,21,11,12,46,18,5,24,43,7,3,61,15,75,97,92,89,25,114,63,19,9
45,34,1,21,97,26,19,7,14,17,11,8,13,20,16,114,18,15
46,46,8,16,25,7,43,114,18,24,23,12,26,40,28,34,80,9,4,82,22,15,33,95,17,5,3,100,35
47,5,7,9,84,16,21,13,14,24,95,6,10,114,34,26,104,46,1,12,77
48,18,46,33,34,1,26,66,15,21,55,17,9,107,102,63,62,106,58,54,10,100,25,45,24,104,16
49,7,34,14,6,26,97,1,4,92,25,10,9,89,50,17,3
50,3,2,55,20,11,15,89,14,92,17,8,10,26,34
51,1,5,8,89,20,95,33,7,18,11,10,15,21,6,114,58,2
52,2,22,16,15,23,10,3,14,13,30,39,31,67,6,63
53,24,7,4,15,114,13,20,46,89,11,69,14,66,117,72,9,28,108,25,97
54,6,17,1,84,13,97,11,16,18,7,54,21,24
55,11,26,34,24,18,92,16,4,43,117,13,25,46,3,12,97,7,15,8
56,5,97,95,4,46,21,25,12,92,8,10,26,34,114,84,18,91,64,2,53,3,42,6,117
57,21,66,84,26,18,25,10,24,3,20,17,14,63,34,6,7,4,16,47,19
58,8,12,10,21,7,3,13,25,19,14,17,9,1,6,103
59,1,10,23,2,114,18,92,22,17,25,20,97,8,88
60,22,6,1,26,25,97,15,8,114,2,13,4,3,24
61,25,34,6,12,114,2,13,19,69,43,89,97,3,53,20,4,8,18,15,23
62,17,9,23,7,34,12,95,58,114,20,25,15,21,2,1,87,90,4,65,78,6
63,2,66,34,46,22,10,20,14,6,95,8,92,15,21,13,84,5,4,55,97,17,54,114,23,28
64,11,66,15,95,9,97,63,89,16,114,22,3,4,34,55,25,17,10,12,26
65,26,15,23,97,46,25,19,22,24,74,18,65,11,14,114,27
66,2,55,5,46,21,8,92,18,95,90,13,6,114,25,34,14,11,103
67,26,16,66,18,84,3,34,13,23,7,6,15,1,89,25,46
68,22,2,46,25,1,24,4,71,84,97,43,8,18,56,68,34,13,10
69,24,28,20,43,6,34,63,5,114,89,54,18,103,61,16,25,97,11,17,9,95,1
70,82,6,13,97,3,34,23,25,63,89,22,40,28,114,24,60,69,88,95,92,19
71,20,24,34,43,17,13,14,15,31,101,25,100,23,49,10,22,21,12
72,17,25,21,22,95,16,23,4,3,8,93,14,88,38,13,7,27,46,2,26,84
73,20,34,15,26,16,28,11,23,95,12,55,25,1,94,82,107,21,46,4,40,61,22,66,86
74,17,25,20,89,84,21,43,13,62,9,8,66,91,92,1,63,18,33,104
75,26,95,1,46,34,13,28,4,77,24,58,3,25,12,20,5,6,17
76,26,14,8,7,3,97,24,9,84,21,35,65,107,111,6,13
77,25,46,10,17,58,9,11,13,2,15,3,19,23,20,24,5,55,95,97,62
78,21,114,63,34,23,95,97,92,10,18,55,89,43,1,5,15,28,25,24,13,19,84,17,107,11,56
79,6,34,8,114,14,46,66,3,84,97,43,15,18,63,33,1,26,23
80,2,63,43,114,21,84,23,20,9,5,55,10,89,58,34,73,32
81,10,24,16,66,25,26,17,46,21,22,15,78,88,114,57,12,68
82,10,84,55,17,43,16,7,66,92,89,22,25,15,8,5,14,6,18,4,13,24
83,9,1,16,12,26,14,18,94,58,3,97,8,19,46,114,25,7,22,47,20,102
84,97,24,7,55,21,1,15,19,63,4,58,66,23,46,10,65,12,8,92,9,26
85,11,89,17,46,25,22,3,10,6,92,20,7,34,63,84,69,27,97,81,4,26,103
86,26,89,12,92,22,17,4,18,66,6,3,11,10,20,46,16,104,116,24,5
87,2,1,11,22,8,9,15,63,24,17,46,97,23,41,81,34,116
88,6,1,20,84,2,21,95,10,8,43,15,89,9,104,48,23,22,16,7,55,66
89,15,17,3,13,11,18,7,95,46,23,43,106,5,114,21,6
90,114,5,6,25,10,17,24,15,46,2,11,77,91,21,14,34,16
91,17,24,3,26,6,84,95,8,34,114,92,79,91,16,39,13,14,28,19,93,22
92,2,34,84,16,10,24,12,18,21,117,8,76,3,25,104,119,19
93,24,22,84,2,25,17,19,8,11,4,5
94,5,21,20,7,92,11,28,1,24,46,34,16,97,13,22,66,6,63,114,4,62,3,76,36,58,60,18,95,26,115
95,10,21,25,22,114,6,66,8,95,46,20,7,14,12,15,97,72,16,2,1
96,2,25,23,84,16,89,6,8,5,22,28,54,97,10,92,7,21,95,19,74,17,114
97,14,46,3,17,4,22,16,2,8,6,102,18,1,23,81,114,58
98,10,114,1,21,63,25,107,18,54,28,89,95,4,17,34,58,12,92,13,27,6,16,43,22
99,18,14,1,114,12,13,15,11,89,119,9,46,3
100,6,24,1,7,46,13,21,26,2,14,25,34,12,16,19,10,95
101,13,14,18,114,23,46,25,15,1,66,97,21,84,11,19,4,26,63,6,29,89,9,22,7
102,18,89,8,22,26,10,17,3,55,114,117,9,36,66,11,15,85,21,50,97,59,34,101,14
103,11,15,89,1,12,34,43,18,114,5,2,13,19,49,16,46,104,6,73,63
104,1,46,18,16,2,84,11,3,5,25,20,26,92,28,58,7,79,67,14,89,12,6,34
105,63,23,10,16,12,114,6,1,21,45,34,43,26,25,13,19,77,7
106,1,46,89,6,84,34,92,79,66,44,48,3,119,17,21,68,12,20
107,11,22,25,9,6,4,34,89,42,10,117,28,13,1,33,8,3,16,104,20,24,2,14
108,1,84,16,63,22,103,18,26,25,92,17,104,9,7,12,114,5,61,89,102,10,11,21,4
109,21,6,14,15,26,10,13,46,16,24,34,12,1,60,118,25,85,61,23,45
110,20,23,12,2,43,7,14,24,5,104,63,46,66,17,8,55,42,39,10,108,61,44,1,15,89
111,3,14,24,34,92,6,18,98,104,20,5,89,114,93,25,1,23
112,6,17,3,2,25,21,99,101,57
113,89,2,16,20,3,114,15,14,24,10,1,17,13,82,5,65,97,8,62,92,22,23,103
114,2,5,3,15,6,34,4,55,12,17,58,11,7,9,19,97
115,82,24,89,10,17,3,13,8,15,16,25,6,34,9,18,66,26,91,23,11,5,20,74,19,63
116,21,20,63,6,2,28,16,8,1,3,7,24,19,12,58,84,97,43,72,14,26
117,8,15,46,17,97,1,55,24,7,84,103,79,22,25,6,26,114,58,18,13
118,19,2,26,11,20,4,18,6,34,12,95,5,97,80,24,40,58,7,21
119,3,15,58,63,9,38,55,62,8,10,12,78,2,13,50,103,25,7,116
120,10,16,2,9,12,97,46,17,22,26,117,66,114,19,15,34,23,8,104,6,89,60
121,3,15,21,7,1,46,114,84,11,73,8,33,24,115,5,89,22,30,10,66
122,19,84,3,26,28,1,55,17,18,40,15,23,2,4,16,95,114
123,22,10,3,20,84,6,46,2,9,63,18,23,74,89,11,21
124,24,16,1,26,11,21,20,8,17,6,12,92,2,95,7,3,23,53
125,89,6,21,46,20,16,3,14,84,13,72,4,34,10,5,25,24,107
126,9,84,114,25,89,117,15,2,18,24,17,34,29,1,21,97
127,84,5,26,2,34,20,4,7,16,22,15,19,11,14,13,24,21,18,97
128,26,2,16,8,3,97,21,19,44,17,6,14,114,24,10
129,92,24,22,25,4,14,20,12,8,114,16,63,88,21,97,9,84,46,34,5
130,1,26,95,23,8,12,46,25,54,21,34,16,6,24,55,13,114,33,15,79
131,89,8,24,95,1,9,2,22,17,28,55,46,66,64,34,58,47,11,43,13,107,92,12,23
132,14,1,6,17,46,22,26,2,20,32,11,48,5,19,25,10
133,89,84,20,12,6,114,17,46,24,4,63,1,23,18,7,34,66,16,8,15,11,105,2
134,12,22,13,21,84,6,14,66,89,3,25,9,34,109,118,8,10
135,97,19,16,7,10,4,25,14,24,12,11,17,89,50,46,70,18,8,22,23,88,66,5,114
136,58,97,23,34,63,12,22,25,16,19,95,14,26,43,17,1,66,2,6,89,92,72,13,54,11
137,28,1,15,13,14,97,66,16,33,9,84,34,46,19,119,17,114,82,58
138,84,95,7,21,12,24,114,17,10,34,63,13,19,97,104,47,25
139,16,25,5,95,89,114,19,9,8,10,2,13,46,94,6,117,7,23,71
140,20,89,92,3,22,55,46,23,103,100,104,66,15,13,8,21,24,5,107,63,35,26,117,43,79,12,82
141,6,103,12,84,10,19,22,55,8,40,97,9,13,68,14,16,25
142,97,24,34,103,12,15,62,22,26,25,114,14,18,4,55,54,20,11,91,92,89,1,5,117
143,1,11,22,97,46,16,18,84,63,26,60,112,114,52,21
144,21,89,1,26,16,14,10,20,8,2,84,63,72,19,18,46,11
145,5,17,21,26,25,84,3,114,38,10,6,11,8,18,104,93,119,7,15,22
146,6,95,34,4,19,2,16,26,7,20,17,83,14,27,84,10
147,2,114,1,89,14,91,3,10,20,21,97,32,107,94,25,46
148,21,34,24,14,17,7,16,6,15,89,13,8,25,18,20,10,114,1,102
149,22,12,14,97,21,9,10,1,15,6,56
150,34,25,21,2,24,3,43,95,19,5,15,92,114,26,85,10,113,28,72,7,47
151,97,12,13,43,25,95,19,9,16,6,62,17,18,21,92,37,40,82,15,5,91
152,4,11,84,14,2,66,58,28,26,15,69,60,97,104,19,5,3,17,34,6,21,22,9
153,46,18,84,23,58,4,92,15,12,9,13,89,20,76,55,14,33,34
154,18,21,12,9,46,97,63,54,10,43,92,5,14,72,28,1,22,2,34,19,24,58
155,16,13,21,2,6,18,25,24,114,97,8,17,41,7,58,3
156,12,3,28,14,2,43,17,18,97,7,26,34,44,92,117,62,95,25,102,1
157,34,55,62,12,11,14,1,84,58,22,114,107,13,74,10,24,6,28,20,92,42,65,97
158,98,12,11,63,70,19,22,21,5,46,97,92,17,16,6,25,2
159,3,84,13,22,2,46,34,18,7,11,66,61,1,10,25,114,89,8,97,20
160,1,18,66,13,24,8,19,92,28,14,89,21,63,16,25,10,81,112,7,117,57,15
161,63,23,12,46,5,84,7,28,38,13,26,25,4,14,70,17,19,2,9,66,95,34
162,89,92,14,11,104,4,5,19,21,10,34,107,115,46,8,9,13,99,23,7,117,25
163,22,13,9,14,8,89,46,12,11,6,23,2,19,74,21
164,84,25,10,23,38,12,1,9,85,20,34,4,17,91,52,6,22,3
165,17,84,20,28,9,6,89,22,92,26,16,1,13,24,25,3,18,66,14,19,95,55
166,7,3,24,84,97,114,19,13,2,23,29,10,101,16,12,15,89,39,8,14,17
167,22,34,89,3,95,10,2,43,84,16,114,13,97,12,1,7,17,66,4,63,103,68
168,8,12,10,23,9,15,18,11,21,14,5,26,34,25,24,103,4,63,22
169,21,15,7,22,24,20,49,16,17,6,25,79,92,3,115,23,62,9,1,66
170,24,12,13,28,97,6,63,17,95,5,92,117,22,7,20,16,1,8,89,3,35,25,114
171,15,24,28,18,11,14,1,2,34,26,12,55,6,21,63,9,3,4,16,25
172,2,6,11,84,97,14,89,10,8,23,34,46,3,55,77,116,70,7,4
173,13,20,89,18,66,12,78,7,11,26,9,58,3,114,27
174,114,17,18,13,8,2,7,12,63,10,46,22,15,42,64,6
175,2,89,7,95,66,20,84,4,21,25,18,13,46,34,17,26,22,11,6,117,55,28
176,26,5,4,12,15,95,1,14,21,8,17,63,3,20,114,54,38,59,7,103,10
177,5,13,114,7,8,3,15,6,25,92,23,97,12,9,82,19,84,34,38,2,28
178,20,66,14,84,23,8,25,22,12,39,10,71,47,28,16,46,19,38,1,43
179,1,46,8,7,25,66,10,21,95,6,63,14,54,4,28,55,39,26,17,80,24,91,12
180,12,14,6,10,13,5,89,11,16,26,34,92,84,1,117,46,3,9,25
181,13,15,1,22,8,34,23,11,16,26,21,18,66,73,97,20,14,2,17,3,10
182,5,22,89,21,3,10,84,114,97,92,18,28,82,42,1,24
183,22,7,9,24,6,10,84,1,21,11,46,25,8,106,13,2,114,19
184,12,13,8,22,27,3,73,2,6,31,107,91,67,97,23
185,15,5,11,4,10,6,92,63,34,24,25,55,89,21,74,26
186,15,18,34,19,21,74,43,10,103,2,89,1,13,63,92,6,54,46,22,55,3,12,97
187,9,22,12,15,23,19,14,8,2,21,4,16,43,97,5,24,89,92,54,105,115,7
188,97,6,46,92,3,114,12,7,11,84,18,26,9,17,103,14,5
189,21,103,8,24,104,18,34,55,26,16,4,15,66,25,84,10,46,49,82,56,105,13,22
190,16,43,23,21,25,3,12,14,10,34,95,15,26,9,22,2,18,11,4,114
191,2,46,14,8,18,7,84,15,1,95,34,92,4,12,16,21,20,63,9
192,22,16,9,92,21,97,1,23,15,18,84,34,11,3,46,8,89,10,7,4,114,14
193,24,89,97,12,34,1,7,26,17,23,16,5,15,84,46
194,6,5,114,22,2,16,34,10,119,24,66,19,21,1,7,30,14
195,34,9,17,22,14,4,12,97,19,28,11,43,20,6,21,62,115,61,2,114
196,21,12,16,89,26,24,43,4,114,23,6,92,9,1,67,34,3,5,117,20,18,8,95
197,12,97,21,18,5,14,1,20,43,9,13,3,19,23,8,75,54,109,38
198,46,2,22,13,97,18,5,23,4,6,63,16,10,84,7,30,66,34
199,18,24,2,20,14,12,15,97,46,22,11,13,7,31,34,63,4,9
200,89,6,17,20,14,5,8,16,19,18,84,116,7,3,34,87,2
201,14,13,34,20,9,17,10,46,117,114,89,92,79,7,84,26,5,60,21
202,2,16,21,38,1,6,9,104,17,7,46,23,95,88,89,24,98,4,8
203,21,25,17,114,92,3,24,89,34,1,8,20,13,11,16,12
204,21,97,19,89,8,12,26,22,1,16,7,86,44,48,9,66,13,117,20,24
205,25,13,7,20,26,21,24,87,34,23,46,66,58,101,92,12,95,3,22
206,25,84,89,22,7,23,33,2,1,11,24,48,92,19,21,58,16,17,4,109,15,115,97,8
207,16,2,9,34,46,12,10,43,38,11,82,15,92,58,97,68,22,14,103,63,21,35
208,84,5,11,8,66,9,28,15,14,26,10,2,55,114,46,79,34,12
209,92,11,3,26,55,24,18,97,95,20,14,19,8,30,16,6,22,17,63,15
210,2,7,1,8,15,22,25,23,89,13,92,11,114,32,17,3,9
211,21,12,11,18,17,2,92,25,89,34,65,114,13,43,20,97
212,84,97,95,22,7,19,104,5,16,25,17,114,34,26,24,13,8,43,112,21,12,80,18
213,6,14,10,2,3,22,66,84,114,46,24,25,16,8,88,102,5,43,103,104,49,23,63,28,21,115,7,19
214,18,7,5,2,10,20,114,21,11,97,24,34,8,103,14,89,3,22,66,28
215,84,18,3,1,23,4,5,11,95,26,8,12,63,20,6,21,92,49,17
216,7,10,22,8,12,26,92,21,84,66,5,89,6,103,23,13,112,55
217,3,97,24,15,11,58,46,92,63,95,2,84,34,7,18,66,9,16,38,22,79,55,100,20,26
218,2,46,21,3,25,20,95,17,16,13,97,75,27,10,24
219,11,34,17,5,24,20,15,25,43,13,46,2,44,14,28,22
220,10,2,17,16,21,26,19,9,63,108,3,7,79,15,11,25
221,1,58,62,11,25,6,28,43,34,97,15,21,84,92,8,89,54,19,117,10,23,103
222,16,24,4,95,97,2,54,23,9,34,20,5,66,77,22,73,26,83,62,15,21
223,6,23,46,95,26,92,13,21,3,28,5,17,24,71,15,97
224,5,16,44,46,89,24,63,25,43,11,12,58,6,10,39,20,112,97,67
225,3,25,12,34,2,97,6,29,21,15,46,91,19,88,23
226,22,11,21,16,14,114,10,55,74,3,18,46,13,8,6
227,46,8,18,97,6,89,1,117,21,92,84,9,17,7,20,16,2
228,26,16,13,103,92,5,2,11,7,3,1,8,22
229,7,97,20,28,3,22,17,18,89,9,16,95,13,15,23,106,14,63,6,34,43,4
230,12,18,2,1,20,22,13,95,19,29,57,34,62,23,11,16
231,89,11,7,15,24,102,13,8,23,62,55,2,82,100,4,16,44,12,58,14,18,1,117
232,2,22,12,95,26,13,7,23,11,34,28,20,64,69,85,89,93,5,10,82,92,68,19,17
233,17,89,8,84,114,19,6,13,34,3,1,2,99,46,87,5,103,43,69
234,1,89,7,3,21,92,24,10,16,26,114,22,2,15,63,28,95,25,109,46,88,11,18,19,4,69,58,66
235,11,114,84,2,9,17,7,18,92,16,26,62,1,13,25,22,42,28,19,8,6,61,97
236,10,6,13,7,1,46,21,5,14,8,11,95,2,62,16
237,11,6,13,34,95,2,26,46,19,8,16,84,89,15
238,24,15,89,114,10,6,17,8,97,12,25,20,22,18,71,107
239,22,12,17,3,46,6,10,114,24,13,15,2,7,84,5,9
240,9,14,28,4,22,21,92,10,2,20,117,24,8,13,38,3,103,30,17,101
241,21,14,28,20,1,12,5,89,97,25,27,92,102,13,58,114,18,22,3,80,17,7,6,10
242,97,92,38,117,34,93,14,9,43,62,114,85,103,95,15,58
243,1,20,22,24,26,53,17,4,69,83,12,7
244,82,114,84,6,21,26,17,14,54,5,23,8,19,62,66,28,113,76,92,47,18,41,97
245,26,89,19,12,15,10,23,16,74,2,22,114,11
246,9,1,19,6,17,18,11,16,21,51,2,20,10,63,15,5
247,18,1,114,89,19,24,5,63,9,7,3,20,43,8
248,5,24,2,22,11,13,84,6,97,92,114,9,7,3,28,23,89,55,26,34,113,1,108,19,20
249,97,26,63,24,8,89,15,3,12,84,16,44,21,19,92,46,4,17,14
250,25,63,13,8,114,16,34,28,21,19,92,50,17,84,6,1,66,88,104,97,41
251,22,24,5,46,6,84,13,11,3,16,9,104,94,4,114
252,19,55,89,18,34,15,4,104,61,6,114,32,17,13,95,63,42,8
253,3,21,5,10,19,89,14,34,95,26,9,12,22,2,79,114,15,80,62,60,23
254,11,26,92,6,1,13,21,28,19,7,49,34
255,22,34,18,7,92,104,24,66,1,12,16,8,89,17,13,107,54,62,25,5,14,46,103,15
256,95,15,63,84,16,46,18,21,11,5,20,7,4,25,8,91,34,1,24,58
257,1,13,15,34,28,12,46,97,23,10,3,14,114,16,4,92,19
258,15,24,5,23,117,46,1,8,3,83,89,16,84,18,90,118,9,75,11,17,43,30,34,19,54,66,31,20,7,71
259,84,8,103,3,11,7,4,27,6,89,22,115,81,29,18,34,39,2,95
260,20,58,1,24,4,6,97,95,2,84,7,114,106,34,50,14,38,11,9,49,92,26,87,66,43,74
261,21,70,12,84,17,104,47,34,8,23,97,4,6,13,32,54,41,19,103,99,22,98,24,1
262,97,12,17,24,2,9,1,5,43,34,84,4,11,26,19,14,63,18
263,6,66,46,25,34,114,21,15,2,22,97,3,5,7,19,18,1,17,12
264,10,89,7,19,114,6,26,18,103,34,25,16,66,97
265,10,114,3,84,89,21,15,20,117,12,17,104,103,2,63,4,22,87,46
266,22,1,15,89,114,92,43,10,97,26,5,3,23,9,52,34,28,11,18,20,90
267,84,46,26,2,7,6,16,18,20,79,5,9,35,13,17,14,23,114
268,11,13,17,34,2,46,22,23,55,66,20,117,64,10,89,7
269,16,7,13,20,2,10,46,21,55,26,96,6,36,14,89,34,18,12,69,54,3
270,10,89,6,114,14,17,2,22,24,25,110,19,56
271,2,8,114,24,84,22,26,13,117,15,4,97,21,9,86,3,7,89
272,50,84,89,92,24,16,18,15,55,12,80,20,95,6,23,11,19
273,114,20,22,18,26,14,63,43,89,13,97,3,95,12,15,72,10,23
274,89,2,46,11,10,21,4,23,12,5,17,8,83,34,103,18,9
275,2,14,22,18,9,20,26,16,21,97,5,52,118,93,92,84
276,21,15,8,89,58,7,95,12,10,16,19,17,66,34,24,38,13,23,77,2,47,6,28
277,89,3,18,20,9,14,95,7,26,2,27,24,19,16
278,11,6,63,15,3,46,2,13,66,18,10,9,114,34,19,23,20,5,8,26,101,25
279,1,12,10,9,5,8,11,55,97,69,3,17,24,64,21
280,7,46,89,8,14,66,13,3,28,114,34,22,26,92,25,15,5,4
281,114,97,58,4,18,23,13,66,24,117,54,15,12,1,8,89,40,43,22,6,61
282,43,15,6,63,21,16,66,14,7,25,92,24,19,103,22,114,117,87,18,4
283,6,63,3,25,104,9,21,58,13,17,16,54,20,8,1,10,2,15,55,92,64,89,95,22
284,46,16,89,104,17,2,3,92,14,7,4,77,20,1,62,113,55,53,13,117
285,97,7,63,92,114,89,15,13,19,5,95,16,10,2,117,6,46,43,28,9,26,22,104,20,4,84,88,113,66,58
286,46,18,21,1,92,16,22,34,25,19,95,5,3,4,97,9,89,58,54,107,119,35,12,2
287,9,5,20,12,16,95,13,114,117,66,3,46,18,8,34,1,88,2
288,3,7,97,15,13,22,43,107,102,12,17,114,91,60,4,89
289,20,7,89,14,21,16,11,6,2,4,12,44,97,60,24,17,23
290,13,20,95,114,26,8,5,11,63,12,24,84,46,97,69,1,33,107,73,21
291,114,20,66,3,10,21,34,13,63,15,84,55,99,77,78,74,28,91,46,58,27
292,12,21,7,8,9,1,6,89,34,10,37,17,62,3,95,97,22,25,46,14
293,34,25,3,26,12,21,2,19,46,11,17,1,74,52,84,13,97,20
294,1,18,14,16,15,26,24,2,9,32,3,82,22,79,114,11,25,23
295,18,16,11,28,6,15,63,5,23,12,1,114,8,92,89,19,54,95,4,36,91,10,20,9,67,24,21
296,89,5,114,66,19,20,1,97,15,104,18,106,14,95,21,28,2
297,114,21,12,66,26,18,15,84,2,24,1,19,95,20,97,43
298,89,103,6,7,26,9,18,22,14,46,16,17,3,37,79,100,113
299,10,84,16,89,22,34,11,25,8,14,114,46,4,40,18,21
300,14,26,46,4,6,20,10,18,13,22,16,29,49,21
301,114,63,84,18,7,66,12,21,89,46,17,10,22,102,43,117,79,69,26,9,58,11,16,24,95,78,50,3,4
302,3,8,1,16,13,9,97,20,55,6,18,104,23,84,62,54,10,88,12,25,21,22,2,43,28,4
303,3,14,6,23,26,89,24,62,21,17,16,10,11,8,12
304,7,9,15,1,106,64,8,12,98,95,13
305,24,5,84,25,97,12,18,21,9,11,6,63,58,22,3,4,2,114,7,26
306,9,3,2,13,4,22,117,5,24,17,12,104,65,82,94,18,10,44,34
307,84,12,89,63,104,2,43,5,4,23,13,11,1,55,22,21,97,50,19,49,15,25,81,14,18
308,17,89,11,34,55,14,24,7,104,12,26,20,22,107,97,6,10
309,21,89,6,1,17,13,92,95,4,50,16,82,97,14,84,3
310,19,21,66,92,5,46,8,13,58,106,60,4,18,101,55,115,2
311,84,46,92,23,5,9,19,21,3,114,7,13,43,15
312,89,38,46,28,11,3,21,10,4,24,16,14,9,61,55,85,6,25,57
313,16,18,25,114,24,20,12,4,8,58,15,63,7,13,66,46,14,26,19
314,9,46,12,34,14,103,4,20,16,19,84,11,28,22,21,7,3,102,97,89,107,13,114,18
315,24,7,89,97,12,13,84,2,22,58,11,6,63,20,8,106,14,114,1
316,34,10,3,15,6,16,46,114,25,12,2,89,21,8,22,28,117,66,70,101,13,111,14,54
317,17,18,89,28,14,54,7,21,15,114,11,12,24,104,103,26,2
318,8,25,84,5,16,14,11,114,19,21,7,6,34,67,22,17,65
319,15,9,3,10,23,14,5,16,119,1,21,95,22,18,58,8
320,18,63,26,7,4,14,1,3,25,55,21,9,71,19,16,66,46,62,23,80,20,43
321,25,55,11,5,17,6,19,46,14,10,24,84
322,22,5,8,16,2,21,12,11,46,6,84,25,47,23,89,115,13,34,3
323,6,26,23,46,10,16,89,18,95,1,42,69,8,5,20
324,89,22,25,20,63,1,26,2,9,10,49,34,5,16,12
325,21,95,114,2,7,15,11,3,27,10,16
326,18,15,22,21,12,46,10,2,114,25,9,26,7,13,62
327,16,84,92,97,19,89,14,63,34,24,3,22,6,8,54,13,117,2,72,5
328,21,83,114,15,95,1,13,3,84,46,26,9,89,14,16,104,5,7,11
329,46,2,28,9,11,12,23,26,92,89,14,25,63,20,17,4,3,10,87,1,6
330,8,22,17,5,18,3,97,46,89,9,84,93,23,1,12,32,20,10
331,11,3,26,13,89,20,25,23,97,22,14,66,9,28,46,17,15,92,18,117,16,12,2,19,7,63,10
332,12,84,6,4,20,97,15,14,3,114,89,93,9,7,22,96,34,1,102,10,47,95,37,5
333,25,89,12,5,6,13,63,20,46,26,4,114,8,54,18,3,9,66,15,21,84
334,22,3,26,9,66,24,34,13,21,17,4,89,23,2,20,92,16,71,6,12,18
335,1,12,20,13,25,34,7,8,89,10,22,16,5,92,14,46,97
336,28,2,1,97,15,17,19,114,89,12,66,43,4,54,22,16,10,90,26,44,21,34,58,11
337,84,13,63,4,46,34,17,10,24,20,18,55,76,9,22,25,2,90,11,21
338,1,25,14,28,22,8,19,16,20,89,6,3,5,46,4,13,83,39
339,46,24,63,107,20,13,6,58,4,100,89,95,22,25,3,26,33,90,17,5,10,64,14,70,51,43,27,2,1,30,55,23
340,114,12,10,15,24,19,23,66,18,1,26,14,112,84,113,8,17,21
341,34,12,7,21,17,18,24,20,6,26,33,1,114,89,5,19,8,16,41,36,13
342,26,16,15,7,10,55,117,8,22,18,17,1,5,24,11,114,6,23,2,32
343,11,20,6,9,8,28,23,34,33,89,3,43,15,14,84,4,13,66,68,95,24,54
344,28,7,10,8,6,66,24,16,15,62,12,55,63,30,20,19,2,14,67,5,95
345,89,20,58,12,3,9,8,43,114,22,14,7,53,11,24,95,2,4,61,66
346,7,89,11,26,3,1,24,6,10,97,4,114,9,5,2,66,22
347,21,9,2,24,1,22,46,84,25,7,89,3,15,63,8,20,114,26,5,58
348,6,2,15,17,89,95,21,7,92,46,23,114,14,9,10,11,3
349,21,1,7,12,25,13,89,3,22,18,6,2,15,17
350,26,22,14,11,12,8,84,21,34,6,17,10,107,13,18,77,5
351,97,2,7,12,16,46,3,26,8,49,24,11,14,1,28,102,9,92
352,3,19,104,10,17,55,2,4,6,16,14,84,89,11,9,7,50,23,97,15,12,21
353,16,14,46,114,97,9,88,61,3,22,25,117,17,89,35
354,5,17,18,19,10,89,9,21,63,84,114,97,22,64,34,8,11,7,72,26
355,18,8,20,38,7,34,11,103,23,1,33,12,5,43,95,89,82,100,61,67,110,63,15
356,89,13,3,6,14,16,92,7,17,114,9,46,97,47,25
357,18,21,15,97,92,55,10,20,8,84,34,99,9,37,25,43,94,3,6
358,15,34,7,9,17,114,10,1,11,8,12,4,91,23,22,19,5,3
359,19,84,15,63,25,11,21,43,7,22,1,4,26,104
360,5,13,10,15,34,22,19,3,55,9,46,84,21,26,25,8,92,53,4
361,10,26,43,25,114,11,12,69,62,14,97,89,8,16,5,13,66,28,22
362,7,4,24,2,19,15,12,11,13,25,6,8,18,63,10,22,33,5,9,1,54,20,16
363,18,3,84,43,17,12,7,97,15,22,11,34,4,21,19,101,23,2,8,114,96,10
364,13,16,1,66,54,18,63,15,26,8,3,21,55,17
365,16,22,19,17,13,84,25,21,89,34,66,1,63,11,99,9,88,18,14,104
366,8,3,21,46,4,15,1,11,12,66,34,7,18,89,17,13
367,84,19,1,7,8,34,62,12,114,43,104,58,13,59,4,91,46,20,18,10
368,18,7,114,5,16,6,84,9,59,20,90,15,46
369,2,14,21,6,20,66,18,7,9,114,15,3,46,11,25,13,17,16,1,107,108
370,25,14,84,16,95,2,21,63,8,1,62,6,118,92
371,26,10,89,24,43,17,3,1,90,63,62,55,16,46,4,6
372,21,24,1,17,97,10,18,13,8,95,84,103,9,22,6,46,26,63
373,9,11,5,7,2,25,34,26,89,114,86,48,55,58,4,18,50,12,84,22
374,2,95,28,25,20,19,89,18,10,34,5,4,63,8,43,38,61,88,50,24,73,62,51,6,23,1,7,97
375,24,17,2,8,19,5,6,46,14,4,10,3,97,66,117,114
376,66,26,3,8,92,6,11,15,106,1,22,84,12,21,89,13
377,13,20,34,92,5,55,21,97,18,8,22,1,53,2,47,17,95,66,24
378,10,24,17,15,84,92,6,54,20,22,25,86,95,99,13,26
379,13,22,17,2,97,10,18,8,6,12,46,95,89,1,84,51,20,67,15,14,115,79,5
380,24,22,25,15,16,13,54,21,2,114,102,52,8,97,86,92
381,8,21,18,44,9,114,99,15,6,17,108,25,19,14,103,11,84,101,16,4
382,89,16,66,8,17,22,38,18,13,34,28,114,57,9,15,95,11
383,18,10,5,43,26,4,95,89,8,6,1,24,15,3,19,9,21,2,34
384,2,12,26,10,63,97,5,17,8,18,62,66,58,34,20,9,89,77,15,4
385,24,8,25,15,1,5,97,13,33,21,46,114,18,44,19,45,2,34
386,46,104,89,25,34,66,5,43,18,11,92,26,55,2,9,23,84,15,62,103,19,21,8,35,1
387,89,1,5,95,7,19,13,22,12,6,26,84,114,63,10,34,9
388,24,9,10,12,3,55,15,26,97,14,20,35,92,29,8,5,113,89,19
389,21,7,13,17,34,20,10,2,22,8,14,95,25,5,92,116
390,15,66,18,1,20,72,46,49,16,99,84,26
391,5,92,95,16,6,25,84,46,8,21,15,109,89,9,2,114,55,23,97,103,13,20
392,114,6,89,7,14,21,34,24,19,36,10,28,25,3,17,15,66,5,16,12
393,22,5,21,17,84,46,24,15,92,13,25,107,19,9,20,58,14,34,95,114,18,97,57,7
394,14,8,21,84,97,19,1,24,114,34,11,6,16,48,18,7,73,89,5
395,10,12,17,5,9,16,25,19,14,22,20,97,1,96,6,4,114
396,20,11,117,3,26,23,19,102,55,95,58,97,2,24,37,13,14,4,10
397,92,15,21,46,63,84,117,43,54,8,24,13,2,34,16,66,10,14,100,7,95,55,33,74,77,26,6,12
398,1,14,28,22,21,8,84,2,24,58,12,43,97,16,7,4,9,3,34,26
399,26,76,17,25,89,12,10,8,5,87,9,20,15,19,114
400,3,19,22,13,24,6,15,9,63,91,97,34,5,89,95
401,3,18,24,2,4,114,92,20,13,15,51,89,25,54,27,97,73,38,5,103,28,9,17,8
402,20,16,11,4,22,17,24,97,5,55,10,12,34,102,25,66,23,95,2,26,114,69,79
403,2,16,34,15,5,26,103,20,12,118,38,6,7,54,9,114,24,19,18,97,14,63
404,97,46,19,1,21,17,114,8,2,26,25,16,79,91,12
405,28,97,15,5,23,8,46,24,84,21,17,7,117,4,50,3,43,6,10,12,22
406,26,3,89,9,7,4,88,22,10,11,25,34,13,5,97
407,10,43,17,63,26,92,16,11,97,20,8,55,13,7,89,85,34,14,86,5,67,3
408,11,19,66,114,13,63,15,34,22,6,20,97,46,17,73,14,110,43,96,94,1,10,2
409,3,16,14,1,10,46,24,25,22,19,84,17,6,43,8,21,5,2,11
410,3,12,92,14,21,103,2,95,15,16,63,20,26,9,18,62,1,11,65,66,6,17
411,20,12,22,26,17,6,95,104,19,71,38,1,100,11,24,97,41,58,96,73,13,7,55
412,92,113,36,8,84,18,9,14,5,27,16,20,13,65,21,97,72,22,114,38,48,90,107,24,89
413,7,89,11,22,66,5,26,8,46,23,34,84,92,17,18,6,3
414,89,84,2,17,22,97,13,26,14,46,34,25,10,94,9,112,109,6,1
415,84,114,104,3,14,18,13,20,23,2,43,46,80,65,95,17,26,19,6,11,69,63
416,84,107,20,97,28,43,12,23,6,16,117,104,19,114,7,18,2,36,89,34,29,62,60,17,13,58,77,24
417,12,6,18,114,1,22,14,66,7,89,34,68,53,9
418,28,34,12,89,26,46,6,18,63,16,60,9,97,51,2,8,95,4,11,1
419,15,9,17,3,23,1,2,19,6,39,14,18,26,24,10
420,103,63,16,24,1,18,6,14,114,34,15,84,62,46,92,58,108,95,48,61,3
421,19,66,5,28,46,22,18,92,10,25,34,1,54,26,93,27,43,102,20,6,15,95,50,24
422,16,13,46,95,103,92,19,34,28,18,22,55,114,15,14,62,50,5,4,100,17
423,46,5,43,92,117,2,8,20,24,16,70,11,25,12
424,1,2,114,10,6,34,18,7,8,89,57,3,12
425,14,20,43,10,103,104,26,3,46,25,58,22,89,1,87,21,11,100,23,51,74,4
426,7,22,20,14,3,34,15,11,13,28,9,66,2,114,17,89,116,18,25,1,53
427,25,6,17,34,19,18,14,2,13,1,26
428,89,4,7,17,13,1,20,11,10,6,14,34,5,26,55,106,63
429,17,5,23,16,18,46,89,114,11,10,25,84,4,22,2,117,1,14,39,12,3
430,22,9,66,43,26,114,16,11,46,25,24,34,12,14,20,19,17,5,53
431,20,95,25,92,97,19,1,22,7,26,27,84,6,74,9,61,14,10,39,115
432,25,24,7,16,8,15,84,1,6,114,39,4,98,89,97,48
433,25,16,5,92,22,2,9,20,105,67,4,118,8,39
434,2,4,34,14,97,117,25,11,62,43,20,19,28,84,63,7,66,12,21,113,17
435,12,55,4,20,6,5,117,17,13,84,23,3,8,89,54,95,22,24,68,97,34,93,114,10
436,5,17,89,16,21,23,46,18,13,12,8,3,11,19,26,34,14,79,6
437,82,16,23,15,18,17,8,28,9,12,66,43,6,3,103,84,1,26,35,10
438,7,2,8,18,16,89,17,26,90,9,14
439,114,43,22,6,8,97,66,89,26,46,63,15,1
440,17,18,24,12,5,46,20,34,23,3,26,9,25,22,97,15
441,7,1,24,18,10,9,15,23,26,16,112,2,6,54,13,11,21,20,114,89,100
442,17,20,92,8,5,14,16,89,26,13,73,87,15,68,7
443,66,10,5,114,84,34,107,26,46,8,89,16,15,24,20,17,92,42,18,61,3,23,19,21,1,14,101,13,58
444,11,20,43,18,97,84,2,16,34,89,107,6,1,111,32,25,37,8,17
445,22,46,25,114,18,8,66,34,3,13,2,15,49,92,84,106,43
446,84,22,18,21,16,13,17,35,89,65,8,14,5,34,55,6,9,12
447,9,25,95,22,89,92,14,13,6,5,24,16,20,18,4,1
448,24,19,20,114,15,16,22,13,21,7,6,12,35,34,1,2,52,5
449,89,1,14,7,11,46,8,34,58,114,9,95,25,16,3,97
450,14,89,84,10,18,21,17,13,26,25,60,23,3,7,46,20,9
451,22,34,89,7,13,97,84,3,18,19,28,54,66,24,104,85,55,92,10,63,42
452,20,25,13,23,24,55,3,62,72,8,95,9,17,18,16,12,10,65,19,28
453,24,55,19,16,8,11,20,22,17,1,14,2,28,74,7,114,43,34
454,97,23,24,46,13,18,1,34,62,6,21,15,103,107,25,10,5
455,9,6,17,84,18,25,103,5,11,24,46,14,3,95,2,8,112,13,23,104,62
456,10,55,9,114,16,19,46,23,28,97,26,34,6,4
457,34,1,22,13,16,24,12,23,6,25,95,9,5,49,31,3,15
458,46,63,16,2,103,10,114,95,11,14,84,3,8,6,25,89,5,9,55,17,107,104
459,89,16,14,17,34,5,97,38,2,6,22,95,1,42,58,13,46,114,35,66
460,89,18,20,16,43,14,2,63,12,9,46,114,24,17,15,92,34,5,8
461,26,1,18,19,2,20,8,46,114,4,89,58,16,22,104,3,115,9,84,34,13,43,117,66,111,6,5
462,46,92,1,2,10,25,89,14,13,24,6,5,117,26,3,97
463,26,17,7,15,14,114,19,58,67,12,25,21,23,6,95,55,13,46
464,18,84,21,7,92,11,24,26,17,115,97,5,89,71,10,54
465,12,26,4,92,25,95,89,16,46,1,22,5,8,13,11,33,21,14,84,44,2,10
466,7,5,9,92,2,11,23,114,55,8,29,58,1,66,19
467,97,103,63,28,64,7,18,10,34,17,58,11,8,5,6,42,21,2,4,104,16,19,117,26
468,14,97,15,89,84,17,7,2,28,3,5,13,63,102,100,46,29,83,1,76,25,92,21
469,8,2,6,14,4,114,58,92,18,20,34,22,46,16,26,45,24,15,69,7
470,6,7,16,14,95,8,9,22,63,114,19,34,89,5,3,42,11,57,58
471,26,21,13,5,11,8,14,25,17,114,89,1,38,9
472,22,38,10,89,2,14,25,1,6,18,13,97,84,35,12,11
473,15,19,2,9,17,97,20,1,6,84,24,26,12,115,5,18,33,10,34
474,1,25,10,9,5,55,23,11,8,12,84,92,7,34,2,15,106,114,20,89,71
475,8,16,34,18,1,25,66,24,6,13,19,9,10,5,40,29,97
476,19,66,11,92,63,95,24,12,55,22,102,16,13,46,34,103,65,89,54,21,86,112
477,21,13,102,9,15,10,66,11,6,92,46,104,114,107,89,18,24,112,34,26,79,14,95
478,84,26,4,103,114,1,25,6,95,30,11,19,14,10
479,11,1,66,89,12,84,46,114,3,2,18,110,103,82,102,10,92,5,13,21,6
480,9,89,3,20,104,13,25,21,16,18,2,117,28,62,12,5,73,81,11,7
481,63,16,22,25,5,117,12,34,24,1,14,85,15,18,3,7
482,20,46,9,5,13,18,11,17,10,95,26,3,4,49,19,33,7,53,62,2
483,12,21,25,28,20,43,92,103,46,14,5,1,7,69,95,18,54,89,13,63,82,23,35
484,89,18,97,14,17,3,10,21,12,77,13,19
485,21,26,6,2,24,11,10,89,84,100,72,55,22,20,9,92,8,18,14,13,58,3
486,15,8,1,46,95,104,7,89,24,10,114,17,58,3,34
487,25,11,3,2,24,22,16,7,4,97,8,12,15,21,39,113,1,106,34,9
488,6,103,18,34,19,10,12,15,2,63,112,46,84,16,3,25,7,24,23
489,1,5,21,25,22,20,84,3,114,7,10,2,16,17,6,14,97
490,66,9,10,28,89,43,26,1,23,18,20,22,84,6,52,112,13,107
491,11,22,66,8,12,1,107,18,3,104,114,13,4,25,10
492,16,13,10,97,46,55,6,2,34,12,103,106,7,22,63,8,26,17,21,114,92,42
493,34,6,13,2,10,14,12,46,11,9,28,114,41,18,17,4,83,119,48
494,20,1,95,9,25,114,11,17,5,13,6,97,4
495,97,25,89,11,7,66,43,19,63,58,26,54,2,95,6,92,24,10,101,100
496,21,26,10,89,43,18,14,22,17,95,112,36,59,12,29,68,98,104,83,13,84
497,1,28,7,43,16,14,89,63,6,110,84,23,10,25,62,8,102,2,88,18,15,35
498,5,10,43,8,1,58,26,12,9,22,18,77,104,96,90
499,6,5,9,15,63,3,16,10,12,23,26,2,22,84,62,58,54,1,102,14
500,5,18,33,3,34,12,11,95,97,15,25,66,43,23,14,62,26,24,17,117,8,21,22,19
501,17,24,4,10,104,18,114,23,15,97,11,3
502,58,114,25,8,2,18,20,55,66,1,97,34,104,62,17,87,15,7,10
503,23,6,25,18,21,24,20,2,19,95,12,22,7,9,10,65,92,34,3,16,41,109,11,29,13,26,89
504,22,6,13,11,3,92,1,58,97,28,34,82,23,24,7,60,9
505,66,13,21,92,45,17,7,62,4,15,20,8,117,16,111,22,5,6,59,24,58,14
506,18,22,24,6,63,97,3,112,104,1,26,23,95,15,66,10,69,46,8
507,7,1,10,23,24,16,12,89,20,22,9,21,46,13,29,17
508,14,103,23,15,18,24,11,83,2,89,66,25
509,25,2,24,49,86,9,18,22,19,51,46,11,67,92,3,15
510,5,17,26,9,89,20,3,7,34,18,12,46,1,19,97,114,106,24,87,66,62
511,20,46,2,95,6,97,26,19,21,5,100,7,85,55,114,89,24,43,117
512,9,14,114,15,25,46,24,23,5,11,63,10,13,95,20,17,53,3,18,26,34,1
513,2,34,25,62,8,10,95,11,84,22,39,5,66,28,18,89,46,13,16,7
514,10,25,114,21,24,12,13,5,14,15,4,2,95,18,84,8,55,86,28,118,37,7,102,17
515,22,89,97,16,26,15,19,25,8,1,46,34,92,95
516,16,89,2,11,43,97,3,8,114,4,15,79,38,92,28,19,22,13,46,12,21,67,20
517,19,34,66,28,14,17,112,10,73,2,15,92,4,13,21,1
518,2,84,15,6,16,9,26,17,25,11,95,116,34,3,97,89,49
519,66,95,97,117,25,114,16,23,20,26,4,63,50,33,43,85,3,103,35,24,107,58,18
520,12,6,33,1,46,2,58,63,89,114,43,3,23,44,107,7,28,9,14,76,109,31,25,26
521,2,21,18,46,9,64,10,7,92,95,25,26,19,28,75
522,10,5,25,3,66,95,20,22,46,34,26,43,117,28,33,42,16,7,75,14,32,63,9,12,4
523,8,13,21,12,34,89,19,2,11,9,70,84,26
524,18,3,2,10,114,55,97,4,43,26,5,78,13,89,1,28,24,23,104,32,66,7,9,6
525,14,1,46,84,117,12,26,48,9,43,5,10,15,93,89
526,86,3,2,19,104,28,8,46,25,6,42,9,17,4,1,23,20,92,10,88,58
527,11,26,10,25,12,8,63,14,13,117,17,89,68,102,20,1
528,18,20,16,26,1,55,15,23,7,100,68,85,59,9,27,58,57,81,5,14
529,97,7,28,16,17,84,24,19,103,26,14,6,63,10,8,115,20,39,22,40
530,84,7,21,18,89,95,22,28,25,8,1,20,34,13,50,97,11,16,15,92,19
531,1,18,17,89,10,20,66,92,84,21,43,3,63,9,104,25,38,6,13,97,16,24
532,22,14,2,18,26,34,9,114,1,10,84,97,13,8,92,16,24,65,6,21,17
533,10,9,16,46,34,11,24,20,12,8,84,19,22,5,70,42,17,18
534,20,25,18,114,46,16,6,14,22,21,3,97,4,11,9,117,34,1,17
535,5,13,46,8,26,89,17,66,12,10,97,14,16,50,114,2,34
536,7,9,20,10,18,17,21,114,66,5,55,1,11,22,12,53,2,34,23,97,14,104
537,9,23,7,12,84,20,17,43,8,58,3,24,95,119,38,92
538,24,8,23,43,92,5,17,1,7,14,3,25,15,19,34,54,22,95,74,58,50,91,62
539,114,9,84,15,58,3,19,17,25,54,97,4,14,8,66,16,89,95,37,111,47,12
540,2,23,95,19,10,25,12,6,114,20,21,92,26,46,16,51,1,74,63
541,84,13,20,1,104,95,62,17,66,97,34,114,11,8,6,22,86,3,58,33,55,7,18,68,26
542,46,6,18,63,3,9,8,81,69,24,21,84,15,11,1,5,25,54,20
543,8,34,14,114,7,25,79,89,1,92,6,69,18,5,103,82,105,11,35,9,115,10
544,20,82,53,43,21,114,34,63,3,25,12,1,26,66,84,46
545,12,46,7,34,19,10,95,6,13,18,16,26,44,21,97
546,11,2,17,33,95,84,79,104,7,28,5,58,97,54,63,61,18,15,10,8,92,27,20,23,65,22
547,8,12,46,114,66,10,6,9,17,16,14,18,15,7,13,58,92,23,1,96,55,5,84
548,28,24,20,25,34,15,3,23,43,92,8,12,95,58,11,18,66,6,17,7,14,4
549,114,9,12,5,4,54,6,14,18,23,16,89,17,43,46,24,13,8,62,20,117
550,14,7,13,17,1,2,10,11,25,92,26,89,97,43,118,60,18,84,8,3
551,22,17,19,14,43,3,117,11,2,13,54,30,25,95,97,102,12,26,92,93,55,20,34,62
552,21,2,6,18,15,104,114,5,16,26,34,7,1,65
553,10,9,13,25,97,5,2,22,4,3,58,43,12,84,11,6
554,25,114,4,46,12,17,7,15,6,16,10,18,9,14,82,86,63
555,25,89,18,84,23,2,8,10,63,26,12,20,13,3,28,14,102,24,114,54,112,75,35
556,114,6,20,21,1,8,12,7,66,36,53,63,56,15,89,10
557,89,1,8,92,24,97,12,16,95,3,25,64,21,87,5,104,88,112,35,15,9,81,22,2
558,5,15,106,22,7,25,84,8,12,24,28,9,16,46,10,95,79,103,54,102,38,21
559,20,11,6,24,92,34,63,5,15,12,8,16,104,13,19,7,76,102,47,3
560,5,89,8,11,88,46,25,51,9,32,72,6,26,24,22,103,34,7
561,21,10,46,18,3,43,66,24,114,14,6,103,85,68,97,19,13,8,115,88,92
562,19,26,34,92,11,25,6,22,12,17,8,84,103,5
563,17,18,7,84,22,8,63,97,14,114,26,95,10,37,115,20,15
564,46,13,20,25,24,63,97,5,2,9,105,18,19,22,7,11,6
565,114,5,43,24,21,15,46,17,26,18,27,13,4,11,22,29,19,16,25,1
566,5,12,22,20,10,14,1,24,46,9,18,94,39,3,95,13
567,5,17,13,28,46,20,26,43,117,55,85,18,97,9,4,66,15,67,7,14
568,3,46,15,14,28,8,26,20,21,9,89,25,23,16,111,119,2,55,83,12,24
569,10,9,21,4,15,13,7,43,26,110,54,6,12,23,25,101,102
570,14,34,18,46,25,20,63,89,17,100,2,24,43,19,109,6,96,8,58,22,92
571,13,3,25,66,23,103,4,46,18,21,89,35,1,8,12,63,16,100,67,104,34,31,5,85,20,110,7,22
572,66,1,25,13,107,89,18,8,114,9,2,28,12,34,49,4,5,3,43,46,16,117
573,14,18,95,34,19,3,1,28,84,16,43,97,63,23,12,17,26,89,104
574,7,6,18,26,15,24,114,95,89,10,13,8,117,34,1,97,20,25
575,43,6,21,25,10,8,84,24,27,66,9,97,73,14,17
576,6,66,89,3,92,43,10,55,5,54,12,9,95,26,46,7,24,117,18,103,20,28,107
577,21,24,12,3,97,13,89,58,20,7,18,19,31,36,117,100,86,69,5,114,17,116,2,8,11
578,15,26,5,16,8,3,25,84,114,97,6,46,9,104,49,7,72,14
579,12,92,25,15,23,4,117,95,14,21,24,19,26,84,8,20,54,119,10,63
580,5,20,103,107,17,23,82,4,7,26,114,95,89,22,3,104,52,8,49,24,18,84,50,58,102,34
581,16,63,13,95,26,8,6,18,66,12,24,21,14,22,77,25
582,8,5,1,16,13,20,92,114,34,25,7,17,89,105,11
583,13,72,8,19,6,23,25,10,92,31,2,7,14,44,28,97,9,114,56,1,26
584,25,8,20,11,23,16,97,104,7,10,114,43,93,1,63,24
585,18,14,20,3,84,25,5,95,19,75,34,26,4
586,17,26,18,92,89,5,9,19,82,8,15,22,80,25,3,7,20,55
587,15,14,8,114,5,6,63,11,87,26,21,104,16,22,46,18,1,17,97,12,34
588,17,13,18,4,5,12,84,24,15,3,91,20,114,26,11,6,97,22,89,46,21
589,14,46,95,84,8,92,34,18,12,4,85,13,97,28,24,54,75,25
590,114,46,7,1,12,83,16,24,19,2,18,15,21,25
591,10,114,89,26,1,2,16,19,20,14,24,22,21,5,4,15,25,53
592,18,15,11,1,6,35,20,21,89,2,7,27,23
593,25,17,12,23,1,19,24,92,16,26,66,2,18,114,21,8,80,63,119,89,13
594,92,19,7,2,24,1,95,3,89,5,114,55,14,74,17,34,62,25,96,97,6
595,6,21,20,17,13,15,34,24,43,28,26,69,22,8,95,14,62,5,54,46
596,3,7,14,17,18,12,11,93,10,16,23,26,9,92
597,12,13,84,15,6,97,11,43,63,23,19,8,20,26,10,5,54,44,25,62
598,46,26,15,14,67,34,84,11,114,92,110,16,13
599,20,84,11,26,92,66,16,97,58,3,25,114,95,28,79,34,14,19,67,10,82,5
600,10,17,18,9,55,21,2,89,14,95,4,25,23,15,12,1,62,114,43,22
601,89,23,92,93,7,2,5,10,34,12,3,85,62,106,43,6,21,18,97,117,104,14,103
602,18,9,25,6,97,22,34,12,114,8,16,7,55,19,4
603,2,8,12,55,97,89,103,7,10,15,114,6,87,21,34,104,100,76,37,118,54
604,13,23,12,95,4,114,2,21,7,5,67,117,26,62,3,81,22,17,49,11
605,20,16,10,66,22,25,21,5,58,89,12,114,62,59,18,92,14,11,23,1,4,28,117,55,2,102
606,13,82,15,10,2,66,63,55,12,84,17,18,14,95,54,9,93,5,97,34,62,36,37,64,20,60,101,26,48,23
607,95,22,89,11,8,2,9,97,84,107,21,55,12,3,20,7,28,19,24,13,4,43,92,25,34,6
608,18,89,20,6,5,23,95,114,34,7,9,16,11,28
609,6,18,25,8,58,22,63,15,3,46,66,24,93,7,21,55,14,19,42
610,2,16,13,26,15,10,3,89,7,4,106,76,34,11,112,18,19
611,89,19,97,5,10,17,11,4,92,2,84,23,63,20,30,22,46,8,34,44,15,103
612,89,28,25,62,5,8,34,20,92,26,46,21,15,94,2,32,95,10
613,14,11,17,6,10,1,46,20,13,12,25,5,18,15,62,4,100
614,114,20,10,15,12,84,63,21,19,6,55,97,25,26,99,46,82,95,39,92
615,21,63,24,38,10,14,97,17,5,9,84,4,115,7,68,39,16,93,92,81,104,19,114
616,8,19,6,12,103,34,4,46,20,92,14,101,89,24,23,62,5
617,23,22,1,11,15,7,89,114,3,20,95,26,69,18,61,78,6
618,13,12,63,95,18,26,66,21,8,7,3,2,5,24,114,118,6,16,19,75
619,3,66,19,11,17,2,10,5,9,84,14,20,58,46,22,23,21,78
620,63,13,14,17,25,28,2,23,7,8,58,95,11,15,16,22,99,10,55,9,3,77,33,89
621,20,8,13,2,3,6,26,24,12,97,34,10,22,89,63,94,62,28
622,5,103,26,11,4,20,66,18,95,10,13,9,89,24,14,19,97,17,114,3,74,58,38
623,26,92,95,10,12,16,43,1,4,9,53,20,22,2,3,84,46,24,54,71,34,25,18,89,55
624,9,14,84,25,7,10,3,114,63,95,30,24,12,97,26,8,20,46,21
625,16,4,11,3,8,14,89,1,22,95,25,77,7,10,83,55,2,118,15
626,5,15,8,14,20,21,34,25,2,97,16,22,17,79,13,84
627,84,15,13,25,4,89,6,102,12,92,26,103,62,18,24,114,22,55,14,7
628,2,16,12,20,84,1,46,19,89,15,17,18,114,96,41,60,49,3,97
629,8,16,22,6,24,10,13,21,102,12,9,29,34,25,4,7,14,84
630,26,89,11,9,5,66,16,113,10,96,67,74,2
631,15,22,12,114,10,92,17,46,24,87,13,118
632,13,18,3,17,15,25,92,9,14,46,114,66,2,84,7,95,4,1,23
633,6,2,4,7,84,23,21,24,46,17,25,3,85,12,66,10,15,74,35,1
634,6,16,7,25,34,10,20,84,97,19,17,63,5,23,79,71,62,18,104,2,50,45,13,66
635,63,24,114,34,62,28,55,12,89,11,92,26,15,7,84,95,54,73,10
636,12,18,46,58,66,8,69,14,28,3,108,16,25,68,6,61,15,9,10
637,16,23,21,9,1,12,22,89,11,8,20,63,25,7,70,37,6,92,34,4,50,26
638,11,3,12,66,10,17,22,6,34,28,19,114,88,5,25,13,15,24,2,18,38,8
639,8,9,23,89,46,84,103,34,21,20,117,65,3,92,63,13,12,24,10,16
640,7,46,15,10,25,22,89,13,8,66,117,9,21,92,14,19
641,19,89,24,10,17,16,1,3,15,11,119,77,23,25
642,10,66,21,26,18,9,14,22,12,1,28,15,25,50,23,42,2,63,89,4,16,43
643,13,22,2,12,26,19,20,15,9,14,54,92,89,21,119,48,114
644,84,114,89,95,103,21,13,4,18,54,5,8,34,72,17,1,88,16
645,15,26,84,10,17,20,24,34,95,54,19,2,55,46,13,63,36,23,90,104,74,16,66,31,71,12,92
646,7,16,1,95,12,13,18,6,84,63,43,27,92,117,5,26,78,4,22
647,25,84,114,26,7,19,12,3,58,92,4,90,83,97,6,17,38,13
648,20,18,6,10,1,66,34,25,96,21
649,9,1,20,3,7,2,95,17,8,14,25,34,43,46,10,39,23,63,104,97,114
650,114,11,89,19,34,66,92,25,24,58,6,17,84,36,41,95,46,85,12,20,106,53,28,16,97
651,46,9,24,21,13,95,43,3,18,22,11
652,22,13,5,23,18,34,59,89,114,10,26,67,14,62,17,80,104,119,7,116,97,20
653,114,97,1,22,63,5,20,6,66,104,2,89,23,7,34,21,15,26,54,118,24,10,40,3,8,14,12
654,46,12,26,3,2,18,9,16,6,22,10,24,20,114,34,8,66,41
655,34,11,17,1,89,10,58,20,25,5,51,28,43,48,27,22,95,18,2
656,5,18,63,2,7,66,84,1,55,11,14,9,23,62,32,4,25,24,54,22,8,92
657,17,19,62,2,7,5,11,26,46,20,14,3,112,24
658,46,92,95,1,18,17,97,34,6,67,14,108,117,104,7,54,63,66,12,8,114
659,17,13,9,4,22,16,97,89,5,73,66,19,34
660,8,89,25,34,24,74,21,9,20,43
661,46,45,17,92,6,84,114,9,73,63,18,21,89,2,20,115,24,14,85,8,22,7
662,2,34,46,3,9,16,55,1,14,114,10,103,33,51,23,63,21,62,117,17,66,22
663,84,12,46,22,13,4,2,25,24,26,20,18,95,97,1,5,9,19
664,84,16,2,92,26,22,3,12,114,97,101,103,5,34,17,38,46,89,4,11,20
665,16,5,26,6,24,3,11,97,7,9,1,106,39,84,63,25,12,88
666,97,89,84,1,15,19,2,7,11,92,99,18,110,46,8,22,34,14,28
667,9,20,24,17,7,13,22,58,4,18,14,16,60,113,97,26,34,114
668,46,95,5,10,25,16,97,2,104,17,13,11,15,26,9,43,89,6
669,25,114,9,26,2,11,89,10,63,92,12,13,22,6,17,33,16,14
670,19,8,21,97,15,63,46,25,24,27,16,10,45,22,58,23,17,114,43,18,55
671,89,1,26,63,104,9,14,13,34,22,4,11,2
672,9,22,11,21,17,6,3,89,15,10,20,12,5,34,19,2,37,54,55,97,109,84
673,21,114,18,9,19,3,8,7,34,11,22,66,6,15,20,46,17,5,1,82,81,12
674,13,3,20,21,89,25,10,43,14,92,60,5,17,18,119,97,12,9,16,115,96
675,10,12,25,8,46,13,21,6,26,47,97,15,89,30,20,16,1
676,97,62,15,28,84,11,10,20,16,55,66,13,9,18,8,26,69,24
677,8,6,11,84,33,26,1,12,103,92,23,104,34,44,3,22,117,83
678,8,11,7,28,5,97,114,2,34,3,10,16,22,46,14,84,20
679,21,26,16,46,84,4,15,92,114,2,97,99,1,25,28,54,89,14,10,11,34,24,119
680,26,24,3,95,7,46,17,5,2,55,18,20,13,28,117,12,9,38,4,99,11
681,22,23,6,114,14,55,84,15,46,2,16,54,92,51,24,3,25
682,17,14,9,46,89,95,12,34,84,11,63,20,58,24,21,8,16,6,22,4,26,10
683,26,46,16,25,6,70,84,15,76,114,92,12,5,2,104,13,58,17,23,18
684,2,16,18,26,17,21,97,6,1,84,60,114,27,85,11,22,66,7,82
685,22,89,17,7,10,55,13,95,20,54,25,1,6,28,15,21,16,66,104,19,26,82,115,11,9
686,13,10,89,16,6,5,63,14,21,26,78,24,20,8,11,12,7,2
687,24,11,7,10,21,46,92,34,1,63,114,12,6,28,19,57,115,103,25,5,95,43
688,8,114,17,26,6,21,3,14,28,34,22,24,4,89,15,19,2,95,1,102,85,78
689,12,7,34,6,46,66,21,62,19,22,16,10,24,63,70,13,89
690,2,15,84,22,11,23,10,7,13,4,25,114,46,89,51,1,117,8
691,10,13,63,5,7,23,26,66,1,14,46,4,22,20,95,25,21,12,11,84,8,2,17,112,55
692,25,22,15,2,11,89,17,20,9,92,58,6,19,23,97,66,27,7
693,2,25,20,18,21,15,23,26,22,7,95,46,10,43,60,34,66,40,89,6
694,26,97,2,16,9,17,8,89,6,12,25,98,4,5,115,114,21,63,24
695,2,1,17,9,34,11,3,21,36,100,6,4,104,20,68,98
696,12,28,25,6,19,84,21,5,16,4,46,14,2,70,97,18,62,24,79,23
697,3,13,18,7,21,9,8,30,34,11,1,6,15,19,10,17,22,74,5,24
698,34,43,6,97,38,14,46,12,63,102,8,5,117,95,27,1,9,13,66,16,58
699,8,25,9,18,66,12,114,89,1,26,7,13,22,46,2,10,84,17,6,14,92,3,62
700,10,97,63,12,114,22,11,21,77,26,20,9,46,2,113,6,14,23
701,14,27,22,20,24,4,19,13,10,11,16,25,15,18,9,6,23,115,89,1,84,46,54,7,26,2,92
702,6,14,95,23,19,7,26,20,62,4,11,21,67,34,54,17,38,91,2,114
703,14,34,6,23,63,92,84,8,10,58,76,19,12,17,26,20,1,46,7,15
704,11,46,28,19,58,23,10,8,34,4,114,6,59,72,25,21,15,43,62,24,76,92,1,22,18
705,7,9,19,23,2,24,104,12,95,20,18,43,114,3,112,10,4,1,22,36,13,35,15,46,58,53
706,114,26,14,92,25,21,24,112,5,15,34,88,1,38,19,11,22,3,17,13
707,21,8,34,16,9,11,25,5,15,24,30,100,2,62,13,1,83,20,10,92
708,12,3,15,34,26,46,92,14,115,6,17,103,20,33,114,13,9,85,24,38,2,97
709,89,66,13,92,97,46,5,14,2,9,25,109,17,10,107,23,1
710,9,89,17,3,22,66,25,7,8,61,5,114,15,19,92,117,55,21,24,84,37,23,11,95,28
711,2,8,46,43,38,63,117,54,10,9,7,86,32,34,89,22,26,11,73,16
712,26,19,21,11,7,17,12,46,54,25,84,1,34,102,114,5,77,89
713,25,22,12,10,66,95,117,55,24,3,28,7,4,15,46,8,62,6
714,10,17,97,7,2,20,3,11,13,12,18,24,15,25,34,33,39,16,103,43,4,22,5
715,58,2,21,9,28,5,23,91,46,63,97,8,92,98,25,7,62,18,70,86,114,6,22,11
716,1,22,66,21,8,46,24,9,26,10,95,14,18,11,19,100,13,103,114,6,12,4
717,89,13,97,7,10,92,18,15,14,16,26,2,46,39,98,6,20,17,21,5,9,1
718,46,22,16,114,6,97,5,92,17,89,11,76,25,24,31,49,19,60
719,3,22,34,25,7,114,29,70,5,1,36,91,92,9,6,115
720,15,13,22,9,114,84,8,92,2,46,10,25,11,5
721,92,8,5,46,1,18,14,55,84,4,62,10,23,28,104,95,19,24,96,34,12
722,114,43,18,14,6,2,84,10,55,34,11,17,19,22,46,8,109,89,25
723,7,5,21,18,89,114,6,1,26,84,16,3,9,55,35
724,20,10,13,5,6,1,11,54,19,17,69,25,63
725,2,8,6,11,13,3,114,14,19,22,10,23,97,16,92,74,106,90,7,51,20,17,4
726,21,34,16,18,2,95,23,15,84,28,6,20,9,4,12,1,64,5,54,19,3
727,20,26,18,8,11,21,6,5,13,22,84,2,1,95,97,102,25,119,15,14,45
728,114,6,8,10,15,3,25,34,43,11,16,21,12,23,17,13,89,18
729,18,25,5,2,15,3,17,21,16,14,66,6,63,10,23,97,1,20
730,19,66,89,12,28,21,84,17,15,96,10,95,6,18,53,3,85,46,102,100,56,9,1,8,7,114,71,25
731,24,3,34,26,15,12,8,63,92,114,20,97,23,72,6,22
732,9,89,13,97,20,8,46,17,92,4,22,41,16,44,55,19
733,26,20,14,15,89,34,24,92,55,97,19,84,22,58,79,10,115,2,31,25,18
734,9,6,117,11,46,24,25,92,15,14,23,18,10,26,16,66,2,21,63
735,21,9,18,6,66,22,1,34,16,36,26
736,22,23,3,26,5,18,10,14,7,46,1,17,50,114,89,56,25
737,6,24,1,22,14,15,26,58,28,3,39,4,7,5,97,83,54,47,92,89,63
738,103,9,92,2,34,46,4,23,114,14,10,93,30,41,20,50,17,11,24,63
739,13,18,10,20,46,22,97,6,55,21,7,89,117,34,79,5,43,58,17,115,102,2,16
740,6,84,4,24,13,5,12,14,34,89,3,46,97,25,1,9
741,12,7,84,3,26,9,11,19,8,5,54,63,20,14,2,101,114,17,118,24
742,89,26,19,95,66,10,104,114,108,4,16,6,22,1,5,55,3,2,28,97
743,5,114,8,13,24,89,34,14,106,45,21,111,93,11,54
744,9,7,89,63,43,66,8,14,95,72,10,74,112,24,19,103,15,92,23,34,29,84,2
745,9,97,23,20,55,22,46,92,18,63,51,89,25,3,26,10,19,114,4,13,12,21
746,8,2,114,11,6,17,26,20,104,32,9,95,22,23,78,27,19,24,5,7,16,14,86
747,14,17,12,1,5,79,13,89,92,67,6,25,20,97,8
748,7,34,25,66,9,12,19,55,54,16,89,60,97,3,8,28,15,65,11,104,17,23
749,16,11,15,84,25,92,10,114,51,64,85,26,2,38,89,21,65,95,20
750,15,34,16,26,19,11,97,6,18,92,1,63,89,17,95,3,107,20,55,5,101,62,25,114,21
751,10,55,1,25,84,5,3,21,22,28,19,62,8,59,6,11,89,13,100,16
752,25,46,23,3,22,10,30,118,15,11,17,16,114,92,6,21
753,23,16,46,84,13,8,2,12,14,28,37,34,95,15,114,103,9,22,6
754,17,6,26,3,23,97,18,46,34,19,55,9,4,58,2,16,20,67,28,91,14,10,21,56
755,21,9,89,25,19,1,12,10,7,15,18,3,20,77,26,72,34,62
756,6,13,34,1,20,66,12,84,18,9,22,19,16,70,117,17,25,14,3,64
757,17,25,12,66,89,1,21,84,95,4,11,22,7,14,16,54,117
758,10,8,25,6,7,3,5,2,15,1,9,16,21,34,20,46,89,23,17,58,27
759,26,5,15,17,89,104,34,19,95,72,11,73,18,3,12,46,97,32
760,114,11,5,28,43,6,4,19,10,92,20,9,89,21,26,1,7,13,55,39,15,18
761,13,8,7,34,62,92,12,16,25,22,10,3,28,87,69,110,19,6,9,63,89,84
762,12,11,20,19,1,34,5,7,2,3,84,97,114,16,32,10,26,14,117
763,8,11,92,23,26,84,15,18,1,2,7,22,118,114,10,24,20,79,46
764,10,6,23,7,18,114,89,97,5,26,60,11,17,83,15,63,65,20,9,95,33,13,24,46,3
765,97,34,8,33,11,28,95,20,10,89,16,43,21,14,46,19,1,25,23,84,26
766,46,15,66,12,21,84,34,22,16,114,13,58,107,36,9
767,22,46,54,24,21,95,8,18,5,1,10,11,66,23,19,2,17,34,58,7,65,27,9
768,17,3,46,18,9,15,24,4,114,117,84,23,58,19,66,16,30,6,11,89,21
769,10,8,11,23,5,12,34,13,44,4,43,19,25,21,1,22,46,84,114
770,3,26,17,20,28,15,16,84,38,23,22,117,34,114,13,8,58,89,12,43,95,46,92
771,18,13,84,20,9,66,10,4,21,15,11,64,38,57,2,24
772,3,34,4,13,10,24,18,20,15,17,66,55,84,16,37,12,104,95,22,97,8,90,89,25,106
773,21,12,8,17,89,106,18,70,5,19,16,28
774,26,1,25,10,89,43,19,46,63,34,104,72,9,15,58,22,49,32,21,13
775,46,7,8,33,28,16,15,26,10,19,114,63,20,23,84,43,34,55,5,110,70,9,12
776,34,23,46,17,9,11,114,38,89,63,84,24,12,118,21,14,26,13,3,2
777,10,9,18,11,95,3,25,24,6,17,92,60,19,20,4,97,107,1,79,16,84,2,26
778,34,12,1,66,43,7,97,2,8,60,33,102,5,94,78,17,21
779,79,6,11,16,5,25,17,12,34,14,84,97,47,7,9
780,3,10,63,1,26,34,24,14,13,2,8,16,89,104,5,6,54,60,81,17,11
781,92,11,16,114,18,24,10,84,89,6,3,5,117,54,37,23,20,2,79
782,9,24,25,18,21,20,2,10,34,5,17,7,42,63,4,19
783,24,23,114,84,9,25,13,16,43,97,104,63,89,66,54,26,117,101,38,11,58,19,45
784,6,46,84,8,22,14,18,3,17,11,21,108,16,97,7,10
785,25,2,9,92,97,14,10,13,23,43,18,63,12,94,66,20,96,46,6,22,84
786,1,16,9,23,114,92,8,18,7,46,17,95,21,26,57,10,104,76,20,19,3,40
787,16,21,17,11,12,20,15,25,1,26,8,6,10,18,14,46,24
788,34,46,2,84,63,6,92,7,8,19,28,21,89,107,93,23,14,15,18
789,8,63,43,5,46,22,17,3,14,84,6,1,11,24,19,20,21,12,26
790,14,22,6,3,21,18,17,63,95,34,84,26,19,56,4,24,45
791,8,89,18,34,12,17,10,9,107,26,15,2,84,16,117,43,92,22,13,46,11
792,14,21,5,34,15,46,66,58,6,43,19,26,7,10,8,17,16,103
793,2,9,11,21,10,12,8,6,84,34,3,17,1,62,95,31,87,27,63,60,72,18,4,47,16,55
794,24,10,3,16,13,97,28,25,114,5,14,109,1,89,7,20,2,11,6,19
795,15,13,114,14,95,34,3,17,24,97,21,10,11,117,1,77,9,63,2,18,73,7,26
796,8,89,21,20,14,7,114,97,60,51,16,19,29,23,15
797,28,3,7,17,89,13,10,46,24,18,92,25,21,47,14,16,6,8,1
798,20,21,63,117,43,95,9,12,115,13,84,14,45,5,10,67,42,22
799,13,97,15,103,1,89,3,43,10,72,59,17,5,11,2,118,35,22
800,9,92,11,18,46,7,6,16,5,95,89,20,4,100,19,25
801,84,15,9,25,7,8,13,5,22,23,114,26,46,61,71,10,43,1,2
802,26,10,7,4,1,25,89,23,24,14,15,46,17,92,9,6,84,43,12
803,34,24,9,28,54,4,103,15,23,104,95,71,3,97,46,6,42,38
804,5,7,12,114,10,20,6,16,26,14,19,15,11,4,46,18
805,10,103,63,95,5,22,21,84,9,12,89,97,1,13,55,18,66,11,20,16
806,16,24,9,63,1,13,14,22,23,20,80,8,95,89,5
807,14,23,9,46,26,8,117,7,84,17,24,16,89,108,95,34,11,5
808,84,7,1,15,9,95,25,8,97,41,12,44,92,78,11,6,2,13,20
809,84,114,6,13,25,16,11,1,94,21,14,7,46,33,71,34
810,7,97,114,117,1,28,46,34,103,22,20,25,10,18,101,15,89,26,19
811,20,25,39,97,104,13,89,23,10,18,21,95,73,6,29,9,7
812,19,5,17,6,89,3,34,114,15,13,84,66,4,8,10,24,22,63,23,27,26,20,25
813,3,21,25,11,12,13,104,55,95,89,8,19,1,14,18,91,64,10,28,33,90,31,20
814,82,33,14,114,100,92,34,25,13,54,43,41,19,26,5,103,2,21,46,7
815,1,89,16,103,8,55,63,62,5,18,24,43,57,10,6,54,46,66,20,114
816,66,34,103,2,15,13,58,89,6,26,18,95,7,104,55,11,1,28,81,43,92,90,114,100,64,63
817,97,114,15,10,89,84,17,21,14,95,11,8,18,79,6,19,4
818,7,19,46,9,24,3,66,15,43,4,23,6,11,14,63,8,54,108,21,26,53,58,71,62,69,51,2,1,5
819,2,16,22,23,13,19,11,6,1,95,58,28,112,65,47,10,26,104,12,42,97
820,19,26,14,114,4,13,7,11,2,89,95,48,3,1,43,34,41,118,18,20
821,22,95,9,18,23,10,11,16,26,66,92,89,12,116,2,91,14,74,60
822,5,10,95,22,89,6,66,20,16,26,65,18,103,13,17,50,23
823,1,97,6,66,58,2,26,103,19,84,9,45,21,16,7,13,73
824,114,8,17,22,15,6,66,1,89,46,51,79,19,5,18,45
825,2,12,21,114,33,106,66,20,47,16,109,26,25
826,14,9,46,2,34,1,16,65,7,17,33,40
827,26,22,63,16,6,10,17,60,23,11,25,24,97,114,13,3,89
828,6,2,63,19,9,20,3,22,12,7,34,114,15,84,16,95,54,24
829,2,22,5,7,1,46,97,43,16,114,34,84,10,23,9,26,117,104,11,18
830,46,34,6,95,17,11,66,62,63,92,114,13,1,54,97,14,36,16,3
831,34,63,1,92,25,9,97,8,22,54,6,73,13
832,18,24,13,16,10,3,84,95,89,50,26,117,44,103,7,78,22
833,18,25,12,9,55,28,16,20,43,32,46,5,4,3,51,115,13,114,97
834,70,13,95,9,63,24,8,55,18,3,22,46,21,89,82,14,26
835,2,19,9,23,10,24,55,5,84,50,46,1,11,15,34,89,64,117,18,14,54,95,6,57,61,104,7,28
836,84,21,22,16,14,1,6,26,13,15,63,114,11,34,5,17,3,27,55,23,43
837,2,25,116,5,11,46,23,6,7,119,21,4,18,15,19,22,8,102,95,16,89
838,82,8,17,11,3,14,9,21,19,113,104,41,24,97,87,16,89,7
839,1,84,95,20,43,104,46,8,9,58,10,26,114,17,53,6,3,5,19,106,34,16,117,18,14,2,41
840,14,34,89,4,97,22,25,107,60,17,115,46
841,97,12,117,46,92,17,9,18,1,63,26,66,11,2,79,10,38,19,20,103,7,95,4
842,114,12,11,20,13,17,8,9,15,46,58,66,64,24,6,62,95,33,3,83,7
843,21,10,16,25,11,43,26,14,87,7,38,46,115,63,6
844,34,22,5,103,21,10,13,15,46,4,66,26,14,6,117,23,64,17,7,92
845,43,21,2,25,1,24,22,63,6,9,55,54,97,20,84,89,14,92,19,3,64,12,11,34,66
846,14,23,95,43,114,24,26,34,4,77,8,89,103,6,41,93,3,15,107,70,92,1
847,9,13,54,104,97,8,2,14,10,46,5,34,18,89,22,103,16,20,17,11,4,7
848,19,84,25,34,15,23,18,7,6,12,9,2,55,21,11,46,13,97
849,15,9,12,18,21,1,43,84,104,4,26,54,46,39,11,27,82,94,23,19,29
850,5,38,34,17,24,89,22,15,66,55,7,117,77,61,25,35,28,4,70,27,8
851,89,14,66,15,13,5,21,114,2,9,11,97,25,19,8,3,24,76
852,16,2,24,114,26,21,46,14,13,23,10,34,7,98,6,5,63,93,19
853,3,17,97,21,14,18,89,46,112,53,2,114,42,26,19
854,46,84,2,11,4,34,20,24,16,8,3,17,58,6,25,21,22,7
855,17,21,66,92,95,28,4,38,24,11,53,37,114,55,84,1,85,35,42,79,34,16,23
856,34,16,19,89,3,95,4,1,114,13,10,84,88,18,92
857,20,6,5,84,22,114,4,9,16,58,62,15,17,95,41,14,73,66
858,13,84,117,26,22,114,3,14,21,16,92,34,60,55,68,1,67,18,25,63
859,11,22,25,28,84,15,7,8,34,17,66,76,21,72,14,91,58
860,14,3,10,20,19,63,89,95,117,114,21,30,99,2,9,22,77,84,26,34,11,43,103
861,15,8,25,63,104,28,5,89,11,14,21,34,20,19,18,97,12,9,24
862,17,22,10,34,14,2,26,4,18,53,46
863,22,17,8,89,34,7,18,12,92,97,24
864,24,1,66,46,21,11,3,12,70,8,89,7,10,84,95,4,97,117,19
865,11,26,6,34,1,25,100,66,8,14,97,17,89,114
866,2,24,19,7,92,89,12,18,11,26,3,4,1,54,5,34,97,114,14,72,25
867,1,26,16,21,7,95,12,34,117,5,3,9,46,109,114
868,14,2,46,26,15,10,63,22,17,25,111,23,4,95,8,56,43,13,7,18,66,16,83
869,8,11,17,5,66,34,84,20,89,95,26,12,114,6,13,71,10
870,84,16,26,89,34,24,8,20,12,13,10,66,15,76,61,18
871,84,26,21,17,5,13,89,66,8,7,114,15,2,3,1,6,46,25,58
872,34,9,26,7,14,24,54,46,114,17,92,1,5,12,58,95,16,18
873,3,8,24,34,92,20,21,28,15,16,22,18,6,43,14,46
874,89,9,14,15,12,7,92,4,1,20,34,100,41,19,21,25,3,28
875,19,46,2,20,4,8,97,7,89,6,3,17,10,42,1,95,108,63
876,2,3,10,15,1,19,24,26,97,12,6,89,13,20,66,21,87,9,5,22
877,84,55,18,89,14,19,34,9,117,15,46,7,10,100,61,23,63,104,24,66,12,114
878,114,34,5,107,14,10,23,89,92,18,4,64,119,1,16,26
879,26,19,103,117,5,22,18,9,89,25,46,6,34,11,24,44,81,84,20,95,15,92,4
880,12,18,19,9,114,7,92,13,14,99,34,65,5,89,46,69,58,15
881,6,8,22,26,104,7,46,20,18,23,13,89,97,15,17,32,25,9,1,5,11,14,62,84
882,63,1,84,58,2,5,114,7,89,18,8,9,15,25,85,69,21,19,10,73,20,102,97,37
883,8,92,7,3,13,2,97,26,95,9,16,10,66,46,63,6,23,18,24,15
884,25,1,34,7,21,20,55,2,6,11,84,14,4,117,63,89,17,58,15,68,46,16
885,46,114,33,10,8,92,20,12,6,84,43,7,14,4,24,3,18,95,57
886,97,11,20,25,18,46,4,43,34,21,16,71,84,57,12
887,10,97,21,8,84,22,14,18,6,114,63,15,95,38,2,13,5,113,25,1,43
888,34,3,20,22,9,7,46,12,89,17,25,15,24,13,5,16,82,2,58,18,19
889,114,9,92,8,95,22,26,84,76,18,11,15,77,10,17,97,5,79,24,25,23,117
890,21,18,11,89,63,6,8,1,2,90,9,14,24
891,46,2,54,11,17,25,89,16,1,97,6,13
892,58,92,43,24,84,114,26,20,22,63,9,25,14,12,97,18,2,7
893,13,66,15,16,20,84,7,26,4,46,93,11,24,22,6,99,19
894,14,12,15,89,104,46,13,103,5,117,26,114,84,49,17,55,3,109,22,48,2
895,21,18,14,26,5,16,17,34,113,19,20,2,114,9
896,8,5,3,89,11,34,23,6,58,19,50,82,14
897,17,6,66,18,16,114,2,1,28,103,5,26,65,68,58,100,9,10
898,8,20,22,34,19,55,95,5,4,7,28,9,18,21,43,1,14,54,58,15
899,25,7,46,12,63,18,6,2,92,4,103,13,15,24,66,1
900,13,19,23,58,17,12,89,11,8,15,95,9,91,92,18,63,24,1,10,5
901,19,14,16,84,114,24,9,92,104,20,28,66,34,42,46,2,1,97,35,95,11,43,68,23,22,15,45
902,92,24,11,20,14,22,103,2,13,34,1,93,46,26,17,5,58,15,55,4,43,23,16
903,21,92,25,82,20,11,8,34,66,97,100,117,17,112,114,15,104,62,14,7,12,9
904,2,114,10,95,17,20,15,11,89,66,28,63,84,73,24,16,4,102
905,26,5,7,114,63,25,14,10,17,24,97,23,3,119,9,15,19,78,33,84
906,8,2,22,3,34,20,84,114,16,89,10,101,14,6,7,21,12
907,24,12,95,17,18,16,9,46,25,66,23,14,100,111,99,63,67,2,97,15
908,20,26,15,89,4,1,2,114,18,44,3,65,16,14,7
909,9,2,34,28,62,21,13,24,84,11,114,7,4,17,51,19,3,8,22,42
910,89,14,6,10,15,66,7,21,92,25,114,26,2,11,84,97,13,20,73,63,9
911,18,26,17,13,15,3,24,89,46,12,10,95,84,9,8,2,28,21,97,6,107,63,110,102,7
912,97,13,11,58,12,7,1,15,92,14,66,6,69,21,23,46,61,50,9,89
913,1,9,114,23,46,22,13,12,16,89,66,4,19,18,63,55,95,43
914,13,7,95,16,34,20,17,78,26,103,14,3,97,63,11,10,5,19,24,18
915,16,3,26,13,1,7,11,46,10,84,14,63,95,2,108,70,4,17,54,23
916,12,4,8,84,17,7,89,9,114,2,24,3,95,16,76,15,26,6
917,84,46,10,13,3,11,62,17,23,19,24,4,5,21,92,89,6,16,9,2,18,114,15
918,103,15,12,7,25,11,3,28,117,13,8,98,14,2,65,17,90
919,2,114,28,46,10,26,25,55,43,89,18,69,92,104,5,58
920,8,20,3,13,97,34,58,84,89,65,7,39,25,103,6,2,33,45,55,9
921,7,114,12,23,8,101,16,22,17,109,10,79
922,9,89,26,18,10,22,16,5,2,7,104,21,15,6
923,114,17,46,11,6,97,5,4,16,23,34,19,3,62,24,84,107,18,117,92,13,22,89
924,25,17,1,107,5,24,10,92,26,3,21,23,84,15,109,115,117,89,110,18,31
925,21,63,2,22,114,34,91,14,16,26,15,84,24,12,8,13
926,12,63,8,5,34,21,114,97,9,18,11,25,22,15,89,4,26,10,1,84,20,91
927,25,13,21,34,3,97,22,117,11,43,46,75,5,28,55,27,17,101,10,15
928,3,84,103,21,22,9,11,14,89,2,94,12,26,1
929,3,89,1,26,12,25,20,18,68,21,41,66,108,14,87,10
930,8,92,114,6,46,25,24,26,84,10,43,50,95,20,1,86,16,76,2,89
931,12,16,2,92,4,3,114,8,34,25,17,33,9,65,11,89,1,81,20
932,11,4,17,6,19,92,12,24,18,25,89,95,44,5,48,23,1,14,104
933,1,24,89,8,34,19,58,15,14,16,6,75,12,22,100,43
934,13,92,82,66,18,89,11,17,14,3,24,19,12,43,16,9,20,40,85
935,20,97,24,1,12,55,114,63,6,34,16,10,8,46,18,14,17,19,81,21,22,62
936,14,21,25,97,92,26,20,15,89,23,3,12,85,2,114,34,1,17
937,16,17,46,2,24,21,8,13,43,11,19,14,26,85,15,25,84,97
938,14,22,3,24,25,84,18,15,92,12,10,16,97,6,45,1,89,4,7
939,10,28,8,7,1,15,16,26,18,63,11,24,97,46,25,20,89
940,89,25,18,12,97,5,3,46,17,21,34,23
941,24,114,25,14,10,3,11,16,103,34,117,84,63,1,65,2,97,15,100,77,89,52,55,12
942,13,18,8,3,4,26,21,7,5,1,40,49,89,10,34,20,25,63
943,3,34,1,46,24,8,89,15,25,97,17,22,9,2,5,84
944,22,19,77,12,8,84,7,51,13,31,50,46,16,71,111,104,117,33,89,95
945,89,14,92,3,26,1,114,63,21,8,13,11,12,5,6,17,7,2,95,46
946,18,12,15,14,46,8,22,10,16,11,20,17,43,6,79
947,15,6,9,1,11,4,95,10,26,69,3,50,7,27,39,71,25,97,37,2,31,24,114,18,89
948,66,1,2,23,9,11,10,19,62,7,21,16,43,63,54,15,69,20,22,53,30,115,61,84,77
949,7,21,58,14,53,9,55,19,43,26,114,13,1,46,95,92,42,34,62,11,5,101,107,2,93
950,58,3,9,5,92,114,34,12,54,11,104,2,38,16,66,8,6,10,26,22
951,3,21,15,7,5,23,20,17,9,14,55,18,84,92,19,11,4,114,24,109,97,89,12
952,3,21,23,97,5,20,34,58,13,12,2,84,19,8,14,17,71,10,6
953,1,46,20,84,97,26,8,28,55,2,58,24,86,95,5,13,3,107,102,19,12,6
954,15,6,46,97,8,89,43,25,28,17,56,66,93,63,13,2,33,18,92,9
955,2,97,84,22,11,14,17,95,63,13,4,25,3,24,100,10,87,114,49
956,11,18,114,20,19,1,25,92,3,8,26,17,10,2,55,5,14,93,15,89,24,7
957,19,28,25,24,89,18,34,114,26,3,53,35,5,6,79,9,23,15,66
958,20,21,114,34,8,89,17,12,24,16,9,77,25,46,60,95,53,18,107,75,84
959,63,34,21,55,95,26,11,62,23,43,19,15,18,46,6,117,9,83,66,25,97,13
960,46,8,89,14,6,5,25,84,63,15,24,95,112,66,83,23
961,11,17,22,18,46,89,16,12,19,80,2,25,1,104,35,7,3,43
962,11,10,6,95,22,9,12,20,8,3,14,97,1,91,46,77,84,55,67
963,84,3,10,17,46,22,114,89,15,43,19,12,34,92,5,13,18,56,1,2
964,17,95,26,25,22,97,14,24,2,18,16,54,100,45,37,80,10,20,69,9,5,34,39
965,84,3,103,1,10,12,7,34,6,11,14,16,46,19,97,26,22,66
966,2,5,97,8,18,12,3,21,4,89,26,10,19,15,11,34,84,9
967,24,34,23,7,63,97,6,16,44,26,19,39,94,11
968,8,14,21,18,46,66,7,26,1,17,34,89,2,114,63,97,9,58,13,24
969,19,89,28,92,55,10,114,8,12,17,97,5,9,79,46,34,1,104,20,21,94,93
970,9,11,84,19,43,64,17,62,25,4,14,104,26,97,92,34,58,16,13,21,53
971,11,19,12,17,6,1,5,91,9,24,34,117,16
972,89,34,95,8,38,54,20,21,26,84,15,58,24,79,22,57,18,52,28,9
973,6,66,114,8,20,3,14,58,16,28,46,21,102,24,12,89,70,15,74,112,25,50,115,19,7
974,34,5,18,23,24,17,20,63,10,13,89,26,38,14,92
975,25,13,22,3,16,97,11,8,15,46,89,72,4,20,63,43,23,34,17
976,14,17,13,5,114,1,21,67,19,3,92,26,89,58,25,20,8,72,12,7,116,97,46,24,10,18
977,46,1,3,16,55,104,8,84,15,92,89,63,24,17,60,62,12,2,34
978,25,13,9,33,95,114,24,63,55,17,92,28,66,21,7,18,53,16,12,23,46
979,13,26,63,2,22,4,66,97,114,58,8,20,43,42,6,117,54,5,16,29,78,113,55,14,62,104,21
980,13,8,15,66,95,63,18,20,23,46,117,1,21,55,5,17,7,38,114,12,3,84
981,34,17,21,24,4,90,63,3,20,25,22,43,115,12,31,9,110,105,5,97,83,66
982,2,12,9,34,10,20,43,97,18,8,15,11,21,104,95,85,22,66,46,6
983,34,21,5,8,18,16,46,3,14,24,43,1,114,17
984,10,17,24,55,46,62,23,19,1,72,11,58,93,28,3,16,54,66,97,49,12
985,26,1,18,84,43,15,3,13,7,21,2,46,89,28,91,9,34,20,103
986,2,26,41,70,10,8,98,66,46,11,58,16,3,15,12
987,18,46,1,8,9,20,114,22,6,16,2,26,21,87,109,7,23
988,1,7,20,10,4,8,34,63,26,17,6,14,24,114,18,23,92,16,68,5
989,1,26,24,5,10,21,6,43,12,8,117,13,55,46,87,38,34,11,9,25,20,3
990,8,46,25,6,34,97,10,114,20,18,9,26,89,11,21,99,19
991,25,14,23,33,20,97,2,22,8,11,21,3,10,24,12,7,26,43,84,63,103,34,1,104,89,46,15
992,22,34,1,104,102,10,21,20,23,9,19,16,26,25,14,6,85,63,5
993,3,9,58,5,19,23,21,18,97,26,1,114,39,105,74,34,22,15,7,54
994,5,63,15,19,13,84,20,66,3,17,12,114,25,26,41,97,21,43,62,88,11,14,34,7,8
995,25,20,24,5,16,1,46,28,22,10,19,112,2,109,117,9,97
996,6,23,46,92,12,2,24,58,10,16,11,107,114,52,28,22,17,32,39
997,34,9,55,84,8,3,28,58,117,47,18,26,27,19,24,20,69,16
998,6,13,14,114,20,89,8,5,24,66,11,30,3,116,81,17
999,4,66,8,13,6,18,58,11,20,46,10,92,97,3,21,17,14,15,1
1000,13,8,1,10,55,15,92,54,24,63,25,34,66,2,45,26,89,33,19,58,16,53,84
1001,46,34,17,12,84,7,18,58,26,3,97,1,30,19,42,24,2,68,95,92,63
1002,7,8,84,4,15,24,34,23,55,95,46,14,43,1,58,21,93,89,114,102,62,5,36,22
1003,19,11,7,1,34,14,8,12,25,103,17,16,13,20,30,6,15
1004,16,2,97,1,23,84,117,18,8,15,21,6,114,103,17,3,98,83,5,19
1005,22,16,89,66,11,95,117,70,36,24,23,55,14,3,17,114,1,18,4
1006,8,10,2,23,25,17,7,114,97,16,15,20,34,13,4,81,11,46,43,89
1007,89,66,11,1,15,58,19,12,97,24,20,17,43,90,85,5,21,6,14,2,81,3
1008,21,18,16,7,89,112,14,25,1,63,105,6,95,22,23,92,97
1009,89,2,14,16,114,7,84,11,8,115,94,3,71,31,33
1010,13,16,84,89,26,72,10,30,17,3,49,18,6,4
1011,8,21,6,3,16,34,26,24,114,10,17,84,97,95,9,47,32,20,2
1012,15,26,23,25,34,89,10,95,14,18,13,57,17,92,63,114,12
1013,114,46,13,97,9,24,117,19,4,66,3,54,34,6,23,20,25,5,12,10,95
1014,11,16,21,89,24,15,6,97,33,20,2,17,25,5,14,43,1,53,9,66,22,34,36
1015,15,10,26,9,20,92,18,84,95,22,19,46,1,21,2,24,7
1016,15,67,2,63,89,3,54,34,55,9,13,43,116,19,1,66,114,118,25,46
1017,5,10,7,9,1,21,3,6,89,16,46,84,22,19,11,25,116,70
1018,10,4,97,9,21,6,117,23,24,16,15,2,17,63,12,13,89,11
1019,5,18,8,20,10,2,34,92,24,69,17,7,6,4,109
1020,22,17,11,4,5,7,12,25,16,3,9,1,39,2,103,62,8
1021,17,13,46,34,66,2,22,25,28,55,24,8,58,15,18,40,97,20,11,21,3
1022,34,89,16,24,95,97,103,114,28,9,14,1,15,25,26,2,27,109,66,5
1023,97,17,2,24,114,89,5,9,20,46,63,54,21,43,14,42,64,15,3,4,52,1
1024,21,10,9,15,8,6,17,18,46,20,12,40,7,114,5,24,101,97,26,43
1025,5,2,114,23,3,6,97,15,12,34,42,113,9,92,25,43,8,89,46
1026,66,28,23,5,25,13,46,24,11,18,34,97,65,43,8,63,2,19,9,6,107,114,16,22,54,1
1027,10,19,46,20,23,97,13,110,114,5,34,59,8,16,79,101,21
1028,6,1,97,24,26,95,69,43,84,91,14,89,92,19,5,115,119
1029,7,34,46,8,10,84,89,22,24,25,12,97,3,19,79,29,6,95
1030,16,3,12,10,11,21,22,38,5,15,6,58,23,45,114,68,87,20
1031,14,8,34,22,89,7,16,15,97,106,54,5,105
1032,6,66,58,17,89,24,19,22,84,25,95,15,53,20,21,13,50,71,1
1033,11,2,26,97,22,84,6,8,15,34,14,54,12,55,71,19,24,9,21,61,66,63
1034,6,14,15,46,24,11,34,89,66,7
1035,20,2,66,62,16,84,17,89,8,11,44,97,63,7,14,24,13
1036,4,17,13,63,103,24,12,5,10,21,113,33,16,97,66,114,86,117,55,19,6,89,38,3,23,62
1037,16,28,23,13,12,3,34,1,46,66,22,10,84,43,115,92,87,11,19,6,21,63,4
1038,21,12,18,24,8,17,34,26,50,2,13,15,25,19,109,10,114
1039,12,25,82,9,14,43,97,3,13,62,20,26,84,24,114,2,11,100,104,105,1,107,4,76,18,93
1040,13,16,11,19,18,92,26,46,89,8,3,23,97,114,85,10,84,2,118,24,21,6
1041,12,17,9,6,10,42,15,84,11,5,23,78,21,33,66,77,14,18
1042,17,84,16,97,11,21,8,9,19,22,43,7,26,24,30,2,53,1
1043,2,12,1,15,89,24,11,28,26,20,22,3,9,14,55,92
1044,17,26,8,34,22,12,43,9,25,24,103,91,21,18,20,84
1045,6,20,8,63,14,84,15,54,22,107,18,39,1,89,7,108
1046,11,84,1,97,41,26,21,66,63,106,34,89,20,13,55,5,25,111
1047,14,25,22,1,34,19,26,5,103,3,20,18,86,9,95,15,7,12,4,104
1048,9,19,7,14,95,2,13,66,22,11,15,8,72,17,89,5,45,6,1,97,4
1049,20,17,66,97,22,92,19,34,63,84,1,18,28,11,12,2,4,7,42,113,64,54,114
1050,12,114,16,15,20,66,26,11,17,5,95,10,25,18,6,14,84,75,3,19,24
1051,114,17,14,46,7,5,34,25,84,10,71,42,9
1052,10,54,1,26,4,19,43,65,23,5,66,11,50,95,59,80,34,6,49,100,3,21
1053,6,55,13,12,84,15,104,64,7,10,92,95,11,28,18,25,117,33,8,17,1,20,101,21,46,66,9
1054,20,12,89,7,25,97,5,21,8,9,62,13
1055,3,6,89,10,24,114,9,92,26,19,7,43,84,34,77,85,25,71,22,46,49
1056,114,10,18,55,43,84,13,16,21,3,5,12,107,7,22,11,97,63,50
1057,82,11,20,16,7,8,46,95,17,3,18,21,26,24,1,25
1058,89,34,38,7,43,54,23,97,9,84,66,114,63,21,22,26,75,24,12
1059,18,24,1,23,4,89,8,7,10,58,5,13,20
1060,66,2,89,8,26,25,19,14,46,95,5,58,59,9,10,23,103,24,115,117,11
1061,34,11,24,14,17,89,114,12,13,1,7,95,9,97,2,5,55,26,4,42,104
1062,114,46,3,13,22,14,97,9,20,117,68,92,17,23
1063,5,20,1,46,66,2,14,89,10,9,114,12,84,4,8,6,16,25,7,23
1064,5,34,21,19,8,23,16,42,89,54,46,15,11,7,95,28,22,24,18,17,14,13,20,66,62,84
1065,114,89,6,5,9,17,107,20,1,30,22,26,23,21,11,13,33,14
1066,10,9,24,26,117,43,23,55,15,4,22,72,18,1,89,14,19
1067,6,2,34,15,66,12,23,3,18,97,20,24,114,13,8,5,10,25
1068,11,16,54,1,84,38,57,23,14,25,56,17,22,6,105,4,34
1069,6,26,107,20,17,103,13,89,95,23,52,101,16,1,4,81
1070,10,9,16,89,17,11,45,18,70,68,93,8,48,15,6
1071,9,5,46,14,12,55,113,15,58,10,7,36,24
1072,20,21,25,97,66,84,22,11,46,89,7,14,95,16,43,8,88,5,1,6,2,63,3,47
1073,1,3,25,21,46,9,18,6,7,114,23,13,19,119,112,26,63,11,78
1074,19,34,66,8,11,46,23,24,22,14,21,55,10,16,2,114,5,84,73,9,95,54,28,36,44
1075,13,46,5,17,114,18,34,43,19,25,97,8,6,104,9,77,20,57,12,84,67,58,2,79,22,26
1076,11,58,89,97,9,114,92,18,66,36,19,25,7,39,84,94,17,44,119,13,5,4,103
1077,22,66,11,17,55,58,8,16,84,24,89,10,33,95,57,49,21,111,9,13
1078,17,20,34,12,46,117,8,63,11,21,9,95,75,60,26
1079,2,26,97,18,14,10,25,114,84,13,24,55,19,103,22,92,117,29
1080,17,18,11,34,21,16,89,13,14,58,24,9,97,22,68,15,19,95
1081,114,55,89,25,117,21,14,95,11,3,16,6,12
1082,34,1,89,12,84,15,104,97,20,21,16,58,117
1083,3,16,84,23,66,48,19,17,104,96,25,24,4,26,11,90,30,8,97,113,5,117
1084,11,1,26,14,21,66,9,3,16,18,78,47,34,22,8,95,7,6
1085,17,21,10,97,92,34,13,3,6,15,20,89,46,7,114,18,95,11
1086,15,10,22,24,19,95,63,5,6,1,7,91,8,3,25,97,4,12,43,86,55,89,26
1087,1,26,24,16,13,19,3,20,28,46,15,92,17,4,63,95,103,76,25,86
1088,26,25,11,24,20,19,46,4,3,5,27,18,109,34,10,84,12,8,22
1089,18,12,20,3,9,4,117,1,16,26,17,24,11,7,114,42,46
1090,26,34,15,33,21,7,10,12,1,39,114,17,28,46,13,22,89,20,87,23,4,6
1091,18,15,46,21,20,12,22,3,114,17,2,36,7,34,97,63,89,6,13
1092,97,17,8,23,42,63,3,15,84,46,13,19,38,14,7,89,26,24,1
1093,21,3,13,14,4,12,9,89,1,46,114,2,17,6,94,24,62,28,7
1094,11,4,114,5,12,22,8,1,14,23,15,9,55,58,37,78,7,95,97,16
1095,16,34,20,26,84,11,19,95,7,22,63,29,4,23,10,54,9
1096,46,21,34,6,23,8,84,103,11,3,20,9,4,18,2,79,89,19,17,104
1097,2,34,26,97,18,12,14,21,16,3,93,23
1098,1,17,34,114,3,20,11,15,26,58,5,8,43,95,6,89,23,13,32,111,109
1099,20,34,12,17,55,13,95,7,24,8,25,66,28,19,23,26,22,63,21,113,89,4
1100,34,8,3,84,24,63,12,6,9,18,97,14,89,23,25,95,2,28
1101,6,1,18,9,16,25,89,20,114,117,17,64,14,80,43,84,2,92,97,19
1102,1,15,22,18,46,17,23,11,2,21,66,16,4,106,97,20,58,7,93,24,92,69,5
1103,46,25,11,22,17,26,5,89,66,23,16,84
1104,66,20,23,43,55,62,97,19,92,81,44,119,17,34,95
1105,84,92,12,34,20,46,58,54,66,22,15,23,17,10,2,28,1,95,9,97,30
1106,24,22,17,5,56,13,21,85,9,10,15,110,25,12,28,20,6,16
1107,20,5,18,13,16,21,46,95,89,26,114,23,87,17,4,92
1108,34,84,12,2,15,95,20,66,112,26,23,18,114,43,10,46,85,22,6,1,33
1109,20,97,18,7,46,34,16,23,17,84,43,63,19,51,114,14,26,8,2,1,12
1110,26,10,63,46,21,20,15,6,5,8,104,2,12,22,24,1,11,3,97,34,19,43,58,65
1111,20,8,46,14,63,3,1,7,13,24,26,89,12,21,22,114,85,10
1112,16,2,19,5,26,92,114,9,17,18,67,25,75,14,4,84,28
1113,2,26,5,63,18,89,114,6,84,24,23,16,95,22,17,10,20,85,8,54
1114,21,24,92,97,10,5,3,103,9,46,94,74,6,43,11,107,63,79,22,17,23
1115,63,22,7,23,4,55,1,97,5,21,89,37,29,3,46,47,19,92,2,114
1116,24,5,89,13,23,84,63,3,1,79,22,17,92,2,25,21,30,28,66,119,18,6,48
1117,16,66,11,6,46,14,34,18,8,3,19,63,7,114,25,23,110,20,87,21
1118,16,15,95,12,18,5,8,7,113,89,20,9,25,2,14,84,13
1119,26,17,5,15,1,114,92,22,10,34,24,91,6,25,95,54,14,4,73,2,80,96,40,11,84
1120,11,22,10,43,114,92,58,84,34,6,2,8,56,23,90,17,97,9,21,5,55,25
1121,3,21,24,1,18,12,104,64,89,44,34,9,20,97
1122,84,11,6,106,34,13,5,9,91,67,102,18,17,41
1123,3,20,5,19,1,24,10,107,2,8,114,9,68
1124,22,34,84,19,21,8,18,3,51,7,89,97,20,46,16,23,12,69,25
1125,10,84,22,9,5,18,14,46,21,17,114,66,8,95
1126,24,12,8,18,2,21,25,66,1,4,55,16,11,42,26,14,6,17,58
1127,97,89,114,4,16,95,66,92,1,22,13,23,37,2,117,85,12,9,14,6,19,8,25
1128,13,20,2,11,24,25,7,10,89,12,23,17,83,46,22,19,3,72,16,27,14,4,112,82
1129,12,3,22,8,97,89,43,18,7,66,25,118,16,92,1,114
1130,84,6,3,24,17,89,34,114,64,15,2,14,5,23,82,92,4,38,18,54
1131,8,12,17,20,11,103,16,43,7,15,95,3,14,117,46,97,32,84,6,4
1132,20,33,14,23,21,8,26,54,11,19,15,16,1,92,42,24,34,114,55,84,4,39,62,12,74,2,18,103
1133,6,11,9,12,22,24,25,5,114,58,2,62,46,8,32,18,3,73,119,97,10,14
1134,18,10,46,19,25,21,9,2,104,5,14,20,16,54,26,17,79,35,53,76,103
1135,46,21,24,103,26,18,89,9,23,44,88
1136,24,12,34,7,15,10,28,13,95,11,4,3,8,97,19,89,18,2,50,22,91,55,26,16,20,17,58
1137,8,21,9,15,114,16,23,89,6,20,63,91,14,2,7,12,10,25,13,75,95
1138,10,89,12,25,5,84,63,13,114,22,17,8,117,97,115,45,2,24,58,21,104
1139,11,9,2,97,114,46,14,23,72,104,18,25,43,4,95,54,26,34,19,21,92
1140,7,5,12,22,17,66,63,1,25,51,10,26,20,92,34,15,89,109
1141,15,114,23,1,97,63,46,4,7,13,62,18,54,17,72,20,24,9,11
1142,13,114,7,26,84,28,5,20,22,24,11,17,34,92,18,4,58,55,62,9,97,43,115,12,1
1143,20,24,14,5,8,66,2,17,11,46,1,7,21,92,19,104,63,84,58,55,30,13,16
1144,1,12,4,10,14,34,89,17,23,13,7,114,26,47,24,119,21
1145,7,89,63,19,6,15,12,95,66,8,18,3,16,10,24,36,1
1146,22,16,21,20,3,26,17,7,95,11,88,85,1,15,14,2
1147,34,5,20,18,70,16,66,10,46,58,41,26,92,75,21,7,14
1148,16,22,18,11,89,21,24,4,2,115,97,23,1,63,7,67
1149,46,13,63,19,84,24,4,58,97,117,21,54,9,25,7,1
1150,13,17,97,28,55,8,46,7,9,4,14,21,89,78,3,58
1151,20,6,21,15,8,16,63,114,2,14,3,9,34,22,80,31,85,89,17
1152,9,20,15,97,13,114,25,63,3,92,6,98,10,46,23,36,85,42
1153,8,7,16,24,89,25,6,46,84,1,97,29,56,21,26
1154,92,9,55,5,18,97,3,26,22,4,21,2,14,84,43,15,10,24,37,6,11,116,114,13,31,88,95
1155,114,13,12,18,26,2,10,20,43,89
1156,8,17,18,34,19,7,92,28,11,5,9,118,2,63,15,21,84,12
1157,7,84,17,95,89,46,97,9,2,32,14,65,22
1158,24,9,1,17,20,117,23,89,4,7,10,66,14,2,46,15,28,16,19,84,34,58
1159,46,95,6,19,34,39,50,29,15,21,89,8,118,22,14,63,12,114,11
1160,12,1,34,97,3,117,63,104,95,18,23,16,17,22,114,55,66,8,28,13,31,84,24
1161,15,25,84,46,5,63,28,8,9,10,26,34,78,116,66,79,72,6,22,91,18,97,2,19,4
1162,24,11,22,114,9,46,7,19,8,26,25,3,17,33,84,55
1163,3,95,17,16,8,89,21,34,18,22,46,12,13,1,5,15,14,20
1164,15,8,3,66,19,9,95,7,6,23,84,10,25,94,20,16,2,67,58,21,55
1165,7,14,5,16,26,21,34,10,11,8,4,17,18,9,74,95,109,119,3,20,2,85,89
1166,9,2,8,7,19,4,25,66,16,14,23,18,97,24,84,6,43,22,5
1167,1,5,19,11,2,10,114,95,25,14,15,84,97,67,98,26,92
1168,7,22,23,11,21,6,2,63,95,13,8,34,5,24,16,18,14
1169,13,55,18,1,2,114,23,11,15,22,47,7
1170,16,84,34,18,89,24,114,11,92,7,17,15,26,63,97,43,25
1171,18,34,14,15,21,22,114,12,17,25,24,84,4,2,20,74,26,97,23,68,46,89,6,77,8,55,62
1172,12,1,84,24,4,19,11,23,21,15,97,22,89,42,7,6,2,35,109
1173,20,114,5,97,21,26,55,92,6,3,13,12,62,88,18,46,23,34,77,9,11,24
1174,95,19,2,20,34,24,4,22,114,89,18,14,17,10,16,3,25
1175,2,7,22,3,21,55,89,14,66,114,34,15,13,26,46,97,43,11,72,24,42,8,10,20
1176,89,3,2,16,6,23,117,46,12,34,24,18,78,104,7,95
1177,24,17,46,11,16,8,9,3,18,62,55,15,97,14,94,64,1,93,114
1178,16,2,89,21,114,84,26,20,18,24,12,13,95,7,6,52,4,3,66,9,55
1179,34,63,21,5,97,58,89,3,20,25,2,12,84,91,10,26,71,22,8
1180,13,10,84,55,62,19,16,20,4,63,11,12,18,6,7,34,25,3
1181,15,17,114,22,5,46,4,78,28,86,97,18,26,89,12,92
1182,89,26,7,22,14,17,92,10,6,9,25,114,16,96,34,5,13
1183,34,23,18,84,11,13,21,17,12,25,28,63,88,1,19,97,10,62
1184,8,20,84,34,19,12,114,89,55,2,25,24,13,66,5,4,46,21,6,92
1185,18,14,7,3,6,1,24,63,15,5,89,66,25,71,41,117,22,95
1186,114,1,3,92,46,14,24,6,23,13,9,34,15,89,12,97,49,100,95,4,53
1187,16,18,114,23,8,3,43,92,63,19,6,5,13,12,2,84,20,79,10,103
1188,13,11,12,43,15,34,58,8,84,28,18,46,1,20,32,114,19,31,17,6,92,53,22,3,63,14
1189,8,20,26,44,92,7,15,107,9,19,16,114,4,66,81,1,72,104,13
1190,10,62,3,22,7,34,114,20,89,100,84,78,46,16,105,23,74,24,5
1191,9,15,8,19,4,63,42,16,2,45,14,17,11,22,117,104,92,6,23,66,7,114,3
1192,6,2,114,34,12,21,84,23,58,25,10,44,5,41,8,20,28,24
1193,16,5,13,12,95,114,20,63,2,46,58,1,21,4,17,8,22,89
1194,65,6,5,11,1,63,2,8,20,9,89,46,15,23,3
1195,8,17,24,5,23,12,20,95,34,96,2,55,43
1196,25,15,19,97,8,16,3,63,18,22,5,1,62,80,95,10,12
1197,3,5,22,20,15,24,10,11,92,97,28,19,13,6,84,16,14,26,55,9,75,31,1,34
1198,17,13,1,24,6,15,46,9,104,2,20,23,89,11,7,84,106,16,114
1199,34,12,114,20,22,21,26,16,17,10,6,85,66,4
1200,22,10,26,12,2,1,48,19,20,16,9,18,102,114,3,15,63,13,69,7,64
1201,14,9,26,20,7,1,58,8,10,89,2,5,3,28,84,24,17,18,23,21,97
1202,21,66,9,13,10,104,46,114,11,20,16,15,7,89,2,95,97,1,43,3,12,5,22
1203,25,12,22,11,114,89,20,13,66,46,19,68,92,1,111,26,28,16,34,21
1204,17,9,5,6,20,63,97,84,7,4,15,106,99,3,10,23,22,89
1205,18,17,11,5,114,46,10,23,3,16,58,8,34,26,13,2,51,86,97
1206,17,11,18,24,16,25,10,20,26,6,95,89,15,13,12,100,46,97,7
1207,10,21,34,1,5,84,3,16,107,18,74,95,12,46,39,111,9,11
1208,89,18,10,2,84,64,13,55,24,5,104,16,97,15
1209,7,4,5,26,15,103,43,12,6,63,55,16,11,1,114,24,17,14,97,83,53,66,10,54,47,25,33,34
1210,46,8,24,13,10,9,1,11,6,66,97,63,20,43,100
1211,46,66,20,9,18,14,117,22,3,4,6,15,1,25,39,19,17,38,95,98,24
1212,16,103,8,2,3,48,6,10,20,1,13,18,26,96,55,114
1213,17,5,7,33,8,97,3,21,12,26,18,20,46,34,92,9
1214,17,21,55,34,63,11,7,14,4,23,13,16,6,2,43,49,26,5,12,97,85,18,20
1215,1,9,25,17,18,2,20,34,12,26,97,114,16,89,54,14,92,5,10,85,119,74,28,84,117
1216,17,4,10,21,28,16,25,109,19,5,84,8,7,118,95,1,3,46
1217,13,22,11,24,54,117,2,107,7,55,95,1,12,14,26,74,25,5,10
1218,25,16,97,9,14,6,7,95,92,13,5,43,10,17,4,67,26,41,84,104,34
1219,46,114,25,12,23,19,34,63,84,11,15,97,89,36,22,5,26
1220,14,92,89,16,2,24,10,1,6,63,13,117,28,114,7,19,3
1221,20,22,63,43,34,16,17,97,9,18,66,25,104,100,4,10,19,6,54,114,28,5,57,107,15,12
1222,1,13,4,7,12,15,84,25,55,9,28,95,16,22,23,3,114,21,11,45,34,10,113,91,103,74,5
1223,4,18,13,84,46,6,66,114,8,20,7,26,14,58,21,92,1,25,95,34,15,3
1224,6,21,25,2,15,23,19,7,8,13,16,3,10,22,1,95,92,63,89,103,11,37,54
1225,21,34,46,2,3,20,19,5,1,82,18,83,79,23,114
1226,20,13,23,17,10,26,114,89,25,46,2,11,9,84,62,12,50,19,16,5,55,1,64
1227,26,22,9,5,89,7,19,55,25,10,13,8,24,84,2,14,4,17,28
1228,4,6,13,1,7,16,20,23,19,42,25,46,96,44,28
1229,25,114,11,14,62,22,5,20,23,95,34,10,9,107,66,63,103,21,43
1230,18,2,12,23,55,114,8,95,34,104,92,93,58,67,113,6
1231,34,55,46,9,43,23,13,5,28,6,21,14,62,102,11,25,19,76,17,110,10
1232,2,14,21,13,92,95,8,31,34,22,11,23,1,36,5
1233,11,10,1,5,43,97,15,89,17,4,12,55,46,63,78,2,9,16,18,24,58,34
1234,1,14,11,84,3,16,58,4,20,18,93,19,8,40,10,17,69,24,6,22
1235,10,24,34,20,79,54,13,28,26,46,88,23,114,1,98,45,5,61,14,21,25,68,8,11
1236,25,13,12,84,28,104,4,63,7,26,3,53,11,17,58,8,2,29,6,46,23
1237,46,22,89,5,15,13,7,11,12,95,14,97,8,62
1238,10,46,75,24,89,7,9,5,6,14,20,81,16,12,58,2,97,19
1239,9,58,2,5,7,34,21,22,95,28,12,4,73,90,65,69,89,55,62,92,27,84,43
1240,9,15,16,95,6,63,54,85,103,12,3,5,1,26
1241,11,25,4,84,46,2,89,28,15,17,83,8,117,62,60,55,54,110,1,16,119,20
1242,3,95,114,11,23,97,25,20,70,10,19,16,17,92,34,15,21,13
1243,66,6,22,10,18,3,117,43,12,5,2,92,14,9,17,20,100,46,79,24,114,97,16
1244,25,63,5,22,9,4,2,55,11,64,12,1,21,75,20,26,97,117,82,113,8
1245,20,89,24,15,8,95,63,13,55,12,7,19
1246,25,12,18,34,11,7,22,15,5,24,6,58,23,63,89,35,86,2,54,17,117,26,4
1247,66,43,17,117,5,22,92,7,39,2,6,18,56,28,11,84,63,25,118,10
1248,21,12,25,20,24,55,22,10,39,6,117,11,4,3,91,26
1249,11,25,17,8,46,16,15,7,9,89,98,23,119,12
1250,46,97,19,2,24,7,114,60,95,14,27,18,15,55,89,102,28
1251,8,13,6,89,26,114,16,95,2,9,20,22,24,21,63,49
1252,14,19,8,11,12,10,20,9,28,62,63,16,6,21,26,33,2,105,117,92,55,77,3
1253,2,89,9,12,19,18,4,13,21,30,82,34,46,79,118,87,117,25
1254,14,25,5,34,20,23,13,54,15,46,16,22,26,4,95,2,62,117,8,77,89,18,24,10,47,55
1255,10,2,18,21,12,23,26,16,84,20,60,92,7,104,119,11,89,97,22
1256,19,22,2,15,55,34,26,4,7,20,24,46,104,6,84,21,95,37,64,43,65,66,97
1257,89,25,34,114,103,8,21,11,97,88,7,18,15,3,2
1258,89,66,84,97,21,22,2,55,4,25,6,98,26,1,64,9,23
1259,34,2,17,22,15,5,1,23,52,102,13,53,6,48,26,21
1260,46,21,1,8,13,63,97,25,23,95,34,4,3,16,9,30,31,66,2,26,84,51,10,20,19,11,5
1261,10,18,22,6,97,25,84,13,33,12,65,114,11,107,30,24,1,23
1262,34,11,84,17,14,92,10,16,2,26,114,24,18,13,95,12,5,97,104,89,1,4
1263,5,19,14,8,13,17,2,10,95,20,46,1,43,3,21,63,11,22,82
1264,1,5,46,9,17,104,13,117,55,2,16,95,99,114,18,26,63,3,32,76,6,110
1265,82,10,20,16,18,23,8,114,100,24,63,11,26,3,7,51,55,21,4,9,13
1266,16,2,11,20,34,15,3,97,9,12,43,114,6,54,10,17,28,26,102,24,7,55,117,18
1267,12,26,5,97,22,114,17,25,11,21,19,18,1,117,52,59,50,89,91,56,34
1268,1,16,3,11,9,97,18,117,7,10,8,2,23,15,25,92,20,43,102,104,5,22,21,34,26,114,13,91
1269,25,34,21,5,6,9,43,8,97,1,63,26,10,86,11,19,109,3
1270,114,24,14,28,8,46,15,25,5,79,84,18,1,95,3,73,54,17,97,23
1271,3,92,22,25,16,24,26,4,89,114,46,29,85,76,10,58,14,6
1272,24,46,1,5,3,6,7,32,60,112,2,4,13,14,29,103,99,16
1273,97,14,4,34,89,25,84,5,7,10,95,114,6,46,43,18,1,45,9,33,21,104,58,109,93,66
1274,18,11,114,92,63,24,15,117,34,17,54,8,55,12,66,84,21,23,29,28,36,46
1275,12,5,92,24,25,18,13,43,84,91,2,28,87,19,16,95,4,72,7,17,77,20,34,14,54
1276,18,16,20,24,92,3,21,25,17,84,14,52,10,11,67,89
1277,25,5,24,17,16,2,21,10,4,62,3,9,55,46,23,7,13,117,43,18,8
1278,22,17,97,3,34,15,11,5,2,23,4,117,46,7,63,26,10,40,84,20,19,14,43,18
1279,24,16,84,13,6,26,19,15,97,55,8,88,104,10,1,117,7,4,22,11,93
1280,1,14,2,9,66,92,15,8,21,19,104,3,89,86,26,95,109,6,12
1281,14,63,10,13,25,6,66,16,18,26,21,46,22,5,97,54,11,89,9,20,12
1282,9,17,97,1,114,16,84,23,24,20,102,12,26,13,22,15,58
1283,34,20,89,97,66,6,58,1,14,21,9,23,7,118,18,55,17,4,24,65,93
1284,5,89,7,21,22,12,2,26,20,6,23,58,74,11,25,1,10,97,112,117,3
1285,25,6,13,17,97,8,18,15,96,79,19,10,103,2
1286,114,15,10,17,7,5,25,46,58,95,34,117,14,12,16,80,4,11,6,92
1287,20,21,3,97,16,23,89,10,117,5,12,7,17,25,24,14,6,84,34,4
1288,114,1,24,17,9,4,66,25,26,2,33,46,68,22,44,5,11,70
1289,14,10,84,25,21,8,114,63,2,1,4,66,20,15,3,90,12,97,34
1290,1,13,2,21,89,14,63,10,7,114,26,34,24,15,97,17,72,18,43,11,46,28,16
1291,14,3,11,15,17,28,7,89,97,12,24,46,20,115,82,13,22,114,8,84,1,2,34,16
1292,13,113,22,21,23,5,12,1,3,8,117,9,17,97,26,14,103,25,15,28,19,54
1293,16,21,2,12,10,24,22,103,8,73,9,116,5,19,26,28,97
1294,1,5,25,2,15,32,24,58,13,20,107,23,19,21,8,26,18
1295,1,11,46,5,10,6,24,35,109,16,34,54,3,79,21,26
1296,3,25,26,7,22,16,20,101,117,89,66,34,23,84
1297,20,21,5,46,24,3,13,97,16,1,34,6,23,36,114,7
1298,18,22,13,17,84,34,23,11,55,15,12,5,21,43,46,95,89,10,33,2,103
1299,22,10,19,23,26,43,28,16,97,17,46,8,71,34,55,103,117,89,5,84
1300,2,5,3,25,58,16,10,13,70,28,7,55,18,46,15,6,63,1,20,54
1301,21,2,7,58,95,6,26,24,10,5,19,13,25,27,46,8,43,55
1302,11,24,7,13,2,84,25,6,9,34,95,1,26,16,4,5,92,58
1303,8,6,66,34,9,114,12,22,11,4,18,19,104,112,7,86,1
1304,89,16,2,14,28,20,3,66,15,24,5,1,55,44,18,46,26,60,37,62,100,25,58,84,17,114,10,95
1305,8,18,15,25,16,89,26,14,43,7,19,107,2,62,21,104,97,9,12,10,54
1306,9,3,114,17,7,89,22,15,16,12,26,43,61,58,34,95,92,115,113,97,18
1307,97,7,1,34,23,61,43,6,55,92,103,114,22,3,20,15,91,99,9,13,2,117,12
1308,9,1,63,12,51,21,14,92,34,2,6,13,10,16,11,18,84,23,24
1309,1,9,89,4,14,17,6,25,13,114,8,23,16,35,7
1310,34,19,14,8,17,3,13,26,15,92,117,114,12,4,82,24,62
1311,17,20,2,4,114,19,1,89,8,66,11,15,28,77,12,47,25,84,55,23
1312,1,6,63,10,3,25,19,22,13,66,18,11,2,12,46,17,24,15,4
1313,17,46,8,34,92,14,117,62,12,114,25,21,77,5,93,103,104,15,11
1314,92,14,3,58,89,1,6,114,12,17,34,22,25,19,4,20,72,46,10,7
1315,18,58,20,25,3,114,28,34,21,12,15,55,5,7,2,89,26,4,95
1316,104,19,25,34,84,20,23,33,103,24,114,46,100,93,31,63,3,28,47,59,97,119,15,55,45,13
1317,9,95,18,24,17,3,34,20,25,84,114,73,99,2,63
1318,1,11,26,89,16,24,14,114,99,13,6,25,10,9,84
1319,25,14,34,8,46,6,24,3,92,12,10,5,7,1,26,108
1320,114,89,14,12,6,82,66,13,25,3,97,63,8,26,1,84,54
1321,8,17,3,2,63,25,1,23,13,28,95,84,4,19,9,97,92,11,81,12,50,26
1322,24,7,26,25,13,89,10,63,14,19,117,84,15,95,104,34,93,107,6,66,20,64,3,11
1323,26,1,63,43,3,2,24,9,12,53,22,4,45,95,92
1324,17,16,84,46,20,5,114,117,15,3,6,21,18,26,12,25,9,57,87,1
1325,92,24,97,89,15,66,9,22,7,11,112,48,78,74,99,5,85,38,1,114,107
1326,53,16,3,7,6,42,14,21,5,46,92,23,10,11,45,65,19,84,20
1327,11,1,114,9,26,2,46,22,7,3,12,5,24,58,83,104,19,13
1328,24,10,7,3,5,9,54,42,97,114,16,12,13,15,63,72,95,92
1329,13,66,10,18,2,103,17,92,6,3,19,34,46,58,82,59,62,54,20
1330,25,8,114,18,26,17,10,55,6,92,19,2,13,97,12,107,94,84,23,16
1331,18,89,15,8,10,20,46,39,54,11,7,58,28,17,84,6,68,12,63,2,104,24
1332,5,25,84,26,8,43,15,62,114,46,24,6,7,112,100,48,92,35,17,10,2,9,23,19
1333,114,16,20,63,103,2,62,15,14,23,55,22,12,95,82
1334,46,14,7,9,13,63,20,25,26,70,66,118,16,8,1
1335,34,14,63,2,24,16,11,9,10,12,19,67,119,57,22,4
1336,19,103,15,8,25,23,55,89,54,26,7,9,82,97,46,3,104,95
1337,24,3,2,23,95,1,85,79,9,12,11,58,18,17,20,26,25,6
1338,10,22,26,46,17,34,66,58,7,89,63,43,112,15,80,30,95,3
1339,34,89,5,9,24,22,63,11,46,7,20,58,6,17,55,36,59,29,19,93,10,8
1340,16,14,10,114,66,11,62,22,89,19,7,107,95,36,85,51,3
1341,24,11,114,34,84,22,25,58,9,55,39,23,21,20,113,16,1,2
1342,21,92,17,84,2,63,5,10,26,95,23,4,114,3,15,25,12
1343,12,26,19,18,17,8,3,11,46,9,15,92,33,20,6,89,78,10,35,97,50
1344,3,89,13,21,114,92,7,11,63,23,43,104,9,46,86,96,19,77,15,8
1345,89,17,9,11,84,4,12,7,5,34,99,19,70,8,23,40,77,114
1346,89,8,20,46,66,15,10,21,43,2,24,12,31,23,84,54,34,55
1347,114,46,89,26,18,14,97,7,22,17,84,34,5,6,62,69,21
1348,13,10,89,9,26,21,97,8,84,15,117,18,16,19,47,95
1349,9,15,95,12,55,17,33,21,89,2,4,10,72,92,84,11,1,90,6,79,114,14,37,16
1350,84,17,14,13,7,34,42,26,27,97,11,119
1351,16,17,2,7,84,46,9,14,5,76,24,48,11,12,99
1352,11,6,16,10,89,26,46,2,1,17,9,58,117,97,59,25,85,20,8,18
1353,34,43,55,16,54,13,18,97,9,14,102,79,68,20,17,10,101,89,66,46,12,114
1354,7,4,16,20,95,22,63,9,46,25,23,55,100,75,15
1355,6,46,95,26,66,12,7,54,1,34,63,14,84,89,62,22,108,92,25,18
1356,20,63,89,104,19,46,5,16,84,24,17,74,7,95,54,15,112,100,8,110,92
1357,5,10,26,3,25,4,2,97,8,6,17,43,86,7,21,108,91,22,12,18,50,88,9
1358,2,26,21,1,18,11,10,30,9,15,70,95,16,81
1359,10,7,6,89,3,14,1,18,46,25,12,22
1360,18,28,24,89,6,92,114,15,1,84,66,4,14,55,43,112,48,62,32,10,11,107,63,22
1361,34,8,6,12,22,16,3,63,15,23,9,17,55,1,14,114,79,20,81,4,66,95
1362,21,28,8,10,43,23,22,34,14,4,62,1,26,84,13,9,17,103,25,89,58,2,12
1363,97,26,7,95,43,11,16,17,28,13,4,74,29,5,56,59,25,10,34,62,18,9
1364,84,23,14,5,9,4,3,25,28,114,89,15,46,41,61,35,34
1365,17,26,4,2,15,46,8,92,89,95,12,10,43,20,40,36,35,33,23,7,6,66,11,54
1366,18,15,16,17,5,21,7,97,4,2,34,26,10,25,9,64,14,72,24
1367,6,7,63,18,11,14,43,66,15,20,97,13,1,93,23,103,2,95,102,12,100,117,92,4,104
1368,12,10,25,21,22,13,11,55,7,89,114,41,1,2,3,18
1369,22,26,8,15,3,10,16,18,95,21,97,12,2,77,7,13,66,114
1370,15,24,2,7,14,17,4,22,10,97,12,23,6,114,46,76,16,66,25,26
1371,18,21,114,63,34,7,26,10,15,23,3,84,46,17,22,11,38,19,109,28,4
1372,3,97,63,84,15,58,12,1,23,10,62,43,13,24,22,2,36,18,6,25,20,11
1373,46,97,26,7,5,4,8,14,16,114,19,43,2,11,79,74,13,47,6
1374,24,14,23,7,66,13,84,46,26,4,1,8,63,18,57,2,17,74,58,31,9,12,15
1375,11,34,17,15,7,95,8,10,22,18,84,35,14,46,20
1376,66,114,9,10,25,23,12,104,46,7,15,81,88,4,13,55,26,97,84
1377,11,26,20,24,34,16,5,6,62,22,13,9,117,12,95,89,83,21,7,103,2,115,63,46,33
1378,12,89,21,18,114,23,13,16,20,1,66,6,26,19,63,11,2,9,46,117,102,7
1379,84,8,34,6,24,43,114,22,12,25,11,14,5,15,16,92,7,106,54,61
1380,34,97,6,21,11,26,19,8,46,92,15,114,84,9,102,88,18,13
1381,63,25,11,95,114,107,8,92,97,1,5,17,18,9,79,20,22,55,7,58,62,3
1382,34,5,4,3,58,50,20,42,22,14,17,15,38,26,1,54,114,33,7,37,25,88,85,47,16,55,10
1383,13,11,95,14,7,46,15,16,34,6,91,104,10
1384,20,16,6,46,18,66,17,26,9,3,23,117,89,75,114
1385,89,1,46,3,7,17,13,22,92,19,16,11,34,43,114,10,9,99,24,77,5,25,109
1386,25,89,10,18,97,3,7,12,23,9,2,114,6,63,22
1387,12,26,97,14,4,9,58,13,3,102,8,46,112,30,18,7,89,17,87,6
1388,3,24,2,21,13,63,62,39,22,20,46,18,92,55,10,43,14,15,4
1389,17,6,21,92,43,66,114,84,7,12,95,9,117,5,89,10,14,23,25
1390,97,26,13,17,14,89,25,92,3,16,23,15,47,34,5,7,22,19,24,63,21
1391,9,2,46,1,23,89,91,5,15,21,18,8
1392,9,14,25,3,16,11,8,12,1,22,2,17,5,6,66,62,43,34,104,95
1393,7,13,20,1,84,10,92,4,89,25,17,98,15,47,8,63,51,24,18,14
1394,18,12,24,84,25,9,97,89,92,48,35,1,79,20,21,10,2
1395,6,28,2,114,18,22,38,26,25,15,63,113,43,97,21,66,17,7,9,34,13,82,95,92,84
1396,7,97,22,5,18,114,28,89,11,3,46,9,95,59,45,92,20,66,43,2,40,102
1397,13,6,17,1,24,97,43,46,95,11,62,35,8,72,26,2,117
1398,3,46,24,7,4,5,55,89,28,14,13,6,17,23,117,12,2,58,104,60,10,8
1399,7,13,4,114,15,92,95,54,10,96,20,19,22,5,9,46,6,55
1400,89,14,2,7,11,86,21,1,18,12,92,10,34,87,64,20,95,97,3
1401,5,13,20,23,12,6,46,24,34,3,2,9,65,84,8,64
1402,89,9,10,34,2,16,14,92,6,20,47,13,23,17,84,18,27,26,8,22,104
1403,26,9,5,14,10,114,13,55,6,3,23,92,19,24,22,8,107,29,62,42,49,12,4,17
1404,97,18,6,25,11,66,14,3,7,19,23,17,2,26,1,79,21,118,15,4,8
1405,11,18,92,3,25,16,44,2,52,19,88,22
1406,26,21,34,6,12,97,7,66,15,114,25
1407,24,25,114,63,95,5,18,26,84,46,20,11,81,88,2,15,92,117,82
1408,22,89,12,9,10,46,66,21,8,6,7,18,16,17,84,54,43,55,19,23,62,42,74,67,11,33
1409,8,97,14,13,18,2,5,25,20,11,9,102,114,83,82,7,59
1410,17,2,6,7,91,16,11,22,24,14,8,114,38,104,9
1411,25,1,9,21,114,12,6,66,20,24,107,18,34,91,2,23,92,5,58,26,44
1412,7,11,26,13,95,12,9,6,23,21,5,8,16,18,25,114,41,19,77,97,10,117,4
1413,1,24,19,2,15,89,46,97,26,114,12,8,16,66,22,23,9,50,18,100,107
1414,89,13,5,95,22,11,8,18,97,15,3,34,10,117,6,14,19,46,84,114,43,58,77,56,7,12,17,16,42
1415,17,24,23,21,5,9,20,4,46,13,25,54,89,16,109,12,66,3,11
1416,15,13,18,17,6,3,95,11,89,12,20,24,4,55,63,21,9,88,28,62,14
1417,21,22,17,2,23,9,10,13,34,26,78,50,55,20,28,12
1418,23,22,8,19,1,5,4,2,62,12,35,3,15,7,9,67,65,85,10,13,18
1419,3,92,84,97,89,114,1,18,46,15,21,42,13,22,16,2,23
1420,6,17,7,89,15,24,23,20,2,43,114,25,19,47,77,79,97,10,26
1421,1,17,7,6,21,8,18,26,97,25,63,10,3,46,16,2
1422,26,2,5,13,84,55,97,3,117,58,95,103,6,14,96,18,25,33,24,34,15,113,89,23,42,10
1423,5,18,114,84,89,107,9,2,63,21,24,34,14,103,87,16,6,37,72,25,4,95,50
1424,26,22,18,34,21,9,15,14,13,63,97,5,7,43,55,46
1425,92,107,9,11,18,97,34,14,25,6,3,84,26,58,95,81,59,46,19
1426,1,114,7,46,43,2,26,21,10,15,23,89,66,32,112,44,34,16
1427,84,92,4,25,20,28,114,18,16,26,9,34,11,15,103,83,77,19,5,17,14
1428,34,5,24,9,55,46,7,12,15,25,3,6,84,64,100,17,2,73
1429,5,12,3,28,89,18,114,14,24,21,19,10,26,95,92,81,67,11,13
1430,7,12,8,43,11,16,1,26,3,5,19,97,77,36,92,47,84,55,88,13,46
1431,4,8,73,23,24,26,7,11,84,34,19,89,63,33,2
1432,38,2,17,1,55,13,18,89,104,63,7,26,5,87,22,117,24,34,66
1433,84,13,114,24,15,2,99,4,92,12,14,72,21,23,16,27
1434,7,89,26,5,18,14,24,3,6,11,63,9,43,97,17,34,13,12,10
1435,26,6,13,11,89,66,18,12,114,24,84,102,2,58,34,97,36,62,14,10,32
1436,1,3,11,20,15,19,84,13,89,4,58,16,55,25,23,112,22,21,116,5,7,18,114,95
1437,13,2,11,84,4,1,63,15,43,114,25,91,20,24,8,66,69,55,21,117,95
1438,114,23,97,4,19,14,15,66,7,46,104,28,6,9,103,18,34,3,63,117,24
1439,10,22,7,63,19,16,25,13,62,26,97,11,17,54,117
1440,26,12,25,6,21,3,17,22,16,23,89,92,24,84,97,13,66,114,94,2,15
1441,17,25,10,46,63,2,15,4,11,89,26,1,66,43,42,7,95,114,18
1442,25,97,46,19,23,6,11,33,114,26,2,8,103,102,63,3,5,62,12,105,21,10,17,15
1443,14,3,55,26,12,34,97,114,16,38,18,25,15,23,79,11,88
1444,82,21,26,15,6,66,7,46,19,3,92,10,11,12,4,14,77,110,97
1445,1,9,21,97,17,18,8,58,114,89,55,25,7,63,20,15,95,5,14
1446,18,84,8,25,6,13,34,2,92,16,1,119,46,69,21,22,117
1447,24,25,28,89,26,15,18,84,9,16,17,12,19,64,20,11,2,6,47
1448,12,89,25,2,11,6,23,4,3,10,84,19,29,20,40,102,37,97
1449,15,1,11,95,18,97,24,114,2,3,19,28,12,9,54,108,20,89,33,5,4,117,21
1450,5,1,18,6,19,9,28,13,16,71,106,7,63
1451,21,26,9,7,14,34,4,2,8,19,18,89,6,20,92,62,114
1452,12,17,3,5,23,33,58,45,36,4,13,66,11,15,26,97,9,95,114,18,93,22,83,7,35,48,87,24,6,37
1453,25,9,26,46,6,92,20,12,1,21,34,8,58,15,95,23
1454,14,18,19,28,12,89,63,114,66,21,16,95,5,58,97,33,41,105,25,6,3,17
1455,3,97,95,19,54,13,12,18,1,20,17,5,43,99,10,14,21,91,105,103,6,118
1456,84,92,15,34,12,20,113,66,13,22,23,95,79,3,27,5,97,114,63,17,18
1457,3,107,4,7,11,5,79,46,20,9,2,16,25,13,96,56,97,58,63,119,21,89
1458,114,63,10,92,18,5,1,22,15,9,13,46,7,21,26,16,43,17,3,79,6,50
1459,10,12,5,92,4,2,25,1,23,49,104,6,78,19,113,21,84
1460,18,11,26,3,10,7,15,22,34,14,13,25,9,21,104,97
1461,14,62,12,21,8,13,58,23,2,11,28,24,101,10,95,114,91,9,3,20,43,33
1462,10,2,12,97,17,92,4,24,82,9,31,7,15,34,14,11,95,116
1463,84,14,34,43,20,28,6,1,66,114,10,5,23,17,7,15,25,13,3,61,31,55
1464,10,6,89,7,18,13,9,34,22,15,102,60,66,2,17,28
1465,13,19,16,12,21,17,92,117,10,15,76,14,118,34,25,11,8,114
1466,9,14,84,16,63,79,20,97,13,12,89,101,25,52,95
1467,21,97,7,25,63,20,9,92,12,95,43,66,24,4,38,62,1,8,119,89,19,85,69,22,26
1468,3,26,14,46,4,7,15,21,19,81,97,55,5,8
1469,22,10,11,8,84,114,24,6,26,97,4,58,25,43,50,2,95,1,20,55
1470,34,2,28,97,24,22,63,25,84,16,23,12,3,43,89,4,54,11,14,8,79,5,103,72,26
1471,8,7,2,21,95,14,18,22,16,84,20,23,4,25,29,1,89,15,34,13,92
1472,18,54,25,6,4,20,66,8,58,67,112,77,86
1473,10,66,24,97,58,92,21,84,55,1,5,78,103,98,2,28,11,22
1474,6,22,3,24,65,17,8,1,45,31,9
1475,16,19,24,22,18,3,15,8,5,84,11,6,46,43,30,97,13
1476,1,92,46,20,34,8,84,16,3,25,9,95,4,26,97,23,2,79,104,58,15,99,24,19
1477,6,24,11,114,18,15,1,54,84,62,22,13,2,117,34,7,12,97,95,8,73,16
1478,15,14,92,24,23,95,17,7,12,2,28,9,6,13,72,63,55,21,97,22,1
1479,13,7,17,84,103,46,22,89,4,92,79,65,82,34,18,26,28,81,86,9,10,16
1480,8,21,14,18,3,11,20,7,4,1,13,38,16,46,10
1481,12,63,20,16,15,84,95,34,14,97,4,17,10,8,7,46,38,24,9
1482,26,34,46,22,1,92,117,5,84,15,8,23,119,111,2,21,97,24,43,12
1483,2,89,7,9,34,24,13,21,46,97,55,14,23,6,15,84,95,114,1,104
1484,84,22,20,12,66,16,63,8,26,2,5,18,19,106,23,11,17,52,7
1485,89,8,1,13,17,62,97,20,19,26,4,11,24,72,21,63,114,22,23,50
1486,97,21,20,12,15,66,28,16,8,22,95,54,89,88,84,68,109
1487,10,13,103,92,63,24,16,19,107,28,23,84,104,46,2,18,9,55,22,34,95,21,54
1488,9,19,97,89,3,20,10,1,94,88,14,66
1489,97,17,24,114,4,43,38,11,22,46,26,28,6,72,74,94,18,33,78,111,93,55,117
1490,22,15,46,7,13,8,114,2,11,25,79,21,54
1491,12,9,24,6,14,5,89,63,37,3,114,66,4,7,103,74,26
1492,14,3,2,58,13,43,114,89,10,117,20,62,7,18,26,9,24,84,8,6,34,12,92,21
1493,34,7,26,12,92,2,103,22,11,32,20,84,1,54,63,90
1494,2,114,5,10,63,84,17,95,79,52,94,65,66,89,19,14
1495,10,5,20,8,84,55,28,13,12,21,3,22,17,18,26,46
1496,19,13,11,114,103,20,89,6,92,43,101,34,10,31,8,18,71,22,59,1,21,14,66
1497,18,46,9,22,5,84,21,23,45,97,20,31,19,58,16,95,4,118,24,10
1498,16,17,26,6,20,97,46,8,9,4,108,3,7,21,39,11,23,12
1499,25,11,18,13,84,17,3,26,19,1,24,15,16,69,6,62,46,41,9
1500,6,5,20,89,10,114,18,66,8,22,49,2,14,31,19
1501,8,26,34,114,95,7,19,2,5,11,25,41,107,71,33,104,92,17,62,15
1502,11,18,9,2,6,26,1,3,10,103,20,7,22,21,87
1503,14,22,5,3,84,9,114,10,46,95,4,20,16,21,97,23,99,92,15,12,42,1,24
1504,46,9,15,3,89,5,10,19,6,84,85,17,25,16,22,2,59,97
1505,26,13,9,95,6,117,22,21,92,11,16,14,23,7,43,97,76,10,46,91,1,104,55,74,19
1506,17,21,114,20,6,15,33,16,2,19,9,72,1,27,81,10
1507,103,24,14,20,63,28,46,114,25,95,23,53,11,43,104,17,34,2,9,58,67,15
1508,25,18,6,1,13,35,92,84,15,26,11,58,89,8,12,79,5,16,10
1509,3,103,19,18,93,8,97,12,15,46,23,6,63,89,29,104,9
1510,7,95,8,10,20,28,21,50,3,34,23,43,62,84,26,9,24,77,46,17,89,25,53,14,97
1511,114,55,8,3,7,92,26,10,11,19,17,16,14,22,43,6,12,1,89,100,104,25,95,97,38,15
1512,10,1,84,34,3,19,17,12,95,13,97,7,25,11,58,28,22,2,26,92,114,73,9
1513,2,21,22,14,6,9,24,79,26,7,103,11,20,85,106,16
1514,59,18,6,66,26,10,9,101,60,114,3,42,11,2,34,25,15,4,24,21
1515,11,17,34,6,13,95,97,26,89,2,111,19,18
1516,34,3,16,24,18,13,9,92,4,7,20,43,54,10,2,55,66,96,101,5,15,114,89
1517,7,12,16,26,95,14,2,28,91,17,4,25,23
1518,22,11,17,14,16,89,95,26,107,50,25,24,92,84,8,21,23,65,9
1519,2,25,18,92,66,16,17,55,97,15,22,84,82,24,46,63,75,64,27,93,3
1520,10,13,20,8,5,18,16,114,26,24,12,15,58,17,84,14,7,38
1521,14,63,13,95,8,19,43,55,20,3,46,117,28,54,26,15,97,4,91,5,12
1522,15,19,11,8,46,20,14,33,10,22,119,55,3,18,109,21,97
1523,84,3,18,66,97,117,13,12,24,17,95,14,8,19,23,16,90,92,30,9,20,63
1524,26,5,21,97,28,92,34,89,66,23,14,24,2,4,43,7,33,18,12,6,114,25
1525,24,11,26,54,5,4,7,1,95,34,63,22,84,16,92,17,23,82,62,18
1526,1,10,20,26,21,114,15,13,46,61,72,18
1527,9,14,95,12,46,114,7,103,89,15,66,6,107,31,1,3,13,34,92
1528,114,12,20,5,17,63,19,13,89,11,112,10,95,81,8,18,2,22,104,16,3,84,46
1529,17,13,97,16,3,1,9,24,84,89,114,95,6,7,63,108,21,34,58,2,18,39
1530,3,20,13,97,58,6,24,12,61,8,4,16,35,7,43,18
1531,34,19,3,10,2,117,89,26,18,14,63,12,17,23,13
1532,20,12,89,103,2,85,14,22,77,26,16,24,117,67,97
1533,7,17,2,15,20,95,26,9,10,11,8,24,84,18,21,13,58,25,12,79,6,54
1534,55,63,25,9,21,8,22,62,20,54,92,3,15,1,23,17,41,2,24,114,18,28,34
1535,34,3,84,1,22,5,95,2,11,21,26,97,16,92,85,63,8,43,12,114,20
1536,21,89,2,13,5,1,14,26,24,25,97,20,6,3,15,8,67,66
1537,12,3,6,66,16,22,92,97,21,89,111,62,15,55,30,84,20,70,61
1538,25,9,89,5,84,58,114,97,18,10,60,88,7,11,14,13
1539,16,1,58,84,114,63,17,6,15,25,92,12,26,89,11,66,23,2,28,7,4,18
1540,10,7,8,114,13,14,97,19,2,46,1,35,21,86,22,17
1541,97,9,2,46,8,22,17,12,19,21,28,10,20,34,13,37,1,6,62,11,74,54,5,55
1542,8,46,18,6,12,5,89,55,15,25,20,45,36,114,34,109,67,11,1,19
1543,14,24,9,66,2,16,6,17,18,8,4,43,89,63,12,13,84,78,62,59,55
1544,21,66,13,43,22,114,7,4,16,42,19,46,2,89,12,84,1
1545,66,8,24,34,22,55,6,14,92,47,9,3,12,115,11,18,10,2,54,19
1546,7,114,5,2,3,115,39,11,6,24,23,46,1,17,97,34,28,13,64,22,80,21,62
1547,12,13,28,11,6,26,63,97,21,18,84,95,43,111,92,10,22,15,74,2,17,114,24,9,40
1548,26,95,6,1,17,3,21,89,84,92,96,59,32,16,7,85,115,13,8,73,97
1549,8,17,92,114,55,79,4,33,5,26,9,13,20,1,23,62,82,3,70,11,35,119,21,63,16,19,22
1550,2,9,1,17,26,24,22,3,7,34,21,89,114,16,5,18,14,63,4,53,15,23,100
1551,14,21,1,19,46,4,66,24,17,15,31,6,3,29,80,114,11,16,32,89,103,79,9,34
1552,11,9,12,1,97,17,19,21,92,3,22,114,28,15,63,20,14,46,2,16,89,5,95
1553,11,114,15,89,24,2,21,18,20,12,63,9,92,19,43,84,7,104,4,54
1554,97,92,8,18,9,22,26,13,17,20,2,7,10,46,34,58,38,21
1555,1,19,24,103,34,14,55,22,63,46,16,89,10,115,58,95,117,11,78,15,18,27,31,9,54,6,92,17
1556,16,9,2,15,21,114,1,18,19,85,24,4,8,43,26,89,104,34,92
1557,22,21,26,25,46,11,24,5,89,15,3,13,12,4,65,1
1558,15,13,22,6,97,21,24,28,58,14,54,17,84,9,89,25,83,5,11,34,1
1559,10,11,24,97,92,55,62,15,17,19,7,66,84,12,58,46,95,35,23,114
1560,34,2,95,8,114,104,66,55,26,12,21,97,7,3,36,23,1,24,30,19,35,5,96
1561,17,28,3,22,95,46,92,63,93,100,54,97,20,11,2,84,34,75,117,43,9,7
1562,20,89,8,25,28,97,46,4,19,24,84,16,114,23,7,101,119,26,34
1563,18,8,84,2,7,1,13,46,89,9,95,96,6,15,66,5,106,20,23,4
1564,25,114,84,103,3,43,41,20,1,8,10,75,26,19,18,55,15
1565,6,14,19,95,23,5,1,18,21,63,25,9,10,97,54,11,58,64,2,53,26,37,88,48,73,12
1566,2,46,95,4,7,63,1,18,9,25,20,17,92,55,23,19,16,89,43,114,8,22
1567,6,89,17,7,15,13,95,18,84,92,46,5,77,25,116,21,11,85,55,62,97,3,54,16,10,26
1568,46,7,9,84,6,34,1,26,14,3,15,23,54,97,11,16,63,24,4,114,100,2,18
1569,26,28,8,103,104,92,15,25,43,97,13,62,119,5,21,4,7,33,17,24,34
1570,10,26,24,17,25,5,6,21,34,4,104,14,97,13,16,40
1571,25,89,114,18,1,12,28,20,92,22,19,105,10,2,108,5,34,55,16
1572,25,7,92,23,103,4,15,18,19,22,9,21,55,3,16,8,2,43,11,34,1,88
1573,13,117,8,10,2,21,17,67,23,22,16,15,109,25,24,75,58,42
1574,7,26,25,114,34,46,22,17,23,66,24,2,28,3,1,84,21,12,111,69,35,43
1575,1,24,3,6,18,22,17,5,16,114,7,32,11
1576,65,8,114,2,16,26,25,22,17,66,23,30,14,28,51,7,111,82
1577,46,7,92,2,13,34,21,16,3,12,97,26,15,18,23,25,56,66,99,20,84
1578,1,97,63,22,25,18,8,12,14,26,117,11,58,34,38,21,3
1579,26,89,3,6,8,43,9,4,18,5,1,19,92,42,16,115,22,119
1580,21,9,24,13,16,5,3,63,89,20,11,6,1,23,25,28,4
1581,14,89,7,2,9,12,19,66,97,63,22,114,84,6,18,95,11,3,25,26,16
1582,10,1,97,8,23,7,95,89,17,40,20,18,9,25,87,2,14
1583,10,16,6,87,14,4,46,34,92,40,2,17,55,8,41,25,89
1584,1,13,14,9,4,19,84,2,97,62,25,16,6,89,26,21,70,28,63,20,55
1585,11,20,95,14,25,84,1,5,23,97,19,4,63,12,21,10,9,13,18,89,24,77,3,26,15,66
1586,26,24,4,19,21,10,7,22,17,25,33,2,107,46,89,1,9
1587,18,114,9,3,25,7,97,5,1,20,17,46,11,45,14,66,6,76,34,22,16
1588,114,34,5,89,63,14,18,7,20,28,43,19,17,97,22,1,104,10,16,6,54
1589,11,26,8,114,6,43,1,107,18,20,24,66,113,17,55,51,12,54,10
1590,19,13,5,10,24,18,2,34,55,9,89,21,52,4,84
1591,7,9,14,25,11,8,89,97,107,4
1592,7,12,63,114,1,22,55,2,5,18,9,97,104,58,19,46,43,21,15,39
1593,15,103,16,3,79,14,114,21,9,12,4,20,17,92,63,1
1594,1,10,25,17,11,119,67,2,19,20,7,28,14
1595,9,84,15,92,114,7,10,16,11,6,21,97,104,89,26,4,23,12,46,82
1596,6,2,15,14,10,89,4,8,12,92,3,26,27,34,59,17,84,62,18
1597,15,1,25,8,58,2,21,19,6,46,94,20,45,17,5
1598,114,34,15,63,89,66,46,13,97,14,28,43,17,7,19,40,24,22,55,57,11,77,6,95,92,18
1599,10,21,114,18,8,16,2,5,95,14,20,24,46,84,6,23,80,19,104,22,89
1600,13,15,19,26,18,21,14,95,12,24,89,53,114,25,92,20,34,17,44,76,9
1601,13,5,2,18,46,15,26,21,22,17,20,7,3,34,43,1
1602,14,6,21,95,17,18,9,1,20,84,26,16,3,10,61,92,76,25,34
1603,46,14,1,16,9,18,84,21,20,4,11,34,33,8,17,85,23,22,89
1604,114,16,9,26,46,7,97,92,117,20,111,49,6,19,5,24,23,84,18,11
1605,3,67,12,95,46,92,21,113,26,71,2,112,24,10,20,54,8,17
1606,114,2,89,21,6,34,16,13,10,39,19,62,18,46,9,25,1
1607,25,16,9,103,8,18,100,3,54,20,117,97,22,24,62,55,17,28,50,114,34,27,6,13,91
1608,7,21,19,117,89,8,2,14,28,46,63,100,9,17,30,16,11,13,4,15,103,36,106,27,23
1609,20,89,34,15,84,95,8,2,66,104,83,14,3,92,13,105
1610,17,10,14,8,5,22,15,13,84,25,89,1,16,26,12,114,6,55,24
1611,24,26,18,7,8,114,93,102,47,9,11
1612,10,11,5,66,4,43,21,46,24,22,26,117,14,89,9,8,12,1,25,87,52,13,106,63,48
1613,5,25,19,23,15,24,63,12,43,104,92,18,21,28,22,10,56,114,38,91,97,83,9,55
1614,10,97,34,24,6,11,55,13,23,89,16,28,62,8
1615,24,18,25,5,4,16,84,97,46,14,114,21,19,20,8,107,6,3,15,33
1616,5,12,14,84,25,114,91,34,95,97,16,43,6,7,20,72,15,24,42
1617,28,5,2,26,8,11,12,19,16,25,10,46,6,92,91,17,80
1618,3,10,34,66,58,22,24,7,19,20,11,70,84
1619,12,13,104,21,3,9,6,46,19,16,24,83,102,10,118,97
1620,9,63,20,17,117,22,89,13,58,43,42,8,18,39,25,114,46
1621,16,92,14,26,2,114,11,84,1,13,5,19,17,9,34,24,22,7,18
1622,16,26,2,84,63,8,1,5,13,25,46,22,89,103,102,81,114,34,4,6
1623,26,16,84,63,24,114,4,28,22,15,11,92,97,109,45,13,5,1,10
1624,7,10,55,8,9,11,14,46,2,92,21,6,4,19,1,34,97,25,16,62,17
1625,22,14,97,9,17,15,2,66,4,1,20,38,95,10,114,48,25
1626,14,3,26,16,24,95,114,5,28,7,17,2,18,15,13,46,53,9,23,25,77,6,117
1627,11,2,26,21,46,6,112,89,14,17,110
1628,24,6,26,46,16,13,9,79,84,20,11,7,34,8,12,97,21,17,118,114,55,23
1629,16,34,20,63,10,6,95,11,8,3,25,24,84,66,9,46,4,17,97,36,21
1630,10,4,3,89,25,18,22,34,20,21,11,1,6,24,86,100
1631,18,3,14,84,97,21,6,34,4,19,13,58,95,9,16,24
1632,13,2,34,114,84,10,66,22,21,20,18,89,15,3,8,63,14,117,74,17,58,11,12
1633,97,21,23,9,7,15,25,34,17,110,64,3,2,5,11,67,16
1634,34,97,117,14,22,84,10,43,6,23,24,103,8,46,107,1,25,65,13,9,21
1635,4,19,17,97,18,43,1,8,5,38,6,21,10,26
1636,3,95,26,84,2,14,16,46,58,89,63,117,100,114,22,6,5,87,4
1637,4,26,84,114,43,34,20,2,24,97,62,10,14,37,11,9,1,44,12,21,5,22,16
1638,8,84,114,25,97,1,4,62,63,15,34,7,9,3,6,43,23,5,21,13,22
1639,14,13,10,95,18,15,24,7,66,114,16,23,22,6,20,11,21,46
1640,63,13,8,7,16,17,14,54,114,10,6,12,23,18,20,25,24,3,89
1641,2,20,7,114,89,17,46,14,47,12,92,33,10,43,15,3,8,97,9,85,19
1642,114,63,16,3,5,66,84,55,51,24,11,19,62,97,109,25,117,10,28,9,4,1,67,26,110,8
1643,1,89,25,34,5,24,6,58,17,4,13,12,21,3,16,68,18
1644,20,43,62,34,22,2,3,5,55,17,28,10,75,14,104,4,13,78,102,7
1645,22,3,46,2,1,15,114,17,21,16,5,14,35,18,25,6,7,20,9,26
1646,18,89,21,6,20,2,80,84,117,34,11,4,100,114,97,92,66,10,1,95,3,12,22,54
1647,97,6,18,12,7,19,3,24,39,95,26,88,11,46,89,5,22,9
1648,66,84,6,7,18,20,9,16,15,14,12,10,33,95,8,22,25,11,47,65,26,62
1649,10,73,75,14,25,12,22,8,26,13,19,7,43,16,104,114,58,89,5
1650,10,5,25,3,8,7,84,11,97,22,24,9,117,6,13,21,1,95,12,15,2
1651,25,6,21,19,9,11,60,23,84,18,50,103,13,34,56
1652,8,12,5,17,14,95,92,1,11,26,13,84,25,20,63,43,114,89,2,10,34,81,7
1653,6,15,8,22,3,13,21,63,5,4,117,12,19,107,119,9,92,94,2
1654,14,5,26,8,66,89,63,97,46,104,28,22,2,19,34,37,12,84,62,43,54,114,3,35,9
1655,34,19,11,7,1,54,23,63,95,25,46,6,15,97,50,26,55,10,5,8,117,89,17,87,43
1656,46,20,66,12,84,89,97,7,117,22,14,11,34,114,55,10,25,112,48,8,44,18,39,106,33
1657,21,11,89,46,9,1,20,14,114,3,16
1658,2,9,11,13,22,25,6,117,10,3,16,33,14,92,26,20,111,19,55,12,21
1659,18,1,12,23,11,9,25,4,13,3,89,7,95,2,5,58,84,103,92,63,50
1660,2,22,114,97,15,55,76,83,104,6,26,7,10,64,11,25,54,28,13
1661,89,6,63,92,11,19,8,97,4,21,23,17,70,12,2,66,14,24,7,3,71
1662,97,8,84,15,2,21,46,25,12,24,1,4,5,6,17,38,63,34,117,7,22
1663,18,10,25,24,6,114,19,12,20,8,1,56,11,15,13,28
1664,5,12,18,26,21,2,89,20,22,9,34,23,55,107,41,50
1665,84,95,66,13,1,46,19,22,55,24,41,34,25,114,28,58,117,8,26,43,92
1666,10,26,84,6,46,25,43,2,3,34,63,11,8,14,64
1667,2,6,46,15,23,9,97,1,17,34,25,19,95,89,14,28,12,102,94
1668,89,66,5,26,63,11,17,20,95,18,9,19,77,15,34,8,93,25
1669,20,3,89,15,25,12,5,6,17,2,84,23,63,8,7,46,115,104,29,87,16,21
1670,46,25,12,97,84,14,89,7,2,28,43,3,114,60,79,55,13
1671,5,6,8,46,66,84,21,13,11,95,12,101,4,14,26,92,113,99,3,24,7,103
1672,10,7,25,4,2,21,92,1,6,9,19,16,46,63,89
1673,5,89,24,20,66,58,14,18,22,34,84,13,9,102,2,103,104,6,4,53,54,117,101,21,11,42,15
1674,20,14,46,7,63,24,84,13,6,21,2,22,23,26,25,1,44,34,15,18,17,117,4,11,19,16,8
1675,14,8,9,17,3,10,34,95,20,16,19,13,114,97,2,55,92,69,49,42,41,7,21
1676,10,5,9,17,95,24,84,13,26,23,54,20,25,21,61,70,12,1,91,107,16,92,46,45
1677,24,89,9,92,28,22,4,17,79,101,10,8,64,100,39,1,33,6,14,55
1678,84,3,15,5,89,1,12,10,18,55,13,21,34,2,56,6,63
1679,17,13,25,3,26,1,24,43,89,10,20,7,9,2,23,84,4,21,92,19
1680,3,46,34,20,18,8,114,51,16,6,92,43,89,14,97,63,22,119,19,12,25,15
1681,97,25,62,46,20,84,5,7,89,1,17,63,22,24,9,8,91,10,3
1682,84,14,6,12,5,23,95,63,68,11,7,57,34,16,46,26,15,17,55,28,1
1683,6,16,9,92,11,8,19,23,114,20,3,89,1,21,18,17,4,24,107,48,62,13,15
1684,46,114,18,9,25,92,14,12,26,5,13,16,4,8,17,103
1685,9,25,60,87,34,16,19,2,97,20,55,85,113,95,23,8,38,79,13,17,10,114
1686,19,4,20,28,58,55,5,8,114,54,13,7,104,6,97,1,10,95,25,84,23,22,26
1687,18,17,5,20,97,95,23,4,25,2,8,102,16,19,21,1
1688,16,4,15,25,12,8,13,38,14,24,43,11,46,117,9,32,57,97,19,18,34
1689,114,10,24,6,5,97,7,13,92,99,109,86,4
1690,16,19,6,13,23,21,17,7,3,88,18,8,114
1691,34,19,21,114,14,18,8,20,10,15,1,66,97,89,16,4,58,24,17,7,84
1692,46,3,22,14,92,16,23,13,17,11,77,19,18,6,1,95,4,9,63,8,102
1693,15,7,3,89,16,2,24,12,28,34,19,11,21,6,66,10,4
1694,24,25,14,9,5,89,21,114,1,7,12,20,2,84,16,13,15,18,95,92,26,4,8
1695,66,17,24,6,97,104,1,2,9,3,46,55,92,8,26,103,13,114,16,38,79,62,23,118,20
1696,92,3,4,17,43,46,114,1,8,18,22,32,104,101,14,15,40,7,25,19,2
1697,18,10,20,5,13,3,103,114,63,24,95,19,46,117,97,15,2,14,25,1,4,62,84,22,26,9
1698,2,7,25,95,4,15,97,50,3,1,17,26,116,8,67,11,74,46
1699,114,43,9,17,3,95,4,21,18,97,16,6,84,2,7,89
1700,20,15,54,16,10,24,7,19,9,84,97,4,25,22,43,34,1,119,6
1701,8,19,2,63,21,46,84,55,66,9,43,89,97,1,112,71,6,18,114,25,17,7,22
1702,55,34,28,14,6,84,22,41,2,25,5,18,91,4,63,15,95,3,23,19,89,16,43,92,88,7
1703,14,92,21,5,16,10,13,1,6,11,7,15,95,63,97,43,8,9
1704,16,13,14,10,89,46,19,63,107,1,20,84,58,23,56,8,24,41,79
1705,114,43,10,17,1,13,11,46,23,2,37,26,5,14,34,21
1706,18,20,11,7,63,104,6,8,89,51,22,54,117,97,28,106,1,19,46,62,25,61,84,107,26,65,2
1707,11,66,26,22,18,21,10,2,25,34,17,24,19,96,63,77,4,113,84,109,51,3
1708,18,9,10,2,24,17,11,22,23,15,95,40,13,114,1,39,58,20,12
1709,11,14,63,7,18,97,114,46,16,15,92,22,26,4,20,89,84,5,1,88,39,23,24
1710,12,26,17,63,18,4,80,98,2,61,8,21,11,16,67,9,14
1711,6,9,22,12,11,46,16,89,114,26,34,33,58,13,19,65,43,10,14
1712,46,19,89,18,24,2,17,6,66,21,84,10,36,5,15
1713,17,3,21,22,8,25,24,97,34,46,5,13,20,63,6
1714,21,25,6,22,95,84,58,66,17,54,11,117,92,33,5,16,10,9,61,15,8,23,26,89
1715,24,43,8,6,92,97,10,26,17,46,104,12,37,14,20,3,95,34
1716,21,2,20,4,16,8,95,43,92,6,9,17,18,63,91,1,54,46,7
1717,5,95,26,89,8,2,92,16,9,1,4,97,41,103,3,43,82,60,66,62,113,25
1718,2,10,55,23,12,8,11,34,18,28,26,15,43,3,25,102,9,109,1,27,40,62,78,21,20,117,114,7,97
1719,18,8,17,46,25,84,14,22,92,66,12,102,2,16,10,61,13,97,24,5,23,89,114,54
1720,46,114,93,41,1,34,100,3,24,113,10,62,89,104,2,50,79,11,66,84,115,5,53,55,12,28,22,27
1721,9,114,23,92,21,55,1,3,96,15,24,83,34,115,88,12,13,66,58,18
1722,22,10,7,97,26,34,66,9,25,16,24,13,15,14,11,89,85,4
1723,15,26,13,23,25,11,46,84,6,97,114,89,17,34,68,29,88,21,61,117,12
1724,14,66,20,7,24,34,1,15,74,25,12,84,85,13,21,2,11
1725,17,5,25,84,12,3,1,8,101,114,6,92,7,116,85
1726,9,23,63,95,89,12,2,43,14,46,7,74,1,114,112,20,92,103,17,4,118,104,96,34,5
1727,21,12,92,24,117,14,20,95,8,97,7,16,59,15,81,13,68,26,19
1728,19,18,25,20,26,1,54,2,10,89,24,92,7,5,43,104,84,8,22,66,6,11,12
1729,84,46,1,11,58,63,14,19,22,7,17,13,24,91,21,8,3,97,95,69,10,55,15,100,9
1730,63,66,7,97,15,55,103,58,26,14,114,37,28,100,92,38,8,36,64,71,9,3,2,46,34,45,17,21
1731,9,8,15,4,84,97,92,7,13,22,20,1,18,14,10,34,54,95,2,50,21,26
1732,18,25,46,14,7,3,1,114,13,37,8,16,5,66,10
1733,34,12,15,22,26,20,97,21,14,2,23,6,89,66,5,1,3,16,58
1734,6,95,8,24,10,20,25,2,18,55,34,17,9,33,19,56,42,21,15
1735,14,22,19,24,1,5,15,95,17,47,102,54,4,11,119,97
1736,89,97,3,8,23,17,84,15,104,11,24,10,43,58,5,46,77,98,86,111,29,53,62
1737,9,6,1,4,46,97,43,114,12,17,7,63,58,89,2,38,96,92,95,66,3,24,54,29
1738,65,7,12,114,34,24,15,26,66,23,75,71,74,10,46,21,97,4,47
1739,26,24,34,16,114,12,25,21,7,17,55,15,104,87
1740,26,2,22,19,20,5,24,63,46,1,23,8,18,10,89,4,11,65,92,9,95,30
1741,7,34,92,19,1,43,114,10,8,16,46,55,6,104,62,33,54,84,17,52,22,24
1742,24,12,8,7,1,3,97,26,63,19,16,23,5,9
1743,24,20,43,11,33,63,64,6,23,4,104,97,12,58,89,26,9,7,16
1744,114,7,21,17,3,14,10,66,19,16,6,12,63,1,54,69,15,22
1745,63,114,10,5,13,84,6,2,39,19,8,95,14,15,54,12
1746,26,114,62,23,25,15,8,12,104,2,13,43,77,24,93,97,7,55,21,5,95,87,58,41
1747,92,25,15,1,3,66,95,2,10,63,11,30,4,17,46,43,89,74,91,97,114
1748,10,19,18,114,89,26,22,46,8,25,2,84,104,16,97
1749,106,14,22,25,114,46,1,24,70,38,52,93,109,20,95,18
1750,114,3,25,4,17,33,22,13,10,89,1,6,43,93,63,84,67,19,46,54,49,70,97,5,20,91
1751,18,13,24,12,8,21,20,84,7,92,114,95,23,36,4
1752,14,15,7,26,46,97,2,114,22,20,18,5,4,8,10,16,6,11,70,23
1753,24,98,5,11,92,46,16,97,26,66,7,58,84,15,18,13,37,104,20,10,9,89,6
1754,14,2,11,24,58,92,18,9,84,5,56,47,48,23,16,39,13,21,104,34,95
1755,9,84,2,23,20,95,15,22,55,12,5,11,54,13,24,79,34,27
1756,26,20,12,4,8,19,7,9,17,42,18,3,1,11,27,89,24,2,55
1757,25,3,22,20,95,4,14,18,63,89,2,33,19,1,61,8,103,16,46
1758,17,2,16,20,22,21,15,10,14,52,89,19,93,12,23,63,44
1759,24,14,12,9,18,25,7,20,40,8,34,114,2,13,17,1
1760,84,5,22,13,17,50,2,10,1,9,58,66,7,26,95,46,104
1761,24,46,9,15,92,95,7,21,25,23,114,17,33,11,22,93,49,8,26,2,65,29,13
1762,10,2,117,8,89,46,5,92,112,45,21,26,22,114,76,37,3,7
1763,6,23,2,8,105,66,67,13,39,17,22,24,1,26,114
1764,19,13,46,95,12,26,89,4,114,11,5,2,92,28,14,9,34,64,18,22
1765,89,82,46,22,1,23,10,5,16,7,6,118,103,92,34,60,19,59,15,4
1766,17,21,14,20,95,4,97,8,10,22,16,7,55,117,114,2
1767,8,25,84,22,18,6,5,19,17,20,48,44,108,13,46,15,71,10
1768,21,25,14,92,26,13,2,95,18,34,117,46,51,6,81,60,23,84,16
1769,8,3,34,28,17,5,89,21,11,62,6,26,4,58,97,12,54,16,100,91,46,95
1770,92,114,7,95,20,3,19,6,23,8,4,34,17,55,118,15,1,65
1771,97,6,12,18,84,25,15,34,1,20,26,13,3,19,21,46,17,5,24,92
1772,34,10,97,26,9,46,13,55,103,25,58,12,63,2,8,89,30,11,5,17,95,3,72
1773,26,6,19,13,18,21,2,55,106,15,16,58
1774,12,15,92,11,63,54,24,5,115,19,23,31,9,25,71,82,62,114,119,43,89
1775,8,14,16,46,15,10,17,63,62,34,58,19,4,5,6,21,99,12,20,13,54,25,87
1776,82,10,16,89,15,54,102,92,8,97,25,7,100,63,18,19,44,6,22,33,107,66,26,4
1777,15,34,7,9,17,114,10,1,11,8,38,4,23,22,19,90,3
1778,19,84,15,63,25,11,21,43,7,3,22,92,1,4,26,104
1779,5,13,10,15,34,22,19,3,55,9,46,84,21,26,25,8,92,79
1780,10,26,25,114,92,11,111,12,69,55,62,14,97,89,8,85,83,5,13,66,28,22
1781,7,4,24,2,19,15,12,11,13,25,6,113,8,18,63,10,22,33,5,9,1,54,20,16
1782,18,3,84,43,17,12,7,97,15,22,79,11,34,4,67,106,19,101,23,2,8,114,96,27,10
1783,13,16,1,7,18,92,63,19,15,97,26,51,3,21,55,17
1784,16,22,19,13,84,25,21,89,34,1,63,113,61,99,32,7,95,18,14,104,97
1785,8,3,21,46,15,1,11,12,34,7,18,89,17,13
1786,19,1,23,7,8,34,62,12,69,104,32,85,59,4,91,115,20,18,10
1787,18,7,114,95,117,92,94,5,111,16,62,115,6,84,9,55,1,113,22,20,74,106,56,15,46,63
1788,2,14,21,6,20,66,18,7,9,114,15,77,92,3,46,11,25,110,17,16,1,80,88,10,8
1789,19,25,14,16,2,21,63,8,104,1,17,6,89,92
1790,26,65,10,104,89,24,43,45,3,1,15,90,14,63,62,110,16,46,4,6
1791,21,24,1,17,97,10,18,13,8,33,9,22,6,46,26,55
1792,9,11,7,2,25,34,26,89,114,16,65,13,4,109,103,12,70,22
1793,2,95,25,20,19,89,18,10,34,5,4,63,8,43,16,88,44,6,23,1,7,112,97
1794,24,17,2,8,107,19,108,104,6,46,96,4,10,87,52,66,114
1795,66,26,3,8,92,6,11,79,97,1,22,84,12,21,89,23
1796,13,20,34,92,5,55,88,79,21,104,81,97,18,8,22,74,96,1,2,103,23,17,95,77,24
1797,10,24,17,15,92,6,30,22,25,86,19,95,99,28,13,26,77,79
1798,13,22,17,2,97,10,18,8,6,12,46,95,89,76,61,84,20,67,15,14,117,55,5
1799,24,22,25,15,16,13,21,2,65,81,102,52,49,8,97,34,100,86,92
1800,21,18,9,114,104,15,6,17,108,25,14,11,94,4
1801,89,16,8,17,22,38,18,13,34,114,111,73,57,9,15,65,110,81,7,95,11
1802,18,92,10,5,26,95,89,113,8,6,1,24,15,3,80,19,9,21,2,99,34
1803,2,12,26,10,97,5,17,8,18,66,34,48,60,82,32,15,25,4
1804,24,8,25,15,1,5,97,13,21,46,114,43,18,95,117,27,20,2,34
1805,107,46,104,89,25,34,101,5,43,18,11,92,26,96,2,9,63,93,23,15,62,28,103,19,90,21,35,1,16,99
1806,110,89,1,102,111,96,5,95,7,112,19,13,22,4,12,104,79,26,84,97,114,63,10,34,9
1807,24,23,9,10,12,3,55,15,26,97,14,20,35,79,92,8,5,89,6
1808,21,7,13,17,34,20,10,2,22,8,14,95,25,5,92,18
1809,15,18,1,20,72,46,49,114,16,25,85,26
1810,5,92,95,16,6,25,84,46,8,21,15,49,109,89,9,2,114,55,96,97,13,20
1811,19,82,92,21,3,46,43,95,114,23,10,7,90,8,28,104,115,73,86,72,117,22,98,63
1812,114,6,23,89,103,7,14,21,34,24,19,79,46,10,107,58,25,95,3,17,101,115,5,118,16,12
1813,22,5,21,17,46,24,103,15,92,13,25,107,19,9,20,104,14,34,114,62,18,97,77,7
1814,14,95,63,8,21,84,97,19,1,24,114,34,11,40,6,16,48,18,7,89,5
1815,9,92,97,89,17,84,43,25,18,8,15,19,20,11,4,34,77,50,58,3,39,1,26,117,13
1816,1,4,2,97,6,89,22,10,15,16,13,66,20,11,24,117,19,9,8,26,55
1817,6,46,34,21,4,1,107,79,55,113,52,9,97,95,11,117,5,7,103,24,22
1818,21,7,20,25,24,9,66,17,95,28,23,26,46,10,84,62,6,117
1819,21,46,7,97,8,18,16,9,10,114,36,26,25,63,4
1820,114,1,25,18,17,46,12,8,63,95,28,15,74,38,7,24,92,19,100,9,5,79,16
1821,15,19,6,8,2,13,5,12,34,23,1,17,46,97,88,10,20
1822,18,6,23,11,114,25,17,10,7,4,112,9,12,57,46
1823,13,19,2,20,26,46,9,8,24,25,38,101,22,114,14,7,15
1824,18,9,55,5,19,43,89,23,2,114,7,1,34,15,46,16,6,8,20,66,24
1825,12,26,46,114,1,20,10,34,9,4,97,24,3,63,42,17
1826,26,23,6,16,20,84,92,97,56,3,90,21
1827,19,17,95,11,46,24,7,97,9,16,114,14,21,5,41,103,78,12,3,89
1828,85,6,34,9,46,119,114,102,16,7,13,1,97,111,25,17,39,95,108,79,73,94,55,12,88
1829,10,34,6,22,114,7,11,5,18,97,2,46,23,20,71,72,21,13,61,87,26,8,12
1830,9,7,3,20,21,18,11,95,16,6,63,15,114,13,2,12
1831,22,12,25,7,34,114,13,18,33,89,10,62,26,95,2,11,21,15
1832,20,95,24,90,13,11,89,107,16,88,5,46,26,4,79,33,19,73,3,92,22,12
1833,22,19,17,114,92,20,95,97,89,90,15,46,21,13,16,61,94,34,67,119
1834,22,34,6,114,24,16,5,10,28,18,39,117,79,11,13,7,20,97,9,64
1835,2,89,10,16,46,7,9,34,26,1,63,84,3,4,17,8,22,42,21,15,92,6,79,102
1836,18,14,26,9,13,28,63,62,66,6,95,7,89,10,84,2,119,5,92,19,21,8,11,97,103,76,34
1837,16,2,11,26,6,18,46,66,20,25,17,34,119,22,5,24,13,7,69,21,116,1,114,63
1838,7,95,19,34,84,6,21,5,20,97,89,30,40,10,14,46,98,13,107,28,86,18
1839,3,92,2,22,4,23,97,7,34,26,17,15,18,19,1,63,6,54,16,98,104,10,11
1840,34,84,19,114,2,89,45,63,20,80,25,21,26,14,16,95,7,104,13
1841,26,12,9,103,11,1,20,92,102,22,14,90,95,91,7,53,19,2,15,101
1842,12,46,21,89,9,14,5,2,8,3,28,62,84,95,63,15,105,6,10,55,92
1843,11,26,84,21,5,114,55,89,46,13,62,97,95,90,79,32,23,77,3,65,14,9,24,63
1844,89,3,97,6,8,23,18,82,26,20,81,65,2,21,7,117,24,67,104,46,12,87,11,84
1845,24,18,114,5,103,92,10,9,25,6,3,109,13,34,87,22,117,35,19
1846,7,97,10,14,4,5,34,55,63,117,17,43,79,114,3,40
1847,8,20,2,16,13,25,11,12,89,48,28,18,3,105,24
1848,20,92,1,7,21,17,9,95,6,28,16,97,2,8,22,10,18,15,13
1849,89,8,23,20,28,16,92,97,18,84,95,14,22,24
1850,17,21,104,3,84,25,14,18,11,98,95,79,13,28,10,9,1,2,116,7,5,73,90,74,97,78,19
1851,9,8,6,24,10,1,95,19,3,103,104,14,2,79,43,55,13,27,89,26,73
1852,6,114,16,24,3,92,11,9,34,15,14,95,48,26,5,85,44,109,52,4,89,18
1853,10,18,55,1,26,9,21,4,103,16,19,81,79,25,47,11,63,73,88,92,83,15,12
1854,22,26,16,2,84,19,114,7,10,20,34,3,18,28,12,1,79,54,21,63,9
1855,10,13,19,8,97,5,18,84,28,6,15
1856,89,97,16,21,63,9,22,18,2,25,8,6,5,92,12,113,34,15
1857,15,6,22,8,9,25,16,117,89,63,10,103,2,13,114,119,36,66,20,12,18,1,106,46
1858,19,22,1,21,16,13,63,2,7,36,25,79,5,53,55,90
1859,46,22,13,97,95,34,78,21,1,26,28,2,107,20,102,101,4,9,116,8,108,25,104,91,3,23,7
1860,7,18,16,5,84,14,54,23,63,24,111,34,50,19,56,46,37
1861,22,21,12,11,13,84,7,15,20,9,2,103,18,89,97,96,23,73,17,57,26,95,4
1862,6,1,13,14,89,9,34,19,20,18,30,15,25
1863,15,18,9,3,23,8,10,2,21,25,16,63,7,24,19,20,99,35,33,91,5,89
1864,8,19,21,16,95,2,46,56,79,93,27,92,60,14,111,84,15,11,29,23
1865,2,25,7,11,63,66,88,103,119,114,4,30,46,9,15,55
1866,95,10,46,12,114,15,3,8,25,34,19,11,13,16,5,119,23,101,14,69,111,90,7,97
1867,89,5,17,107,23,16,21,77,15,46,48,92,32,62,94,10,66,6,22,7,73,109,3,14,117,43,12,4
1868,26,11,95,21,28,34,6,92,86,1,115,85,13,55,18,5,8,96,24,23,109,33,19,58,40,63
1869,119,6,89,46,18,84,20,1,8,5,114,103,13,9,92,76,110,10,77,12,19
1870,15,63,6,104,19,9,3,12,8,26,11,97,10,21,27,85,14,54,20
1871,10,18,84,6,7,11,75,12,37,43,20,5,92,114,21,104
1872,5,1,114,92,20,46,24,22,9,23,25,12,15,106,16,66,6,19,26,83,81,2,18
1873,114,22,6,8,5,115,63,19,9,18,103,21,7,89,10,84,12,25,24,104,2
1874,1,7,2,18,25,12,13,79,92,69,95,19,74,37,17,50
1875,66,55,92,95,24,7,23,5,10,35,15,97,88,34,91,22,115,101,16,111,11
1876,9,89,34,17,3,114,10,1,13,15,11,19,88,92,87,86,117,8,95,90,43,24,46,21,118,48,97
1877,10,7,34,18,17,5,23,12,84,22,25,8,66,16,15,42,73,97,40,19,4,52,43,24
1878,6,19,34,14,1,28,24,103,23,11,79,62,18,73,7,46,97,9,47,20,21
1879,3,114,6,7,14,92,12,18,34,16,24,2,10,90,28
1880,1,34,16,11,2,89,62,14,7,8,3,55,13,88,92,46
1881,92,89,13,25,34,20,46,9,97,5,27,18,6,19,104,38,114
1882,11,19,104,46,89,17,92,34,14,9,24,2,73,55,28,95,91,114,6,16,10,1
1883,12,3,1,9,34,55,46,21,35,92,63,24,62,15,5,53,73,6,18,114
1884,1,34,24,18,23,13,114,7,10,5,11,2,9,103,16,25,92,19,20,97,6,115,15
1885,17,62,12,111,102,85,95,8,87,103,119,6,75,94,34,79,15,90,21,14,5,55,18,60,104,115,73,113,81,77,89,88
1886,26,10,3,16,17,46,89,34,15,114,19,11,18,25,13,9,28,117,22
1887,2,9,55,103,6,7,26,19,62,10,63,114,24,14,83,23,21,4,34,92
1888,6,89,12,10,63,15,90,25,5,62,26,95,76,24,2,55,103,20,18,73,22,105,96,13,7,21
1889,24,89,8,3,95,14,107,110,23,4,2,103,7,46,10,117,84,55,114,34,33,90,104,85,25,22
1890,89,23,104,4,26,24,95,84,54,21,41,13,102,119,15,92,66,34,6
1891,6,21,16,12,25,89,9,8,4,97,13,32
1892,34,26,114,95,62,15,84,19,18,7,102,16,5,28,4,85,22,52,55,24,92,25,70,104,20
1893,34,14,18,12,2,19,15,97,46,17,20,21,22,62,11
1894,21,26,3,84,12,17,13,107,92,15,95,11,89,19,109,28,14,42,103,16,68,54,24,9,31,6
1895,18,21,10,22,63,7,2,3,114,19,92,20,11,25,23,14,113
1896,10,6,5,15,3,19,16,22,97,107,63,11,23,8,84,14,28,9,81,117,26,34,114,104,95
1897,34,110,7,25,92,3,12,2,82,63,99,17,93,24,5,14,97,11,62
1898,8,97,16,17,1,25,24,114,95,30,3,14,62,22,104,10,18,98,21,81,23,26
1899,21,23,34,97,10,26,111,3,11,119,19,8,4,95,18
1900,13,6,5,92,26,24,21,15,107,11,79,18,22,46,97,20
1901,20,3,21,1,19,43,7,12,64,25,2,97,89,11,17,107,9,104
1902,18,92,114,8,11,7,16,34,15,10,94,119,13,97,79,95,112,3,111,99
1903,19,89,13,25,1,34,23,17,18,36,3,84,6,5,15,2,24,10,12,26
1904,34,25,18,114,13,14,95,16,43,19,2,20,17,49,66,4,67,64,84,115,113,63
1905,7,11,8,26,18,20,6,48,67,46,15,89,16
1906,22,95,11,63,4,55,8,114,21,117,90,6,7,103,28,92,2,89
1907,21,16,4,12,1,102,97,22,5,37,59,77,103,95,90,83,24,79,13,96,62,43
1908,15,16,34,95,114,24,89,1,117,104,13,97,54,19,62,5,26,93,14,46,55,63,7,22
1909,22,103,94,23,26,8,16,1,19,9,55,63,70,68,12,3,2,97,15
1910,7,114,36,23,22,34,19,26,3,17,1,74,25,12,47,112,11,97
1911,34,4,14,8,1,95,89,26,90,5,10,6
1912,26,3,11,33,14,21,15,55,2,17,104,93,18,48,12,5,95
1913,92,1,12,46,9,18,95,6,11,15,34,24,17,88,89,25,33,48,14,21,5
1914,12,84,15,20,5,4,6,114,24,13,63,25,17,2,21
1915,16,6,12,20,18,13,25,5,19,21,14,52,1,9,23,85,26,104,11,8,38
1916,3,111,11,23,106,1,89,92,15,21,46,13,103,104,95,110,24,54,63,14,108,76
1917,25,56,47,92,22,1,74,7,95,26,2,10,9
1918,18,15,2,16,11,21,1,8,97,95,24,9,104,43,26,20,85,92,19,99,25,3
1919,66,63,104,23,84,15,24,114,13,2,89,103,34,6,46,92,85,45,21,97,9,39,5,8,62,25,20,16
1920,114,46,21,7,10,16,3,79,11,20,92,23,95,19,13,117,68,56,34,24,91,2
1921,26,9,21,18,6,13,95,2,14,4,20,90,88,17,19,12,25,92,16,75,98,5
1922,38,16,24,84,92,63,13,95,10,46,20,34,55,99,89,109,5,3,88,86,102,21,79
1923,6,18,24,22,11,63,10,23,26,95,92,2,17,9,35,14,25,31,61,15,79,54,43
1924,34,46,2,9,19,24,26,66,4,3,1,7,6,104
1925,21,14,34,89,9,7,16,12,11,10,19,84,6,20,28,99,118
1926,114,117,2,4,46,13,16,95,89,10,50,24,11,88,70,109,91,26,14,42,92
1927,14,21,17,15,9,13,23,5,26,117,6,119,102,20,43,55,1
1928,25,9,18,22,3,15,26,7,46,12,89,2,10,20,95,24,34,55,104,8,66,84,92,49,1
1929,18,28,9,17,111,105,16,12,13,8,66,89,37,72,79,73,103,4,114
1930,8,26,18,23,2,89,3,66,95,115,7,28,87,29,6,41,100,54,24
1931,22,20,12,16,5,92,6,18,9,114,89,67,25,21,10,26
1932,43,2,11,19,84,76,92,14,15,107,113,91,10,8,25,77,5,96,89,22,54,85,79,88,60
1933,16,7,84,13,92,12,95,26,18,23,104,14,118,10,2,117
1934,92,16,89,95,15,117,46,26,25,6,10,19,22,14,4,9,11,114,8,66
1935,14,7,24,16,66,34,19,89,11,3,23,10,20,12
1936,24,19,18,14,17,2,63,104,10,16,6,22,15,84,66,88,86
1937,25,11,97,6,16,89,17,18,2,9,90,24,104,20,67,26,62,92
1938,114,1,9,21,95,34,2,24,4,92,13,15,14,23,89,97,10,117,51,8,103,22,5
1939,18,7,12,28,15,19,3,9,79,24,25,26,55,22,46,20,58,16,80,89,14
1940,15,14,10,89,22,9,12,84,18,2,51,23,43
1941,97,46,20,24,17,14,95,26,84,4,11,9,8,1,52,88,12,36,92
1942,11,6,2,20,26,16,7,92,44
1943,97,2,34,20,21,13,10,95,14,3,12,109,91,17,4,7,42,101
1944,55,46,34,13,62,7,3,23,61,4,2,43,15,74,9,90,111,16,21
1945,89,13,25,5,11,14,7,63,6,101,114,105,3,88,84
1946,9,84,7,18,22,89,25,97,34,5,14,2,46,15,8,94,114,92,21
1947,10,43,34,23,111,103,92,99,9,107,5,78,82,41,17,20,95,1
1948,13,34,9,19,46,54,92,18,1,12,114,3,8,89,39,2,6,16,25
1949,92,34,16,14,97,24,28,104,113,46,15,117,3,21,2,77,23,89,85,26,6,90,22,98
1950,24,114,17,25,21,2,6,5,22,34,20,7,16,97,70,117,71,8,30,55,99,14,95,18
1951,46,20,5,6,11,117,14,3,17,95,7,84,8,102,41,34,2,22,97,26
1952,10,21,97,13,5,46,7,6,19,61,26,34,86,3,114
1953,24,11,46,2,17,9,114,18,6,14,66,15,12,20,95,77,10,40,26
1954,97,15,46,8,21,114,5,26,18,6,89,22,13,11,92,90,12,34,54,95,23,7
1955,89,114,26,104,103,25,15,63,6,34,46,73,24,98,97,7,33,17,91,88,13,85
1956,10,18,1,22,46,25,8,9,114,89,19,92,28,88,13,102,38,34,20,7,74,67,14,23,63,101
1957,84,5,10,22,26,63,24,15,28,17,23,12,3,79,72,7,103,97,89,69,2,114,20,4,25
1958,9,46,3,84,103,7,26,18,114,23,19,79,13,100,89,20,117,15,96,6,85,14,94,5,24,72,104
1959,16,20,59,77,1,97,3,73,17,21,23,14,84,89,10,6,8,24,5,95
1960,8,7,20,25,13,22,6,24,84,104,92,46,66,15,95,18,1
1961,7,14,22,21,92,26,6,16,9,11,25,12,18,5,95,53,104,8,24,17,15,106,107,10,89,1,87
1962,2,95,6,16,21,20,22,17,11,13,115,4,54,8,15,34,1,97,14
1963,17,11,21,95,9,1,13,26,34,29,38,33,10,63,43,15,102,24
1964,12,11,84,117,14,23,96,46,8,104,19,26,89,10,114,94,88,13,18
1965,17,14,95,46,11,85,8,92,19,79,99,97,24,96,34,28,12,93,48
1966,12,6,2,89,15,5,34,11,16,43,23,3,103,104,14,20,62,107,48,26,10,46
1967,111,7,8,26,5,10,4,11,19,29,18,17,46,88,58,20,3,15,95,36,117,27,16
1968,89,20,13,11,92,7,3,22,63,18,6,10,43,9,19,90,2,15,66
1969,3,92,15,63,97,17,7,21,16,12,20,13,8,66,73,2,34,104,39,86,14,22
1970,12,7,3,20,34,1,16,95,114,11,24,25,8,21,5,111,38,23,18,10,22,46,13
1971,25,8,16,9,92,114,14,1,23,107,11,97,13,104,56,6,10,24,54,103,26,20,81,22,5,19,12
1972,23,34,111,9,8,7,22,26,25,92,64,95,15,5,6,55,103,20,19,13,60,87
1973,34,21,1,8,11,25,15,14,17,13,46,6,114,92,12,16
1974,11,19,4,15,7,20,25,115,6,104,28,24,8,46,21,117,95,73,103,92,18,5
1975,3,7,24,10,15,20,4,104,106,19,97,5,25,18,36,96,1,22,86,14,63
1976,15,2,12,8,24,19,20,25,1,18,4,3,14,22,26,114,17,11,89,5,13,105,92
1977,7,89,46,14,25,92,63,34,21,12,44,84,26,11,4,55,104
1978,16,17,5,22,20,13,12,83,6,10,8,15,93,101,11,106,25
1979,16,95,22,46,11,97,26,24,12,10,23,17,2,7,84,66,43,119,13,9,58
1980,46,89,95,2,5,20,63,17,25,14,107,12,24,23,8,19,53,4,84
1981,22,89,1,10,6,25,97,38,82,5,23,114,112,75,46,11
1982,114,17,22,25,6,19,46,34,14,11,81,20,8,9,97
1983,22,13,20,16,15,2,84,3,99,67,28,7,19,41,12,114
1984,12,16,34,20,91,3,114,15,18,99,92,5,74,119
1985,18,19,23,1,22,5,20,24,6,25,3,10,114,13
1986,22,10,12,26,1,16,97,11,114,19,117,83,100,96,119,62,110,7,112,115
1987,24,89,22,119,23,103,97,63,25,14,19,15,21,75,82,16,77,4,79,10,11
1988,9,17,24,19,92,6,117,7,55,107,23,31,12,8,91,88,89,96,2,11,114,60,13,1,3,22
1989,95,20,63,13,24,9,43,34,92,18,114,119,21,53,11,25,10,26,73,89,7,22,12
1990,114,6,21,18,13,15,2,26,4,25,63,97,30,20,92,24,7,19,10,29,23
1991,21,8,26,5,84,10,90,3,89,24,13,25,16,46,44,55,114,9
1992,20,21,9,89,5,8,10,22,1,7,2,6,3,26,72
1993,2,46,20,13,84,18,9,55,109,1,17,66,92,21,16,31,5,63,15,3
1994,46,97,84,7,28,96,99,18,14,34,115,55,85,63,62,90,58,88,13,2,16,81,111,47,95,43,3,104,6,87,39,102,92,25
1995,10,2,19,3,11,6,22,114,24,34,1,8,4,12,89,99,15,97,5,46,107,25,7,20
1996,9,95,20,24,92,26,89,114,13,15,17,67,11,107,7
1997,114,84,10,13,18,2,22,17,88,66,3,16,92,55,110,108
1998,25,55,24,21,10,65,103,34,5,97,86,41,59,69,100,7,9,76,26,16,75,95,89
1999,5,3,95,26,11,23,15,34,10,24,21,14,19,89,4,55,54,17,114,7
2000,103,25,15,18,10,26,11,16,99,60,95,57,22,7
2001,97,46,17,8,16,89,104,4,10,21,1,24,34,28,117,14,22,11,99,75,102
2002,24,11,15,63,6,9,26,23,3,43,22,103,46,87,77,25,85,1,17,84
2003,24,17,103,89,16,22,34,6,25,10,95,40,15,117,88,115,9
2004,7,15,97,13,117,2,8,3,67,20,63,6,79,19,51,116,88
2005,10,24,22,25,15,17,2,3,26,9,8,29,19,20,109,54,12,52,21
2006,22,2,9,114,13,14,21,92,7,89,24,3,97,20,90,17,1,63,46,95
2007,89,11,95,25,63,3,16,18,22,7,92,8,19,44,14,5,97,21,23,53,1,31
2008,8,16,2,22,13,97,9,28,18,63,90,55,104,19,46,110,5,84,17,95,114,25
2009,14,23,22,87,15,21,84,26,111,46,38,42,113,20,2,24,79,89,63,4,13,11,34
2010,25,20,46,2,12,84,63,34,8,19,68,76,24,1,4,28,5,110
2011,6,97,11,23,46,21,17,92,16,34,20,117,9,26,43,18,1,2,111,14,89,4,3,91,19,62
2012,1,20,46,14,25,12,6,21,84,10,79,66,32,95,69,16,64,24,97,60,18
2013,11,24,10,97,14,5,19,18,54,7,2,89,43
2014,10,12,17,92,5,9,103,16,88,25,19,14,22,20,97,1,67,18,6,4,114
2015,20,11,3,26,23,19,102,97,2,24,21,13,113,14,4,10
2016,92,15,21,46,63,84,117,8,24,13,2,34,16,38,10,14,116,100,7,95,55,83,74,77,26,6,12
2017,1,14,28,22,21,8,84,62,2,24,12,97,108,7,88,102,9,3,26,5
2018,26,4,17,46,25,89,12,10,90,8,5,9,20,15,19,114
2019,3,22,13,6,4,15,9,63,97,25,34,5,89,85
2020,3,18,24,104,107,81,2,86,4,114,92,20,13,15,89,93,25,54,112,97,73,22,113,5,103,28,9,8
2021,20,16,11,4,22,17,24,28,43,97,5,55,10,12,34,25,66,95,2,119,114,69,9,64
2022,2,16,34,15,5,26,103,20,12,71,7,37,9,114,24,19,36,18,108,14,63
2023,97,46,19,88,1,21,107,17,114,8,2,26,25,45,16,57,91,6,83,12
2024,97,15,5,23,8,46,24,84,21,17,96,64,7,117,73,50,14,3,43,6,56,29,12,87,22
2025,92,26,3,107,89,9,7,4,20,22,10,11,104,25,34,13,5,97
2026,10,17,63,26,92,16,11,97,20,8,13,7,89,85,34,14,78,86,19,3
2027,11,114,13,63,15,34,117,44,106,22,6,20,97,46,17,110,12,89,94,7,1,10,2
2028,3,16,14,1,10,55,24,25,22,19,17,6,21,5,2,11
2029,3,12,55,92,14,21,103,2,95,15,16,63,20,26,9,18,62,117,98,11,65,23,6,17
2030,20,12,22,26,17,6,95,104,19,71,1,100,11,40,97,91,103,13,7,55
2031,92,8,84,18,9,14,5,27,16,20,13,21,97,72,114,38,34,19,91,89
2032,7,89,11,107,30,22,66,5,26,8,46,23,34,82,29,84,92,17,18,74,6,55,3,104
2033,89,23,2,17,22,97,13,26,14,58,77,34,25,10,9,111,6,1
2034,114,104,3,14,18,13,20,23,2,46,8,95,17,26,19,6,116,11,63
2035,20,97,12,23,6,16,19,114,7,18,2,36,34,29,62,17,24
2036,12,6,18,114,1,22,14,7,89,34,21,5,9
2037,79,34,12,89,26,46,102,73,6,18,115,109,16,119,9,97,25,51,2,8,95,4,11,91,111,1
2038,15,9,17,3,23,1,2,19,6,5,14,101,18,26,24,10,111
2039,103,117,63,16,24,1,96,18,23,6,14,102,114,34,94,15,84,29,62,46,92,99,27,58,70,74,82,95,55,3,100
2040,5,46,22,18,92,10,25,34,1,26,93,27,43,20,6,15,95,24
2041,16,13,46,103,92,19,34,28,18,22,114,15,14,62,50,5,4,17
2042,46,5,2,8,20,24,16,10,11,25,12
2043,1,2,114,19,10,87,28,43,68,6,34,18,7,67,8,89,95,84,3,12
2044,14,20,92,10,93,103,104,26,3,46,107,25,22,91,89,1,15,85,21,11,100,51,101,12,4
2045,7,22,20,14,3,34,15,11,13,9,104,103,2,38,17,89,18,25,1,23,19
2046,25,6,17,34,19,18,51,14,2,13,1
2047,89,7,17,13,1,20,11,10,6,14,102,34,86,96,26,55,9,63
2048,17,5,23,16,18,46,89,114,11,10,25,84,4,22,2,14,112,12,61,3
2049,22,9,26,114,97,16,11,46,91,25,24,34,12,14,111,20,19,17,5
2050,20,28,95,25,97,19,1,22,7,26,57,84,74,9,61,14,10,46,115
2051,25,24,7,16,8,15,84,1,6,114,4,68,89,97
2052,25,16,5,92,22,2,9,20,21,4,118,8
2053,2,34,14,97,117,25,11,43,20,19,84,31,7,51,12,21,104,17
2054,12,55,4,20,6,5,117,17,13,104,62,23,3,8,89,85,95,22,24,68,97,34,83,93,57,10
2055,5,17,95,89,16,21,23,46,43,18,13,12,8,103,24,11,19,29,26,34,14,79,6,62
2056,16,15,18,79,17,73,8,28,74,9,12,6,3,103,84,1,26,97,10
2057,7,2,8,18,16,89,17,26,42,34,117,14
2058,22,6,8,97,66,89,26,103,49,63,15,11,109
2059,17,18,24,12,92,5,46,20,34,23,3,26,9,25,22,105
2060,7,1,24,18,10,9,15,23,26,16,2,6,54,25,94,11,21,20,114,89
2061,20,95,92,8,101,5,14,117,16,96,89,1,81,24,13,73,6,86,25,7
2062,66,10,114,34,107,26,46,8,89,16,15,24,20,92,18,3,23,19,21,1,119,13
2063,14,25,107,46,18,84,13,1,90,24,11,96,63,53,79,67,104
2064,103,11,20,43,18,97,84,2,35,16,34,89,107,6,1,25,92,8,17
2065,22,46,25,114,18,8,34,3,13,2,15,49,92,84,106
2066,22,18,21,16,13,43,17,11,89,65,19,8,14,5,34,55,115,9,12
2067,9,19,25,95,22,97,89,92,66,31,13,6,5,24,16,20,18,4,1
2068,24,19,20,114,15,16,28,22,13,21,4,7,6,88,12,34,1,2,52,5
2069,89,55,79,1,14,7,62,11,28,86,46,8,23,96,34,114,43,9,95,77,25,88,103,100,4,16,80,82,101,113,97
2070,14,89,84,10,18,63,21,19,17,13,26,25,60,23,3,67,7,46,33,20,9
2071,22,34,89,7,13,97,84,3,18,19,28,54,66,38,43,74,92,10,63,41,107
2072,63,20,25,103,13,23,24,55,3,62,1,41,8,111,9,109,17,104,18,16,12,10,65
2073,24,55,52,16,8,11,20,22,14,2,116,48,7,43,34
2074,97,23,24,46,13,18,1,34,62,6,21,15,12,25,59,10,91,5,73
2075,9,6,17,84,18,90,25,103,5,11,24,46,14,3,95,2,8,112,13,23,104,41,62,101
2076,10,55,9,33,111,88,114,74,16,103,100,19,93,87,79,46,63,23,113,96,62,115,7,28,97,119,98,26,34,6,4
2077,34,1,22,13,16,24,12,23,6,25,96,95,9,5,43,40,17,3,15
2078,46,63,16,2,103,10,114,95,11,14,84,3,8,6,25,24,89,5,9,55,28,62,17,12,107,104
2079,89,16,14,17,34,5,97,2,6,22,95,1,69,13,114,33,43
2080,89,18,20,16,23,14,90,88,2,63,12,9,46,114,24,64,17,15,92,34,57,102,33,8
2081,26,1,18,19,2,23,20,8,46,114,4,89,16,22,104,3,115,9,84,34,13,43,66,94,78,42,6,17,5
2082,46,92,1,2,10,25,89,14,13,24,6,5,104,114,26,3,97
2083,26,17,7,15,14,114,19,67,12,25,54,21,23,6,119,70,13,46
2084,18,84,21,7,92,11,24,26,17,97,5,119,9,95,10
2085,12,26,4,92,25,95,54,89,16,46,1,22,5,8,93,13,33,21,14,84,44,2,10
2086,7,5,9,97,92,111,2,77,11,23,114,55,62,42,74,88,8,112,29,115,1,66,19
2087,97,103,7,18,10,34,88,11,8,5,6,84,21,1,2,104,79,19,96,117,26
2088,14,97,15,89,84,73,17,87,7,2,28,3,5,13,63,111,62,37,46,29,83,1,76,25,92,117
2089,19,8,2,6,14,114,92,18,20,34,22,46,16,51,95,24,15,7
2090,6,7,16,14,8,9,22,63,114,19,34,89,5,3,11,62,107,88
2091,26,21,13,5,11,8,14,25,17,114,93,1,38,9,41
2092,22,19,117,10,89,2,14,25,1,6,18,13,103,97,84,12,11
2093,15,19,2,9,17,97,20,1,6,84,24,26,12,66,95,115,18,10,34
2094,8,95,16,34,18,1,117,23,25,66,79,6,111,48,19,9,10,5,4,29,97
2095,19,66,11,92,63,95,24,12,55,22,16,13,46,34,89,107,54,23,21,1,116,110
2096,21,13,102,9,111,15,10,66,93,11,6,92,46,104,114,89,49,31,24,32,103,26,28,14,95
2097,25,11,8,114,10,5,92,14,22,46,4,38,95,23,83,116,33,3,13,107
2098,84,26,4,103,63,114,97,1,25,6,95,19,98,14,10
2099,19,11,1,89,12,84,46,114,3,2,18,24,4,103,82,102,10,92,13,21,6
2100,9,89,3,20,104,13,25,21,16,18,2,117,17,88,46,62,5,73,26,15,11,7,65
2101,16,22,25,5,12,34,24,1,42,14,2,40,18,3,7
2102,20,46,9,5,13,18,11,55,17,10,95,26,3,4,104,19,7,2,79
2103,12,21,25,20,92,77,103,14,5,1,7,69,86,18,54,89,13,24,35
2104,89,18,97,43,23,14,17,3,10,21,68,74,26,13,19,88
2105,21,26,6,2,24,117,11,10,89,96,84,100,72,55,22,20,9,92,8,18,14,46,13,108,3
2106,15,8,1,46,95,104,7,89,24,10,52,114,17,58,3,34
2107,92,95,25,11,3,2,103,24,22,16,7,97,8,12,15,23,21,1,106,34,9
2108,6,103,18,34,19,10,12,15,2,63,112,46,84,16,3,25,7,24,117,81,23
2109,1,5,21,25,22,88,20,84,3,114,70,7,10,2,16,28,17,6,14,97
2110,9,10,89,26,1,23,18,20,22,84,101,25,46,83,107
2111,11,22,66,92,23,57,8,12,1,95,100,43,107,41,53,47,3,40,104,114,13,4,19,25,10,17,102
2112,16,13,10,97,46,55,6,2,74,101,34,12,104,106,7,22,63,8,83,26,17,117,21,114,108,82,9
2113,34,6,60,2,10,14,12,46,11,9,93,114,18,17,4,118,104
2114,20,1,95,9,25,114,11,17,5,13,6,97,119,106,85,92,93,110
2115,97,25,89,11,7,66,103,19,26,2,95,6,92,30,51,84,10,101,107
2116,21,26,10,89,18,14,22,17,58,6,114,12,79,24,5,30,13,19,84
2117,1,28,95,7,85,16,14,89,63,6,84,23,10,86,62,8,2,18,15
2118,5,103,10,8,1,26,12,9,22,18,77,29,13,2
2119,6,93,9,15,63,3,16,10,12,23,26,2,22,28,119,31,58,95,54,1,103,36,14
2120,5,18,63,3,34,12,11,95,97,38,15,25,66,43,23,110,62,26,24,17,117,54,8,21,101,22,91,19
2121,17,24,4,92,10,104,18,114,23,77,88,15,112,35,107,61,97,11,3,63
2122,114,25,8,2,18,20,46,1,97,34,104,62,64,17,15,7,10
2123,23,6,25,18,21,24,20,2,19,95,12,22,7,9,10,92,34,3,16,109,29,26,89
2124,22,6,13,11,3,92,1,90,117,114,97,34,82,4,23,24,57,7,35,104,9
2125,13,21,92,17,7,62,4,15,20,8,53,16,22,5,6,59,24,89,58,14
2126,92,18,22,24,6,63,97,115,3,106,68,82,112,5,104,1,26,113,23,95,15,96,10,11,17,46,8
2127,114,8,95,7,4,1,10,23,24,16,90,12,89,20,22,9,21,46,13,5,17
2128,14,103,55,23,15,38,18,19,73,24,78,11,20,83,2,89,96,9,25,104
2129,25,2,24,112,86,9,18,22,19,58,46,11,63,92,3,111,15
2130,5,17,26,9,89,20,3,7,34,18,12,46,1,41,19,97,114,106,24,104,62
2131,20,46,2,95,6,97,26,19,21,5,7,85,9,114,99,24,117
2132,9,14,114,15,25,46,24,103,23,5,11,63,10,13,95,20,17,53,3,77,18,26,79,47,34,107,1
2133,2,34,25,62,8,10,95,11,84,22,39,66,28,85,86,107,89,16,101,7
2134,92,19,10,25,114,66,21,24,90,12,13,5,14,15,4,2,95,18,84,8,55,22,117,93,41,118,89,37,7,102
2135,22,89,97,16,26,15,19,25,8,1,46,34,79,55,95,12
2136,16,89,2,11,43,97,3,8,62,114,4,15,65,92,28,19,22,13,46,12,21,84,25,20
2137,95,19,34,14,17,63,10,2,15,114,92,4,13,21,1
2138,2,15,5,6,16,9,26,25,11,95,18,4,62,97,49
2139,95,79,97,102,117,25,114,16,23,20,26,4,101,85,3,31,35,24,107,84,18
2140,12,6,1,46,2,89,114,79,3,23,17,107,7,9,14,111,18,25,26
2141,2,21,18,46,9,10,7,95,25,26,19,63
2142,10,5,25,3,95,20,22,34,26,16,7,2,100,107,9,4
2143,8,13,21,12,34,89,19,2,11,9,1,26
2144,119,88,98,77,95,18,3,2,10,115,85,114,55,97,93,4,96,43,26,81,5,82,78,13,86,89,1,28,24,23,104,80,87,41,7,9,6,108,14,99,112
2145,14,1,46,84,12,26,48,43,83,42,5,10,15,89
2146,79,111,86,16,3,2,19,104,113,90,8,109,87,46,73,25,99,6,9,94,17,4,1,23,20,117,92,61,88,106,116,102
2147,11,26,10,25,12,8,62,14,13,17,28,16,102,116,64
2148,18,16,26,1,15,23,7,103,68,85,59,27,35,57,114,5,14
2149,97,7,16,84,24,19,26,14,6,63,10,8,20,92,22,40
2150,84,7,21,18,89,95,22,25,8,1,20,34,13,50,97,11,16,107,15,92,19,12,108
2151,1,18,17,89,10,20,92,55,21,3,110,9,104,114,38,26,6,13,97,16,24
2152,22,14,103,111,2,18,26,34,99,9,114,1,10,84,106,97,13,73,8,92,16,24,19,65,62,6,21,39,72
2153,10,9,16,46,34,11,24,20,12,8,84,25,19,22,5,17,18
2154,20,25,85,18,114,46,102,16,119,101,6,56,14,22,21,63,3,57,97,11,9,117,34,111
2155,5,13,46,8,26,89,17,12,10,97,14,16,3,114,2,88,36,92,43,34
2156,7,103,9,20,10,86,18,17,21,114,66,5,55,1,11,12,53,2,72,23,97,14,6
2157,9,11,107,23,97,7,12,84,20,17,43,91,90,8,104,88,3,2,74,95,119,106,92
2158,24,8,23,43,92,5,17,1,7,28,14,3,25,15,79,19,102,34,22,95,58,46,91,85,104,62
2159,114,9,84,15,3,19,17,25,97,4,14,8,104,16,89,68,80,37,18,47,34,116
2160,2,23,95,19,10,25,12,6,114,20,21,92,26,16,1,63
2161,84,13,20,1,104,95,62,17,97,34,114,11,8,71,22,3,33,55,7,63,60,18,26
2162,46,6,18,63,3,9,8,14,95,24,21,84,15,11,1,5,25,12,20,89
2163,8,34,14,114,7,25,79,89,1,92,6,102,33,5,103,105,11,28,77,93,10
2164,20,82,43,21,114,34,63,3,25,12,1,90,116,31
2165,12,46,7,79,34,19,10,95,6,13,102,18,32,16,88,26,82,21,97
2166,11,2,95,84,55,7,5,97,51,54,63,68,18,15,10,8,92,27,65,22
2167,8,12,46,114,66,10,6,9,17,16,73,14,18,15,7,13,92,90,23,1,36,55,5,84
2168,114,9,12,5,4,6,14,18,23,16,89,17,43,46,24,13,8,20
2169,14,104,7,13,17,103,1,2,10,11,25,92,26,89,97,43,79,91,118,19,24,45,18,84,8,55,3
2170,22,19,14,3,11,2,13,25,95,97,12,26,92,20,34
2171,21,2,6,23,18,15,104,114,5,16,46,26,91,95,34,45,7,35,55,1,102,81,43
2172,10,95,9,13,25,97,5,2,22,4,3,84,11,70,73
2173,25,114,46,12,17,7,15,6,16,10,18,9,14,90
2174,25,89,18,93,8,10,26,12,20,3,5,14,24,114,80,35
2175,102,114,6,20,104,85,21,1,8,79,76,66,26,108,63,64,15,89,10
2176,89,1,8,92,24,97,28,12,16,95,3,25,64,90,5,104,32,107,15,9,22,2
2177,82,5,15,22,7,25,8,12,24,9,16,46,10,95,79,87,21
2178,20,11,6,24,92,34,63,5,15,12,90,8,79,94,91,62,16,104,13,19,7,76,102,47,33,3
2179,5,89,8,11,88,28,46,51,33,9,2,72,6,26,24,22,34,66,7
2180,21,10,46,18,3,43,66,24,114,14,6,103,97,19,13,8,115,25,92
2181,19,95,26,34,92,11,25,6,22,12,17,8,84,103,33,5,55,54,107
2182,17,119,103,18,7,84,22,8,63,97,58,14,114,5,26,95,6,10,23,20,15
2183,46,13,20,25,24,63,97,117,5,2,9,43,18,19,22,96,7,11,110,6
2184,114,5,43,24,21,15,46,17,26,18,27,113,13,4,89,11,115,22,29,19,16,25,74
2185,43,111,62,5,73,12,22,20,10,14,1,24,46,9,18,94,52,90,7,36,3,95
2186,5,17,13,28,46,20,26,43,117,55,82,97,4,15,7,14
2187,3,46,15,14,28,8,26,20,21,9,89,25,23,16,11,2,83,12,24
2188,79,94,10,97,9,21,4,96,15,13,99,88,111,7,43,26,3,87,117,6,12,23,81,25,101,63,102
2189,14,34,18,46,25,20,63,89,17,2,24,43,19,21,6,101,58,22,92
2190,13,3,25,66,23,103,4,46,18,21,89,1,8,12,63,16,100,104,34,59,85,97,20,110,7,22,84
2191,1,25,13,107,18,8,114,9,2,28,12,34,49,83,4,5,3,43,46,16,117
2192,14,4,91,95,34,19,3,1,117,16,43,97,31,63,23,12,17,44,26,89
2193,7,6,18,26,15,24,114,95,89,10,13,8,34,1,66,20,38,25
2194,43,6,21,25,10,8,39,27,66,9,97,101,73,17
2195,6,66,89,3,92,10,55,5,12,9,95,27,26,46,7,24,18,103,20,1,14
2196,21,24,12,3,97,13,89,20,7,18,1,36,86,69,114,17,116,2,42,11
2197,15,26,5,16,8,3,62,25,114,97,6,46,9,104,12,7,14,54
2198,12,25,15,23,95,14,21,24,19,26,84,8,20,107,101,119,7,31,10
2199,5,20,103,107,17,23,4,7,26,114,95,89,22,3,104,52,8,113,24,18,84,102,34
2200,92,16,63,104,13,95,26,8,6,18,102,12,24,21,14,65,22,85,73,20,25
2201,8,5,95,1,16,42,20,92,114,34,7,29,89,43,6
2202,90,111,116,13,77,8,19,6,23,25,10,109,92,31,2,101,7,14,85,28,97,9,114,1,26
2203,25,8,20,11,117,23,90,16,97,104,7,10,91,80,110,1,79,24,87
2204,12,82,18,13,14,20,3,84,25,5,63,72,95,19,102,45,55,43,75,54,64,26,101
2205,97,17,26,111,18,92,89,5,9,19,82,8,15,22,80,25,3,7,20,90
2206,15,14,8,114,5,6,63,11,87,26,21,104,16,22,119,46,18,84,48,1,17,97,32,34
2207,17,13,18,5,12,92,84,24,90,15,117,3,102,20,81,114,26,11,6,113,97,22,89,46,71,74,21
2208,14,46,95,84,8,79,92,107,34,18,12,4,16,55,13,97,67,110,40,23,24,25
2209,114,46,7,1,12,83,16,24,19,2,18,97,15,21,25
2210,10,114,92,89,26,1,2,16,19,20,35,14,24,22,21,103,104,50,5,118,4,15,25
2211,18,15,11,104,24,1,6,35,20,21,112,95,14,89,2,99,7,83,23
2212,25,17,12,23,1,19,24,92,16,26,102,4,2,18,90,21,8,80,63,103,89,13
2213,92,93,19,7,2,24,1,95,3,89,5,114,55,14,104,43,17,34,73,62,25,96,97,6
2214,6,21,20,17,13,15,34,24,43,28,90,26,69,22,8,95,14,62,5,46,9
2215,3,7,14,95,17,18,12,11,55,93,10,65,16,111,23,39,9,92
2216,12,13,84,15,6,97,11,95,43,63,23,19,8,20,90,88,107,26,5,54,102,104,25,62
2217,46,26,97,95,15,14,43,34,84,45,92,6,16,13
2218,20,84,11,26,92,16,97,117,90,3,25,114,95,104,28,79,34,15,14,19,111,83,10,17,82,5
2219,97,10,17,18,9,55,21,2,89,14,95,104,4,25,23,15,12,1,98,62,101,114,43,22,91,85
2220,89,23,92,93,95,7,2,5,10,34,12,3,85,62,119,43,88,6,21,18,27,117,104,14,113
2221,24,103,18,9,25,6,97,22,34,79,12,114,104,37,119,16,102,88,118,50,7,28,55,106,19,4
2222,2,8,12,55,97,89,103,69,7,10,28,15,114,6,87,21,71,34,104,46,37,17,45
2223,13,23,12,95,4,114,2,21,7,5,117,26,62,3,92,22,70,83,11
2224,20,16,10,66,22,25,21,5,89,12,114,18,92,14,11,23,1,4,117,85,55,2,102,15
2225,13,82,15,10,2,55,12,17,18,14,95,9,5,27,97,34,62,68,60,26,3,73,23,74
2226,95,79,22,89,11,8,2,9,59,97,84,107,21,55,12,3,20,7,117,19,45,13,4,43,92,25,70,34,6
2227,18,89,4,104,19,20,63,6,5,23,113,95,42,34,88,7,77,9,16,46,87,28
2228,6,18,25,8,22,63,15,3,46,66,24,72,21,14,78,19
2229,2,16,13,26,15,10,3,89,7,85,6,34,11,18,19
2230,89,5,10,17,11,92,2,20,1,22,46,8,34,115,15,3
2231,89,25,5,8,34,20,92,26,46,19,21,15,94,2,32,10
2232,14,87,103,17,6,43,10,1,58,20,13,12,25,5,18
2233,114,20,10,15,12,84,63,21,19,6,55,97,25,26,102,91,14,46,95,7,17,73,92
2234,21,63,24,10,14,97,17,5,9,103,84,4,115,7,100,88,68,89,16,93,92,26,28,104,19,62,112,114
2235,8,65,19,6,12,103,34,4,46,77,20,7,92,14,54,24,23,67,5
2236,23,22,1,11,15,7,89,114,3,20,19,95,26,21,37,18,61,64,27,111
2237,13,12,63,95,18,26,66,21,8,7,3,2,5,24,114,14,6,16,19,75
2238,3,19,11,17,2,43,10,5,9,84,55,14,20,104,58,46,22,23,109,86,67,89
2239,63,13,14,17,25,28,79,2,23,7,8,95,11,15,16,36,90,10,55,9,3,33,12,89
2240,20,23,8,13,2,3,6,26,24,12,97,34,10,22,89,63,84,100,28
2241,5,26,11,4,20,66,18,95,10,13,9,89,24,14,19,97,17,114,3,108
2242,26,117,92,95,10,12,16,43,1,9,107,20,22,112,2,3,84,104,90,46,24,34,25,18,82,93
2243,9,14,84,25,7,10,3,114,63,104,95,24,12,97,26,8,107,20,46,21
2244,16,86,4,11,3,8,14,89,1,22,95,25,77,7,10,83,72,2,118,15
2245,5,15,8,14,20,21,34,25,23,2,97,16,22,55,17,107,13,84
2246,84,15,13,95,25,89,79,6,119,102,12,92,26,103,62,110,18,24,101,22,14,7,91
2247,2,16,12,20,84,103,1,88,46,19,89,15,17,90,116,18,83,114,81,13,41,102,113,55,115,49,3,97,101
2248,8,16,92,22,6,95,24,10,13,21,26,102,12,9,29,25,4,7
2249,26,89,11,9,5,16,58,15,10,96,67,74,2
2250,15,22,12,114,10,66,92,23,104,46,24,87,64,42,1,100,43,118
2251,13,18,3,17,15,25,92,9,97,14,46,114,66,2,84,7,95,4,102,1,87,23
2252,90,6,2,4,7,84,73,116,23,21,24,46,17,25,3,85,104,12,106,43,10,15,5,103,86,99,1,77
2253,6,46,16,7,25,102,34,10,20,84,97,19,17,63,5,23,71,62,18,100,104,2,119,13,66
2254,24,114,34,28,12,89,11,92,26,15,7,84,95,37,10
2255,34,4,1,92,21,7,19,18,43,14,10,89,8,26,12,5,97,6,55,111,85
2256,12,18,46,8,69,14,3,23,108,118,117,77,60,4,25,55,61,15,9,10
2257,16,21,9,1,12,22,89,11,8,20,63,25,7,100,83,6,34,4,26
2258,11,3,12,10,17,22,6,34,19,114,88,5,25,13,15,85,93,52,18,38,8
2259,8,9,23,89,46,84,103,34,21,20,3,92,63,13,12,61,24,10,16
2260,7,46,15,95,10,55,25,22,89,79,13,94,8,99,66,117,113,9,28,21,92,14,19
2261,19,89,24,10,63,17,16,1,3,15,91,28,11,77,104,23,25
2262,10,13,66,95,21,26,18,9,14,22,12,1,15,25,23,11,42,94,2,63,89,4,16
2263,13,22,2,12,26,19,20,15,9,76,92,43,21,78,48
2264,84,114,89,95,103,74,21,13,4,18,5,8,34,98,1,61,16
2265,15,26,84,10,17,20,24,34,102,95,54,19,2,55,46,13,63,9,23,90,104,74,16,87,11,12,92
2266,7,16,1,95,12,13,18,6,2,27,34,26,4,22
2267,25,84,114,26,7,19,12,3,92,16,95,90,104,15,46,97,6,38,13
2268,20,18,13,6,10,103,1,34,25,54,68,104,96,21,17,24
2269,9,1,20,3,7,2,95,17,8,14,25,34,43,46,10,69,23,63,104,40,97,114
2270,114,11,89,19,34,92,25,24,6,17,84,95,46,12,20,90,106,104,16,97
2271,46,19,28,9,24,15,21,55,13,86,95,94,43,81,3,18,103,75,64,84,62,83,102,22,11
2272,22,13,5,23,18,34,89,114,10,26,88,14,62,117,17,63,119,7,46,97,20
2273,114,97,1,22,63,5,20,6,66,104,2,89,23,7,34,21,15,103,26,41,46,117,118,24,10,28,40,59,14,33,106,12,96
2274,46,12,26,3,2,18,9,111,16,6,22,10,70,20,114,34,8,66,55,86,33,41,88
2275,89,5,24,16,7,92,20,97,34,19,4,13,26,46,11,81,74,12,1,114
2276,34,11,1,89,10,20,25,5,66,28,107,43,118,23,91,79,22,95,18,2,101,90
2277,5,18,63,2,7,1,55,11,14,9,23,43,62,12,32,96,25,24,54,22,8,104,92
2278,17,39,19,103,62,55,2,7,107,5,11,26,4,85,69,14,99,82,3,57,21,24
2279,1,18,17,97,90,34,6,67,14,108,44,104,7,71,63,66,64,12,8,114
2280,95,63,24,43,87,82,17,88,101,83,119,94,13,9,58,35,4,22,106,74,99,23,109,18,75,113,16,97,12,56,5,73,77,19,34
2281,19,8,89,92,25,34,24,88,110,60,119,2,21,63,9,20,43
2282,104,46,17,92,6,84,114,9,63,35,89,62,2,109,55,115,24,14,36,8,22,7
2283,2,34,46,3,9,16,55,1,14,10,51,23,63,29,21,105,12,66,22,8
2284,12,46,22,13,4,2,25,24,43,26,79,20,18,95,97,1,117,5,9,35,19
2285,84,16,2,19,92,26,22,3,12,114,97,9,15,103,5,34,49,17,28,38,46,89,118,11,20
2286,16,5,26,6,24,3,11,97,47,7,9,1,106,84,63,25,12,88,20
2287,89,84,1,15,43,19,2,7,11,60,88,18,110,9,46,8,22,34,14,117
2288,9,20,24,17,7,13,22,4,104,18,14,16,2,97,26,34,114
2289,46,117,95,85,5,10,25,16,97,2,88,104,17,13,92,11,15,58,26,9,43,89,6,111
2290,25,114,9,26,2,11,89,10,43,103,35,7,92,12,13,22,6,17,16,14
2291,19,8,21,97,15,63,101,46,25,28,24,16,90,10,113,45,22,58,40,23,114,107,103,43,18,83
2292,89,1,26,9,14,28,13,34,59,85,49,2
2293,9,22,11,21,17,6,3,89,15,117,10,12,5,34,69,19,2,37,54,55,97,16,84
2294,21,114,18,9,19,3,8,7,96,34,11,22,4,104,6,15,20,79,46,17,5,1,98,81,12
2295,13,3,20,21,89,25,10,14,92,60,17,18,97,110,12,104,68,113,16,107,95,73
2296,10,12,25,8,46,13,21,41,6,26,23,97,15,89,20,16,1
2297,97,15,84,11,10,20,16,46,66,13,74,9,70,86,8,26,24
2298,8,6,11,26,1,111,12,103,92,23,43,34,44,3,39,22,117,83,63
2299,8,11,7,28,5,97,114,2,34,43,3,10,16,22,103,14,84,20
2300,21,26,16,46,84,4,15,92,114,23,2,97,102,104,99,115,1,25,51,54,89,14,10,11,34,24,103
2301,26,24,3,95,7,46,17,5,2,55,18,20,13,28,12,9,4,99,11
2302,22,23,6,114,14,55,79,84,15,90,88,46,2,16,36,54,119,92,95,99,24,3,25,17,85
2303,17,14,9,46,103,89,95,12,34,84,11,20,24,21,8,119,6,22,4,26,10
2304,26,46,16,25,6,107,4,84,15,114,92,12,5,2,104,13,58,23,18
2305,2,16,95,18,26,17,21,97,6,1,4,84,114,27,85,22,66,7
2306,22,23,89,17,7,10,55,13,95,20,25,1,6,28,15,21,16,93,66,63,104,19,26,11,9
2307,13,10,103,89,16,6,5,63,14,21,26,24,20,8,11,12,7,2
2308,24,11,7,10,21,46,92,62,34,1,63,114,12,6,19,112,103,25,99,5,95,43,118,111,88,4
2309,8,114,17,26,6,21,3,14,34,22,24,74,89,15,19,107,2,90,95,85
2310,12,7,34,6,46,92,21,88,19,22,16,10,24,70,116,13,89,1,119
2311,2,15,84,22,11,23,10,7,13,25,114,46,6,89,45,1,117,8
2312,10,13,63,5,7,23,26,66,1,14,46,4,22,20,95,25,21,118,12,77,11,90,84,8,2,112,34,55
2313,25,22,15,2,11,89,17,20,9,92,6,19,23,97,13,27,77
2314,2,25,20,18,21,15,23,26,55,22,7,95,46,10,34,11,5,89,65
2315,26,103,97,2,16,9,17,8,89,6,12,25,34,4,107,5,115,62,53,21,63,24
2316,2,1,17,9,34,11,95,3,44,21,36,100,6,4,114,20,89,16
2317,12,95,25,6,19,84,21,5,16,4,46,92,94,14,2,70,18,102,24,88,32,79,23,77
2318,3,13,18,7,21,9,8,34,11,1,6,15,19,10,103,17,99,5,24
2319,34,6,97,14,46,86,12,63,102,8,5,95,1,9,13,85,77,16
2320,8,25,9,18,12,114,89,1,26,7,13,22,46,2,10,93,102,6,14,92,3,62
2321,10,95,97,92,63,12,114,22,109,11,21,5,26,20,9,17,2,113,6,14,23
2322,14,22,20,24,4,19,13,10,11,16,25,15,18,9,6,23,89,62,84,46,54,7,26,2,101,92
2323,6,14,95,23,19,7,26,20,62,4,107,11,21,67,17,38,117,91,2,114
2324,14,34,6,23,63,92,84,8,10,96,9,19,12,17,26,20,1,46,7,15
2325,11,46,19,23,10,8,34,4,114,6,59,87,99,67,21,15,119,74,73,24,55,1,22,18
2326,7,9,19,23,2,24,104,12,95,88,20,18,43,114,3,61,10,4,1,22,56,103,13,15,46
2327,26,14,92,25,21,85,10,24,5,15,34,2,1,19,99,22,3,17,13
2328,21,8,4,34,16,9,11,25,5,117,15,24,22,2,97,62,13,1,83,64,87,20,10,92
2329,12,3,74,15,34,104,26,46,92,107,14,115,6,17,20,90,35,114,13,111,9,85,109,2,97
2330,89,66,13,92,97,46,5,14,2,117,9,3,25,109,10,36,23,1
2331,9,89,17,3,22,66,25,7,8,5,114,15,19,92,117,55,21,24,23,11,95,28
2332,2,8,46,117,10,9,7,86,21,34,89,56,22,26,11,16,92
2333,26,19,21,11,7,17,12,46,25,1,47,34,5,93,89
2334,25,101,22,12,10,23,66,95,117,55,24,3,105,96,4,88,100,15,46,8,76,79,6
2335,10,17,97,7,2,20,3,11,13,12,18,24,15,25,34,33,89,16,103,43,8,4,22,5
2336,66,2,21,9,5,23,46,63,97,64,8,92,54,25,7,18,15,114,6,118,22
2337,1,22,66,21,8,46,24,117,9,26,10,95,104,14,18,11,19,13,103,114,107,6,12
2338,19,89,13,97,7,10,92,18,15,14,16,26,2,62,63,46,98,6,17,21,5,9,103,1
2339,46,22,16,114,6,5,92,90,89,32,80,53,58,24,43,49,19
2340,3,97,95,22,34,25,7,114,5,1,20,16,91,9,6
2341,15,13,19,22,9,63,114,84,8,92,2,46,10,25,4,11,95,112,96,83,55,5
2342,92,8,5,46,1,107,119,18,14,55,4,62,114,10,102,23,28,104,95,19,41,88,24,96,90,34,12
2343,114,18,14,6,2,10,34,11,17,19,22,46,8,64,89,25
2344,7,5,21,18,89,114,6,1,26,16,103,24,3,9,55,15
2345,20,10,13,5,6,1,11,54,19,17,69
2346,2,8,6,11,13,3,102,114,14,19,22,10,23,96,97,16,63,41,46,26,7,51,20,17,4,64
2347,21,34,16,18,2,95,23,48,15,84,28,6,20,9,4,12,1,64,17,5,56,19,3,27
2348,20,26,18,8,11,21,6,5,92,13,22,84,2,1,95,97,102,85,25,56,15,14
2349,114,6,8,10,15,3,25,34,43,11,16,21,12,23,17,59,62,18
2350,18,25,5,2,15,3,17,21,16,14,66,6,63,62,10,23,77,1,20
2351,19,66,89,12,28,21,84,17,15,10,95,6,18,103,3,85,46,107,88,9,1,90,37,113,7,71,25
2352,24,3,34,26,15,12,104,8,63,92,73,114,20,42,97,23,72,111,36,6,22
2353,9,89,13,97,20,8,46,17,79,84,92,4,22,41,16,102,26,106,57,19,73
2354,9,11,46,24,25,92,15,14,23,18,10,26,16,66,2,21
2355,21,9,90,18,19,6,22,1,63,13,34,16,92,36,26,5
2356,22,23,3,26,117,5,18,85,100,96,10,14,7,115,46,1,17,50,116,114,70,89,79,94,92,111
2357,6,24,1,22,14,107,15,26,90,3,94,21,4,7,5,97,13,54,47,92,89,85,63,73
2358,55,103,9,92,2,34,46,23,114,14,10,93,97,41,25,20,12,11,24,5
2359,13,18,10,20,46,22,97,6,55,21,7,89,117,34,50,5,43,58,115,92,102,24,2,16
2360,6,24,5,12,14,34,89,3,46,97,25,1,9,32,117,92
2361,12,7,84,3,26,9,11,19,8,5,63,20,14,119,2,58,114,17,24,90
2362,89,103,26,19,95,10,104,114,7,4,16,6,22,1,5,112,79,63,24,55,3,2,52,97
2363,5,114,8,13,103,24,74,63,89,55,101,28,34,14,43,67,75,95,106,45,96,46,73,39,18,11
2364,9,7,89,63,43,8,14,95,10,74,12,24,19,103,15,92,28,23,116,2,119
2365,9,97,23,20,55,22,46,92,18,73,63,42,89,25,3,26,10,19,114,4,13,12,21
2366,8,2,114,11,6,17,26,20,104,9,95,22,23,10,19,24,5,7,76,13
2367,14,17,82,12,1,100,5,79,13,89,92,4,39,107,6,20,69,97,8
2368,7,34,25,111,9,12,19,55,77,16,89,60,97,3,8,28,85,69,103,15,65,11,29,104,17,23
2369,16,19,11,15,84,25,92,54,10,114,13,64,26,2,38,89,65,95
2370,15,34,16,26,19,11,97,6,18,92,1,63,89,95,3,49,20,55,5,101,25,114,21
2371,10,55,1,25,103,74,117,95,4,5,3,21,104,22,102,28,19,62,8,92,66,6,11,89,13,78,97,115,16
2372,25,46,3,22,10,118,15,11,17,16,114,6,21
2373,89,97,25,22,21,84,5,92,78,18,6,14,12
2374,16,46,84,119,13,8,88,2,12,14,28,34,95,15,114,9,76,86,22,6,99
2375,6,26,3,97,18,46,34,19,55,92,9,4,2,16,20,87,14,10,79,21
2376,21,9,89,25,4,19,1,12,10,7,15,18,3,63,24,8,26,34,92,62
2377,6,13,34,1,20,12,90,18,9,22,19,16,70,10,117,104,25,56,3,64
2378,19,17,25,12,104,89,1,21,84,95,4,11,91,6,22,62,7,14,82,54,117
2379,10,8,25,6,7,3,5,2,15,1,9,16,21,34,20,46,89,23,79,17
2380,26,5,15,17,89,104,79,19,95,72,11,54,3,12,46,97,32
2381,114,11,5,28,43,6,4,19,10,92,20,112,9,89,21,62,26,1,7,13,55,75,25,117,15,18
2382,13,8,7,34,62,92,12,16,25,22,10,3,46,19,6,9,43,84
2383,12,11,20,19,1,34,5,7,2,3,84,48,97,114,16,102,8,46,10,26,117,23
2384,8,11,92,23,26,84,62,18,12,88,1,2,29,7,22,114,10,24,79,46
2385,90,112,10,6,23,7,18,114,19,89,97,5,26,43,115,11,17,77,83,111,15,63,74,20,9,95,13,24,100,46,3,93
2386,97,34,92,8,11,28,95,20,10,88,89,16,69,21,14,46,19,119,1,25,23,84,26
2387,23,46,15,66,104,12,21,84,34,22,16,114,91,13,58,28,107,26,9
2388,22,46,24,21,8,18,5,1,10,11,66,23,19,2,17,34,114,7,65,92,9
2389,17,3,46,18,9,15,24,4,114,28,84,23,19,50,85,30,69,6,11,89,21
2390,10,8,11,23,5,12,34,116,118,44,4,43,19,25,59,33,22,46,84,114
2391,3,26,17,97,20,15,16,84,23,22,107,103,117,91,90,34,114,13,8,58,89,12,43,95,46,92,70
2392,18,13,84,20,9,97,66,46,107,21,11,64,105,6,57,2,24
2393,3,34,13,107,10,24,18,20,15,17,66,55,84,16,116,12,104,95,22,97,8,90,89,25
2394,21,12,65,53,17,89,106,118,18,70,33,119,16,28,39
2395,92,26,1,25,95,10,89,19,46,101,63,34,104,94,90,15,31,49,32,21,56,13
2396,46,7,8,111,16,15,26,10,19,114,63,20,23,84,34,5,110,89,3,9,12
2397,103,34,23,46,17,9,11,114,89,63,35,104,21,14,26,13,3,2
2398,10,9,102,18,11,95,3,104,25,24,100,6,74,101,17,87,92,43,86,19,20,97,68,1,34,65,53,16,84,2,26
2399,114,34,12,38,1,66,43,7,97,2,26,8,60,33,102,5,94,78,17,21
2400,79,11,16,5,117,17,12,34,14,97,47,7,100,86
2401,3,10,63,1,26,34,24,102,14,13,2,8,16,117,5,6,54,60,81,11,73
2402,92,11,16,114,104,18,24,10,89,6,3,5,43,117,115,54,23,20,2,85,70,119,79,7,74
2403,9,24,25,18,21,20,2,10,34,111,5,17,7,44,119,113,13,55,4,19
2404,24,23,88,114,84,9,96,107,25,13,16,77,43,97,104,74,63,89,66,54,26,3,101,32,99,36,11,113,58,19,71,45,47
2405,57,95,46,84,8,22,14,18,3,17,11,21,2,16,28,97,7,10
2406,7,1,89,97,4,11,2,17,25,95,63,9,5,74,15,90,79,24,13
2407,25,2,9,92,97,14,10,13,23,43,35,18,63,31,12,94,20,96,46,6,22
2408,1,16,9,23,114,92,8,18,54,107,7,46,17,95,21,26,57,104,35,76,19,50,3
2409,16,21,17,11,12,20,102,15,25,1,26,104,8,117,6,10,18,46,24,92,43
2410,34,46,2,6,92,7,8,19,69,89,59,66,23,14,15,18
2411,8,63,5,46,22,17,3,14,6,1,11,33,19,20,21,12,15,26
2412,14,22,6,3,21,18,17,63,95,34,84,26,19,90,92,29,24,88,46,15
2413,8,89,18,34,12,17,10,9,26,15,2,84,16,43,92,13,96,52,11,54
2414,14,21,5,34,15,46,6,43,19,26,7,10,8,78,17,16,90
2415,2,9,11,21,10,12,8,6,92,84,34,3,17,1,23,95,104,20,114,18,4,16,46
2416,24,10,3,16,13,97,79,25,114,4,5,14,86,109,1,89,7,101,20,74,44,11,6,19
2417,15,13,114,14,95,34,3,17,24,28,97,21,10,55,11,1,77,9,111,63,2,18,69,73,7,26
2418,8,89,21,20,14,7,95,114,97,90,60,51,16,19,23,15
2419,46,16,15,13,97,102,95,5,17,24,9,55,92,3
2420,28,3,7,17,103,89,101,13,10,46,24,18,107,92,64,25,54,88,21,80,14,16,6,8,104,84,1
2421,20,21,63,43,35,95,9,12,13,84,79,81,31,45,5,10,67,34,22
2422,13,97,15,1,89,3,24,104,10,99,62,84,82,17,5,11,2,41,26,7,22
2423,114,34,46,23,28,2,12,14,25,26,16,4,15,84,105,57,18,17,55
2424,9,92,11,18,46,7,6,16,5,95,89,20,106,75,19,73,25
2425,84,15,9,25,7,8,104,13,5,111,22,114,26,46,16,10,43,1,2,119
2426,26,10,104,62,7,4,1,25,89,55,23,24,14,29,15,46,17,92,9,6,84,97
2427,34,24,9,28,4,15,23,104,57,71,3,19,89,46,6,42,84,111
2428,5,7,12,114,102,10,20,6,16,26,14,19,15,46,18
2429,10,103,63,95,5,22,21,84,9,12,65,89,112,73,97,1,13,55,18,66,11,20,16
2430,16,24,9,104,90,1,13,14,22,23,20,46,80,112,95,96,89,5
2431,14,23,9,46,26,88,79,8,117,7,80,84,17,24,16,3,89,103,95,34,11,5,86,55
2432,84,7,1,15,9,95,25,8,87,92,112,37,6,52,2,118
2433,84,114,6,13,25,16,11,58,21,14,8,7,46,9,3,34
2434,7,97,114,1,46,34,22,64,85,10,18,15,14,89,26,19
2435,20,25,39,97,104,38,83,10,18,21,95,6,29,9,7
2436,19,5,17,6,89,3,34,114,15,13,84,4,8,10,24,22,92,63,23,27,26,20,25
2437,3,21,25,11,12,13,104,95,109,89,8,1,14,18,91,10,42,33,20
2438,82,33,14,114,100,92,34,25,13,88,19,79,62,26,5,104,103,2,21,46,7
2439,1,89,16,103,8,55,75,100,88,62,5,18,81,24,43,116,82,92,112,85,10,6,54,77,46,30,20,45,58,107
2440,66,34,103,2,15,13,89,6,26,18,95,7,97,104,11,1,28,81,43,92,90,114,100,64,63
2441,97,114,15,10,89,84,21,9,14,95,11,43,46,8,18,79,26,6,19,4
2442,7,19,46,9,24,3,15,4,103,23,6,11,14,63,8,41,29,101,21,26,17,58,69,2,1,5
2443,2,16,22,20,13,19,11,6,1,95,112,65,79,47,10,104,12,27,98,92,97
2444,19,26,14,114,4,13,7,11,2,89,95,3,1,43,34,118,110,20
2445,22,63,95,9,18,28,10,11,16,26,66,104,92,89,55,12,15,2,24,91,90,103,74,25
2446,5,10,95,22,89,6,110,20,16,26,65,111,18,55,115,118,62,23
2447,1,97,92,6,66,2,26,19,84,9,28,21,16,7,119,13,73
2448,114,88,17,22,15,6,103,1,93,89,46,51,31,79,63,19,111,18
2449,2,12,21,114,18,66,16,26,25
2450,73,14,9,95,46,103,2,43,92,104,117,11,100,1,16,65,7,17,101,6,40
2451,26,22,63,16,6,10,17,27,104,73,96,11,25,24,97,114,13,3,54,101
2452,6,2,9,20,3,22,12,7,34,114,15,84,64,95,32,102,24
2453,2,22,5,7,1,46,97,43,16,114,34,111,10,98,9,56,26,117,104,11,18
2454,46,34,6,95,17,11,66,62,63,92,114,13,1,72,54,82,97,14,36,16,3,104
2455,34,1,92,25,9,97,8,22,6,24
2456,18,24,13,16,10,74,3,84,95,89,26,25,103,7,78,92,22
2457,98,96,18,25,12,106,77,111,9,118,55,93,28,88,75,16,20,43,84,1,46,105,112,92,85,117,78,102,5,4,3,51,15,37,83,113,86,38,115,13,114,97
2458,19,97,6,13,95,9,63,24,8,18,3,22,46,21,89,82,85,26
2459,2,19,9,10,24,97,55,5,46,1,11,15,34,89,110,117,39,54,95,29,61,104,7,26
2460,21,22,16,14,1,6,26,13,15,63,114,11,94,5,62,17,3,27,25,67,104,23,43
2461,2,25,87,11,46,23,6,7,119,21,4,18,15,19,22,102,95,16,89
2462,8,17,11,3,14,9,95,21,19,26,104,5,24,34,97,117,16,89,7
2463,1,95,20,104,46,8,9,10,26,114,17,6,39,44,5,19,106,16,117,18,14,2
2464,14,34,89,4,97,22,25,107,60,17,46
2465,97,12,46,92,17,9,18,68,64,63,26,11,2,10,38,19,20,103,28,7,95,4
2466,114,12,11,20,13,17,8,9,15,46,43,64,24,6,95,3,89,84,7
2467,21,10,16,25,11,26,14,1,87,88,7,46,90,35
2468,34,22,5,21,10,13,15,4,118,26,14,6,79,23,17,44,92
2469,21,2,25,1,24,22,63,6,35,109,54,97,20,84,76,19,3,12,11,34
2470,14,23,95,114,24,26,34,4,8,89,103,6,41,93,3,15,21,92,1
2471,9,44,13,8,2,14,10,46,5,34,18,89,22,16,20,39,24,17,11,105,7
2472,19,118,34,15,23,18,7,6,12,9,101,2,55,21,11,46,111,97
2473,15,9,12,18,21,1,43,84,104,24,103,4,26,54,46,39,27,92,69,23,19
2474,5,79,97,34,17,24,89,22,15,55,7,117,88,54,60,77,61,25,35,28,70,63,8
2475,89,14,15,13,5,21,114,2,104,43,9,11,97,25,19,67,8,3,24,119
2476,16,2,95,24,26,21,46,14,13,23,10,34,7,98,6,5,63,19
2477,3,17,97,21,14,18,89,46,92,112,71,2,114,42,6,28,19
2478,46,2,43,104,63,11,4,34,111,24,16,19,8,3,33,79,6,61,67,21,22,7
2479,17,21,119,95,28,4,38,24,11,15,8,117,64,114,91,110,1,56,79,34,16,23
2480,34,16,19,89,3,95,4,1,79,41,13,56,10,84,15,28,45,18,92
2481,20,6,5,84,22,114,4,9,16,19,62,17,90,81,41,29,14,73,71,100
2482,13,84,117,26,22,114,3,14,21,16,92,34,60,5,55,43,44,59,67,18,25,6
2483,11,22,25,95,19,3,84,15,23,7,8,55,17,66,4,76,21,63,38,71,14,6
2484,14,3,10,20,19,63,90,93,111,95,117,114,55,21,99,2,9,22,104,77,84,47,33,34,35,43,103
2485,15,8,25,90,4,63,104,77,5,89,11,55,14,21,20,19,18,97,12,96,9,24,93,101,74
2486,103,17,22,10,34,14,2,23,7,26,20,41,18,15,46
2487,22,17,8,89,34,7,75,115,12,92,97,9,24
2488,24,1,107,22,46,21,11,3,12,8,89,7,10,84,97,92,103
2489,11,26,6,34,1,25,12,8,97,17,89,76,114
2490,2,24,19,7,92,89,12,18,11,26,3,119,4,1,117,5,37,79,97,114,43,78,25,95
2491,1,26,16,21,4,7,95,12,63,54,96,85,34,117,5,99,3,64,9,114
2492,14,2,46,107,26,15,10,63,22,17,25,111,23,4,95,8,43,13,7,18,66,16,38,119
2493,8,11,17,5,66,34,84,20,89,95,92,26,12,114,90,30,70,6,40,67,13,71,10,107
2494,84,16,26,43,63,54,89,34,99,107,24,8,52,20,12,13,62,10,60,66,9,15,55,87,18
2495,84,92,26,21,28,103,97,5,88,4,13,89,66,8,7,114,15,2,3,79,110,67,102,63,6,111,25,94,93
2496,34,9,26,7,14,24,46,114,17,62,92,1,5,12,95,19,96,68,16,18,28,8
2497,3,8,24,34,20,23,21,15,16,70,22,54,18,90,6,43,14,46
2498,89,9,14,15,90,12,7,92,1,20,104,34,100,30,75,5,41,78,119,19,21,25,3
2499,19,46,2,20,4,8,97,7,89,6,3,17,10,1,95,51,16,63
2500,2,3,10,15,103,90,1,107,19,24,26,97,12,6,89,13,20,96,59,84,21,87,9,5,22
2501,18,89,14,19,34,9,15,46,7,10,23,107,104,24,12,114
2502,34,5,14,10,23,89,35,64,22,38,1,16,26
2503,26,19,103,5,22,90,18,9,89,25,46,6,34,11,24,49,17,83,84,93,95,15,92,4
2504,12,18,19,9,114,7,92,13,56,108,16,34,5,89,46,97,15
2505,6,8,22,26,104,7,46,20,18,23,13,117,89,97,15,63,17,25,9,1,111,5,11,14,62
2506,63,1,84,79,2,5,114,7,89,18,8,9,15,25,17,21,19,10,73,20,116,97,72
2507,8,7,3,13,2,103,97,26,95,9,16,10,66,63,6,18,24,58,15
2508,25,1,34,7,21,20,55,2,6,11,84,14,4,117,77,63,24,89,17,15,46,16
2509,46,114,33,10,8,92,20,12,6,84,77,43,7,14,5,4,24,3,18,95,57,71
2510,97,23,11,95,20,25,18,46,4,43,34,21,80,16,90,10,65,60,12,50,107
2511,10,97,21,8,84,22,14,18,6,114,63,95,58,38,2,13,5,25,1,96,73
2512,34,3,20,22,9,7,46,12,89,17,97,92,25,15,24,13,5,16,56,82,2,18,74,19,28
2513,112,114,28,9,92,8,88,95,22,26,84,55,111,18,11,15,10,64,101,97,5,79,24,25,80,117
2514,21,18,34,62,11,89,111,63,6,19,1,95,2,9,14,24
2515,46,61,11,17,25,89,16,1,106,97,23,6,13
2516,58,92,43,24,84,114,26,20,22,63,103,25,14,54,104,97,18,2,7
2517,13,90,79,70,15,115,16,64,20,84,7,26,4,37,46,30,11,24,81,22,6,95,19
2518,14,12,15,89,46,13,103,5,26,112,114,84,92,17,3,22,48,2
2519,8,5,3,89,11,34,23,59,10,50,82,14
2520,17,6,66,18,16,114,2,1,21,5,26,44,58,9,10,25
2521,8,20,22,34,19,55,95,5,4,7,9,18,21,43,1,14,82,15
2522,25,19,7,46,12,63,54,18,6,2,115,90,92,4,13,15,24,66,101
2523,13,19,23,17,12,89,11,8,15,95,43,9,87,92,18,99,1,10,5
2524,19,14,16,114,24,9,92,104,20,34,46,2,1,97,72,95,11,23,22,15
2525,92,24,11,20,14,22,2,13,34,1,93,46,26,5,58,25,55,4,43,23,16
2526,21,92,25,82,20,11,8,34,66,97,117,17,35,112,22,114,40,15,69,62,14,68,7,115,12,9
2527,2,114,10,88,95,17,20,15,11,89,52,63,84,24,16,102
2528,26,5,7,114,63,25,14,107,10,17,24,97,23,3,9,15,19,78,98,103,84
2529,8,2,22,3,34,20,114,16,117,27,89,101,14,6,7,21,12
2530,24,12,95,17,18,16,9,46,25,23,14,100,111,99,113,2,97,15,107
2531,20,26,15,104,89,4,103,88,100,1,2,114,18,9,24,65,16,14,111
2532,9,2,34,28,62,21,13,24,11,114,47,7,91,4,26,112,17,43,3,8,22,42
2533,89,14,6,10,15,66,4,7,21,92,25,114,26,2,103,84,97,13,20,73,63,9
2534,18,26,17,13,15,3,24,89,46,12,10,95,74,8,115,111,2,28,21,97,6,25,102,7,90,86
2535,13,11,12,7,1,15,14,6,21,23,107,50,89
2536,1,9,114,23,46,22,13,12,16,89,4,19,99,18,63,95,43
2537,13,7,95,16,34,20,17,78,26,55,103,74,14,3,97,87,11,10,5,19,24,18
2538,16,3,26,13,1,7,11,46,103,10,84,14,63,73,108,97,4,17,54,23
2539,12,4,8,84,104,17,7,89,9,114,2,24,43,64,3,95,16,15,26,6
2540,84,46,10,13,3,11,62,17,23,19,24,4,5,21,92,95,36,89,6,16,9,2,18,114,15
2541,103,15,12,7,25,11,3,28,117,13,8,26,14,2,65,17,34
2542,2,95,90,28,46,54,10,26,25,55,43,89,18,81,113,77,7,92,11,104,5
2543,8,20,3,13,97,34,84,89,27,39,114,25,103,73,6,2,33,55,9,91
2544,7,114,19,12,23,78,8,111,66,4,104,119,13,102,101,26,55,16,22,107,109,10,89,79,73
2545,92,9,89,26,18,10,19,22,16,5,2,7,104,21,15,117,6,1
2546,114,17,46,11,6,97,5,4,16,23,34,19,3,62,24,84,66,18,117,64,92,22,89
2547,95,25,17,1,107,5,24,10,73,26,3,90,119,21,41,101,23,84,15,19,115,117,89,110,18
2548,21,107,63,2,22,114,34,14,16,26,15,66,84,24,12,8,13,104,85
2549,12,8,5,34,21,114,97,9,18,11,25,22,15,79,89,55,4,10,1,78,20,91,107
2550,25,13,21,34,3,97,104,22,117,11,43,46,103,75,7,113,5,14,55,17,101,10,39,15,62
2551,3,21,22,107,9,104,11,14,89,2,94,12,26,1
2552,3,89,97,1,26,12,25,20,18,4,68,21,17,66,23,14,114,10
2553,8,92,114,6,46,25,24,26,84,10,43,34,54,48,20,1,16,76,105,2,89
2554,12,95,16,2,92,4,3,114,8,34,25,17,90,9,11,68,89,1,81,107
2555,11,4,62,77,17,6,82,19,92,12,24,18,55,25,89,28,95,84,5,91,48,107,23,1,14,104
2556,1,24,89,104,4,8,34,19,15,14,16,6,75,12,22,100,118,79,43
2557,20,97,24,1,12,114,63,6,34,16,10,8,107,46,18,14,17,19,21,4,22,62
2558,14,21,25,97,92,26,20,15,89,23,3,12,2,114,90,34,1,17
2559,16,95,17,46,2,24,21,8,13,117,11,19,14,26,85,15,25,104,103,97
2560,14,22,3,24,25,84,113,15,92,12,104,10,16,97,6,1,80,89,4,7
2561,10,19,28,8,7,1,15,16,26,18,48,11,24,97,46,25,20,89
2562,63,89,25,18,119,62,43,12,104,28,96,107,97,5,3,46,73,35,17,21,84,54,111,34,23
2563,24,114,25,14,10,3,11,16,44,34,63,1,65,2,97,15,89,21,82,12
2564,13,18,8,3,4,26,21,7,5,69,40,49,89,10,109,34,110,43,55,20,63
2565,3,34,1,46,24,8,89,15,25,85,97,17,22,9,119,2,20,79,95,5
2566,22,19,92,77,12,8,7,32,1,13,10,46,16,66,111,104,89,95
2567,89,14,92,3,26,1,114,63,21,8,4,13,116,11,12,27,51,6,30,7,90,2,108,95,46
2568,108,90,12,15,14,46,8,22,32,10,16,11,20,70,100,17,43,6,79,5
2569,15,6,9,1,11,104,62,4,95,10,117,26,90,3,50,7,19,39,71,25,97,2,31,24,114,89
2570,7,21,14,9,55,19,43,26,114,13,1,46,95,92,102,34,11,5,101,25,107,2
2571,3,9,5,92,114,34,12,11,104,2,16,8,6,10,26,22
2572,3,21,15,7,5,20,17,9,14,18,84,92,19,11,4,114,109,97,89,12
2573,3,21,23,97,5,91,20,34,86,13,12,2,94,8,14,17,26,71,10,46
2574,1,46,20,97,26,8,2,95,5,13,3,102,30,6
2575,15,6,46,97,85,115,8,89,43,25,28,17,56,93,63,13,2,88,82,109,18,99,92,75,9
2576,2,97,84,22,11,43,14,107,17,95,63,13,4,25,37,3,24,72,10,87,114,26
2577,11,111,18,114,20,19,1,25,92,3,8,26,17,10,2,55,5,14,15,89,24,7
2578,19,4,25,24,89,18,34,54,114,26,3,96,5,55,16,9,23,15
2579,20,21,114,34,8,89,17,12,24,16,9,27,46,60,95,18,92,23,84
2580,63,34,21,55,95,26,11,103,62,23,43,19,15,46,6,112,83,25,97,13
2581,46,8,89,14,103,6,5,25,85,15,24,95,23
2582,11,58,17,22,18,46,117,89,4,16,12,23,19,80,90,105,2,25,101,1,35,97,63,7,3
2583,11,10,92,6,33,95,22,9,12,20,8,3,43,14,97,90,63,1,91,46,77,84,55
2584,23,85,84,95,3,10,17,111,46,22,63,114,54,112,74,15,19,12,34,65,92,5,18,79,56,1,2,101
2585,17,95,26,25,22,97,14,24,2,18,16,4,15,91,92,37,89,10,20,9,77,34
2586,84,3,103,85,1,10,12,7,34,6,11,14,16,88,46,19,97,26,58,107,66,98
2587,2,5,97,8,18,12,3,21,4,89,26,92,10,19,15,117,53,11,34,46
2588,13,114,25,18,92,20,104,16,6,23,19,62,21,43,7,3,105
2589,24,34,23,4,7,63,97,6,16,44,111,26,19,8,48,11
2590,14,21,18,46,66,7,26,1,17,34,89,2,114,63,90,70,97,30,51,58,13,24
2591,19,89,28,92,55,10,114,8,12,17,97,103,87,9,79,46,34,1,104,68,20,94,95
2592,9,11,84,19,17,25,4,14,104,26,97,92,34,16,13,21,117
2593,11,19,12,6,1,5,95,114,9,24,34,55,16
2594,89,34,8,20,21,26,84,58,24,63,22,57,25,104,108,12,9
2595,6,66,114,8,103,20,3,14,16,28,46,21,117,24,12,101,91,95,54,15,40,13,25,104,19,7
2596,34,5,18,107,23,24,17,20,63,10,117,89,3,26,16,53,92
2597,25,13,22,3,16,103,97,11,8,69,46,89,4,20,63,43,23,34,17,79
2598,14,13,5,114,1,21,67,19,3,92,26,89,25,20,8,119,12,7,66,97,46,24,10,18
2599,46,1,82,3,107,16,55,104,100,93,8,84,15,92,89,83,63,24,33,95,62,110,118,39,12,2,115,32,34
2600,13,26,63,2,22,4,97,114,8,20,102,43,42,6,54,5,16,29,9,37,113,35,14,74,104,21
2601,13,8,15,95,63,18,20,23,117,1,55,5,17,7,114,12,3,84,26
2602,34,17,21,24,103,63,3,20,25,22,43,12,31,9,110,5,83
2603,2,12,9,34,10,20,43,97,101,102,77,18,8,15,11,21,117,49,104,95,85,22,84,66,14,6,53,103,107
2604,34,21,5,8,18,16,46,3,90,14,85,24,43,1,60,114,17
2605,10,17,24,55,103,117,46,62,73,113,111,82,98,23,19,102,1,72,100,96,99,15,110,4,3,119,16,30,77,97,101,49,109,76,88,12
2606,26,1,18,15,3,13,7,21,2,46,89,17,9,34,20
2607,2,26,41,70,10,8,7,66,46,11,6,16,3,15,12
2608,18,46,1,8,9,20,114,22,6,16,2,26,21,58,15,103,51,109,7,105,95,23
2609,1,7,20,10,4,8,34,63,26,28,17,6,14,24,114,18,23,38,69,92,111,16,5
2610,1,26,24,5,10,21,6,12,8,13,46,92,18,38,11,9,25,93,20,3
2611,8,46,25,6,34,97,10,114,20,18,9,26,89,11,21,14,19
2612,25,14,20,97,2,22,8,11,21,3,10,71,24,12,7,26,43,84,63,103,34,1,104,89,46,83,98,15,109
2613,22,34,1,104,7,10,21,20,23,9,19,16,26,25,50,99,46,6,85,73,5
2614,3,9,5,19,23,21,18,97,26,115,1,39,11,34,22,15,7
2615,5,63,15,19,13,20,55,3,17,12,114,25,26,97,119,91,88,11,14,34,7,8
2616,25,20,24,5,16,1,46,22,15,10,19,34,119,2,109,21,23,94,9,97,103,101
2617,6,97,23,46,92,12,2,24,10,16,11,56,117,112,114,28,22,17
2618,34,9,55,84,8,3,23,28,117,107,12,18,26,4,27,19,24,20,69,16
2619,6,13,14,114,20,89,97,8,5,24,11,30,3,52,23,2,17,87
2620,8,13,6,18,104,11,20,46,10,92,97,28,3,21,17,88,14,15,1
2621,13,8,1,10,55,15,92,24,63,25,34,106,2,26,89,19,12,16,71
2622,46,34,17,12,84,7,18,26,25,3,97,1,30,42,24,2,68,92,63
2623,7,8,84,4,15,24,34,23,55,95,46,14,1,21,89,114,62,5,119,22
2624,19,11,7,1,34,14,8,12,36,103,28,17,16,13,20,117,91,30,6,15
2625,90,16,2,97,81,1,23,84,117,18,8,74,15,21,79,6,114,111,13,103,17,3,100,5,73,101,54,62,93,47,19
2626,22,16,89,66,11,95,117,19,24,23,55,14,3,17,114,1,18,32,8,92,4
2627,8,10,2,23,25,17,7,114,97,16,15,20,34,13,4,90,95,101,72,46,89,73
2628,89,11,1,15,19,86,12,97,24,20,17,18,57,21,6,14,2,16,3
2629,21,18,16,7,89,112,14,25,1,26,6,95,22,23,92,81
2630,89,92,2,14,16,114,7,84,90,11,8,26,24,107,4,3,1
2631,13,16,84,89,26,110,78,17,62,3,27,18,91
2632,8,21,6,3,16,34,26,24,114,10,17,23,19,104,68,73,46,97,95,62,47,61,32,20,2
2633,15,26,23,25,34,89,10,95,14,18,13,79,1,63,6,114,12
2634,114,46,13,97,9,24,117,19,66,3,34,6,23,20,25,40,5,10,63,91,95,58,73
2635,11,16,21,89,24,15,6,23,97,20,30,17,5,14,108,101,53,73,9,66,22,34
2636,15,10,26,9,20,92,55,18,84,95,22,112,19,46,1,21,2,119,24,7
2637,15,67,2,63,89,3,90,54,34,55,57,9,111,104,13,64,43,116,30,19,1,66,114,25,46
2638,5,92,10,7,9,1,90,21,3,6,89,16,84,22,19,11,25,95,116,74,111
2639,10,97,9,21,6,23,24,92,16,15,78,2,70,63,12,13,89,11
2640,5,18,8,20,111,10,2,79,43,34,99,104,92,24,17,31,7,38,6,4,73,1
2641,22,19,11,4,63,5,7,12,15,25,16,3,9,1,2,89,62,8
2642,17,13,46,34,66,2,22,25,88,43,28,55,41,24,8,92,110,15,18,4,97,64,20,11,32,21,3
2643,34,89,16,24,95,97,103,114,9,14,1,15,25,26,104,2,11,66,5
2644,97,17,2,24,107,114,89,103,5,9,80,101,20,46,55,48,63,54,21,79,115,14,104,117,15,3,4,78,1
2645,21,10,9,15,8,6,17,18,46,92,20,12,104,1,40,7,114,23,91,5,56,24,102,103,97,26,47,43
2646,5,2,114,23,3,6,97,15,12,34,103,107,113,60,92,25,72,43,8,89,46
2647,66,23,5,25,13,46,24,11,18,34,97,8,63,71,2,19,9,6,85,114,16,44,68,1
2648,10,19,46,20,23,97,13,42,103,110,32,5,68,89,34,8,92,16,95,101,21
2649,6,1,23,97,24,26,79,95,22,14,107,89,5,65,115,119
2650,7,34,46,8,10,84,89,22,24,25,12,97,3,19,91,70,6,53
2651,16,3,12,10,11,21,22,5,67,6,23,114,68,46,72
2652,14,8,34,22,89,7,16,15,28,19,55,104,81,66,97,90,54,41,110,5,72,13
2653,6,17,89,24,19,22,84,25,95,15,28,110,21,69,26,13,97,1
2654,95,11,2,26,97,22,6,8,15,34,14,54,12,71,19,24,9,21,61,90,102,28,63
2655,6,14,97,15,46,24,11,34,89,7
2656,20,2,4,16,84,89,48,111,11,97,63,7,91,14,24,13
2657,17,13,63,103,24,12,5,10,21,113,92,88,16,97,66,114,108,115,41,117,55,35,6,70,38,23,25
2658,16,23,13,12,3,34,1,46,22,10,43,92,11,19,29,77,88,49,21,59
2659,21,12,23,18,63,24,8,17,34,26,2,13,15,25,19,10,83
2660,12,25,9,14,43,97,3,13,20,26,84,24,114,2,11,104,105,86,56,4,76,18,93,79,111
2661,4,13,16,11,19,18,92,26,46,89,8,91,50,23,97,114,39,10,84,2,64,118,24,66,6
2662,12,17,9,6,10,15,84,11,5,23,112,78,21,2,13,103,77,14,18
2663,17,63,84,16,97,11,21,8,9,19,22,43,7,26,20,24,46,2,1,4
2664,95,2,12,1,15,89,24,11,26,20,3,117,104,14,92
2665,13,17,26,8,34,22,12,43,9,25,24,92,16,103,21,18,20
2666,6,20,8,63,14,84,15,22,107,18,39,1,111,89,7,48,62
2667,11,1,6,26,21,66,106,34,89,20,73,13,5,25,15
2668,14,25,22,1,23,34,88,19,26,5,103,3,20,18,97,9,95,15,7,12,4,104
2669,9,19,7,14,95,23,2,13,66,22,11,15,8,72,101,89,5,6,1,97,4
2670,20,95,17,97,22,23,92,19,34,63,84,1,18,28,11,12,2,90,49,4,7,42,79,114
2671,12,114,16,23,15,20,26,33,11,17,5,95,10,25,36,18,6,14,4,84,63,75,3,19,24
2672,114,17,14,46,7,5,34,25,117,90,10,11,107,118,9
2673,22,1,2,46,6,25,5,7,19,12,21,15,13,80,66
2674,10,1,26,19,23,5,11,24,95,18,80,2,3,21
2675,6,13,12,84,15,7,10,92,95,11,28,18,25,117,8,76,1,20,101,21,46,66,9
2676,20,12,89,7,23,25,5,63,21,91,75,105,9,62,13
2677,3,6,107,104,89,10,24,114,9,92,101,26,19,7,62,43,113,84,34,112,55,77,20,85,25,22,46,49
2678,114,10,18,55,43,13,16,21,3,5,12,107,7,22,11,97,39
2679,82,11,20,37,16,7,8,46,95,17,88,117,3,18,21,98,107,28,24,1,113,25
2680,89,34,68,23,97,9,84,114,21,22,26,28,75,24,12
2681,18,1,89,8,7,10,58,5,79,13,104
2682,2,89,8,26,25,19,14,46,95,5,58,79,69,10,23,31,24,92,11
2683,34,92,11,24,14,17,89,111,114,12,13,1,7,95,9,97,2,5,55,26,4,84,42,104
2684,3,13,22,14,97,9,20,18,68,17,26,23
2685,5,20,1,46,2,14,89,90,10,9,114,95,12,84,49,6,16,25,7,23,67
2686,5,34,21,19,8,23,16,42,89,46,15,11,7,95,28,22,24,18,17,14,13,20,62,84
2687,114,89,6,5,4,9,73,17,107,20,1,30,97,22,26,23,116,90,21,65,13,14
2688,10,9,24,26,23,15,4,22,72,18,1,89,14,19
2689,6,2,34,15,12,23,3,18,97,20,24,92,114,56,8,10,25
2690,11,16,1,84,89,23,28,14,25,17,22,6,113,18,4,34
2691,6,26,107,20,19,115,73,17,103,102,13,89,95,23,111,118,119,114,101,16,1,68,4,8
2692,10,9,16,89,86,17,11,45,18,70,114,26,20,93,8,48,15,6
2693,9,5,46,14,12,55,104,15,35,10,103,25,24
2694,20,21,25,97,22,11,46,89,7,14,118,69,8,15,5,1,6,2,63,3
2695,1,3,25,21,46,9,18,6,7,114,23,43,28,13,19,20,14,112,63,11,78
2696,19,34,66,8,11,46,23,24,22,14,92,21,10,16,2,114,5,84,13,9,95,54,7
2697,13,46,5,17,4,114,18,34,43,19,25,97,8,6,104,9,77,57,115,12,84,107,2,79,22,26
2698,11,62,89,97,42,9,114,92,18,19,25,7,39,104,84,3,17,24,54,46,13,5,95,4,103
2699,22,46,4,104,66,11,17,23,55,8,16,19,84,24,36,89,94,95,57,12,21,111,9,13
2700,17,20,34,12,46,19,62,43,107,117,8,104,63,11,55,21,9,28,95,88,82,10,75,79,60,26
2701,2,26,97,18,14,88,10,25,114,28,84,107,13,24,55,58,19,22,92,117,5,29,3
2702,17,18,11,34,4,21,16,89,13,63,14,107,24,103,104,9,97,22,79,68,19,95
2703,114,89,25,21,14,95,11,3,16,6,68
2704,34,92,1,89,12,84,15,104,97,90,86,87,21,16,117
2705,3,16,84,23,48,19,17,104,25,24,4,26,11,90,89,8,78,5,117
2706,11,1,26,14,21,9,3,19,16,18,10,34,22,8,95,7,63,91,6
2707,17,21,10,97,92,34,13,3,6,15,20,89,46,7,54,18,60,95,11
2708,15,103,10,54,22,24,19,95,63,5,6,1,7,74,117,8,3,25,97,87,46,12,105,18,23,55,89,26
2709,1,26,24,16,13,19,3,20,28,46,15,92,22,17,4,63,95,103,2,76,107,112,70,89,102
2710,25,11,24,20,19,46,4,3,5,27,18,41,34,10,84,12,8,22
2711,18,95,12,20,3,9,4,117,1,16,26,17,24,102,11,7,114,104,91,46
2712,26,34,15,21,7,10,12,103,1,114,17,28,46,13,22,89,20,87,81,23,91
2713,18,15,46,21,20,12,22,3,114,17,2,79,4,7,34,97,14,63,80,95,101,28,89,52,6,23,13
2714,74,97,17,8,103,23,63,3,15,79,13,19,14,96,104,83,7,89,117,26,24,1
2715,21,23,3,13,14,12,9,89,1,46,114,2,17,6,24,7
2716,11,4,113,114,5,12,22,8,1,14,23,15,9,55,58,2,103,78,7,95,97,90,16
2717,119,16,34,20,26,84,11,19,95,7,44,22,23,54,9
2718,46,21,34,6,95,8,84,111,103,11,3,40,20,9,4,33,2,112,89,19,17,78,104
2719,2,34,26,97,18,12,14,60,59,16,3,6,23,90,10,15
2720,1,17,34,114,3,20,11,15,26,29,8,95,24,6,89,23,91,116,32,12,85
2721,20,34,12,17,55,13,95,7,24,8,25,28,19,23,26,53,63,21,4
2722,34,8,3,92,84,24,88,104,74,63,118,12,6,9,85,18,97,14,117,102,89,62,100,23,25,30,95,96,2,80,87,106,83,73
2723,6,1,18,9,16,25,89,20,114,117,17,64,80,43,84,2,3,92,97,19
2724,1,15,22,18,46,11,2,21,16,4,106,20,58,7,24,92,5
2725,46,25,11,4,22,17,26,5,32,58,23,16,103
2726,66,20,23,43,47,37,19,92,44,69,119,17,34,95
2727,84,92,12,34,20,46,111,112,96,77,22,15,103,85,23,17,10,2,81,28,1,95,9,100,97,115,102,101,90,93,99
2728,24,22,17,4,5,56,13,21,85,9,10,26,15,25,12,28,6,16
2729,20,5,18,13,16,21,46,103,95,55,89,26,114,23,87,17,4,92,110
2730,34,12,55,2,15,95,20,79,26,23,18,114,43,10,46,22,6,1
2731,20,97,18,7,46,34,16,17,84,43,63,19,114,14,26,8,1,12
2732,26,10,63,64,46,21,20,15,6,5,8,104,2,12,22,24,1,11,3,97,34,103,19
2733,20,23,8,46,14,63,3,117,1,30,111,7,13,24,26,89,12,21,22,114,85,10,88
2734,16,2,19,5,26,92,63,114,90,9,17,18,67,25,70,75,48,84,85
2735,2,26,5,63,18,89,114,6,90,84,24,23,16,95,22,119,17,10,88,20,85,8,54,55
2736,21,24,92,97,10,5,3,9,46,6,117,43,107,63,79,22,17,23
2737,63,22,7,23,4,55,1,97,5,21,89,103,118,104,91,3,88,111,46,115,64,19,92,2,114
2738,24,5,89,13,23,103,84,63,113,3,54,1,79,22,110,41,17,92,2,25,21,30,118,66,106,119,18,6
2739,16,11,6,46,14,34,18,8,3,19,7,114,25,23,67,21,5
2740,16,106,15,95,12,18,5,8,7,26,89,20,79,9,25,2,14,88,43,13
2741,26,55,17,5,15,1,114,92,22,10,34,104,24,6,25,95,54,14,4,2,80,69,96,11
2742,11,22,10,114,92,103,104,84,111,34,6,2,8,56,23,107,90,113,97,9,21,5,55,72,25
2743,3,21,24,1,18,12,95,89,46,34,9,20,97
2744,11,6,7,34,13,90,5,9,87,95,102,18,17,62
2745,3,20,5,19,62,55,1,24,54,107,2,8,114,9,12
2746,22,103,34,84,19,21,8,18,117,3,7,97,20,46,16,23,104,12,109,119,85
2747,10,84,22,4,9,5,18,14,23,46,21,17,66,8,95,13
2748,63,19,13,1,23,2,55,92,26,16,89,7,50,20,11,21,84,18,41,17
2749,24,95,12,8,18,2,21,25,66,1,4,92,55,16,11,75,54,26,64,6,102,20
2750,89,114,16,95,92,1,22,13,23,2,85,12,9,14,103,6,19,25
2751,13,20,2,11,24,25,7,10,89,12,41,23,17,80,96,22,19,3,16,27,33,14,4,63
2752,12,3,22,8,97,89,43,18,7,66,112,25,90,88,118,57,16,92,44,1,67,114,41
2753,84,6,3,24,17,73,28,89,43,34,114,63,15,2,14,5,23,85,117,81,111,92,8,18,103
2754,8,12,20,11,16,7,15,92,95,3,14,100,46,97,114,76,6,4
2755,20,33,14,21,8,26,11,19,15,16,1,92,24,34,114,55,84,12,2,18,103
2756,6,11,9,12,22,25,5,114,2,46,8,18,3,34,97,10,14
2757,18,10,46,19,25,21,9,2,104,5,14,20,16,54,26,17,15,89
2758,6,89,26,10,11,56,7,37,20,25
2759,46,21,24,26,18,87,89,79,102,86,41,36,23,44,88,114,5,96
2760,24,12,34,7,104,15,10,62,28,13,95,11,4,3,8,97,19,89,18,2,22,91,55,116,26,74,115,59,93
2761,8,21,9,15,114,16,23,89,6,20,63,34,14,2,7,12,10,25,13,75,105
2762,10,89,12,25,5,84,63,13,114,22,73,8,117,31,86,45,2,24,21,104
2763,11,9,2,97,114,46,14,23,72,104,18,25,17,4,95,54,26,34,19,21,92
2764,7,5,12,22,17,63,1,25,51,40,91,10,26,20,88,92,34,15,89,54,21
2765,15,114,23,1,101,97,63,46,117,77,4,7,111,13,62,93,18,54,56,113,59,91,119,20,24,9,90,11
2766,13,114,7,26,84,28,111,5,20,22,24,11,17,34,92,89,18,4,55,62,9,97,43,12,1
2767,20,24,14,38,110,5,8,2,17,43,11,107,46,1,7,103,21,35,92,19,104,81,111,63,55,100,13,16
2768,103,1,12,4,10,14,34,89,17,23,13,7,114,26,47,94,24,95,62,21,104
2769,7,89,63,117,19,54,6,15,12,95,84,8,18,114,3,16,10,119,24,61,1
2770,22,16,21,92,20,3,26,17,7,95,9,11,12,85,15,14,58,2
2771,34,5,20,18,114,88,16,66,10,46,1,76,61,6,75,21,7,14
2772,16,22,18,11,89,21,24,4,2,97,62,103,23,1,63,30,7,102,104,20
2773,92,46,13,63,19,84,24,103,4,81,97,117,111,21,54,9,25,7,1
2774,13,17,97,28,55,8,46,7,9,4,14,21,89,78,3,71
2775,20,6,21,15,8,16,63,114,2,14,3,9,34,22,7,10,85,89,17
2776,9,20,15,97,13,114,25,3,92,6,10,46,28,36,1,26,42
2777,8,7,16,24,89,25,6,46,1,97,53,21,26
2778,92,9,5,18,97,3,26,22,4,21,2,14,15,10,24,6,11,114,78,31,34,95
2779,114,84,13,12,18,26,2,111,10,4,20,107,89,119
2780,8,17,103,18,34,19,7,92,85,28,24,11,106,5,104,86,9,25,2,63,15,21,84,26,96,12
2781,23,7,17,95,4,89,107,46,97,9,2,55,101,114,14,12,90,22,41,43
2782,24,9,1,17,63,20,23,89,7,10,14,2,90,46,15,28,16,19,84,107
2783,46,95,6,19,34,79,104,112,2,91,29,21,89,8,22,14,63,12,97,11
2784,12,1,34,97,3,63,104,95,18,23,16,17,22,114,72,8,13,96,31,84,24
2785,15,25,46,5,63,28,8,9,10,26,104,34,12,88,74,72,6,22,91,18,97,96,19,69,4,86
2786,24,11,22,114,9,46,7,19,31,8,26,25,3,17,33,14,55
2787,66,3,95,111,17,16,88,8,23,89,21,34,18,22,46,12,13,118,1,5,45,28,20
2788,15,8,3,19,9,95,7,6,23,84,10,25,104,103,20,16,2,21,55
2789,7,14,5,16,26,21,34,10,11,8,4,17,18,102,9,74,95,119,3,20,2,85,89,31
2790,9,2,8,7,19,4,25,64,16,14,23,18,97,24,54,6,119,22,5
2791,111,100,1,5,19,11,2,10,114,95,25,14,15,84,97,52,67,101,92
2792,7,22,23,11,21,6,2,63,95,13,34,5,16,18,14
2793,13,55,18,1,2,114,23,11,67,3,79,22,7
2794,16,90,12,106,93,18,89,24,79,114,11,92,7,17,15,26,117,68,57,111,97,59,80,25
2795,18,34,14,15,33,21,22,114,12,17,25,24,84,4,2,20,74,26,97,119,93,23,117,46,89,6,77,8,30,55,58
2796,12,1,84,24,19,11,23,21,95,97,22,55,7,2,35,88
2797,20,114,5,97,21,26,90,92,6,3,56,12,88,18,46,23,34,77,9,24
2798,95,19,2,20,34,24,4,22,114,89,18,14,104,17,90,77,10,62,16,3,117,84,25
2799,2,7,22,3,21,19,92,55,89,14,114,34,15,13,26,46,97,43,11,24,1,115,8,10,20
2800,89,3,2,16,6,23,46,12,88,34,58,24,75,39,26,104,7,95,91
2801,17,46,11,16,8,9,3,18,95,92,14,10,64,1,83,114
2802,97,16,2,89,21,114,84,26,20,18,93,24,12,13,7,101,1,4,3,66,30,55
2803,34,63,21,5,97,89,3,20,25,2,12,84,10,26,71,22,42,114
2804,13,10,28,16,20,4,63,11,12,18,6,88,34,25,3,107
2805,104,19,15,17,114,22,5,46,103,4,78,9,34,97,18,26,89,12,31,92
2806,19,89,63,26,7,22,14,17,92,10,6,9,95,25,114,16,111,34,5,13
2807,107,34,23,18,11,103,13,21,17,12,25,65,88,112,19,97,10,99
2808,8,20,84,34,19,12,114,89,79,2,103,25,24,13,98,5,4,46,21,6,92
2809,104,18,14,7,3,6,88,23,1,24,15,5,89,25,93,28,71,16,13,101,22,85
2810,114,1,102,3,103,85,92,46,14,24,6,23,13,26,9,111,34,15,82,89,12,97,107,33,7,100,95,4,22,55
2811,16,18,114,8,3,92,19,6,5,13,12,2,84,20,79,10,33,103
2812,13,11,12,15,34,8,84,18,46,1,20,114,19,17,6,92,4,91,22,3,63,14
2813,8,20,33,26,44,21,92,7,15,107,9,19,16,114,4,77,88,95,66,1,72,25,104,13
2814,10,3,22,7,34,114,20,89,111,46,16,14,74,24,5
2815,9,15,8,19,16,2,14,79,17,11,22,34,113,104,92,6,23,66,39,3
2816,6,2,114,34,55,12,21,84,23,73,58,36,25,10,44,94,8,20,28,24
2817,16,5,13,12,95,114,20,90,63,2,46,4,17,8,22,89
2818,6,5,11,1,2,8,20,9,89,46,15,23,117,3,58
2819,8,63,17,28,24,5,79,23,12,20,95,30,37,34,97,102,2,41,43
2820,92,103,25,15,19,97,8,23,16,3,63,18,79,22,74,70,1,62,95,10,12
2821,3,5,22,20,15,24,10,11,97,19,13,6,84,16,14,26,9,2,1,34,70
2822,17,13,1,24,6,19,15,79,46,107,9,104,2,20,23,54,89,11,7,84,106,75,16,109,62,117
2823,34,12,114,20,22,105,84,21,26,16,62,17,10,6,14,66,4
2824,27,22,10,26,12,2,1,48,19,20,16,9,18,102,114,3,117,63,13,69,7,86,4
2825,14,9,26,20,7,1,8,10,89,104,2,5,3,28,24,17,18,23,21,97
2826,21,103,9,28,13,10,104,46,114,11,20,16,15,7,89,2,95,97,1,43,41,12,5,87,22
2827,25,12,22,11,114,89,20,13,46,19,38,1,26,16,34,21,104
2828,88,17,9,86,73,5,117,107,6,20,63,97,109,7,4,15,106,114,38,35,119,48,10,23,22,89
2829,18,17,11,5,114,46,10,23,3,16,100,108,8,107,34,26,79,13,27,101,9,97
2830,17,11,18,24,16,25,10,20,26,6,95,89,54,15,13,90,111,57,97,7
2831,10,21,34,19,1,5,104,42,103,98,53,107,18,8,95,12,55,63,46,117,39,24,9,11
2832,89,18,10,2,84,3,13,55,24,50,5,104,16,97,61
2833,7,5,26,15,103,43,12,6,63,16,11,1,114,24,17,14,97,80,92,10,25,34
2834,19,46,8,24,23,13,10,9,1,11,6,4,97,92,43,21
2835,46,20,9,18,14,22,3,4,6,15,1,103,107,12,19,102,115,95,98
2836,16,103,8,2,28,58,48,6,10,20,1,79,92,13,18,26,89,114
2837,17,4,5,7,8,63,77,97,3,21,12,26,18,20,46,41,56,9,100
2838,21,55,34,61,11,7,14,94,4,23,13,16,6,2,43,96,26,100,5,12,97,119,18,20
2839,1,9,25,18,2,20,34,12,26,97,114,16,89,54,14,92,5,10,85,81,22,28
2840,17,4,104,10,21,96,28,16,25,109,19,5,84,8,7,61,9,52,95,1,3,46,62
2841,13,22,11,24,91,54,117,73,2,7,104,55,108,95,1,12,14,100,19,25,5,10
2842,25,16,97,9,14,6,7,95,92,13,5,43,10,17,4,67,26,41,84,104,86,96
2843,46,114,25,12,23,19,34,79,84,11,15,45,89,36,22,5,26
2844,14,92,89,16,2,24,10,1,6,63,13,28,114,98,7,19,3
2845,20,22,34,16,17,9,18,73,25,104,100,4,10,19,6,54,114,28,7,5,57,14,15,12
2846,1,13,104,4,7,12,15,84,25,9,95,16,22,23,79,3,114,21,11,45,34,107,10,37,52,103,73,5
2847,18,13,84,46,6,66,114,8,20,7,26,14,21,40,92,1,25,64,34,15,3
2848,6,21,25,2,15,23,19,7,8,13,16,3,10,22,1,95,92,63,89,103,11,110,14,54
2849,21,34,46,2,3,20,19,5,1,82,67,18,83,79,23,114
2850,20,13,23,17,10,26,114,89,25,46,2,11,9,76,62,12,103,19,16,5,1,38
2851,26,22,9,43,5,89,7,19,117,55,25,10,13,8,24,84,2,14,67,4,17,28
2852,25,114,11,14,22,5,20,23,95,74,10,9,26,37,7,103,79,21,101,27
2853,18,2,12,23,55,37,114,8,95,34,104,92,67,6
2854,34,46,9,43,23,13,5,28,6,21,111,25,78,19,76,116,17,110,10
2855,2,19,14,21,4,13,92,95,8,31,34,22,61,11,23,1,36,59,60,103,90
2856,11,10,1,5,43,97,15,89,17,4,12,55,72,63,2,9,16,18,24,34
2857,1,14,11,3,16,20,18,9,66,19,12,8,40,10,15,24,6,22
2858,10,24,34,20,107,79,22,13,28,26,46,88,23,114,1,45,61,14,21,25,85,3,11
2859,25,13,12,84,104,4,63,7,26,14,3,79,94,86,11,17,8,2,6,46,23
2860,46,22,89,5,43,15,13,7,11,12,95,14,58
2861,10,46,75,73,24,89,95,7,9,5,6,14,20,81,16,12,84,2,97,19
2862,9,2,5,7,34,21,22,95,12,103,90,69,55,92,118,43
2863,9,15,16,95,6,63,54,85,103,21,46,12,72,5,1,26
2864,11,25,4,84,46,2,89,28,103,109,15,17,116,83,8,78,95,54,93,42,1,16,113,20
2865,3,114,11,23,97,25,20,10,19,16,17,92,34,15,96,21,13
2866,10,97,12,2,114,84,25,31,26,52,86,54,34,20,43,28,3,8,108
2867,66,6,22,10,18,3,117,4,12,5,2,92,14,9,17,20,100,28,46,32,24,114,97,16
2868,25,63,5,22,9,4,2,55,84,11,61,1,53,21,80,20,54,26,97,117,19,59,8
2869,20,89,24,15,8,95,63,13,12,7
2870,25,12,18,95,34,11,7,22,15,5,24,6,58,23,63,36,90,19,2,54,17,117,77,26,4
2871,66,103,43,14,17,117,96,5,22,92,7,2,6,18,56,11,84,63,25,20,10
2872,11,25,17,8,46,16,15,7,9,90,67,27,23,12
2873,46,97,19,2,24,7,114,92,60,95,14,27,18,15,55,89,66,102,28,10
2874,8,13,6,89,26,114,16,95,2,9,103,20,22,118,21,63,55
2875,14,19,8,11,104,12,10,20,9,54,62,16,96,6,21,26,79,33,2,105,92,24,55,18,3
2876,2,89,9,12,19,18,4,13,21,63,34,46,79,11,87,117,90,107,25
2877,14,25,5,34,20,23,13,15,46,16,22,26,4,95,2,62,117,8,27,89,29,37,24,10,47,55
2878,10,2,18,21,12,23,26,16,38,20,7,104,119,11,89,97,22
2879,19,22,2,15,55,34,26,4,7,20,24,46,62,104,6,80,105,91,100,95,43,16,97
2880,89,117,25,92,34,114,107,118,104,103,8,98,21,11,97,88,7,19,18,72,15,3,2
2881,89,21,22,2,4,25,6,48,1,64,9,23
2882,34,2,17,22,15,5,1,23,25,96,48,26,21
2883,46,21,1,8,13,63,97,25,95,34,4,3,16,9,30,31,2,60,26,84,10,20,19,11,5
2884,10,18,22,6,97,25,84,4,13,46,21,12,65,114,11,103,55,26,24,1,23
2885,34,11,84,17,14,92,10,16,2,26,114,88,24,18,13,95,86,12,5,96,97,104,89,1,4
2886,5,19,14,8,13,17,2,10,95,25,20,46,1,21,115,100,11,22,6
2887,1,5,46,9,17,104,13,117,55,2,16,95,99,10,18,48,96,3,11,76,6,51,110,15
2888,10,20,16,18,23,8,114,24,63,11,62,26,3,104,7,55,108,21,85,4,9,80,13
2889,16,2,11,20,34,15,3,97,9,12,43,114,6,54,10,17,26,102,24,7,55,117,18
2890,12,26,5,97,22,114,17,25,11,21,19,96,18,54,1,117,103,104,8,50,85,38,34,14
2891,1,16,3,95,11,9,18,7,10,8,2,23,15,25,92,20,43,79,104,5,22,21,26,114,112,13
2892,25,34,21,23,6,9,8,97,92,1,63,26,49,10,86,11,19,106,99,7,3
2893,114,24,14,28,8,46,15,25,5,47,76,18,95,110,73,64,23
2894,3,92,22,25,16,43,24,26,62,4,89,114,46,118,12,85,23,76,97,58,111,113,6
2895,24,23,95,46,1,5,3,6,11,7,60,112,2,4,62,14,29,16
2896,97,14,4,34,89,25,55,84,5,7,10,95,114,6,46,18,1,39,103,9,33,21,104,54
2897,18,11,114,92,103,63,24,15,117,34,17,54,8,55,12,66,84,21,23,29,28,82,46
2898,12,5,92,24,25,18,13,84,91,89,87,19,16,95,72,106,77,47,34,14,101
2899,18,16,20,24,92,3,21,95,86,87,14,48,52,67,89
2900,25,5,24,17,16,2,21,10,4,3,9,46,23,7,117,18,8
2901,22,97,3,34,15,11,5,94,73,23,4,117,54,46,7,26,104,107,74,84,20,19,14,43,79,102,18
2902,24,16,43,13,6,26,15,97,70,88,104,10,1,117,7,4,22,50,54,11,51
2903,1,14,2,9,92,15,8,21,51,104,3,89,60,7,50,95,109,6,12
2904,95,14,10,13,25,6,66,16,18,26,21,104,46,22,5,97,11,89,9,20,67
2905,9,17,1,114,16,84,23,106,24,20,12,26,42,15
2906,34,20,89,97,66,6,1,14,21,9,23,70,105,18,55,17,4,24,63,95
2907,5,89,63,7,21,22,12,2,26,20,6,23,11,25,48,1,10,37,97,117,3
2908,25,6,13,17,97,4,8,28,117,18,104,55,92,84,11,58,64,19,10,35,2
2909,19,114,63,15,10,17,88,7,5,25,46,58,95,34,65,51,12,16,21,87,100,4,23,11,6,92
2910,20,21,3,97,16,89,10,5,12,7,17,25,38,14,6,34,4
2911,114,1,24,35,17,9,4,25,26,2,63,3,46,22,5,11
2912,14,10,25,21,8,114,63,2,1,4,20,15,3,90,12,97,34
2913,1,13,2,21,89,14,63,85,10,7,114,26,34,24,64,15,65,42,17,43,11,46,110,16
2914,14,3,31,11,15,17,7,89,97,12,24,46,20,26,13,22,114,8,84,1,77,2,73,34,117,16
2915,13,47,22,21,23,5,12,1,3,8,9,17,97,26,14,103,25,15,109,19,99
2916,23,75,16,74,21,70,43,91,106,101,93,119,2,62,12,10,117,82,78,24,30,102,103,77,8,104,73,9,95,83,94,99,116,11,5,19,26,14,28,88,97
2917,1,5,25,2,15,16,24,13,86,20,107,114,23,19,21,8,26,18
2918,23,1,55,62,11,90,46,5,110,10,28,6,24,17,16,34,54,63,4,3,64,79,119,21,26
2919,3,25,26,7,22,16,20,85,66,34,88
2920,20,21,5,46,24,3,13,97,16,27,47,34,96,78,38,23,114,26,92,113,86,7
2921,18,22,13,17,84,34,23,11,55,15,12,81,21,43,46,95,89,10,92,2,103,50
2922,22,10,19,23,26,43,28,16,97,92,17,46,8,34,55,25,98,56,89,5,84
2923,2,5,3,25,16,10,13,45,7,55,104,18,33,46,15,6,63,20
2924,21,2,7,6,26,24,62,107,10,5,19,13,25,27,46,33,85,66,43,100
2925,11,24,7,13,2,84,25,6,9,34,85,95,36,94,16,4,5,91,92,107,21,117
2926,8,6,34,9,114,12,111,22,87,11,4,18,19,112,7,81,86,1,58,103,62,75,91
2927,89,16,2,14,20,3,66,15,24,5,74,1,18,46,26,103,7,25,84,17,114,95
2928,8,18,15,25,16,89,26,14,7,107,56,2,90,104,109,110,97,9,10,88,96
2929,66,9,3,114,17,7,89,22,15,104,16,12,26,43,34,95,63,92,113,28,103,97,18,21,76
2930,97,107,63,7,1,98,78,34,23,115,75,96,116,90,43,6,55,73,92,79,103,119,114,22,3,74,68,104,93,20,15,91,118,82,35,99,9,13,2,117,12
2931,9,1,63,12,51,21,14,92,34,2,6,13,10,16,11,18,57,23,24
2932,1,9,89,4,14,17,6,25,86,114,8,23,106,16,35,7,104,20
2933,34,19,14,8,17,3,13,26,15,92,27,12,4,82,21,62
2934,17,107,20,2,4,114,19,1,89,8,117,11,15,28,77,12,102,25,84,55,23
2935,1,6,63,10,3,25,19,22,13,18,11,2,12,46,17,15,88,4
2936,17,46,8,34,4,92,14,62,12,114,25,21,18,79,5,49,93,103,63,104,15,11
2937,92,14,3,89,1,6,114,12,17,34,22,25,19,4,20,72,99,66,46,10,7
2938,18,20,25,3,114,34,21,12,15,5,35,2,89,4,95
2939,19,25,34,84,20,103,24,114,46,63,99,28,101,47,91,97,77,15,13
2940,9,31,95,18,24,17,3,117,34,20,25,84,91,73,16,99,86,2
2941,1,19,11,26,89,4,16,96,97,24,14,68,58,114,75,20,13,6,25,87,55,10,9,84
2942,25,14,34,8,46,6,24,3,49,111,62,93,12,10,5,33,52,1,76,39,74,104,26
2943,114,89,14,12,6,13,103,25,3,97,107,8,9,26,1,84
2944,8,17,3,2,63,25,1,23,4,19,72,31,97,92,11,81,12,26
2945,97,24,7,26,25,13,89,23,10,63,14,19,117,84,15,95,104,115,83,96,34,93,107,6,66,20,3,67,11,103
2946,82,26,1,63,43,3,2,24,9,12,22,4,95,92,107,61
2947,16,84,46,43,20,5,114,95,117,3,6,21,107,18,26,12,25,9,57,65,1
2948,92,24,88,97,89,15,79,9,22,7,11,19,99,5,85,38,1,114
2949,2,16,3,7,6,42,21,5,46,92,10,104,13,11,24,65,19,84,20
2950,11,95,1,114,9,117,26,2,46,22,96,7,85,3,100,112,12,44,37,5,24,83,104,13,16
2951,24,10,7,3,5,9,42,97,105,16,12,13,15,63,95,92
2952,13,66,10,18,2,103,17,92,6,3,88,34,46,24,4,62,80,77,20
2953,25,8,114,104,18,26,17,10,55,6,88,92,19,2,13,97,12,107,102,14,63,84,23,96,16
2954,18,89,15,8,10,20,39,11,7,68,12,63,2,104
2955,5,25,84,26,8,95,15,114,46,24,6,7,83,20,118,53,48,92,17,10,2,9,23,19
2956,16,20,1,2,15,36,75,55,22,12,95,92,18
2957,46,14,7,9,13,23,63,20,25,34,26,5,92,16,24,81,1
2958,34,14,63,2,24,62,11,104,9,10,92,94,113,19,85,20,67,57,21,59,4,96
2959,19,103,15,8,25,23,89,108,7,9,82,97,46,3,95
2960,24,107,3,2,23,1,34,9,56,12,11,58,18,17,114,20,26,113,6
2961,10,22,19,23,26,46,17,34,117,7,89,63,112,15,72,80,30,95,3
2962,92,34,89,5,9,24,22,63,11,71,46,7,20,6,17,55,59,25,29,10,8
2963,16,14,10,114,11,62,22,89,19,7,58,96,95,36,85,8,56,3
2964,24,103,11,114,34,111,84,22,25,90,9,118,55,108,115,106,116,94,39,23,33,96,83,64,99,72,20,113,16,1,74,88,2
2965,21,92,17,84,2,63,5,10,26,95,4,104,114,3,15,55,88,25,12,75
2966,12,26,19,18,17,8,88,3,11,46,9,94,15,102,93,92,6,96,78,10,112,56,97
2967,3,89,13,21,114,92,7,11,9,46,77,15,8
2968,89,103,17,9,11,84,4,12,7,55,107,5,63,99,70,43,23,16,92,114
2969,89,8,103,20,46,66,15,10,21,43,35,100,24,12,26,23,90,54,55,38
2970,114,46,89,26,23,18,14,97,7,22,17,84,34,5,6,28,49,8,63,104
2971,13,10,89,9,24,4,26,21,97,8,69,39,117,40,85,19,98,95,88
2972,9,15,95,12,17,21,89,2,10,92,64,11,1,6,40,114,14,43,16
2973,84,19,92,17,54,14,13,99,7,34,26,27,97,11,43,119
2974,16,17,2,7,84,46,106,9,14,5,59,24,11,119,110,12,86,60,99
2975,11,6,16,10,89,26,4,46,2,1,77,17,9,58,117,97,59,85,95,96,20,8,18,43
2976,34,95,117,55,16,13,18,97,28,9,14,15,79,38,20,17,10,101,89,66,46,12,114,82
2977,7,4,19,16,62,20,95,22,63,103,9,73,46,25,1,23,55,43,100,34,18,15
2978,6,46,95,26,12,7,23,1,114,34,14,84,5,89,99,102,104,22,108,30,24,25,18
2979,20,63,89,104,77,96,19,46,5,16,84,24,17,7,85,95,62,18,15,112,8,39,92
2980,5,10,26,3,25,4,85,2,87,111,97,117,119,8,6,17,43,113,86,7,21,73,115,46,91,22,12,18,55,34,88,9
2981,2,26,21,1,18,11,10,30,3,9,15,7,101,16
2982,10,7,6,89,42,3,14,1,84,71,46,25,12,22,117
2983,18,24,89,6,92,114,15,1,84,4,14,112,76,10,11,88,33,63,22
2984,34,8,6,12,22,16,3,28,63,15,23,9,17,55,14,114,90,79,58,20,87,66,95
2985,21,28,8,10,43,23,22,34,14,62,1,26,63,117,100,13,17,103,111,25,2,12,66
2986,97,26,7,95,43,11,16,17,116,28,13,4,74,36,29,5,75,98,10,34,31,118,101,62,18,9,80
2987,14,5,9,3,25,114,89,15,46,7,61,34,104
2988,17,26,2,15,46,8,92,89,95,12,10,43,20,9,119,63,23,7,6,11
2989,18,15,16,117,17,5,74,77,21,108,7,97,115,91,79,4,73,80,96,2,34,45,26,10,88,25,9,111,31,28,70,72,11,106,52,116,24
2990,6,7,63,18,11,14,43,88,73,66,15,20,97,13,74,23,103,2,95,113,12,98,81,117,92,4,104
2991,12,10,25,21,22,13,11,7,89,5,1,2,3,18,16
2992,22,26,8,15,3,10,16,18,95,21,38,81,119,97,12,2,77,7,66,114
2993,15,24,2,7,28,14,17,4,107,22,10,97,12,23,6,114,46,77,13,34,16,66,25,26
2994,18,21,114,63,34,7,26,10,15,23,3,84,46,17,22,11,107,19,25,28,4
2995,67,115,97,63,84,73,15,99,111,12,1,23,10,43,24,22,2,88,18,6,25,11
2996,46,97,26,7,5,4,23,8,14,63,16,114,19,43,2,11,95,15,13,6,92,27
2997,24,14,23,7,13,46,26,4,96,8,63,18,2,17,9,12,15
2998,11,34,17,15,7,95,8,10,22,29,18,84,12,77,14,46
2999,114,9,10,25,12,60,104,46,7,15,5,4,13,55,26,33,109,97
3000,11,97,26,20,24,34,16,5,6,62,22,13,79,117,12,95,90,88,89,21,7,103,2,115,63
3001,12,89,21,18,114,13,16,20,1,95,6,26,29,41,63,64,9,46,78,24,102,7
3002,34,97,6,21,11,26,19,8,46,103,92,15,114,100,84,58,4,9,102,88,18,13
3003,63,25,11,95,114,107,8,92,97,1,5,17,103,64,18,9,20,22,7,87,90,62,3
3004,34,5,4,3,20,22,14,17,15,117,26,1,54,114,7,25,110,85,16,55
3005,13,113,95,97,14,7,15,16,34,83,85,26,90,4,91,104,10
3006,20,63,16,95,6,46,18,26,9,3,80,117,38
3007,89,1,46,117,3,7,17,13,22,111,101,92,19,16,11,34,97,43,79,73,66,59,118,26,10,9,99,24,90,77,5,25,109
3008,25,89,10,18,3,7,12,2,114,6,63,22
3009,12,26,97,14,4,9,58,13,3,102,8,104,46,95,18,7,89,72,25,6
3010,103,3,90,24,2,21,117,106,13,110,63,62,39,22,20,46,18,28,92,10,43,14,70,4
3011,17,6,21,92,114,7,12,95,9,5,89,10,14,23,25
3012,97,26,13,17,14,89,25,92,3,16,23,15,47,34,5,7,22,117,19,63,21
3013,24,13,19,9,2,46,1,55,89,5,15,21,111,18,8
3014,9,14,25,3,16,11,8,12,1,22,2,17,5,6,65,85,21,95
3015,7,13,20,1,84,10,46,92,4,89,25,17,100,24,18,14
3016,18,12,24,55,25,9,62,97,74,89,92,35,1,79,20,21,10,2
3017,6,2,114,18,22,26,25,15,63,113,43,97,21,17,7,9,34,13,82,95,37,84
3018,7,97,22,5,18,114,89,11,117,3,46,9,47,59,45,92,20,43,77,91
3019,13,63,6,17,1,24,97,46,95,11,29,79,2,117
3020,3,46,24,7,4,5,55,89,54,28,63,14,13,6,17,23,117,12,34,82,2,58,104,10,8
3021,33,7,13,114,15,92,49,32,20,19,22,5,9,46,6,25
3022,89,14,2,7,11,86,21,1,18,12,92,94,10,34,111,6,87,20,95,97,109,3
3023,5,13,20,23,12,6,46,24,34,3,2,9,65,8,64,10
3024,89,19,9,10,34,2,16,14,92,6,20,13,113,17,84,18,101,26,8,22,104
3025,26,9,5,14,10,114,13,55,6,3,23,92,43,19,24,22,8,107,83,46,18,12,4,17
3026,97,18,6,25,11,66,14,103,3,7,92,19,94,23,17,28,111,91,1,21,67,15,4,8
3027,21,43,6,1,114,104,7,12,24,92,84,8,23,10,110,15,4
3028,114,11,18,92,84,107,60,25,16,44,20,2,31,24,22
3029,26,21,34,6,12,8,54,7,15,111,25,109,9
3030,24,25,114,95,5,18,26,84,79,85,101,87,20,11,88,2,15,92,7,82,13
3031,22,89,12,9,10,46,66,21,8,6,7,18,16,17,84,55,19,104,62,101,74,56
3032,8,97,117,14,13,18,104,2,111,5,116,25,20,101,96,11,113,78,110,88,91,9,54,109,70,114,83,73,106,7,21,10,79
3033,17,23,2,97,6,4,7,16,11,22,24,14,8,114,104,9
3034,25,1,9,21,114,12,113,117,6,66,20,24,107,18,34,91,2,43,54,96,23,86,92,100,5,26,85,97
3035,7,11,26,13,95,12,9,6,23,21,5,8,16,18,25,114,41,81,19,77,97,4
3036,1,24,19,2,15,89,46,97,26,114,12,8,16,22,23,94,9,18,100,107
3037,89,13,5,95,22,11,8,18,97,15,3,34,10,117,6,14,19,79,46,119,84,114,43,106,58,115,56,12,32,25,42,107
3038,17,24,23,21,88,5,9,20,4,46,13,25,54,81,115,89,16,109,12,66,3,11
3039,15,13,18,17,6,3,95,11,89,12,20,24,4,55,63,21,9,54,8,19,62,49,14
3040,21,22,17,2,23,9,10,104,34,26,63,114,55,20,18,12
3041,22,8,19,1,5,2,12,3,15,9,67,10,71,18
3042,3,92,84,97,79,89,114,1,112,99,54,18,46,15,103,117,21,4,88,11,115,85,9,109,13,22,2,98,23
3043,6,17,7,89,15,24,23,20,78,2,114,90,25,19,8,4,97,10,26,110
3044,1,17,7,6,21,8,103,18,26,97,25,10,3,43,16,2
3045,26,2,5,13,84,97,3,117,95,75,103,6,14,71,96,18,112,33,24,34,113,4,32,89,23,10
3046,5,18,114,84,89,9,2,88,21,24,34,14,103,23,16,6,37,45,25,4,44,81,95
3047,82,96,79,26,22,18,34,21,4,93,88,62,9,117,118,104,15,35,14,13,63,97,111,108,5,7,43,6,76,55,70,75,46,109
3048,92,9,11,18,34,14,25,6,3,84,26,72,58,95,81,59,54,46,43,19
3049,1,114,7,46,104,2,26,21,10,15,23,89,106,96,3,18,58,75,16
3050,92,4,25,20,88,90,85,114,18,16,26,94,9,34,71,11,101,15,82,79,102,97,103,83,69,77,50,19,113,91,17,14
3051,34,5,95,24,9,87,55,46,7,12,15,79,25,3,75,84,92,17,56,2
3052,5,12,3,28,89,18,114,14,24,21,19,10,26,104,95,87,92,101,2,67,117,119,11,13
3053,7,12,8,11,16,1,26,3,5,19,97,77,20,36,92,47,55,40,88,13,46
3054,92,4,8,73,23,24,26,7,11,34,19,89,63,102,68,2
3055,22,7,10,20,46,11,9,3,13,84,12,1,34,14,114,18,72,97,42,56,16,102,65,88,55,86,77,4
3056,10,2,17,1,13,65,104,63,7,26,5,46,87,93,20,117,24,34,54,99
3057,84,13,114,115,24,15,2,77,4,92,12,110,72,21,74,5,23,16
3058,7,89,26,5,18,14,24,3,6,104,11,63,9,43,97,17,34,74,13,12,96
3059,26,6,13,11,89,18,12,114,24,84,2,34,97,36,62,14,10,32
3060,1,3,11,20,15,19,84,13,89,39,16,55,25,23,112,22,21,116,5,7,18,91,95
3061,13,85,2,11,84,4,1,63,15,43,114,25,42,86,96,70,20,88,24,66,89,57,55,117,95
3062,114,23,97,4,19,14,15,7,46,104,74,105,6,58,88,55,17,9,103,18,34,3,29,117,24
3063,10,111,101,22,7,63,103,19,16,25,119,83,13,44,62,97,89,11,17,54,107,117
3064,26,12,25,6,21,3,17,22,16,23,89,92,24,84,97,13,117,114,2,15
3065,23,17,25,10,46,63,2,15,4,11,90,33,89,26,96,1,43,88,117,7,95,114,18
3066,25,97,46,19,23,6,11,114,26,2,8,103,22,63,3,5,12,105,95,21,10,17,108,85
3067,14,3,26,12,34,97,114,104,16,77,85,18,59,96,103,25,15,23,79,91,88
3068,82,21,26,15,6,66,94,7,46,19,3,92,51,11,12,4,27,91,41,77,97
3069,1,9,21,97,17,111,18,8,114,27,89,81,7,63,20,15,102,95,5,14
3070,18,8,25,6,13,34,19,2,92,16,1,79,46,21,15
3071,24,25,28,103,89,26,15,18,84,9,16,17,12,113,20,11,2,6
3072,12,89,25,2,11,6,23,27,4,104,62,3,10,19,20,13,116,101,97
3073,15,1,11,82,95,18,97,24,114,2,3,93,19,103,28,12,9,102,85,20,89,13,33,96,4,21
3074,5,1,18,6,19,9,99,103,74,13,119,2,16,71,37,106,15,7,63,3
3075,21,26,9,7,85,14,34,88,4,2,8,38,19,18,90,89,77,6,20,92,15,113,114
3076,12,17,3,5,23,33,4,13,66,11,26,97,9,95,114,62,18,22,83,100,7,14,87,24,6
3077,25,9,26,46,6,92,20,12,1,21,34,8,15,95,23,63
3078,14,18,19,12,89,63,114,66,21,16,95,5,24,58,97,99,84,25,6,3,17
3079,3,97,95,19,13,12,18,1,20,5,43,99,10,14,21,91,24,103,6,31,118
3080,84,92,15,34,12,20,13,22,25,23,55,95,46,3,5,97,112,102,18
3081,3,4,7,11,5,79,20,9,2,16,25,13,114,56,58,10,63,21,89
3082,114,10,92,18,5,1,22,15,9,13,46,7,21,26,16,43,17,3,6
3083,10,12,5,92,4,2,25,1,23,104,6,78,19,113,111,84
3084,18,11,26,3,10,92,58,7,15,22,34,14,43,13,87,64,21,49,97,1
3085,14,62,12,21,8,13,23,2,11,28,24,101,42,10,95,114,9,3,20,43
3086,10,2,12,17,92,24,104,9,31,7,15,34,14,11,95
3087,84,14,95,34,43,20,28,6,1,66,114,10,5,23,17,7,15,25,13,3,63,55,12,54
3088,10,6,89,7,18,13,9,34,22,15,102,60,2
3089,13,19,16,12,21,23,17,92,117,10,15,79,31,73,14,95,39,41,25,11,81,8,114
3090,9,92,14,84,16,63,20,97,13,12,89,74,101,25,52,95
3091,21,97,7,25,63,20,9,92,12,95,43,66,24,4,104,62,1,8,119,89,45,69,22,26
3092,3,26,14,46,4,7,92,15,21,34,19,9,97,5,8,63
3093,22,10,11,8,84,114,24,6,26,97,4,79,25,43,68,2,95,1,20,88
3094,34,2,28,97,24,22,63,25,84,16,23,12,3,43,89,4,11,14,8,79,5,103,62,26
3095,8,7,2,21,95,14,19,18,22,16,84,20,23,4,25,17,1,89,15,34,64,92
3096,10,66,24,97,92,21,62,84,55,1,53,5,113,103,4,28,11,22
3097,6,22,3,24,17,8,117,45,31,9
3098,16,19,24,92,22,18,3,15,8,5,84,11,6,59,43,97,96,53,13
3099,1,92,46,20,34,8,84,16,3,25,9,4,115,97,23,2,101,79,104,58,15,14,21,24,19
3100,6,24,11,114,18,15,1,22,13,2,34,7,12,8,16
3101,15,14,92,24,23,95,17,66,7,12,2,3,9,6,13,63,55,21,97,22,1
3102,90,13,7,17,84,103,46,98,22,89,4,92,79,66,82,34,18,64,8,26,28,58,30,9,10,16
3103,8,21,14,97,104,103,66,18,34,3,11,20,7,4,1,13,16,9,46,10
3104,12,63,20,16,15,84,95,34,14,97,27,17,10,8,7,35,25,66,24
3105,26,34,46,22,1,92,103,117,101,5,84,15,8,23,60,119,111,99,2,105,21,49,80,79,24,90,86,113,12
3106,2,89,7,9,34,24,13,21,46,97,26,4,14,23,6,78,95,114,104
3107,22,20,12,66,103,16,63,8,26,2,5,18,19,24,23,32,17,7
3108,89,8,1,13,17,97,20,19,26,4,11,24,21,63,29,53,22,60,23
3109,97,21,20,12,15,16,8,22,95,113,84,10,77
3110,10,13,103,92,63,24,16,19,107,23,84,104,90,43,46,2,88,9,86,55,101,22,95,21,8
3111,9,19,89,3,20,10,1,37,16,56,14,67
3112,103,97,17,24,114,4,11,22,46,26,6,72,12,110,18,33,16,90,93,55,117
3113,22,15,107,46,7,13,92,114,2,11,104,25,17,21,103,54
3114,12,9,24,6,14,5,89,36,85,3,114,70,90,82,7,103,22,108,95,26
3115,14,3,2,13,43,114,89,10,117,20,62,7,69,18,26,9,24,84,8,107,34,12,94,33,21
3116,34,7,26,12,92,2,22,11,32,20,1,63
3117,2,114,5,10,15,63,17,43,25,13,22,89,19,72,14
3118,10,5,20,8,13,12,21,3,22,17,18,26,46
3119,19,13,11,114,103,20,89,6,92,43,101,10,8,18,22,59,99,27,12,77
3120,18,46,9,22,5,84,21,23,97,20,19,16,95,4,24,10
3121,16,92,17,26,6,20,97,46,8,9,54,4,108,13,3,7,21,28,11,62,23,12,38
3122,25,11,18,13,17,3,26,19,1,24,15,16,114,6,46,12,41,23,9
3123,6,92,5,20,74,10,114,18,103,85,8,59,49,2,65,14,107,104,31,84
3124,11,19,18,9,2,6,26,1,3,10,55,103,20,7,56,22,21,87
3125,14,22,5,3,84,9,114,10,46,95,4,20,16,43,21,97,23,99,68,15,12,42,93,1,24
3126,46,9,15,3,89,5,10,103,19,6,17,25,16,110,74,59,8,97
3127,26,13,9,95,6,117,22,21,92,11,16,41,23,7,43,97,54,10,46,91,101,1,104,55,19,73
3128,17,21,114,20,6,104,15,33,16,2,19,9,72,46,81,34,99,10
3129,103,24,14,20,4,63,90,46,114,38,25,95,23,53,11,43,104,17,85,34,78,9,112,58,49,87,15
3130,25,18,6,33,17,92,84,15,54,58,8,14,97,16,10
3131,3,103,117,19,18,93,8,113,77,97,12,15,46,23,45,76,99,6,119,63,36,111,79,89,29,100,65,35,107,83,9,96
3132,7,95,8,10,20,21,3,34,43,65,69,26,9,24,46,80,17,89,111,25,14,97
3133,114,55,8,3,7,92,26,10,11,19,17,16,14,22,43,6,12,1,89,88,100,104,85,90,25,95,97,38,15
3134,10,1,34,3,19,17,12,95,13,97,7,25,11,46,2,33,26,92,96,114,73,9
3135,2,21,22,14,6,9,24,89,26,7,11,20,111,85,3,16
3136,92,18,6,66,26,10,9,90,101,114,73,3,42,11,2,25,91,4,24,21
3137,28,103,11,17,34,6,13,95,97,26,89,2,107,19,36,4,53,104,91,39
3138,34,3,16,24,18,13,9,92,4,7,20,43,10,2,66,22,21,101,5,15,114,89
3139,7,12,16,26,95,107,14,30,28,91,17,4,23
3140,22,11,17,14,16,89,95,26,107,25,24,92,103,84,8,23,9,28
3141,2,25,18,92,66,16,107,17,97,88,15,73,22,84,21,24,46,63,91,64,112,106,104,110
3142,67,10,13,20,8,104,5,18,16,114,26,24,90,12,15,48,11,17,84,63,14,7,38
3143,14,63,13,95,8,19,43,55,20,3,46,117,11,90,26,15,97,94,119,62,113,4,104,5,102,12
3144,15,43,4,54,103,110,19,11,8,107,63,20,14,10,101,22,119,55,18,26,109,21,97,102
3145,3,18,97,117,13,73,12,24,88,17,95,14,47,19,118,16,5,92,9,63
3146,26,5,21,97,28,92,34,89,66,23,14,104,98,111,24,2,116,4,7,18,12,6,114,30,25
3147,24,11,26,5,4,7,1,95,79,34,22,84,16,104,37,92,17,23,82,62,18
3148,1,36,10,20,26,21,114,15,13,92,113,18
3149,9,111,110,14,95,12,46,114,7,103,89,15,6,84,107,31,1,3,13,34,92
3150,114,12,20,5,17,63,19,13,89,11,112,10,95,18,2,22,104,16,46
3151,17,13,97,16,3,46,1,9,24,84,89,114,95,6,7,63,21,34,2,18,104,93,22
3152,66,3,20,13,97,6,24,12,63,8,4,16,7,43,18
3153,34,19,3,10,2,117,90,89,26,18,92,14,47,88,63,70,17,23,13
3154,20,12,89,103,88,2,85,14,22,77,26,16,24,117,62,119,35,92
3155,7,17,2,15,20,23,95,26,9,115,10,11,8,24,84,18,21,13,58,25,88,12,79,56,6,54
3156,63,25,9,21,8,22,20,3,15,1,23,17,41,2,24,114,18,34
3157,34,3,84,1,22,5,95,2,11,21,26,97,16,92,15,90,74,85,63,8,43,114,23,27,88,101,20
3158,21,89,2,13,5,1,14,26,24,25,97,20,6,3,30,15,8,42,7
3159,12,3,6,66,16,22,92,109,97,21,89,103,46,102,84,20,88,114,23
3160,25,19,9,89,5,84,49,97,18,23,10,63,65,7,11,119,14,13
3161,16,1,114,63,17,6,15,25,88,92,12,26,89,11,35,2,7,4,18
3162,10,7,8,114,13,14,97,19,90,43,2,46,1,66,24,53,55,21,86,107,22,117
3163,97,9,2,46,8,22,17,12,19,21,28,10,20,34,13,37,92,6,11,54,5,55
3164,8,46,18,6,12,5,89,15,25,20,43,45,36,114,34,94,13,67,11,1,19
3165,95,14,24,9,91,2,73,16,6,90,17,72,119,79,107,8,75,114,43,89,63,12,112,13,19,29,84,78,59,20,55
3166,21,92,13,104,22,114,7,16,42,19,46,2,89,12,84,1,90
3167,66,95,8,24,34,22,6,14,98,9,3,12,20,11,18,100,2
3168,7,114,5,2,3,104,8,11,6,92,24,23,46,1,17,108,100,34,116,83,80,21,62
3169,12,13,11,6,26,63,97,21,18,84,95,118,32,92,10,22,15,2,17,114,24,9
3170,26,6,1,17,3,21,89,84,92,59,32,16,85,115,114,8,97
3171,8,17,92,114,5,26,9,13,20,1,23,31,75,11,119,94,21,107,16,72,19
3172,2,9,1,26,24,22,3,7,34,21,89,114,16,5,18,14,63,66,4,15
3173,14,21,1,19,46,4,24,17,15,31,6,3,29,11,16,32,89,79,9,34
3174,11,9,55,96,12,1,97,17,19,62,21,92,3,22,114,107,79,88,74,15,63,20,14,46,2,16,70,5,95
3175,11,114,15,89,24,2,21,18,20,12,63,9,92,19,91,43,84,80,7,104,4,81
3176,97,79,92,8,94,28,18,9,22,73,26,13,17,4,20,2,96,23,7,10,46,43,58,88,21
3177,1,24,34,14,22,46,16,89,10,95,11,5,15,18,9,23,6
3178,16,9,2,15,21,114,1,18,19,24,4,8,43,26,89,34,92
3179,22,21,26,25,46,11,24,5,89,15,3,13,12,4,1
3180,15,13,22,6,97,21,24,14,41,17,84,111,89,25,83,5,11,34,20,1
3181,10,11,24,97,92,62,15,17,19,7,66,84,12,58,44,50,23,88
3182,34,2,95,8,114,104,55,26,12,21,97,7,3,23,1,106,24,30,5,39,62
3183,3,22,95,46,92,63,97,20,11,2,84,34,9,102,7
3184,20,89,8,25,28,97,46,4,19,24,84,62,16,53,56,21,36,26,34,104
3185,18,8,84,2,7,1,13,46,89,9,95,96,6,15,5,98,26,20,23,4
3186,25,114,84,3,101,20,1,8,10,75,26,19,31,18,55
3187,6,14,19,95,23,5,1,18,103,21,63,25,9,10,97,54,11,64,2,53,118,17,88,81,48,73,12
3188,6,93,89,17,7,15,13,95,18,92,20,5,23,77,116,21,28,11,106,55,62,97,107,3,54,16,96,10,26
3189,46,7,9,6,34,1,26,14,3,15,23,97,11,16,63,24,4,114,2,18
3190,26,28,8,103,104,92,15,25,43,97,13,62,5,21,90,96,4,7,33,17,24,34,77
3191,10,26,24,17,25,5,6,21,34,4,104,8,14,100,94,97,13,16,102
3192,25,89,107,114,18,1,12,28,20,92,43,22,46,19,10,2,62,5,94,104,60,55,16
3193,25,7,92,23,103,15,18,19,22,9,21,107,55,3,16,8,2,43,11,34,96,1,81
3194,13,8,10,2,21,67,23,22,16,15,25,75,1
3195,7,26,25,114,34,46,22,17,23,24,2,28,79,3,1,92,84,21,12,103,43
3196,1,24,3,6,18,84,22,92,17,5,90,16,114,7,32,83,11
3197,107,13,8,114,2,16,26,25,104,78,22,74,23,14,102,1,51,7,55,117
3198,46,7,92,2,13,34,21,16,3,12,97,95,26,15,18,104,23,4,110,25,62,68,22,47,31,99,20,84
3199,1,97,63,22,25,18,8,12,14,104,74,43,9,11,34,38,21,3
3200,26,89,3,6,8,9,90,78,4,18,5,1,19,92,16,115,76,74,96,28,22,119
3201,21,9,24,13,16,5,3,89,20,11,6,1,73,95,107,25,4
3202,14,89,7,2,9,12,19,97,22,114,6,18,95,11,3,25,26,16
3203,92,10,1,97,8,23,7,55,89,17,20,18,45,25,87,2,14,103
3204,10,16,6,103,97,14,4,46,34,92,2,20,69,89
3205,1,13,14,9,4,19,2,97,25,16,6,89,26,70,63,20,55
3206,11,20,95,14,62,25,1,5,23,97,19,4,12,21,10,9,13,18,89,24,77,26,15
3207,26,24,4,21,103,10,7,17,25,2,89,31,9
3208,18,114,9,3,25,7,97,5,1,20,17,46,11,14,66,6,50,76,34,4,16
3209,114,34,5,89,63,14,18,7,20,28,43,19,17,97,22,1,104,109,10,105,16,6
3210,11,26,8,114,6,94,1,107,18,20,24,66,21,76,22,51,54,10
3211,19,13,5,10,24,18,2,34,55,9,89,85,21,57,3,68
3212,7,9,14,25,11,63,8,43,89,97,107,4,64
3213,6,3,34,25,18,15,21,97,46,119,54,24,11,8,106,14
3214,7,12,92,114,1,22,2,5,107,18,9,97,104,10,58,46,111,21,11,20,15
3215,43,15,103,16,3,110,14,55,114,21,9,12,4,62,20,17,92,1
3216,1,10,25,17,103,99,11,9,55,60,2,54,19,20,7,110,94,14
3217,9,84,15,55,114,7,10,16,11,6,62,21,97,13,89,26,23,12,46,1,64
3218,6,2,15,14,10,89,4,8,12,92,3,90,26,27,34,20,79,48,62
3219,15,1,23,95,25,8,104,2,55,80,19,6,4,46,94,3,20,17,26
3220,114,34,15,23,63,89,46,13,97,14,28,43,17,7,19,24,22,55,11,37,6,95,92,85,103,18
3221,10,21,114,18,8,16,28,2,5,95,106,20,24,46,84,6,97,23,19,104,22,89
3222,13,55,15,19,26,104,18,21,4,14,95,12,24,89,115,114,25,92,20,34,17,44,9,91
3223,13,5,2,18,46,15,26,21,22,92,17,20,7,3,34,112,6,1
3224,14,6,21,95,17,18,9,1,20,84,26,16,3,10,61,92,8,76,25
3225,46,14,1,16,9,18,21,20,4,11,34,8,74,85,23,22,89
3226,114,16,103,77,9,26,46,7,97,92,117,20,102,55,91,63,6,19,5,58,34,24,23,79,18,104,11
3227,3,19,13,12,95,46,104,62,92,21,113,9,26,11,2,112,86,65,10,20,54,63,17
3228,114,2,89,95,21,6,34,16,13,10,39,23,19,75,63,46,9,25,92,1
3229,25,16,9,103,8,18,3,20,117,97,22,24,55,17,28,69,52,6,13
3230,7,21,19,117,89,8,79,2,14,28,63,9,17,16,11,13,15,103,36,72,23
3231,20,23,89,34,15,28,84,95,8,2,21,14,48,3,92,13,10
3232,17,20,10,14,8,5,22,15,13,84,25,89,1,16,26,12,114,6,55,107
3233,24,26,18,7,8,114,92,102,66,11
3234,10,11,5,4,21,46,24,22,26,14,89,9,8,12,1,25,23,79,13,114,63
3235,5,96,25,19,23,15,24,63,12,43,90,104,118,92,86,18,102,21,82,22,78,10,115,114,111,38,100,91,26,97,41,106,83,9,55
3236,10,103,97,34,24,6,11,55,13,23,89,16,28,60,8
3237,24,88,18,25,5,4,16,84,97,46,23,65,14,114,21,19,49,8,7,6,112,66,15,89
3238,5,2,26,8,11,12,19,16,25,10,6,91,17,80
3239,3,10,34,22,24,44,27,20,11,70
3240,12,13,104,3,9,6,46,19,16,24,10,27,17,97
3241,9,63,20,17,117,22,104,89,13,78,105,42,112,8,18,39,25,114,46
3242,16,92,14,26,2,114,11,84,1,13,5,19,17,9,34,24,74,22,109,7,18
3243,16,26,2,84,63,8,1,5,13,25,46,22,89,81,114,34,6
3244,26,16,24,114,22,79,15,27,11,92,97,5,1,115,10
3245,7,10,8,9,11,14,46,2,92,21,6,4,19,1,34,97,25,16
3246,22,14,97,5,43,9,17,15,2,66,4,1,20,38,95,10,114,48,105,25
3247,14,3,26,16,24,95,114,5,7,17,2,18,15,13,46,9,23,25,77,89,6,117
3248,11,19,2,26,21,46,6,112,89,5,34,114,107,14,17,7
3249,24,6,26,46,16,13,104,9,79,20,11,7,34,8,12,97,21,17,114,59,23
3250,16,34,20,10,6,11,8,3,25,24,84,66,9,46,17,97,36,21
3251,10,3,89,25,90,18,22,85,34,20,21,11,1,119,6,24,46
3252,77,18,3,14,84,97,21,6,34,66,23,4,19,13,95,9,16,5,11,70,105,36
3253,13,2,34,114,10,103,22,21,20,18,89,15,3,8,63,14,74,109,88,11,57
3254,21,23,9,7,15,25,34,17,3,2,5,11,16
3255,34,97,117,14,22,84,10,6,23,24,103,8,28,78,1,32,25,95,79,13,9,21,91
3256,92,19,17,97,18,43,1,8,5,6,31,10,26
3257,3,95,26,84,2,14,16,46,89,63,20,114,22,6,5,19,111,4
3258,26,114,34,20,2,24,97,10,14,11,79,87,44,12,21,5,32,22,104,16
3259,8,114,25,97,1,4,63,15,34,7,9,79,3,6,5,21,13,22
3260,14,13,107,10,103,95,18,15,24,7,84,114,16,23,113,25,22,6,20,11,21,46
3261,63,104,28,13,8,41,7,103,16,4,93,73,17,14,54,114,10,6,12,23,79,102,55,62,18,20,25,83,101,3,89
3262,2,20,7,114,89,17,46,14,4,104,12,92,6,55,10,43,15,3,8,97,9,19
3263,114,63,16,3,5,84,55,51,24,79,19,90,62,94,118,97,109,7,88,25,117,10,9,4,1,67,110,8
3264,1,89,25,34,92,5,24,6,4,13,12,21,3,69,16,18
3265,20,103,43,62,111,34,22,2,3,5,17,10,23,75,114,104,4,64,13,102,7
3266,22,3,46,2,1,15,114,17,21,16,55,5,92,14,84,18,25,6,7,20,62,9,26
3267,18,89,21,6,20,2,80,117,34,11,4,114,97,92,66,10,1,95,12,22
3268,97,6,18,12,7,19,3,24,39,1,26,11,46,89,45,5,114,22,9
3269,66,84,6,7,18,20,9,16,15,14,12,10,95,8,22,25,90,73,11,47,65,19,26,13,101,62
3270,10,119,20,34,14,25,12,22,46,8,26,13,19,7,43,50,114,32,89,5
3271,10,5,25,3,8,7,96,11,97,24,9,117,6,13,21,1,95,12,15,2
3272,25,6,21,92,19,15,9,11,102,26,16,23,84,18,13,34,56
3273,8,12,5,14,95,92,1,11,26,13,84,25,20,63,43,114,89,2,10,34,81,7
3274,6,15,8,22,3,13,21,63,5,4,117,12,19,96,114,53,119,103,9,77,38,2
3275,14,5,26,95,8,89,63,97,46,104,77,28,113,22,2,19,34,118,59,12,62,43,54,40,3,117,9
3276,34,19,11,7,1,23,25,46,6,15,97,26,10,5,8,89,17,43
3277,46,20,12,89,97,7,117,22,14,11,34,114,10,25,112,3,54,8,18,39,21
3278,21,11,23,90,74,88,117,28,94,73,115,79,62,107,75,102,89,113,46,55,111,104,9,1,20,14,101,35,67,22,114,85,3,78,96,87,16
3279,2,9,11,97,13,22,25,6,117,10,3,16,33,100,14,70,92,26,20,96,103,59,111,55,51,12,21
3280,18,1,12,23,11,9,74,25,4,13,3,89,7,95,2,5,84,103,92,63,91
3281,2,22,114,97,15,55,79,70,6,26,7,10,33,11,25,85,13
3282,89,108,6,111,63,92,11,87,103,19,8,117,97,4,21,23,91,107,17,99,12,113,2,28,104,106,75,90,55,14,24,7,3
3283,97,8,84,15,2,21,46,25,12,24,1,86,113,5,6,17,38,63,111,117,7,110
3284,18,10,25,24,6,114,19,12,20,8,1,11,15,13
3285,5,12,18,26,21,2,89,20,22,9,34,114,23,41,118
3286,13,1,46,19,22,24,34,99,25,114,28,58,117,29,26,112,43,92
3287,10,28,103,83,110,99,81,26,117,96,98,84,6,23,46,82,86,25,43,113,2,3,93,34,55,63,11,107,27,79,58,42,87,77,64,9,111
3288,2,6,46,15,23,9,97,1,17,34,25,19,95,89,14,90,22,28,106,66,91,102,43
3289,89,66,88,5,26,11,17,99,98,20,95,18,9,96,119,19,77,92,86,110,55,59,15,34,8,93,79,52,111,106,80,25
3290,20,3,89,15,25,12,5,6,103,85,17,2,107,84,23,63,88,8,7,115,14,104,29,26,16,21
3291,46,25,92,12,97,84,14,89,7,2,43,3,114,24,55,13,98,88
3292,5,6,8,46,66,84,21,13,11,95,12,43,25,55,4,14,26,92,93,107,54,56,108,24,7,73
3293,10,7,25,2,21,92,1,6,9,19,16,46,65,110,41
3294,5,89,24,20,14,18,22,34,84,13,9,2,103,104,6,114,101,21,11,16,15
3295,20,14,46,7,63,24,84,13,88,6,21,2,103,22,23,26,25,1,44,34,15,18,17,114,58,11,19,101,16,77,8,38,78
3296,14,8,9,17,3,10,34,79,95,20,16,19,13,114,97,2,92,82,7,104,21
3297,10,33,9,24,13,26,23,20,81,114,12,1,107,92
3298,24,89,9,110,92,22,4,17,79,114,101,88,62,10,8,59,21,1,41,6,14,55
3299,3,15,5,89,1,12,10,18,55,13,21,34,32,6,102,19
3300,17,13,25,3,26,1,24,89,10,20,7,9,2,23,84,4,92,19
3301,3,46,34,20,18,8,114,16,6,92,43,89,14,97,63,22,119,26,19,12,81,25,15
3302,97,25,46,20,84,5,7,89,1,63,22,24,54,9,8,4,10,80,3,74,19
3303,84,14,6,12,102,5,23,95,63,11,7,34,16,111,39,26,15,17,28,1
3304,6,16,9,92,11,104,8,19,23,114,20,3,89,1,21,18,17,4,24,48,62,13,15
3305,46,114,18,9,25,104,42,92,14,12,26,5,13,33,96,62,16,91,40,88,4,41,115,74,83,31
3306,9,25,60,87,34,16,19,2,97,55,3,95,23,8,63,22,96,17,10,114
3307,19,20,28,55,5,8,114,54,13,7,119,104,6,97,39,10,99,88,95,96,25,74,84,23,22,26
3308,18,17,5,20,38,23,4,8,85,102,96,19,21,1
3309,16,15,25,12,8,13,38,14,24,43,11,46,9,104,47,97,19,18,34
3310,114,10,24,6,5,97,7,13,92,88,99,9,86,12
3311,11,56,19,6,13,23,21,17,92,7,3,18,8
3312,34,19,21,114,14,18,95,8,20,10,15,1,97,89,16,4,24,68,7,49,84
3313,46,3,22,14,16,23,13,17,11,79,55,77,19,18,6,1,95,48,10,4,9,63,8,7,84,74
3314,15,7,3,89,16,97,2,24,12,28,34,19,11,21,6,10,4
3315,24,25,14,9,5,89,21,114,1,7,12,20,2,84,16,13,15,18,67,92,26,4,8
3316,17,24,6,27,97,104,1,28,2,9,3,46,102,55,92,8,26,103,114,16,38,43,79,62,23,118,20,76,99,100,90
3317,92,3,17,43,46,114,73,1,111,119,8,18,22,32,16,101,116,15,82,91,25,19,2
3318,18,10,20,5,13,3,103,114,63,24,95,19,46,117,97,15,54,2,14,25,1,4,62,84,22,26,110,9
3319,84,29,2,7,25,95,4,15,97,3,1,17,26,114,67,21,11,46
3320,114,43,9,3,95,4,21,111,18,33,97,16,6,84,2,61,7,89,69
3321,20,15,103,104,16,10,24,7,19,9,84,97,4,25,22,43,34,12,1,6
3322,8,19,2,63,21,46,84,88,73,78,55,9,43,89,107,61,11,1,112,71,18,85,114,25,17,22
3323,34,14,6,84,22,2,25,5,18,69,15,3,23,51,101,16,42,112,7
3324,23,14,104,92,21,5,16,10,13,79,96,103,1,6,54,11,7,110,15,90,95,80,63,97,43,83,8,9
3325,16,13,14,10,89,46,19,63,111,107,108,1,20,104,84,85,23,8,24,92,79,90,117
3326,114,110,17,1,13,11,95,2,7,88,26,5,14,96,34,21
3327,18,20,11,7,63,104,6,8,89,22,54,117,97,28,106,1,19,46,62,25,110,85,26,82,119,2
3328,11,26,22,18,21,10,2,25,34,17,24,19,96,63,94,76,20,4,113,9,84,95,3
3329,18,9,10,2,24,11,22,15,95,13,78,1,20,12,112
3330,11,14,7,18,97,114,46,16,15,92,22,55,26,103,87,28,20,89,84,5,1,76,29,95,23,106,24,47
3331,12,26,117,17,55,18,4,3,2,89,8,21,87,79,9,107,14
3332,6,9,22,12,11,46,16,89,102,26,34,13,106,65,43,10,7,14
3333,46,103,19,95,89,92,18,90,2,17,6,27,21,73,10,110,5,64,15
3334,17,3,21,22,8,84,103,25,24,97,55,104,34,46,5,13,62,117,111,20,63,91,6
3335,21,25,6,22,111,84,17,11,92,5,16,10,9,15,8,23,91,74,89
3336,24,8,6,92,97,10,26,17,46,104,12,113,96,20,3,95,36
3337,21,2,20,16,8,95,104,92,107,6,9,17,18,91,1,58,46,7
3338,5,26,89,8,2,92,16,9,1,117,79,4,97,41,13,103,32,3,43,82,60,19,66,62,113,118,25
3339,2,10,12,8,11,34,18,26,15,3,25,102,9,1,21,20,117,7,87,97
3340,46,114,93,1,34,100,3,24,113,10,62,89,104,91,2,79,66,74,115,5,107,16,88,55,73,12,83,22,27
3341,9,114,23,92,21,107,55,1,3,86,15,45,83,34,88,81,58,87,18
3342,22,10,7,97,26,34,66,9,25,59,16,24,95,50,13,15,14,11,89,117,106,4
3343,15,95,26,13,23,25,11,46,84,6,97,114,89,17,34,68,16,88,21,117
3344,14,20,7,19,24,34,1,104,15,25,12,101,43,84,85,13,63,2,11
3345,17,5,25,84,12,3,77,1,8,16,101,114,6,92,81,7,4,116,2
3346,9,23,63,95,89,12,2,43,14,46,7,74,1,114,30,20,92,17,4,25,104,96,34,5
3347,21,12,24,14,20,95,8,97,74,7,50,16,59,6,81,26,61,19
3348,19,18,25,20,26,1,2,10,89,24,92,7,5,104,84,8,22,66,6,15,11,12,28,79
3349,46,1,11,14,22,7,17,13,24,91,8,3,97,95,10,61,15,9,85
3350,63,7,97,15,55,103,90,26,14,28,92,38,8,9,3,2,107,75,17,21
3351,9,8,15,4,84,97,92,7,13,22,20,1,18,14,10,34,54,95,83,2,86,21,26
3352,89,18,34,25,46,14,7,3,1,53,114,13,37,8,12,16,5,66,10
3353,34,12,15,22,26,20,97,21,14,23,42,90,92,6,89,5,1,3,16
3354,6,95,8,24,10,20,25,2,18,55,34,17,79,9,66,104,19,21,89,15,28
3355,14,22,19,24,1,5,15,17,102,4,11,119,97
3356,89,97,3,8,88,23,17,84,15,104,11,24,10,43,5,38,46,90,77,9,14,85,2,73,28,62
3357,9,102,6,111,87,1,4,46,82,97,119,43,114,12,17,104,113,93,7,108,63,2,96,92,95,99,85,3,117,32,86,54,94
3358,92,104,84,88,7,12,114,34,24,15,26,87,66,23,75,71,10,46,21,97,4
3359,26,24,34,16,114,12,25,21,7,17,4,28,27,15,104,87
3360,113,74,85,110,115,82,103,116,77,93,108,100,39,27,87,47,81,111,96,109,15,112,117,41
3361,91,70,109,94,106,82,73,117,99,103,87,83,77,110,10,101,90,85,97,107,57,26
3362,91,102,90,109,99,78,94,73,4,106,108,111,112,115,96,85,46,104,117,110
3363,73,92,103,109,106,91,105,88,108,51,30,115,49,57,110,102,74,56,107,112,83,79
3364,75,99,113,29,77,83,100,104,88,81,102,80,119,90,111,106,30,109,115,78,108,91
3365,76,83,30,79,81,113,73,105,85,106,115,90,98,117,74,70,80,101,49,54
3366,109,75,85,95,74,106,11,112,81,113,110,94,117,119,92,103,26,30,56,53,98,20,105,77,29
3367,94,91,88,73,109,75,90,105,115,74,117,78,99,80,70,34,67,69,30,65,59
3368,77,92,81,88,96,105,106,91,108,73,119,79,70,86,21,11,95,80,94
3369,88,75,85,98,77,116,96,103,83,91,113,90,92,79,119,107,9,74,53,78,76,31,48,23,106,58,80
3370,90,80,82,85,112,57,115,99,73,70,98,74,101,117,103,104,54,87,83,86,63,113,77
3371,74,29,119,101,90,102,73,109,77,98,111,103,51,108,87,83,57,99,115,91
3372,82,83,108,85,94,75,118,104,73,109,88,113,80,95,102,51,50,101,77,81,103,111,70,96
3373,79,70,81,106,118,109,80,83,85,111,119,96,86,101,88,78,107,90
3374,94,49,85,93,57,54,110,83,109,91,100,113,107,112,29,82,56,119,86,77,87,115,96,78,104,40,108,111,99,76
3375,76,118,105,94,85,57,29,100,112,51,65,96,91,47,106,110,95,88,81,74,98,116,87
3376,115,70,116,77,92,99,119,90,88,111,103,24,22,98,82,102,76,13,101,29,117,78,118,91,74,112
3377,90,78,96,83,57,108,101,115,119,112,98,79,82,94,74,5,75,7,80,118,87
3378,115,108,104,99,107,96,106,110,80,77,105,113,57,103,112,4,27,91,111,98,117,73
3379,112,85,29,90,105,91,113,109,77,108,87,115,78,80,95,117,118,99,89,110,119,74,84,93,73,103,41,98
3380,77,119,73,86,101,110,94,115,88,82,113,91,106,108,109,92,16,85,93,78
3381,111,92,106,76,105,73,85,116,75,77,54,107,81,57,119,96,88,103
3382,80,115,101,108,103,116,70,113,90,74,86,75,94,81,119,92,118,16,97,117,60,57
3383,91,109,79,70,112,96,98,83,105,59,113,95,92,101,111,29,76,51,103,40,108
3384,117,105,87,98,91,102,108,99,119,81,106,74,109,29,88,107,10,80,85,118,82
3385,85,111,75,70,88,109,99,110,108,115,118,105,101,119,76,102,90,78,73,103,94,74
3386,73,109,74,111,99,108,82,104,81,87,101,105,4,94,86,60,103,13,83,45,79,119,80,96
3387,116,111,107,79,80,102,110,108,94,101,85,99,96,106,90,28,70,78,43
3388,75,103,85,105,92,101,110,99,50,117,111,96,79,112,42,118,107,95,113,3,106,39,80,54
3389,104,79,102,118,116,109,110,117,115,101,93,98,57,5,99,80,85,105,88,111
3390,96,118,99,91,81,106,76,108,86,83,57,104,101,87,105,112,113,5,74,100,64,98
3391,73,98,101,88,99,113,118,76,104,110,100,85,119,4,111,52,30,79,82,64,81,115,96,108,103,116,29,95,46,87
3392,111,74,115,110,81,78,99,79,87,104,76,73,54,106,98,94,109
3393,80,109,106,111,98,96,79,110,70,85,101,118,73,117,99,90,119,75,95,74,104,94,108,87,105,116
3394,115,54,70,100,75,93,107,101,103,80,119,73,85,79,87,9,29,30,74,83,42,105,118,112,99,90
3395,85,99,79,83,118,75,106,98,78,108,102,94,111,112,110,63,109,49,8,41,104,26,5,57
3396,75,108,81,79,115,118,100,4,83,102,51,86,80,110,95,99,113,85,66,39,29,87,91,94,56,82,119,77,11,116,101
3397,115,111,103,94,106,107,119,81,96,116,91,108,109,98,83,117,102,80,105,92,78
3398,118,105,73,117,110,99,78,90,6,108,107,113,96,77,57,75,104,67,76,89,119,80,54,115
3399,76,85,83,70,109,73,115,88,80,112,79,108,94,75,91,77,116,29,82,102,117,81,92
3400,90,87,109,113,116,78,107,106,54,7,82,75,15,110,80,119,12,111,81,112,86
3401,116,104,77,82,118,75,79,83,81,119,88,90,101,105,113,78,3,99,98,36,117,94,7,17
3402,96,85,112,100,99,74,77,103,115,86,32,108,106,81,110,80,90,109,91,61,11,95,26,79,113
3403,91,81,119,80,87,113,4,115,99,103,79,111,112,49,100,106,67,110,98
3404,79,112,87,77,75,118,54,49,80,81,74,109,86,117,111,113,70,110,105,108
3405,57,88,106,109,81,75,85,107,115,105,73,111,91,101,70,112,83,99,94
3406,98,70,87,78,75,108,54,96,118,74,81,113,88,116,105,109,106,86,91,19,5,80,90,83
3407,112,79,86,110,118,98,105,117,88,116,92,99,111,87,26,61,108,70,51,94,101
3408,116,57,99,101,109,111,113,106,91,112,78,110,102,73,85,80,70,87,8,48,53,105,86,79
3409,100,107,88,81,118,99,109,92,29,111,98,115,70,117,89,16,77,83,22,86,73,74,82,94,108,112
3410,118,82,116,70,110,73,87,78,98,107,113,109,100,115,112,33,105,5,57,79,75,54
3411,75,77,88,116,102,79,91,104,117,110,81,109,106,23,87,74,94,8,78,96,28,113,99
3412,81,109,110,106,118,87,74,95,82,115,117,92,75,57,79,96,98,116,80,100,50,112,105,68,97,91,113,77
3413,101,86,94,119,82,80,74,78,117,70,87,73,113,99,88,79,100,14,90
3414,119,113,57,110,117,90,111,107,88,76,29,77,106,74,83,99,94,96,72,101,45,55,86,115
3415,105,70,94,77,107,78,111,65,83,86,104,58,85,73,13,98,6,115
3416,70,98,88,76,95,117,110,94,54,111,91,108,109,115,102,59,113,22,90,74,107,99,103,29
3417,90,118,73,106,87,116,99,78,79,92,105,5,80,111,101,70,88,10,8,75
3418,75,105,74,77,86,82,103,95,96,113,102,104,101,99,92,111,87,110,88,116,106,117,81
3419,77,108,85,103,83,111,96,70,104,79,35,31,57,90,107,84,110,46,101
3420,75,96,82,118,90,91,97,110,78,95,106,33,103,98,9,30,6,108,88,115,77,104,74,63,55,36,64
3421,74,104,116,96,115,112,99,108,80,86,81,102,90,91,18,103,50,78,105,70
3422,119,113,70,74,76,87,78,90,88,82,62,116,57,112,98
3423,79,94,91,102,107,77,108,85,74,104,78,82,109,119,106,88,76,118,96,27,47,105,97,81,117
3424,81,88,77,111,70,98,93,57,78,113,116,51,94,92,74,102,115,86,100,108,90,79,106,48,82,12,109,67,87,101
3425,101,110,83,78,88,108,79,75,111,81,90,115,42,76,118,102,116,96,105,87,51,103,17,77,24,99
3426,93,91,87,105,112,98,104,100,80,82,94,70,85,74,115,83,86,95,99,27,111,77,88,79
3427,119,101,81,83,88,85,77,80,103,107,95,104,109,111,110,82,113,76,51,70,115,117,79,5,108,90
3428,116,107,83,76,109,110,70,90,29,94,119,81,82,102,118,98,51,91,101,95,100,86,92,75
3429,87,96,113,107,82,117,104,30,91,83,99,76,109,108,103,79,11,115,118,105,86,101,41,66,90,94
3430,54,90,80,109,74,96,82,106,119,114,51,118,111,87,73,6,78,65,91,110,83,81,95,99,76,102
3431,109,92,118,82,88,105,98,77,75,74,101,112,95,113,83,51,76,80,2,91,30,99,96
3432,92,83,87,116,119,115,109,102,111,88,90,94,108,73,70,80
3433,98,88,74,104,76,78,105,82,70,119,80,57,79,83,113,29,49,95,117,19,101,86,109,118,90,99,94
3434,107,104,87,76,86,101,75,70,83,92,26,55,98,115,9,63,109,93,15,28,103,90,29,108,41,99,113
3435,88,98,110,73,94,111,96,95,74,112,80,91,104,79,6,103,97,36,83
3436,74,86,78,108,88,76,111,85,73,116,92,29,106,117,80,113,99,119
3437,77,73,79,104,96,91,110,76,107,119,82,115,100,70,117,95,85,72,93,94,101,111,30,116,81
3438,94,29,90,109,83,82,112,98,110,86,103,91,108,81,75,111,114,106,25,96,12,105,88,40,30
3439,79,94,80,76,119,73,112,87,99,67,86,106,101,49,116,109,29,55,115,118,23,70,110,98,63,78,113,85
3440,99,81,92,88,116,106,74,95,118,80,87,90,83,79,73,86,107,112,111,117,96,98,102
3441,116,102,108,73,76,82,90,94,109,105,103,86,24,91,104,79,88,107,110,3,17,93,66,115,118,85
3442,91,101,94,78,79,106,110,80,115,116,103,86,119,107,109,104,95,113,8,81,57,77
3443,85,75,79,111,78,81,118,87,80,110,11,102,5,99,65,117
3444,110,82,107,119,79,29,101,109,74,104,13,24,40,93,85,84,114,23,106,94,73,86,56
3445,109,112,99,86,118,81,82,94,83,107,75,79,105,119,77,113,95,60,117,110,96,103,76
3446,78,85,96,106,116,112,111,76,79,77,102,98,110,113,107,95,75,87,109,88,56,74,117,118
3447,115,87,101,110,78,117,104,57,103,112,119,90,91,75,61,109,60,51,38,58,70,94
3448,99,80,70,75,87,85,73,90,113,98,111,109,74,77,118,101,92,79,106
3449,101,94,74,87,85,117,90,76,105,106,37,75,70,110,109,115,119,113,22,88,73
3450,102,106,116,94,101,90,74,91,82,88,79,4,113,118,111,98,96,87,115,112,75,110,70,57,104,66,76,109
3451,119,83,87,98,74,99,94,96,112,76,77,38,78,101,95,116,80,118,91,82,105,110
3452,117,96,91,112,75,74,111,79,98,78,70,57,93,76,110,114,90,108,119,50,92,101,87,107,24
3453,73,109,90,93,99,88,78,115,96,112,113,75,74,77,97,106,98,62,81,64,110,57,80,119,70
3454,112,57,111,94,82,29,70,75,107,98,119,96,76,49,113,81,65,69,116,4,45,3,90,27
3455,113,80,73,88,98,90,75,91,119,102,112,115,101,74,85,99,65,103,43,78,3,117,81
3456,85,78,87,75,106,119,116,70,102,105,1,48,111,39,95,113,101,108,79,73,94,42,29,88
3457,38,101,94,80,70,86,111,90,82,102,116,109,81,103,115,91,87,110
3458,77,103,107,96,109,118,110,104,93,95,102,73,111,71,80,90,76,88,116,29,83,12,106
3459,73,92,108,79,94,76,116,85,87,96,111,83,44,82,98,45,21,99,101
3460,115,108,54,90,113,82,96,105,80,81,70,76,107,77,88,117,109,30,4,111,79,33,19,102,73,101,75
3461,86,103,81,115,118,82,74,88,90,110,59,108,77,51,94,78,67,119,70
3462,98,88,100,76,94,85,115,109,113,80,102,112,78,96,77,117,79,36,108,87
3463,108,94,70,77,78,117,113,112,82,80,106,73,39,119,83,42,103,92,65,79,102,90
3464,105,77,80,88,100,90,108,57,70,54,119,29,13,109,74,116,95
3465,74,87,95,83,88,116,93,113,101,76,75,30,103,70,73,108,102,99,78,98,107,90,91,28,86
3466,111,85,29,92,82,110,81,105,4,118,102,97,119,47,6,54,96,98,90,104,115,75,94,101
3467,101,115,107,106,102,75,74,117,90,94,80,88,110,36,77,68,76,104
3468,73,106,104,110,77,103,96,119,107,93,109,102,113,87,90,91,74,101,105,99
3469,112,57,86,118,113,70,94,87,107,96,99,81,51,91,72,77,95,101,116,105,82,74,108
3470,76,108,78,113,106,82,111,99,115,98,80,116,95,90,96,83,86,79,119,77,9,60
3471,115,93,75,91,119,102,109,29,98,83,82,78,81,73,117,24,113,87,108,85
3472,76,88,80,116,103,118,57,105,29,78,113,92,54,101,119,99,110,52,44,109,107,93,36,70,102,87
3473,109,108,110,83,101,85,119,115,96,99,113,70,76,79,105,77,3,106,86,40,29
3474,83,86,79,70,85,96,80,118,111,104,74,117,76,106,73,119,29,30,113,98,81,77,87,54,39,15,107,91,99,51
3475,94,118,96,81,101,115,92,116,29,95,80,85,2,99,102,105,107,76,15,86
3476,108,74,79,88,115,76,119,91,86,51,81,106,118,85,97,94,101,112,96,105,54,73,57
3477,83,104,85,113,109,77,87,100,98,95,81,2,49,99,73,118,96,70,102,90,74,80,57,78,82
3478,83,109,70,82,86,90,95,106,103,81,113,119,29,98,116,85,111,73,118
3479,112,113,90,110,116,86,106,117,95,108,85,102,101,77,99,109,107,88,56,75
3480,91,94,76,112,108,116,90,103,87,77,78,106,40,81,80,79,110,111,98,73,74,115,88,92,113
3481,107,92,91,109,119,73,75,106,112,76,111,90,100,104,98,96,86,6,116,41,101,77,113
3482,77,74,83,116,98,110,91,103,118,94,115,87,86,119,104,80,112,76,88,71,100,48,79,78,107,105,81,102
3483,81,103,111,86,117,76,100,80,104,75,44,110,6,82,96,5,79,98,119,12,101,107,113,34
3484,81,94,57,111,74,86,118,117,103,108,96,113,119,116,77,87,67,115,80,33,110,112,106
3485,112,75,85,70,94,29,99,116,30,56,87,119,88,83,98,92,73,107,108,113,82,106,65,90,104,77
3486,30,29,113,95,78,79,57,115,107,54,74,102,101,4,51,116,14,5,105,25,104,91,23,93
3487,81,116,88,87,57,105,99,103,110,101,117,86,115,61,107,113,20,102,4,76
3488,118,111,76,92,94,54,81,68,108,49,96,43,74,117,85,86,88,23,73,95,4
3489,83,101,85,94,82,118,105,91,117,107,76,90,116,113,109,110,74,77,106,79,93,86,108,18,35,31
3490,74,103,94,80,83,109,70,87,107,86,51,54,98,115,52,99,113,82,66,5,48,85,81
3491,78,102,95,30,116,90,118,86,98,79,69,74,92,70,111,75,96,29,109
3492,91,74,106,99,82,87,93,111,102,64,56,70,75,86,77,76,101,88,79,103,115,119,30,78,96,116,90,98,48,15,113,55,108
3493,85,95,116,110,99,74,87,92,91,118,100,81,117,102,119,23,101,96,108,26,73,111,90,76,94
3494,108,105,107,76,70,83,57,77,85,87,86,88,92,94,80,100,99,73,109,14,79,43,42,111
3495,110,112,76,100,103,116,98,92,82,86,115,75,85,118,96,81,24,90,14,88,99,57,73,91
3496,70,107,99,86,106,91,96,117,113,87,119,80,108,81,75,101,92,49,22,51,10,73,31,77
3497,90,80,88,113,104,79,78,86,91,94,83,106,76,96,118,50,99,102,85,54,103,51
3498,90,106,85,88,70,115,29,108,87,86,118,75,46,73,64,72,92,79,61,66,104,110
3499,111,118,104,119,113,101,91,96,90,102,50,33,105,106,47,74,116,83,81,70,87,73
3500,78,88,94,108,80,82,90,79,115,112,70,119,110,111,83,113,103,7,109,74,77,33,104,91
3501,80,108,119,111,101,109,104,79,113,106,105,96,118,112,99,83,81,98,94,90,116
3502,77,96,79,92,102,103,106,95,108,119,116,78,118,85,109,75,35,104,98,88,82,105,25,16,90,29,86,110
3503,91,99,82,116,119,105,29,88,92,85,87,83,86,81,117,90,75,101,118,48
3504,117,57,108,112,109,91,54,79,111,87,73,65,81,28,115,78,49
3505,78,77,75,94,101,57,112,116,81,92,102,83,54,82,111,105,119,99,93,36,24,30,2,10,62,79,90,80,103
3506,117,104,94,70,82,118,113,73,100,101,98,79,83,119,105,29,116,54,75,111,107,99,114,25,57,92
3507,106,75,79,92,112,99,94,117,77,101,108,85,76,83,87,111,18,91,104,105,102,70
3508,90,94,80,77,104,85,109,92,103,112,86,24,117,73,57,74,116,111,119,118,95,91,30,113,33,70,99
3509,115,107,57,113,94,86,87,85,78,91,79,30,56,92,24,74,105,95,108,112,64,73,76
3510,76,73,118,104,79,90,116,51,81,113,9,101,103,112,42,107,77,49,6,91,115,70,15
3511,91,57,111,102,85,95,96,87,70,119,75,106,94,79,105,15,90,83,78,18,104,115,109,107,113,110,26,89,88
3512,75,86,76,118,108,96,88,91,83,98,87,78,85,109,105,99,90
3513,51,29,119,87,103,90,80,109,111,115,75,91,79,98,82,83,57,86,101,112,92,113,54,108
3514,111,57,48,90,98,79,113,108,103,118,80,110,105,96,77,39,13,78
3515,96,57,87,76,109,113,107,110,116,112,111,78,70,94,98,103,115,102,80,90,104,85,82
3516,88,108,78,99,101,85,117,67,73,115,102,70,119,57,98,97,96,103,118,87,116,86
3517,94,115,74,107,85,87,91,111,101,9,79,27,80,30,110,88,83,105,99,47,106,75,81,70
3518,109,29,90,78,113,76,98,57,105,81,102,91,99,94,119,77,4,85,108,110,92,93,70,47
3519,108,105,104,94,111,98,87,78,103,70,86,73,96,15,110,117,106,85,17,80,90,100,62,44,116
3520,93,85,74,106,76,115,88,113,87,112,107,92,100,95,119,101,109,23,38,20,105,9,8,83
3521,83,86,112,70,118,29,101,108,107,75,28,92,48,73,87,99,111,113,110
3522,93,110,108,74,87,70,88,107,73,105,96,30,38,81,82,117,77,98,76,101,111,104,95,90
3523,110,115,29,92,101,74,104,70,113,75,37,53,83,109,38,118,82,99,35,73,24,30,78,11,81,51
3524,109,108,119,110,112,94,85,29,95,30,118,104,74,111,98,81,23,115,75,78,70
3525,90,79,87,107,73,109,101,116,75,56,111,119,88,99,110,74,95,83
3526,75,98,74,109,90,92,99,81,116,87,101,70,102,94,110,111,107,79,73,43,83,80,96,36
3527,96,111,81,105,113,57,85,118,98,73,77,108,86,102,79,49,99,64,70,116,89,54,107,104
3528,107,65,105,29,82,81,92,109,116,96,100,98,75,93,101,76,35,15,110,57,94,119,91,95,55,70,112,111,99
3529,75,79,119,88,76,99,98,117,90,109,54,112,82,87,85,49,115,110,84,6,92,2,44,105,33,116
3530,80,77,57,82,104,70,75,85,94,88,49,108,83,119,47,90,50,118,107,68,99,111,112,115,113
3531,96,91,116,73,103,29,113,98,88,86,92,90,95,79,81,106,4,83,36,54,77,94,51,119,117
3532,110,106,108,57,119,105,80,86,109,74,112,73,117,41,68,118,79,103,37,2,77,78,98
3533,99,105,98,76,80,87,102,115,42,119,118,86,108,101,90,83,33,79,106,96
3534,81,111,87,108,74,98,116,78,77,70,82,117,30,76,85,88,91,110,106,55,112,107
3535,96,113,73,103,94,112,117,108,77,86,102,99,91,93,116,98,111,43,70,88,119,83,75
3536,90,118,113,117,79,106,80,94,109,87,85,82,77,74,5,101,86,107,47,112,92
3537,117,118,119,99,83,87,73,108,103,96,98,105,92,77,107,104,17,90,106,110
3538,86,99,70,91,105,88,98,90,96,87,119,75,111,73,76,95,112,78
3539,116,92,93,87,57,102,115,107,104,113,95,109,111,75,106,91,88,35,50,77,94
3540,92,118,109,103,112,99,116,106,86,113,96,57,108,78,80,70,81,111,56,101,73,82
3541,92,82,88,74,54,100,101,118,83,96,70,109,14,87,119,102,90,93,94,68,85,104,57,8,79,75,103
3542,111,73,74,106,115,57,99,87,90,104,42,95,110,24,82,28,108,88,76,112
3543,91,85,87,116,81,110,86,98,94,106,109,75,88,56,108,96,73,70,118,80,74,28,101,61,90
3544,29,93,106,87,98,78,107,102,75,104,113,86,85,79,83,92,99,112,115,80,108
3545,79,99,104,80,70,119,105,75,115,112,109,113,87,94,101,92,85,76,78,116,25,29
3546,75,86,79,105,116,112,83,96,85,70,13,90,117,67,68,47,78,93,34,91,30,54,98,100,108
3547,83,77,96,116,91,112,85,70,73,111,76,4,105,115,90,88,94,106,92,118,75,119,30,98
3548,104,29,90,98,82,92,74,100,112,95,73,70,83,55,110,99,119,109,94,88,85,86,58,102,81,87,106,79
3549,80,116,78,92,104,109,88,86,112,106,111,105,79,43,90,76
3550,106,87,116,86,111,90,78,101,76,70,29,98,118,74,108,94,75,104,88,91
3551,113,108,106,100,96,57,101,76,110,112,74,75,79,86,78,111,1,99,91,98,44,118,82,87,77
3552,77,113,112,75,110,83,94,87,102,73,116,50,24,96,111,101,88,70,27,109,105,91,99,42,115
3553,81,85,29,83,111,94,30,91,118,86,88,70,77,115,75,113,117,6,89,96,35,99,105,82,80
3554,77,111,82,70,110,99,29,105,86,109,87,24,104,118,54,75,101,1,115,112,106
3555,96,83,116,75,104,119,112,85,91,111,105,86,29,100,88,87,99,66,117,79,73,103,92,118
3556,106,88,80,78,107,99,111,85,81,118,115,57,87,102,98,22,54,113,75
3557,94,98,90,57,76,56,83,112,92,85,81,82,29,73,106,65,113,78,38,89,67,4,59,24,109
3558,86,75,118,101,102,73,76,110,111,107,87,113,91,77,74,96,89,99,83,117,22,98,85,79,88,60
3559,112,119,73,82,100,116,98,111,92,94,107,86,91,95,75,40,90,87,23,83,85,118,74,106,76,51,41,70,117
3560,106,88,92,105,79,107,54,80,95,117,96,94,77,109,115,101,102,91,112,11,110,18,111,87
3561,103,24,30,98,118,77,102,88,86,57,81,76,108,93,111,78,23,70,91,110,90,73,112,115,37,61,106,105
3562,94,90,111,79,80,104,75,109,101,119,81,107,85,93,96,88,86,76,118,91
3563,119,76,101,109,94,116,74,113,88,107,84,91,29,105,90,81,24,102,48,79,73,92
3564,74,86,82,61,106,79,76,95,80,94,85,92,88,15,10,119,117,39,111,30,70,103,5,83,98
3565,94,96,98,57,70,79,76,116,29,107,60,74,103,104,36,65,38,75,110,51,93,80,73,105
3566,77,119,80,106,104,73,76,110,75,94,83,109,102,103,2,74,46,30,90,57,105,88,50,96,115
3567,101,90,110,57,83,70,107,113,74,85,115,91,77,109,96,111,93,76,116,119,52,7,108,12,92
3568,80,86,57,99,78,98,116,76,92,65,79,105,108,109,75,77,85,106,110,115,113
3569,77,94,83,29,107,119,85,76,113,111,108,117,104,80,95,48,33,109,47,99,4,110,101
3570,29,79,119,118,94,86,109,110,98,117,115,85,2,87,50,101,103,74,99,90,106,27,100,80
3571,116,75,115,104,73,111,108,109,110,86,96,102,101,106,93,105,77,58,85
3572,111,78,118,96,116,87,83,98,80,74,113,77,81,99,75,15,79,94,115
3573,57,88,51,118,29,90,111,91,101,119,99,80,107,98,78,79,109,41,94,116,108,110,106,59,70
3574,74,110,113,108,94,98,78,109,57,92,107,87,86,76,63,101,116,50,99,81
3575,92,107,70,76,4,74,104,94,108,113,115,88,117,100,77,78,85,99,29,112,6,58,90,51,98,96
3576,111,40,110,101,88,86,118,113,78,105,119,112,75,109,70,117,30,12,99,95,108
3577,74,91,112,101,80,98,75,111,79,117,108,73,88,49,102,114,41,99,78,53,76,113
3578,57,108,85,109,74,111,98,101,90,96,80,6,119,103,77,94,99,116,86,114,73,79
3579,96,106,78,98,90,113,57,80,102,93,115,105,99,108,25,82,61,40,81
3580,85,74,107,80,77,101,109,113,90,98,82,99,106,115,91,73,64,116,48,95
3581,78,90,80,79,93,94,104,102,117,81,105,103,73,24,98,97,70,112,86,91,109,88,74,85,32
3582,109,112,80,98,73,87,115,108,92,119,88,102,74,67,106,101,76
3583,83,115,80,110,81,111,104,75,74,79,112,98,103,73,113,105,106,31,93,108,107
3584,90,103,99,80,102,98,119,79,109,78,87,113,96,85,73,94,118,108,74
3585,112,116,106,70,86,87,51,111,77,102,83,105,82,79,73,103,29,107,109,88,108,80,96,78,119
3586,96,73,90,101,91,112,105,80,116,51,110,108,99,104,77,109,94,59,67,46,75,54,117,115,111,15
3587,117,118,75,57,105,70,110,51,85,76,116,52,95,104,74,90,99,82,107,1,119,87,108
3588,93,103,83,78,79,81,102,119,77,99,111,88,51,73,110,86,70,115,4,54,118,106,96
3589,103,113,109,111,73,85,115,95,76,87,70,99,105,116,26,29,96,38,49,63,94,24,80
3590,76,57,100,90,113,117,112,118,106,96,78,74,104,89,108,105,114,80,77,79,94,70,88,30
3591,75,108,83,76,70,85,115,92,118,87,77,79,99,24,90,91,96,112,93,89,109,105,54
3592,108,57,80,87,70,116,115,77,30,86,90,109,103,81,106,107,119
3593,92,91,111,112,116,107,4,110,29,87,51,75,105,90,88,58,3,15,94,95,106,117
3594,96,88,79,92,80,115,91,101,87,30,109,83,104,119,77,90,118,65,25,113,100,81,106
3595,90,92,91,82,96,75,81,108,79,93,101,73,80,106,104,42,115,112,78,100,86,102
3596,98,77,105,76,112,117,115,100,118,113,8,74,27,80,109,111,106,55,73,78,85,75
3597,94,74,115,105,111,75,78,107,85,83,30,86,116,80,76,99,104,112,103,96,81
3598,100,75,108,91,111,105,74,101,102,30,83,56,80,90,64,95,79,68,19,98,87
3599,99,113,117,102,80,111,79,110,103,108,90,106,94,54,19,70,101,77,83,82,92,112,16,88
3600,85,94,75,111,98,118,78,112,66,70,115,101,57,48,91,93,116,99,73,103,92
3601,78,111,116,85,112,110,98,91,88,81,115,44,106,94,105,83,56,96,82,22,86,57
3602,83,99,74,91,113,103,73,107,57,110,94,98,79,65,117,101,13,105,71,112,92
3603,109,101,83,94,76,78,118,108,77,100,82,73,102,99,98,66,87,4,51,103,104
3604,115,105,77,96,100,117,79,80,88,103,75,113,111,70,83,99,82,112,93,36,101,78,11,106,102
3605,53,116,74,85,73,76,94,109,83,80,78,118,115,93,99,102,75,119,29
3606,99,119,86,78,91,90,88,74,108,118,107,70,27,80,96,75,117,106,112,105,33,57,85,110,73,98
3607,109,99,110,79,78,103,118,77,115,119,88,117,98,116,94,95,82,76,51,70,114,112,75
3608,119,96,100,82,88,101,102,91,77,113,79,83,116,76,117,70,55,57,16,20,75,27,98
3609,73,94,117,110,75,116,74,98,91,96,57,88,105,99,112,83,108,81,41,111,12
3610,117,36,49,111,96,101,98,76,90,79,80,29,112,109,104,75,102,57,99,103,92,74,37,81
3611,92,73,96,108,107,86,70,87,76,118,91,98,106,75,59,12,99,60,78,47,90,105
3612,107,116,113,98,78,104,74,77,101,105,87,94,117,79,83,96,119,80,50,82,61,112,85,103,115,70,67
3613,105,109,88,98,104,119,99,87,30,103,83,112,69,48,116,111,106,75,82,108,77,96,79,85
3614,81,86,29,78,111,117,98,82,107,70,102,61,91,89,105,2,110,73,115
3615,52,110,111,116,80,87,119,91,11,50,96,89,88,106,118,109,12,86,98,83
3616,86,79,113,88,118,106,94,82,83,80,108,78,100,30,102,110,92,116,75,74,81,57,17,119,104
3617,101,87,96,106,82,88,81,83,74,80,100,104,90,117,116,75,113,93,115,54,114,9,79
3618,118,75,100,76,108,117,79,103,78,91,102,30,96,112,86,81,93,82,50,116,98,111,2,110,99,95,97,87
3619,87,118,85,83,106,91,70,76,110,79,100,75,82,105,109,117,112,17,66,113,116,92,102,73,81,96,63,15
3620,96,99,115,110,109,116,80,85,90,88,98,81,111,95,104,6,87,92
3621,106,70,85,98,88,115,77,101,105,86,99,15,46,57,107,29,73
3622,57,87,29,38,109,70,118,78,65,115,113,119,99,90,86,107,102,94,98
3623,87,80,91,115,76,99,86,79,94,102,100,116,85,111,88,117,55,101,110,108,119
3624,107,116,118,83,112,98,70,81,87,99,82,110,108,111,96,29,30
3625,112,51,113,94,117,54,96,87,118,116,101,102,99,47,75,88
3626,111,90,57,110,101,29,116,99,76,4,81,55,31,82,115
3627,79,103,116,112,86,74,94,91,77,70,118,73,78,65,6,87,117,113,96,95
3628,81,91,96,108,85,104,80,115,101,57,74,87,107,117,70,78,82,51,23,118,113,47,9,94,102
3629,118,73,98,110,82,106,94,112,83,75,103,86,87,114,99,77,85,84,96,88,81,115
3630,94,75,111,86,119,96,99,74,78,106,83,79,91,112,117,109,7,104,9,41,81,76
3631,119,73,87,75,70,86,108,102,111,96,109,79,99,110,101,116,88,115
3632,99,70,112,74,80,115,106,96,113,110,77,118,76,73,105,117,29,101,109,85,89,4,111,57
3633,96,93,100,111,83,87,94,113,118,102,54,75,103,92,88,106,79,42,119,57,97,116,90,107,63,112,105,46,82,95
3634,74,111,85,81,103,99,113,83,96,77,101,106,115,88,76,70,110,73,117,98,116
3635,87,113,112,117,78,96,81,82,88,109,100,29,90,104,99,73,107,34,110,79,52,17,95,75
3636,70,87,83,116,101,117,111,109,90,112,113,91,79,77,65,89,102,29,11
3637,112,77,103,79,115,83,57,94,108,64,51,96,102,75,82,76,87,109,105,104,86,110,40,111,66
3638,112,99,73,87,78,96,110,75,101,85,106,79,117,94,115,111,4,76,42
3639,94,83,90,96,86,102,119,81,97,70,73,77,98,56,87,108,109,101,42,79,85
3640,118,104,108,82,111,92,119,100,106,103,88,85,94,113,67,93,53,117,114,64,80
3641,51,75,106,88,57,108,118,117,98,80,96,99,116,82,102,70,55,94,119,73,103,83,109,113,87,78,90,110,86
3642,91,87,104,117,118,24,99,29,56,70,38,57,110,67,116,78,48,95,103,83,119,74,81,26
3643,107,30,119,85,76,57,100,78,96,112,110,101,83,70,74,105,98,97,108,88,4,91,75,99
3644,103,117,86,75,76,101,85,78,110,94,105,81,90,82,109,83,116,96,29,108,111,95,9,107,113,100,99
3645,115,93,86,107,96,81,98,82,109,57,101,119,91,87,73,89,92,85,95,76
3646,96,109,106,104,107,81,57,86,108,111,98,80,92,88,94,91,76,66,25,116,83,54,112,97,78,113,85,103
3647,104,88,109,29,94,82,96,108,105,86,116,113,100,103,102,81,50,87,90,2,119,9,79,101
3648,86,30,76,80,113,78,105,94,96,101,109,102,119,118,38,99,107,67,40,98,79,66,106,9,115,36,97,108
3649,118,119,70,108,88,107,90,78,77,106,99,110,112,76,87,74,80,57,79,6,75,83
3650,80,57,94,119,83,48,103,111,118,76,108,52,96,109,98,99,51,91,106,73,14,10,29,12,87,88
3651,92,114,101,85,91,70,118,111,119,107,29,76,57,30,88,113,83,116,110,82,115,81,104,75
3652,75,116,101,103,57,74,70,91,104,110,80,81,117,85,73,77,78,86,99
3653,76,82,77,98,88,81,101,117,104,78,87,119,102,106,113,86,112,31,17,116,42,14,43,89,94
3654,99,107,78,70,111,98,105,77,101,117,109,76,103,74,17,85,75,113,49,108,83,115,104,32,2,110
3655,110,92,106,80,103,95,87,107,78,83,77,105,73,115,79,72,88,112,1,70
3656,81,106,112,101,94,76,78,105,85,95,88,104,70,110,107,100,90,98,24,91,58,103,59,73
3657,92,75,113,116,96,79,108,70,111,119,83,110,54,85,109,118,97,112,34,90,98,107,91,24
3658,79,28,102,85,107,101,106,77,118,93,100,87,82,29,109,92,112,75,88,76,80,3,98
3659,57,76,85,108,86,107,104,98,79,58,21,77,9,83,91,113,102,111,109
3660,101,87,108,110,76,98,70,58,66,82,95,88,74,96,116,35,112,73
3661,88,98,78,91,99,70,94,82,119,116,81,74,104,106,87,1,13,109,111
3662,110,73,91,119,98,75,57,115,74,112,94,111,113,80,85,87,116,102,56,76,105,101,86,96
3663,79,108,106,98,90,102,73,80,57,116,118,115,70,109,119,97,64,113,95,4,74,91,111
3664,105,75,118,87,70,106,117,54,119,82,78,86,91,98,84,37,83,109,112,111
3665,86,83,96,87,78,94,91,81,92,99,45,108,70,74
3666,100,111,94,77,78,108,70,75,119,91,73,112,109,87,54,99,96,36,102,39,50,76,80
3667,106,117,116,105,78,90,80,96,75,103,111,110,107,94,73,99,101,113,4,86,118,79,74,87
3668,96,99,86,74,83,78,118,94,79,92,106,117,112,90,98,91,87,70,10,108,29,102,85,81,41,82,119,105,25,77
3669,80,77,82,88,98,83,79,87,76,103,74,73,104,49,111,55,89,100,112,95,70,57,119
3670,116,92,118,93,103,108,104,76,107,109,105,71,119,91,84,29,87,15,98,106,85,113,75,100,117,51,12,74
3671,87,96,112,73,74,70,113,92,111,85,105,76,104,108,103,81,27,98,116,86,119,94,102,118
3672,94,106,108,99,115,96,75,100,113,102,93,118,104,83,110,51,80,55,90,88,70,117,26,111,109,82
3673,88,79,119,80,73,112,102,98,113,86,78,115,96,101,106,83,61,70,99
3674,74,29,110,79,88,91,99,86,113,115,118,119,78,4,87,102,117,106,70,83,104,112,54
3675,96,81,74,82,70,92,106,75,94,116,110,88,80,108,91,102,101,59,111,105,52,33,57,87,79
3676,112,110,94,90,70,75,73,83,29,54,57,111,99,98,6,105,115,81
3677,110,116,113,73,85,90,94,70,115,78,105,75,74,106,107,109,102,79
3678,79,108,77,101,83,94,82,73,91,81,92,63,70,41,53,87,119,105,111,4,118,7
3679,74,92,82,75,116,119,117,96,111,118,98,94,112,79,31,76,100,52,21,104,114,105
3680,70,29,79,111,105,119,86,30,117,106,81,96,75,99,98,118,54,85,39,94
3681,109,115,76,86,98,106,104,78,75,96,100,99,110,103,105,90,41,101,28,79,94
3682,75,79,80,73,86,107,87,113,74,109,78,118,76,103,92,84,70,85,96
3683,91,83,105,115,77,94,98,119,75,70,118,102,30,88,104,100,76,38,90,106,73,64,117,107,109
3684,117,74,77,101,111,94,113,79,76,80,57,54,73,78,70,86,118,81,112,93,98,103,82,116,109
3685,101,112,70,87,96,80,116,73,102,92,103,77,108,22,83,118,29,86,99,15,105,74
3686,81,75,96,101,80,111,88,118,77,73,112,25,103,13,64,98,78,20,79
3687,29,67,77,78,91,101,106,117,94,79,80,96,110,89,118,105,81,116,73,87,6,30,88,15
3688,109,107,94,85,96,111,117,112,70,7,86,51,77,119,101,44,99,75,102,90,30,31,76
3689,87,111,106,75,57,88,118,74,115,90,24,96,105,117,53,116,79
3690,119,76,115,94,96,70,110,113,73,116,35,54,91,112,79,81,86,64,107,111,118,104,4,29
3691,107,87,82,29,118,100,117,79,110,99,76,77,75,83,102,68,15,96,49,9,54,116,28,112
3692,113,90,118,82,112,29,83,86,108,80,88,107,74,85,102,91,105,117,11,19,94,103,75,115,96
3693,83,91,113,115,76,119,78,109,117,116,108,101,107,86,81,98,102,111,104,100,96,50
3694,102,108,83,94,117,98,78,73,111,118,115,109,116,112,70,4,110,96,6,88,103,80,119
3695,79,109,86,73,106,110,96,105,85,95,77,78,88,112,100,32,80,82,101,113
3696,109,113,99,108,81,19,73,105,106,87,86,77,67,118,83,66,96
3697,29,83,81,78,94,115,90,99,82,91,77,24,109,104,85,55,112,74,92,56,63,70,106,41
3698,82,117,70,76,90,105,113,78,115,86,73,106,95,111,30,17,49,112,38,65,85
3699,117,70,51,94,75,73,91,86,106,87,101,99,90,85,112,1,116,119,113,83,48,115,57
3700,101,70,110,102,96,113,81,112,119,98,115,104,57,90,86,105,107,77,80,92,66,45,74,37,76
3701,112,111,88,80,74,101,99,94,103,87,79,105,70,108,113,96,75,119,110,98,35
3702,108,117,110,118,105,57,99,109,94,119,115,54,96,90,47,75,98,78,44,30,87,86
3703,76,94,103,90,85,57,115,79,78,83,102,91,77,95,112,88,84,109,106,75,67,98,30,89,86,12,107,104,70
3704,83,99,106,112,81,88,113,87,107,76,116,119,57,54,82,74,115,109,86,85,110
3705,103,116,87,82,74,90,88,91,85,113,24,106,86,83,92,101,57,99,102,76,109,93
3706,82,109,110,119,74,83,102,70,99,80,91,104,79,115,34,117,106,49,94,76,78,101,42,111
3707,57,94,107,92,105,110,85,74,24,119,99,115,104,103,50,81,117,116,35,73,93,79,97,80,111,112
3708,79,73,74,105,111,101,98,50,54,113,78,93,88,76,117,119,95,70,44,99,106,77,116
3709,51,93,94,104,86,75,91,92,78,82,109,79,29,111,76,99,118,38,81,101,98,115,5,89,106,70,117,71,116,113,83
3710,91,83,112,57,106,92,82,87,118,95,111,73,116,108,119,75,77,51,93,90,115,109,62,2,86
3711,99,83,76,108,109,111,82,105,90,91,75,74,88,112,85,118,58,115,53,100
3712,100,82,103,119,78,80,113,94,105,106,85,57,88,112,102,87,118,30,70,90,4,16,91,96,107,117
3713,95,116,73,87,107,110,70,13,119,35,111,102,29,113,83,76,92,117
3714,103,115,81,74,101,87,73,92,109,118,91,96,70,93,77,105,117,45,24,78,39,82,98,85
3715,106,79,103,94,95,70,86,30,112,111,110,91,51,75,114,78,41,74,108,56,76,101,3,42,35,115,50,109,107,113,88
3716,81,112,51,115,77,91,96,107,98,75,106,70,73,17,114,29,76,105,110,93,31,56,119,39,41,111,86
3717,83,74,101,88,117,80,76,98,96,82,113,73,110,103,46,108,106,116,81,111,112,77
3718,75,94,73,82,81,87,119,110,105,77,83,102,78,76,111,98,66,116,65,80,109,101,90
3719,85,70,115,103,99,96,90,82,51,100,78,112,93,75,81,116,108,110,94,92,101,102,53,106,45,87,41,118
3720,78,83,81,96,119,57,77,117,74,113,106,87,88,94,115,70,51,98,79,111,101,109,97
3721,104,57,99,106,113,92,85,95,76,102,78,88,30,103,89,107,54,118,1,101,33,116,112,110,82
3722,29,100,98,106,96,111,85,75,101,78,94,40,113,107,76,88,49,24,112,48,90,32,103,79,91
3723,118,115,106,80,86,104,111,98,77,4,100,85,90,95,82,23,83,70,54,116,24,87,88,107
3724,80,112,76,82,83,104,100,118,111,103,81,88,108,78,101,95,107,94,86,75,105,115,85,98,99,71,87,110
3725,80,118,70,99,105,54,73,108,88,81,57,96,110,112,103,79,10,77,86,94,101,109,104,92
3726,103,70,87,98,104,82,105,57,92,74,94,91,108,116,117,110,88,73,109,81,35,90,53,99
3727,80,106,108,104,111,90,83,117,101,70,75,78,57,100,76,71,1,42,14,35,66,109,112
3728,102,91,90,111,108,96,78,115,95,73,116,113,29,83,4,33,110,54,66,86,79,118
3729,75,96,74,87,78,91,80,77,103,90,83,118,76,68,73,86,79,105,24,82,110
3730,112,75,80,85,96,108,118,90,70,83,117,116,86,21,78,76,106,27,77,51,102,81,69
3731,105,109,76,113,116,73,104,117,96,118,85,101,100,95,9,87,92,106,80,83,90,108,112,110,64
3732,75,112,88,85,108,111,73,86,83,96,87,94,105,78,106,109,67
3733,78,94,118,76,80,103,116,86,109,108,81,4,104,102,83,30,99,91,15,75,79,70,115,88,1,106,110
3734,70,91,103,79,88,104,101,29,102,76,118,78,87,109,112,98,119,73,74,24,49,110,30,117,108,81,77
3735,73,105,101,113,83,88,78,116,117,106,98,70,30,90,50,86,76,91,42,118,97
3736,78,74,80,98,94,103,111,82,106,101,110,109,29,64,83,107
3737,118,113,115,87,111,57,98,86,50,119,107,116,90,104,76,109,80,70,102
3738,110,113,88,94,87,99,75,57,54,74,77,101,106,105,85,119,83,117,73,108,92,111,9
3739,76,113,86,54,74,110,77,109,82,75,87,99,111,94,83,29,45,119,78,118,104,96,105
3740,117,111,101,74,118,87,113,112,88,90,75,103,94,80,79,97,119,51,100,102,106,109,85,92,73,93,4,110,70
3741,90,109,86,77,116,57,80,106,83,96,103,118,2,70,95,92,37,51,101,100,98,107,79,112,93,82,73
3742,100,108,115,74,110,87,119,96,94,103,117,91,99,81,88,95,107,59,109,29,52,90,79,98,69,106,104,30,28,105,84
3743,90,104,98,108,85,115,79,113,100,118,116,80,110,74,87,111,86,102,2,88,91,101,112,77
3744,76,94,119,73,87,57,85,78,86,98,88,117,91,77,104,101,71,29,102,96,113,118,81,90,106,109
3745,90,99,94,101,109,106,70,29,96,78,74,111,108,80,119,104,103,102,14,112,30,82,87
3746,88,83,29,105,80,90,79,94,73,77,106,95,111,38,109,23,74,118,110,116,117,54,115,22,91
3747,86,99,81,91,108,96,119,111,79,80,75,77,88,109,112,82,116,70,102,101
3748,113,112,105,110,76,81,119,51,82,109,100,115,91,75,104,108,77,87,111,116,88,118,63,92,90
3749,70,86,83,90,112,74,101,119,77,93,99,80,47,100,106,109,94,76,85,29,103
3750,100,30,79,94,74,87,92,90,117,96,85,91,102,78,105,32,113,57,52,35,111,60,9,70,118
3751,73,108,116,91,82,74,92,98,70,106,104,101,51,77,29,105,80,75,117,83,88,111,6,112,24,99,58,94
3752,92,29,81,101,77,87,115,86,111,106,74,119,108,82,112,113,95,96,57,78,46
3753,110,106,114,57,79,83,95,96,117,30,23,111,24,101,107,52,90,74,115,119,53,9,54,93,5,29,17,85
3754,87,115,101,106,79,116,91,117,112,107,73,110,74,78,109,108,2,111,52,80,96,29
3755,99,116,74,86,94,75,91,98,57,111,101,115,61,106,104,32,113,30,87,51
3756,109,102,105,118,87,73,94,90,75,103,96,70,5,98,111,100,85,101,79,89,86,99,117
3757,106,96,110,103,75,86,105,90,80,108,118,77,79,102,74,47,115,34,85,107,29,36
3758,80,119,102,112,78,76,74,75,30,99,73,96,100,70,108,113,85,94,18,82,79,107,111,101,110
3759,92,54,112,96,70,79,94,74,57,90,73,95,119,86,117,41,89,103,71,17,29
3760,118,80,100,115,101,107,110,82,74,88,98,75,90,94,96,119,83,108,79,95
3761,80,112,91,101,94,110,107,116,87,109,102,86,117,92,96,76,52,83,27,100,111,77
3762,105,118,113,94,85,110,101,79,90,91,81,96,75,112,117,83,76,73,88,44,70,116,57,114,119
3763,90,94,85,105,88,73,109,96,113,99,11,87,95,116,4,107,117,111,49,92,118
3764,78,112,79,116,88,102,108,87,77,110,86,101,57,80,96,85,81,24,99,107,84,98
3765,98,115,70,75,90,57,94,79,113,119,96,99,30,116,111,112,56,110,76,105,109,73,25
3766,103,33,112,117,83,74,111,85,88,94,81,80,73,109,75,6,108,62,78,102
3767,104,115,82,98,96,85,91,110,102,112,101,117,111,70,57,78,2,75,14,100,79,41,107,76,51
3768,107,102,80,103,94,98,77,113,119,96,100,85,76,108,81,78,57,70,106,82,91,104,115,31,112
3769,119,88,98,77,75,115,70,85,93,116,96,81,78,86,32,31,87,9,108,14,99,112
3770,78,91,113,108,103,76,118,117,106,102,104,115,86,119,81,82,87,116,23,98,94,73,13
3771,79,111,86,107,83,82,76,113,90,109,87,73,118,99,78,94,117,88,106,116,102
3772,86,107,29,105,94,79,113,99,93,117,85,81,101,77,87,56,112,30,57,54,47
3773,94,86,118,80,113,102,109,98,110,107,119,112,105,103,75,70,87,85,92,73,90,57,83
3774,70,99,118,87,113,57,111,74,116,85,115,109,86,77,96,83,78,92,94,106,82,105
3775,29,104,102,95,112,105,85,82,81,106,20,99,115,91,50,75,74,107,30,92,12,70,108,98,77
3776,119,113,82,85,76,70,81,92,117,106,79,100,111,77,107,110,94,57,13,16,24,83
3777,54,117,70,103,111,91,99,113,102,74,75,90,108,101,106,112,73,92,118,57,17,39,77
3778,111,113,101,109,99,102,76,86,119,78,96,103,105,73,116,107,115,70,80,30,29,91,112
3779,82,116,112,90,76,98,85,74,102,119,80,70,101,110,118,105,63,73,57,11,117,111,88,29,113
3780,113,108,98,105,86,82,96,103,90,70,116,69,99,88,92,43,101
3781,101,119,91,103,94,113,74,98,79,107,106,116,86,110,70,96,5,117,76,118,87,75,104,78
3782,79,87,11,98,57,80,115,78,91,90,109,113,104,88,112,83,74,102,70,99,95,119,38,106,92,108,51,77
3783,92,57,113,83,70,101,80,96,79,102,105,54,82,74,76,116,103,110,55,118,56,91,85,104
3784,88,83,86,91,77,110,115,119,108,90,89,67,50,68,105,95,80,99,82,37,111,47,116
3785,87,115,91,105,99,101,57,107,116,102,114,48,94,50,49,81,109,46,96,54,51,98,112,74
3786,110,78,73,108,87,90,104,99,115,80,96,91,98,86,107,33,111,101,63,116,93
3787,80,76,118,87,111,85,99,57,88,92,83,94,96,81,95,49,110,67,116,90,98,93,112,54
3788,113,81,100,101,99,83,119,79,92,70,108,107,110,102,103,82,49,38,105,29,104,9,93,115
3789,80,87,86,119,96,81,112,107,113,109,98,70,76,105,118,106,74,115,26,57,116,77,91
3790,116,115,79,75,117,78,93,96,111,95,99,102,98,32,110,81,26,77,113,82,104,91,86
3791,112,91,115,95,111,79,96,104,57,80,93,82,87,83,101,49,54,88,68,118,92,106,65,22,103,110
3792,106,113,70,77,76,112,83,85,86,73,104,74,110,92,59,23,107,36,96,55,75,56
3793,86,30,111,74,110,51,83,78,70,92,75,115,73,105,88,80,29,90,112,57,76,100
3794,116,107,96,78,105,99,82,100,87,109,112,81,94,75,118,108,76,106,101,119,8,98,115,117
3795,104,76,117,85,109,80,103,116,101,78,106,105,74,92,96,43,107,48,98,91,118,50,88,111
3796,77,94,107,101,113,98,110,76,86,90,109,30,106,108,95,102,105,92,28,55,112,80,20,73,118,74
3797,115,106,90,70,113,80,104,73,101,87,108,110,71,119,74,76,95,45,85,102,30,81,109,98,77
3798,74,80,105,109,57,94,115,117,90,85,113,98,79,75,77,106,43,78,70,27,73,101,34,29,110
3799,105,115,57,85,106,80,70,103,108,119,102,81,107,76,117,99,109,49,73,68,90,86
3800,110,98,96,87,73,101,79,117,91,14,24,50,105,54,70,118,116,112,80,75
3801,54,88,75,109,104,85,83,111,90,86,70,87,106,105,79,76,26,108,95,53,98,64,74,99
3802,29,56,78,108,119,76,94,80,102,99,111,105,98,106,90,75,87,104,88,32,107,81
3803,96,113,93,70,73,115,106,75,109,107,77,116,24,80,88,111,81,101,79,103,54,105,98,87,90
3804,81,112,101,96,111,86,70,29,106,118,83,85,90,116,79,117,113,88,91,35,110,87,78,108,119
3805,75,111,81,110,99,115,116,113,76,85,118,83,29,88,28,77,100,22,103,42,66,73,91
3806,105,70,82,108,119,87,103,88,71,80,112
3807,117,113,98,74,86,82,111,88,70,85,112,99,76,84,105,73,72,50,33,80,81,109,54,108,83,107
3808,109,77,119,103,83,85,107,112,82,78,80,63,31,76,75,90,5,88,93,95,96,111,117,23,57,87
3809,75,70,87,101,98,115,83,109,113,112,117,29,100,74,58,102,81,52,22,96,106,110,77
3810,110,98,83,118,116,70,81,85,78,76,112,107,113,109,80,90,89,75,82,115,74
3811,29,111,79,73,101,116,112,119,87,108,80,70,94,53,34,90,7,96,105,98
3812,70,108,96,98,75,109,118,111,90,117,119,101,107,83,85,110,9,76,73,94,99,116,80
3813,115,109,76,73,87,112,77,75,86,90,101,80,56,111,119,107,49,57,96,85,78,70,100,69,54,83,104
3814,79,94,109,115,82,57,96,76,85,99,112,88,111,73,75,3,110,117,23,108,49,101,102
3815,93,119,107,73,85,110,103,70,78,44,108,81,88,75,33,19,109,96,101,112,48,79,55
3816,91,118,99,83,105,103,90,82,111,86,104,69,106,85,97,110,57,75
3817,79,118,102,88,96,99,91,70,74,103,107,54,78,113,92,112,98,52,111,110,83,80,117
3818,92,74,115,116,91,82,88,75,112,73,87,86,117,83,100,85,106,102,31,101,63,94,77,55,89,104,57
3819,73,106,76,103,77,110,99,91,79,70,115,96,30,78,119,101,74,87,94,50,83,47,29,88,66,98,111
3820,106,105,107,119,90,111,115,102,96,104,109,116,32,24,95,64,110,118,66,74,12,99,75,101,14
3821,38,83,119,88,76,92,96,91,77,80,95,105,56,65,47,101,115,73,117,113,103,14,116,118,107
3822,112,94,101,90,75,80,82,81,77,70,104,85,30,31,36,117,100,106,78,86,67,110,52,109
3823,86,80,98,94,107,88,118,109,115,100,83,85,96,30,73,93,78,104,87,79,106,113
3824,109,85,92,91,111,80,57,78,76,117,95,105,24,113,90,29,118,99,30,96,54,107,110,115,101,119,7,67
3825,99,78,107,105,82,115,106,96,90,101,80,109,116,108,104,8,111,24,88,76
3826,92,83,81,118,104,95,86,119,70,96,79,40,99,102,24,113,29,91,65,101,85,105,73
3827,75,98,115,77,95,117,103,73,83,100,119,79,99,4,70,86,104,29,50,107,6,112,74
3828,103,90,107,94,118,111,79,119,74,116,77,112,98,109,92,63,101,7,44,97,73,75,76,56
3829,75,100,98,119,115,82,94,117,78,90,57,97,83,91,111,80,113,110,79,24,87
3830,81,86,90,118,70,98,108,109,113,105,91,116,107,112,102,77,96,85,34,64,4,99,50,104
3831,118,79,86,111,70,87,119,77,108,103,100,102,15,80,110,74,112,47,90,105,101
3832,108,94,85,75,74,110,78,105,115,106,81,76,113,86,118,87,104,119
3833,88,106,83,112,96,92,111,82,75,90,117,102,14,78,28,113,46,108,74,79
3834,104,95,109,106,96,87,90,57,83,79,107,81,94,86,4,78,85,82,55,73,29,118,97,119,102,100,110,74,24,75
3835,65,49,99,82,100,110,76,119,91,77,81,74,118,83,112,60,57,45,59,90,75,15,101,98,115,102,35,87
3836,81,85,92,93,83,106,98,100,90,74,75,86,73,116,101,109,96,76,103,104,105,110,118
3837,101,86,117,108,110,76,79,106,100,115,112,95,109,103,87,105,99,116,83
3838,111,110,79,99,87,92,70,102,91,98,4,2,90,81,80,94,103,64,105
3839,108,102,106,75,78,91,70,82,98,88,113,99,79,74,76,83,105,29,109,66,73,85,96,97
3840,70,105,76,51,30,115,29,82,93,74,90,112,113,106,77,83,85,95,91,86,54,118,60,110,75,101,88
3841,103,101,70,102,83,105,99,108,87,76,77,38,106,115,112,80,109,75,79,49,81,111,92
3842,98,105,76,94,74,113,81,60,87,90,77,88,107,106,102,83,44,104,103,112
3843,107,103,115,118,100,108,82,96,94,104,93,95,111,102,80,87,98,90,92,105,110,6,16,76
3844,78,115,110,73,86,90,105,29,95,91,104,79,85,57,80,111,83,75
3845,73,94,88,74,95,90,104,79,116,23,54,108,111,70,98,87,101,118,109,110,51,85,107
3846,87,76,108,102,109,78,85,81,80,70,119,106,88,99,104,112,103,82,113
3847,107,103,70,29,57,87,108,76,96,86,109,79,115,98,77,104,119,102,83,91,112,88,118,116,73,50,28,55,106,80
3848,98,70,94,105,116,30,83,117,78,106,75,111,86,109,103,87,81,48,100,110,76,118
3849,99,110,75,96,107,106,101,78,87,80,45,33,90,67,88,92,73,109,86,111,102,118,70,49
3850,29,111,90,86,80,30,115,54,118,57,106,77,107,83,74,98,78,28,117,85,15,101
3851,79,116,88,86,112,78,95,99,107,43,106,68,101,26,48,73,108,23,74
3852,115,79,77,102,119,29,103,112,107,104,81,117,24,13,108,4,92,61,70,85,94
3853,92,110,112,94,74,113,95,85,111,83,79,88,77,116,107,81,101,87,118
3854,108,86,81,102,29,98,75,117,109,119,94,74,87,70,105,85,91,113,80,78,116
3855,104,101,109,79,78,70,93,98,74,77,110,51,116,85,57,106,115,76,96,112,40,19,113,92,108
3856,116,94,106,75,98,91,99,102,86,70,78,77,82,96,1,87,115,103
3857,96,70,104,81,73,75,103,111,77,76,92,86,99,90,98,102,94,32,57,29,45,95,87,40
3858,74,101,107,87,108,96,57,77,78,99,103,110,104,106,102,117,115,36,116,25,5,15,83,100,55,80,73,81
3859,114,115,85,104,113,83,108,57,70,80,118,102,117,98,35,112,99,14,82,17,94,79,73
3860,99,105,102,29,79,98,101,87,70,108,110,80,115,78,88,109,51,81,56,112
3861,116,117,106,103,96,94,113,86,90,74,102,77,109,76,57,101,89,24,83
3862,109,90,73,103,76,95,91,70,75,105,29,61,78,83,94,111
3863,117,101,116,119,81,102,74,109,3,106,112,94,103,90,96,79,24,108,113,118,70,93,91,75,99
3864,101,83,115,75,108,70,76,113,87,106,104,105,88,42,80,117,102,86,78,100
3865,101,94,111,115,79,91,83,98,95,96,29,90,73,104,118,3,77,116,119
3866,74,119,77,111,76,107,117,90,98,24,113,27,115,101,88,116,93,106,57,94,91,110,78,62
3867,107,112,110,102,111,101,95,94,80,17,96,108,49,74,105,58,38,73,86,99,115
3868,70,117,92,99,95,86,109,74,107,77,112,116,104,90,54,108,82,76,96
3869,118,75,87,91,99,92,108,105,76,95,111,101,44,109,70,74,112,106
3870,88,105,86,94,29,73,108,90,91,106,76,95,77,111,115,21,78,72,80,75,118,87
3871,29,96,113,102,82,83,98,111,103,77,119,57,90,94,105,100,109,56,70,110,97,88,99,16,81,55,87,107,79
3872,90,117,79,88,98,119,86,94,108,78,54,99,82,102,103,110,18,101,114,80,77,70,7,91,105
3873,112,109,103,57,88,17,90,78,116,111,83,32,81,96,80,102,113,55,115,108,97,101,38
3874,107,110,83,115,92,98,77,94,80,112,86,73,95,81,13,21,82,118,105,96,91,70,14,108
3875,79,109,117,118,86,57,111,107,110,75,78,94,105,80,115,87,101,113,15,99,30,52,85,25,1,74,2,13,73,91,77
3876,85,108,119,110,105,74,103,92,78,81,101,104,86,91,115,30,88,98,73,1,118
3877,109,85,101,107,90,111,96,78,112,99,80,110,81,75,108,33,74,95,102,87
3878,90,93,73,116,107,81,70,42,85,12,106,74,35,98,86,99,79,77,76,110
3879,80,91,74,116,102,117,106,75,82,105,79,85,77,57,73,100,101,50,119,110,66,115
3880,91,106,116,85,108,74,118,83,119,96,101,103,98,86,95,112,94,73,99,90,79,110,102,115,10,75,117,76
3881,83,117,98,74,57,92,90,38,75,99,102,105,70,109,106,107,73,71,77,93,54,88,78,64,87,111,85,115
3882,102,103,79,80,98,30,52,86,29,81,73,94,104,75,110,108,118,116,117,77,99,85,78,60,4,56,111
3883,101,119,90,98,78,109,40,86,102,70,14,83,76,6,92,108,80
3884,99,78,118,86,106,96,92,91,76,80,90,105,101,104,69,24,85,112,93
3885,83,96,88,94,119,76,79,77,57,107,87,90,91,115,117,73,92,111,109,118,112,70,101,24,99,29,38
3886,93,101,115,109,79,75,110,118,74,94,99,66,117,116,113,82,61,98
3887,96,106,113,99,76,94,108,87,101,107,102,74,111,118,86,91,119,77,104,81,93,39,75,117
3888,78,86,110,99,73,109,70,48,118,108,111,115,105,94,117,85,74
3889,57,90,105,87,99,98,102,110,75,76,108,54,81,111,43,117,82,119,116,118,85,96
3890,91,117,76,73,57,101,95,87,103,80,74,4,94,78,106,34,119,72,98,109,17,115,70,79,61,88
3891,57,115,111,113,102,105,81,70,73,86,53,119,106,101,90,74,98
3892,93,83,106,80,109,108,102,107,77,96,113,90,70,99,81,63,100,101,2,98,34,112,5,35,4,29,74,105
3893,79,100,108,116,94,106,119,91,87,75,110,118,113,109,111,107,95,90,104,112,39,15,83
3894,115,87,91,117,75,118,29,57,119,103,106,80,105,98,79,76,77,58,116,54,90,65,88,104,99,82,81,67,24,85
3895,113,87,115,78,76,74,94,96,73,118,103,109,34,116,111,108,104,79
3896,93,76,88,119,78,81,92,82,107,103,70,100,74,79,41,95,57,85,113,20,109,73,90,106,104,80,16,99
3897,116,113,111,79,88,29,57,73,98,119,86,94,81,66,103,101,56,75,70,109,83,67,108,102,117,105
3898,106,111,73,77,115,86,85,112,108,79,81,101,118,96,98,48,88,17,63,119,46,76,116,94
3899,85,51,99,103,76,86,29,117,54,118,10,87,78,33,106,12,96,67,105,98
3900,76,83,111,104,101,81,74,112,80,90,82,77,106,116,110,70,108,94,87,86,102,85,88,113
3901,107,103,94,85,117,116,57,92,82,76,97,83,111,102,77,98,96,113,90,81,86,70,100,74,79,106
3902,77,110,104,111,106,73,86,87,107,112,30,108,118,91,27,98,70,101,36,90,115
3903,101,83,98,73,80,107,105,118,109,87,14,108,116,4,85,44,90,54,75,104
3904,104,101,106,74,88,78,29,77,103,108,94,70,107,73,85,20,69,14,82,80,119,109,91,112,21,98
3905,101,92,103,75,91,90,82,87,105,84,109,98,49,44,104,63,66,96,79
3906,95,118,87,82,88,101,83,119,94,103,106,74,99,98,78,109,18,75,113,30,73,77
3907,118,82,109,90,80,83,100,103,111,101,115,92,34,24,79,88,110,76,106,23,119,33,44,63,96,78
3908,75,88,80,91,118,90,113,119,77,73,108,21,109,107,115,81,14
3909,119,109,75,77,112,92,96,82,57,76,106,23,115,99,29,98,88,105,117,108,111
3910,105,107,78,101,70,111,88,112,80,74,79,48,94,91,117,106,81,108,115,87
3911,113,105,82,102,92,30,29,93,90,97,79,101,15,103,91,49,80,28,7,89,110,118,75
3912,81,77,87,110,70,80,96,73,118,90,105,111,99,85,75,79,78,83,106,44,88
3913,112,108,78,86,109,98,106,101,70,85,77,56,99,88,42,110,119,14,87,105
3914,57,94,119,90,85,77,83,102,112,88,108,104,96,16,113,74,99,97,109,81,79
3915,103,117,95,85,118,100,97,112,105,109,82,65,88,102,66,104,91,75,29,87,76,13,92,94,111,77
3916,116,91,115,112,86,75,108,102,81,43,103,83,110,106,113,22,17,16,74
3917,105,82,78,79,118,51,86,101,87,90,98,110,70,94,116,106,104,114,107,103,93,52,83
3918,112,81,96,103,57,91,105,117,104,119,102,29,74,78,106,48,44,113,70,115,73,32,4,36,99,49,93,90
3919,70,91,82,73,111,103,102,92,80,113,101,57,79,105,30,119,38,88,90,115,87,19,107,52,27,109,44
3920,80,88,111,96,85,110,104,91,57,107,60,79,98,58,82,81,108,41,105
3921,88,80,77,101,75,116,99,85,109,76,106,105,30,70,49,72,103,97,110,104,48,82,107,83,115,96,95,79,73
3922,106,104,87,70,92,74,110,109,116,29,98,108,101,78,54,96,83,90,102,33,113,86,107,15,60,111
3923,96,115,79,108,118,112,85,116,78,20,75,109,83,87,91,88,74,81,37,76,18,8,30,64,77,117,24
3924,76,98,110,57,73,96,70,111,80,106,116,85,77,112,22,117,119,79,94,109,78,66,105
3925,88,80,86,101,81,94,74,113,75,111,112,87,104,76,27,41,119,115,93,85,77,107
3926,81,73,83,113,116,92,88,82,97,118,104,99,115,79,28,89,109,86,41,103,119,90
3927,115,88,71,98,93,91,79,109,111,80,116,76,113,86,117,118,67
3928,110,112,107,109,94,111,118,79,57,90,98,88,106,36,119,51,65,113,86,116,73,99,25,74,85
3929,110,87,57,29,91,95,112,75,94,111,88,113,65,115,96,106,74,119
3930,29,75,116,118,87,109,115,82,98,80,79,107,70,76,114,92,93,32,56,90,17
3931,91,113,88,57,107,96,76,94,95,81,79,119,116,78,6,40,4,110,87,117,102,60,108,100,85,66,82,101
3932,80,101,75,110,85,111,70,30,74,78,90,83,21,106,66,98,104,86,84,56,115
3933,118,66,81,91,90,80,106,105,87,77,54,74,78,111,96,43,116,40,115,29
3934,54,82,80,115,112,51,119,118,74,4,116,19,104,98,2,90,79,102,85,109,76,78,81
3935,85,78,107,117,118,110,73,93,92,111,105,75,91,88,77,83,10,24,76,70,14,116,99,101,102,1,106,119,82
3936,78,106,86,87,74,76,94,111,115,109,79,80,98,81,51,117,116
3937,104,91,100,4,113,101,80,81,75,98,118,50,51,99,93,77,53,60,112,65,105,67
3938,99,103,106,98,96,105,79,75,54,85,70,91,82,59,94,102,115,90,116,77,60
3939,78,77,115,75,76,85,99,107,116,108,102,87,90,112,70,11,109
3940,70,90,103,80,91,83,78,96,118,29,99,82,108,98,94,4,111,76,113,57,30,115,110,116,88,74,117
3941,111,74,101,75,108,90,83,117,118,70,110,73,81,99,98,56,80,82
3942,87,110,75,86,113,117,82,96,92,101,80,94,91,70,112,102,90,105,88,104,100
3943,78,74,118,99,101,119,110,86,81,75,116,113,102,70,117,105,95,80,85,93,66,77,94,79,87,29,16
3944,86,77,116,111,83,112,75,82,110,109,96,81,99,105,46,70,93,6,91,90,92,79,98
3945,117,108,74,118,102,81,103,99,30,92,83,106,109,73,100,98,51,77,107,76,94
3946,103,98,113,108,88,81,51,57,78,109,87,105,23,67,107,119,62,45,54,2,101,92
3947,90,94,80,110,79,99,75,112,119,107,85,116,101,60,91,96,111,108
3948,80,29,79,88,73,81,115,117,92,94,84,90,96,105,109,76,9,74,19,12,99,70,15
3949,116,29,80,88,110,114,57,106,82,87,99,43,74,62,105,24,56,50,92
3950,101,76,119,83,109,82,88,79,74,107,98,112,4,108,106,115,99,103,100,77
3951,116,111,115,103,119,75,74,86,76,77,94,113,85,82,100,24,112,102,98,2,99
3952,112,98,81,119,80,57,74,117,54,94,82,30,100,116,35,99,31,110
3953,74,116,99,78,118,86,57,104,92,76,94,119,87,107,100,115,103,90,96,110,101,112,111,9,108,85,23,81,109
3954,29,101,78,88,87,99,102,90,57,73,117,118,83,113,75,98,91,38,116,109,107,110,100
3955,108,113,57,73,118,112,85,80,94,93,109,96,104,114,111,81,117,107,55,79,21,75,101,32
3956,90,104,70,118,116,112,81,96,77,117,99,30,108,50,49,103,107,86,80,76,22,110,98,29,73,92
3957,86,119,76,110,94,109,29,106,118,116,12,96,85,112,49,74,78,103,44,102,5,37,88,77
3958,91,116,101,85,77,94,95,80,117,119,111,118,81,105,106,96,88,74,15,76,73,79
3959,93,94,57,85,77,74,99,115,108,79,91,90,88,118,73,103
3960,94,80,74,99,109,91,57,98,25,18,83,65,86,112,6,101
3961,109,113,29,117,105,94,101,104,80,78,108,112,98,32,106,13,57,103,97
3962,118,43,94,109,80,70,101,76,108,91,75,107,56,79,63,36,116,103
3963,99,118,94,101,74,106,103,73,87,104,79,30,110,92,90,117,111,80,58,25,57,19,83,77
3964,94,54,107,111,75,109,79,113,96,78,102,117,99,58,101,70,5,67,82,110,73,92,115,52,48,47
3965,106,118,103,107,105,101,104,57,94,111,99,110,81,87,95,78,109,112,96,117,55,86,115,85,113,90
3966,106,113,98,91,109,73,116,76,80,107,119,75,102,87,111,104,95,79,38,96,90
3967,86,114,110,80,99,113,82,29,74,81,98,45,78,56,73,109,108,103
3968,81,74,109,110,117,102,118,93,91,115,116,108,104,101,103,77,24,100,96,82,30,43,73,76,79,94
3969,74,79,105,98,106,83,109,102,91,96,77,90,116,39,78,107,86,85,47,112,108,95,118,119,94
3970,112,98,76,57,87,102,81,115,83,75,110,119,108,96,91,41,43,46,106,7,105,101,51,4
3971,83,57,38,88,100,118,95,90,112,79,70,73,117,49,4,98,1,5,54,29,69,3,74,115,104
3972,70,29,83,86,111,96,107,92,98,94,91,88,73,60,105,113,46,75,76,85,119,74,99,81,108,106
3973,88,85,98,106,86,90,119,91,101,30,82,99,105,109,102,79,100,110,69,74,107
3974,106,70,76,119,75,117,82,94,87,105,99,80,90,110,111,29,73,93,54
3975,74,98,94,77,73,116,104,96,95,118,111,112,85,46,56,88,9,1,87,81,90,8,7
3976,82,29,74,88,107,100,75,83,102,80,104,92,71,73,101,60,70,78,111,86,109,87,96,113,85
3977,104,99,108,80,70,85,91,90,79,113,98,64,102,116,87,111,74,106,96,19,73
3978,111,106,88,105,85,91,101,78,110,32,90,92,113,70,108,77,82,58,79,10,2,52,80,100
3979,77,73,81,76,117,87,92,119,112,113,30,111,96,105,82,100,66,69,109,106,116,102
3980,112,113,103,119,80,83,57,90,86,98,104,78,101,106,51,12,84,26,105,115
3981,112,101,88,110,117,108,85,106,96,7,64,115,98,78,116,70,79,92,111
3982,115,101,119,79,107,75,108,90,87,94,13,52,105,89,36,73,116
3983,81,106,75,116,77,88,82,107,99,101,80,91,109,70,96,41,108,112,24,63
3984,99,70,111,29,86,88,112,117,105,30,80,79,113,77,57,115,109,92,82,98,96,102,119
3985,87,86,79,111,83,78,91,116,100,109,80,112,101,107,110,119,70,75,113,73,103,117,96
3986,86,76,79,112,88,91,105,99,106,119,117,104,29,101,100,118,80,33,90,81,111
3987,78,103,99,117,111,116,90,70,87,108,88,91,93,98,112,63,81,107,29,76
3988,76,109,99,103,74,79,101,77,80,105,94,119,78,75,90,106,70,96,108,73,39
3989,102,106,94,30,105,81,111,74,112,41,77,110,80,86,103,108,79,85,29,84,119,90
3990,91,75,99,107,88,108,90,109,73,42,77,106,115,71,110,56,19,78,80,13,112
3991,91,119,87,88,118,81,85,113,111,108,73,104,106,98,101,10,70,110,94,86,109
3992,112,82,105,101,102,100,76,118,83,104,79,57,70,96,98,115,39,113,80,53,111,86,106,29,72
3993,91,105,73,102,94,111,119,96,77,117,88,113,112,85,108,87,103,33,65,109,29,104
3994,115,105,118,79,73,87,76,88,111,94,70,114,40,35,80,91,95
3995,116,113,80,90,117,87,70,119,75,3,98,91,107,77,81,118,99,101,62,74,53,112
3996,118,108,73,91,103,74,90,117,106,113,88,104,86,99,102,85,92,37,41,78,100,115
3997,109,79,83,98,75,108,101,90,82,113,107,105,96,78,30,95,110,70,81,118,115,54,11,17,116,92,88,56,99,106,87,91,57
3998,110,80,111,73,91,75,99,79,74,118,104,112,105,62,78,95,94,109,29,12,116,87,119
3999,73,57,107,85,115,81,77,119,110,88,80,94,112,91,30,116,95,87,100,101,103,76,86,40,99
4000,107,119,70,29,103,88,110,90,98,78,101,118,4,73,108,86,75,91,80,112,79
4001,109,90,101,112,88,81,94,65,54,75,116,113,105,110,63,24,64,93,95,92,119,91
4002,112,86,99,96,116,82,119,91,106,29,80,84,90,94,105,98,79,70,117,104,110,88,107,64,76
4003,77,116,113,108,109,104,83,119,96,85,94,78,101,102,99,86,74,91,111,6,88,14,82,54,87,117
4004,99,77,76,105,100,90,96,103,116,9,20,46,115,88,57,75,101,64,108,118,111
4005,94,106,116,105,104,85,79,70,95,91,109,111,76,115,82,81,42,73,83,96,93,66,78
4006,98,116,85,83,105,78,87,99,102,115,73,111,90,82,26,1,75,25,117,79
4007,109,106,99,108,118,30,92,81,88,112,73,75,103,80,87,77,76,33,105,102,19,101,86,98
4008,86,81,82,80,85,57,100,101,108,77,75,102,73,70,10,111,117,76
4009,113,87,115,109,102,70,92,119,74,99,106,77,91,98,82,88,29,97,108,83,79
4010,91,90,112,109,119,73,70,94,115,75,110,106,29,101,83,111,74,82,98,113
4011,57,116,87,70,112,74,96,79,29,101,83,113,108,118,80,88,77,91,106,76,51,85,117,73,119
4012,90,82,94,104,85,118,112,96,75,86,117,74,108,119,87,101,57,91,54,38,28,111,107
4013,107,83,111,101,119,100,32,85,103,118,76,58,33,108,102,96,116,92,91
4014,81,96,74,70,82,115,110,86,76,111,107,117,90,100,79,98,30,11,113,80,105
4015,104,105,83,77,107,90,101,99,80,88,115,117,111,91,108,103,96,116,13,43,74,46,110,114,70
4016,118,113,73,99,79,78,101,75,110,107,76,106,117,91,90,81,89,111,95,47,67,70,68,87
4017,90,44,108,88,29,48,85,101,109,86,83,107,73,65,15,105,38,57,94,67
4018,112,51,107,82,115,108,75,88,98,96,116,104,95,8,90,106,102,111,77,110
4019,113,103,109,73,112,102,93,105,86,107,106,118,70,51,119,92,29,117,28,22,96,81
4020,92,85,106,81,80,101,116,87,105,86,94,90,108,113,14,59,75
4021,106,80,111,113,101,90,107,86,96,29,91,76,70,64,108,12,41,83
4022,87,116,103,83,100,94,80,110,79,74,75,101,99,102,88,106,113,70,73,86,96,91,98,51,104,118,78
4023,70,102,115,108,104,94,98,110,80,74,101,17,92,78,43,86,51,4,76,107,49,79,53,84
4024,92,103,70,86,85,76,87,57,117,73,81,80,112,93,96,109,33,110,116,98,94,78
4025,87,113,79,70,96,80,85,115,88,78,112,117,77,75,116,99,44,111,101,84,105,108,97,103,86
4026,87,105,29,79,100,112,102,78,108,86,106,111,98,94,117,118,80,5,33,82,60,73
4027,98,91,30,105,106,73,118,117,115,96,107,101,37,99,94,85,70,119,7
4028,107,90,81,77,88,94,101,109,80,112,108,111,74,76,78,119,91,118,113
4029,88,76,96,119,115,77,75,104,74,83,87,32,99,36,11,113,10,118,47,108
4030,57,75,70,98,109,74,88,29,99,103,91,96,83,108,2,106,76,82
4031,94,38,83,76,100,73,113,93,85,109,118,37,107,70,80,111,74,96,98,59,90,87,24,82
4032,90,70,88,108,79,110,119,101,74,111,107,109,115,75,103,94,87,118,102,96,82,76
4033,78,88,113,93,77,92,86,73,54,80,107,99,81,90,109,117,57,35,70
4034,88,86,112,76,54,81,80,73,91,104,116,107,117,103,113,99,78,4,70,110,29,85,24,74,92
4035,78,119,85,86,108,110,76,111,118,94,96,98,73,75,117,80,89,74,102,116
4036,76,112,75,113,108,94,110,106,78,77,107,95,116,98,87,80,90,109,85,88,105,111
4037,77,78,90,105,70,119,115,87,116,109,107,117,43,108,92,98,80,118,96,81
4038,92,86,116,81,57,79,70,77,99,102,118,112,80,107,64,111,30,83,78,117,90,113,82,103
4039,96,83,92,81,88,100,80,85,110,82,109,104,57,87,74,75,102,119,37
4040,87,108,115,88,73,102,79,98,111,110,86,117,116,99,94,109,80,42,96,101,91,74,6,77,83
4041,80,115,78,82,81,98,109,57,54,55,87,96,117,77,29,118,111,75,50,116,69,68,90,86
4042,82,117,100,119,75,80,81,86,87,115,113,116,107,105,101,77,42,88,98,95,103,99,44,109,30,83,16
4043,93,87,90,94,99,111,108,75,106,117,76,98,102,17,29,80,86,118,55,92,107,84,105,38,77,100
4044,83,116,82,105,57,110,73,87,103,101,111,99,107,92,112,54,88,47,80,100,104,109,43,76,77,75
4045,99,111,98,73,116,95,115,87,74,77,80,29,105,79,108,86,81,14,78,88
4046,117,88,109,103,94,115,83,98,76,81,102,104,116,79,70,108,77,99,82,17,112,26,118
4047,98,23,80,112,79,110,108,115,101,83,96,103,109,4,119,118,66,99,77,74,104
4048,80,77,29,70,107,92,79,87,93,78,101,81,117,56,95,116,119,99,85,102,113,111,74,112,91,4,94,100,75,105,73
4049,118,105,57,82,107,78,104,100,111,73,75,94,76,79,91,87,88,110,39,119,90
4050,88,105,104,76,83,113,96,78,111,82,108,29,103,57,87,92,43,97,80,99
4051,86,88,118,108,110,119,75,103,83,82,104,57,81,67,70,91,97,85,100,111,92,90,113,93
4052,80,88,115,83,93,113,101,119,108,118,117,94,102,106,76,82,104,87,77,99,70,86,91,4
4053,75,104,103,94,99,79,76,115,70,85,57,112,80,107,73,87,96,72,74,108,110,81
4054,78,57,113,81,104,116,76,90,79,91,107,75,102,101,105,64,30,80,73,112,95,106,96,100,108
4055,109,88,98,79,76,85,56,80,73,74,89,108,103,107,70,5,86,113
4056,75,80,88,91,111,101,74,106,90,107,100,79,57,56,87,82,102,73,78,112,117,55,2,114,113
4057,29,51,110,74,103,105,78,116,99,98,86,94,106,111,27,104,35
4058,102,83,98,82,80,117,105,100,113,41,79,20,115,70,56,106,119,101
4059,100,77,57,99,86,106,116,30,79,103,108,118,94,111,74,83,35,9,61,81,76,110,88,7,82
4060,99,96,109,91,74,119,108,106,87,76,4,75,85,10,24,92,82,63,101
4061,118,86,119,94,115,104,95,109,102,91,107,28,88,116,101,79,70,106,98,90,99,29,105
4062,99,80,96,73,78,86,75,88,74,79,119,116,98,104,103,111,106,21,94,110,101
4063,101,103,75,88,102,81,24,87,119,57,116,96,82,92,112,85,78,115,54,77,106,30,70,113,114,111,107,108
4064,107,112,79,103,74,88,87,116,95,70,98,80,111,104,92,76,16,90,54,100,59,118,64
4065,116,94,113,119,83,112,101,80,102,73,75,41,47,26
4066,115,110,116,96,76,103,57,107,91,109,100,86,77,87,101,54,108,98,111,17,51
4067,113,102,88,76,78,81,100,90,70,73,119,75,29,115,85,49,112,106,79,111,12,24,27,92
4068,73,101,29,90,88,113,111,77,107,119,105,75,103,95,93,108,81,79,30,40,106,24,99,110,18
4069,112,82,73,79,102,83,30,92,94,80,115,110,78,116,117,90,103,74
4070,57,95,107,76,88,119,77,110,108,98,94,56,70,113,29,74,101,96,32,111,87,90,115,103,118,116,82
4071,112,90,99,107,70,115,80,79,88,96,119,50,43,106,65,113,73,81,76
4072,110,70,107,102,98,88,83,78,104,75,87,94,118,103,81,90,50,93,101,31,79,112,111,77
4073,29,83,73,108,79,94,76,105,99,54,107,96,112,106,116,86,119,109,81
4074,112,90,115,73,116,95,109,103,102,29,110,74,57,92,104,117,78,86,93,105,100,113,111,99,28,108,101,94
4075,116,94,109,102,110,111,83,76,85,104,73,96,118,75,112,78,101
4076,81,118,110,106,96,101,104,99,111,88,79,105,74,113,82,112,102,54,107,87,98
4077,119,108,90,82,29,94,115,101,70,106,75,102,79,111,98,81,112,107,117,116,39
4078,99,74,73,108,106,94,103,105,118,75,70,102,64,96,117,88,86,116,112
4079,76,79,90,78,77,109,119,115,113,99,107,81,85,88,100,67,106,54,83,111,45,73,112,96,94,93,118,52
4080,51,80,86,29,81,74,95,85,115,50,75,94,108,116,111,117,57,103,7,92,90,112
4081,98,96,106,77,111,118,70,29,88,75,57,105,112,92,85,44,117,78,102,4,51,108,83,113,86,38
4082,101,112,99,70,74,98,87,106,95,81,119,86,24,35,111,78,76,84,85,118,109,107
4083,99,112,97,91,73,88,101,113,106,30,78,115,110,64,96,117,81,38,83,57,104,51
4084,92,112,81,83,29,93,106,76,119,88,110,108,100,79,94,70,104,23,77,43,91
4085,29,115,75,105,113,116,87,70,112,110,94,118,119,4,111,101,99,86,98,102,74,93
4086,86,90,110,85,79,80,73,112,111,115,67,116,113,84,104,88,99,97,87,106,105,29
4087,111,85,79,78,75,119,102,104,77,96,73,76,112,108,39,94,80,44,116,106,117,107
4088,111,77,85,105,98,96,108,90,107,109,82,102,76,83,100,70,75,118,44,73,30,110,29,115,101,66,87,88,112
4089,112,90,83,98,88,74,118,57,119,115,86,87,100,108,1,30,2,29,79,38,75,110,103,7,101,111
4090,111,85,94,73,74,77,29,117,80,104,107,113,82,105,102,75,110,115,24,108,95,70,89,83,98
4091,70,83,73,30,110,96,118,79,75,78,117,76,77,105,107,88,111,7,106,90,108,115,112,35,116,98
4092,75,87,70,101,105,103,85,115,74,86,83,106,102,77,107,80,118,109,108,79,117,90,92
4093,94,110,112,75,74,96,108,91,79,86,119,80,116,118,109,54,76,115,38,64,106
4094,79,116,112,106,115,95,80,118,110,109,99,74,76,75,90,77,30,103,93,15,107,108,39,70,111,58
4095,112,113,92,91,108,104,75,86,82,118,107,73,83,93,103,96,57,116,105,74,115
4096,57,106,99,109,118,29,81,113,90,73,83,93,96,74,85,70,107,108,116,101,31,115,32,28,111,80,82
4097,57,70,101,86,73,78,76,104,103,4,77,110,109,105,54,80,112,92,81,31,82,94,115,29
4098,92,96,79,108,101,109,117,82,88,99,54,76,77,74,70,104,119,115,93
4099,54,93,81,90,108,57,75,96,83,116,112,106,29,104,77,99,110,98,118,101,70,25,65,67,102,111,24,76,50,119
4100,92,83,112,118,74,81,91,101,85,57,106,99,87,88,109,110,76,86,115,104,98,68,90,105
4101,94,77,98,85,81,74,111,75,99,112,70,116,118,79,57,106
4102,99,105,113,104,88,102,119,98,75,96,111,115,117,64,114,112,91,108,110,85,94,79,109,81
4103,107,117,106,110,82,96,83,80,112,91,95,108,70,30,81,79,102,78,56,86,76,85,88,15,28,111,92,109
4104,105,110,108,82,118,57,70,94,101,77,85,83,75,90,96,81,29,112,113,73,78,88,100,86
4105,73,29,113,90,117,112,76,116,79,103,92,80,115,30,86,82,35,96,50
4106,110,85,79,51,88,54,30,101,102,7,57,70,107,82,108,75,74,73,4,76,118,116,91
4107,116,113,91,112,29,105,102,73,90,106,88,107,111,95,118,108,117,55,30,99,96,104,103
4108,109,108,102,113,76,90,98,104,78,70,106,110,88,30,18,99,75,12,96,24,107,101,94,57,74
4109,78,75,91,110,109,80,105,99,94,76,116,106,51,108,86,65,19,54
4110,94,79,118,98,116,119,106,70,78,90,109,113,112,85,93,104,75,108,102,52,97,83,24,82,96
4111,78,82,93,73,111,94,87,90,77,108,81,79,112,70,38,104,99,74,95,92,54,117,51,103
4112,96,113,83,92,106,88,101,104,109,110,79,94,99,90,112,14,89,118,76,80,86
4113,108,106,115,92,90,111,113,105,76,27,4,29,117,74,54,98,79,97,80,91,78,95,71,107
4114,112,86,83,88,105,115,107,108,74,116,54,29,96,76,85,117,101,99,110,87,78,106,56,109
4115,29,107,74,77,82,64,81,98,110,100,94,88,106,76,57,109,111,105,4,95,39,54,56,43,70,13,66,38,83,48,119,85,80
4116,119,101,109,87,113,88,105,116,80,12,114,90,76,70,35,67,96,71,106,73,108,107
4117,80,88,30,98,99,94,108,83,29,82,85,91,81,73,65,76,106,87
4118,109,92,70,103,54,96,57,83,88,86,91,113,62,81,79,110,60,1,111,94
4119,117,106,87,82,94,88,119,57,74,81,80,95,76,118,96,91,79,8,105,85,75
4120,112,74,83,81,92,86,117,87,102,51,82,78,70,73,79,54,18,57,118,90,98,116,30
4121,81,83,108,90,110,76,109,102,92,4,79,100,36,93,91,116,75,95,73,78,119,86,82,80
4122,104,113,103,78,105,99,106,98,118,81,29,100,82,44,17,111,70,51,93,16,75,74
4123,101,57,110,29,112,78,103,90,107,91,82,76,52,109,38,119,51,39,111,50,93,87,108
4124,117,87,101,81,75,91,111,82,113,116,76,77,100,107,90,88,112,4,61,93,6,104,86,85,103,98,119,96
4125,106,87,108,77,88,96,85,105,29,112,75,115,70,100,111,118,73,107,83,66,81,54,113,86
4126,86,114,70,78,112,110,91,93,107,85,115,92,35,81,113,4,42,22,119,75,80,88,104,99,30,84,82
4127,87,98,76,115,117,90,118,79,105,65,94,86,77,83,81,119,70,75,15,80,99,102
4128,106,85,86,109,79,90,102,88,115,81,83,92,93,107,98,108,99,94,73,74,105,97,80
4129,57,75,104,82,94,109,77,118,56,117,25,74,31,38,93,73,111,5,62,106,88,112
4130,74,88,98,99,79,87,112,118,80,101,86,78,85,73,82,117,116,102,83,72,90
4131,119,87,92,101,79,103,86,74,83,82,102,99,77,88,115,85,70,75,73,105,57,15,108
4132,98,86,110,108,96,107,119,76,30,80,117,52,99,15,94,112,109,46
4133,70,87,96,76,91,88,78,119,77,107,99,4,24,101,82,86,83,110,106,108,112
4134,70,112,73,91,78,110,74,29,102,4,106,59,80,90,93,108,86,119,107,94
4135,118,104,115,103,70,117,107,86,119,95,75,58,111,87,113,65,93,83,108,73,74,106,57,112
4136,29,113,112,119,70,79,118,110,92,77,85,76,100,91,30,115,81,57,82,58,33,74,87
4137,112,113,109,88,107,85,76,91,77,101,94,23,118,80,73,90,117
4138,107,99,79,88,119,116,83,109,76,98,96,29,57,111,78,85,8,73,70,110,90,14,106,24,77
4139,83,111,105,70,78,91,101,108,94,102,85,112,106,51,90,73,96,29,116
4140,88,78,108,98,112,101,119,92,118,111,96,113,115,100,73,83,103,9,70,105,45,14,104,79
4141,80,101,76,113,75,109,119,90,86,98,79,70,116,115,85,7,55,96,91,29,4,94,73,37,46,93,111,24,81,95,99
4142,70,83,87,105,106,86,119,74,113,110,94,75,103,88,108,112,47,111,17,99,53,38,109,107
4143,79,102,81,65,91,111,105,77,80,118,83,113,29,75,110,85,56,30,78,55,51,86,116,109,106,61,76,96
4144,92,116,96,70,112,91,99,94,90,115,109,56,110,80,103,108,107,82,102,7
4145,82,74,78,98,81,88,94,70,77,110,67,105,103,102,116,71,96,85,86,104
4146,70,119,80,86,99,108,74,110,95,109,61,49,29,79,54,82,106,102,15,59,81,101,73,90,75,77
4147,108,79,100,82,57,112,102,77,80,117,69,115,90,92,119,103,76,30,66,101,94,99
4148,88,102,78,113,109,98,75,108,57,90,95,73,110,86,119,91,87,92,118,48,70,80,99,1,77,100
4149,110,107,103,85,81,77,118,98,73,79,96,106,92,104,90,44,70,86,101,116,97,95,75,15,78
4150,92,101,86,81,112,111,83,106,109,103,87,88,82,77,44,108,78,85,17,110
4151,92,99,57,98,94,109,111,107,117,79,112,118,114,101,40,48,113,90,70,115
4152,86,82,116,90,117,88,76,78,115,87,74,113,106,99,49,119,83,105,73,85,102,101,110
4153,94,85,73,112,115,107,99,90,106,87,119,9,15,113,29,98,103
4154,76,78,94,74,86,90,96,73,109,85,102,110,116,100,111,91,114,63,70,113,97,107
4155,73,109,112,74,104,80,103,88,118,94,66,75,98,44,101,7,116,28,96,111,85,81,106
4156,79,115,104,113,109,76,119,75,101,96,110,103,91,108,112,83,99,43,22,46,106,86
4157,96,105,78,83,94,85,109,117,87,74,88,81,103,29,113,98,84,91,39,110,62,73,27,112
4158,98,112,91,81,94,95,84,74,83,115,75,111,96,57,107,63,87,110,99,102,36,90,116,86
4159,70,101,88,91,86,105,108,115,111,119,118,83,107,81,110,5,44,80,99,96,67
4160,111,108,74,115,106,76,88,83,85,101,119,77,116,110,96,99,90,94,80,79,65,87
4161,98,110,73,94,77,91,85,116,108,115,119,112,78,102,113,103,74,87,90,84
4162,113,81,88,79,111,101,87,90,80,115,75,106,118,103,91,102,116,104,78,95,73,108,97,70,76,99,54,107
4163,81,91,103,78,77,104,96,73,116,118,82,110,112,100,111,106,105,35,27,75,83,107,109
4164,118,104,73,109,91,107,82,94,78,106,57,92,95,36,111,79,108,51,75,115,114
4165,87,115,81,92,76,91,82,73,117,99,80,98,111,112,75,88,113,104,90,83,100
4166,85,111,110,90,80,87,106,31,77,29,98,86,101,78,107,75,94
4167,111,115,77,94,100,97,82,75,109,118,90,85,116,103,83,73,113,101,105,78,91,92
4168,70,86,96,76,113,78,81,111,85,77,88,104,119,102,74,101,48,98,106,107,110,57,10,79,73
4169,100,78,92,108,112,101,79,75,109,119,86,113,104,65,73,91,72,117,87,54,96,90,111,71,83
4170,91,113,82,80,103,73,112,57,96,116,76,29,52,66,75,27,58,101,99,64,77
4171,106,96,105,107,92,90,80,119,101,116,118,109,115,117,99,110,70
4172,105,115,109,90,107,87,119,110,112,94,102,91,74,88,116,117,118,73,75,113,54,104,101
4173,86,98,101,109,77,73,85,59,111,113,79,99,76,78,75,112,91,87,107,81
4174,88,82,73,111,96,79,102,70,117,98,109,86,115,76,103,80,112,118,75,116,113,81,101,119
4175,70,83,111,117,74,103,82,105,106,109,87,118,107,51,86,115,104,96,101,102,73,30,80,41,91,94
4176,106,70,86,112,96,115,77,82,101,73,119,94,66,69,108,114,76,87,88
4177,74,106,98,31,78,87,88,91,81,70,116,90,34,112,119,77,13,76,109,56,111,83
4178,111,86,70,75,96,119,85,87,80,102,91,51,90,101,100,74,52,107,98
4179,119,77,112,101,86,90,113,83,85,94,115,70,105,117,81,69,108,116,5,106,73,57,91,118,22,107,87,56,104,79
4180,94,96,86,109,102,81,57,77,106,101,110,80,112,74,116,107,83,88,111,75,113,73,100,3,98,118,79
4181,92,87,115,110,79,30,107,96,111,113,116,90,54,112,101,74,56,99,114,85
4182,83,91,96,112,98,82,70,107,73,72,80,77,69,101,56,119,86,94,4,110,105,113
4183,105,110,115,96,99,74,106,118,92,82,101,119,104,85,112,114,75,102,90,80,77
4184,101,102,96,73,119,118,82,81,75,90,83,74,117,108,76,87,85,112,86,57,104,103,84,105,98
4185,57,75,98,70,88,86,77,110,118,112,78,105,108,113,99,101,44,104,29,1,109
4186,51,98,96,90,116,86,115,119,94,117,106,77,103,118,78,83,93,100,36,101,107,109,88,50,25,70,112
4187,93,119,75,83,110,76,117,99,96,102,73,57,78,67,32,111,105,74,86
4188,109,115,112,78,90,75,83,86,111,103,101,117,74,108,116,91,110,77,12,98
4189,91,77,111,113,115,86,83,73,108,87,10,88,109,50,81,43,118,25
4190,107,106,90,117,76,29,115,116,75,82,85,112,98,119,94,49,4,88,111,95,99,113,83
4191,116,112,90,103,57,81,82,91,96,110,93,107,101,94,77,51,35,111,104,117,89,80
4192,57,112,78,115,87,85,98,106,86,99,56,75,116,88,51,90,76,29,36,108,95
4193,74,91,76,78,108,90,115,102,98,86,111,10,118,96,119,70,100,24,19,80,116,79,77,85
4194,80,110,78,101,86,108,87,106,54,113,98,81,94,90,111,91,25
4195,105,113,106,116,76,110,29,103,74,108,104,109,98,85,118,70,75,115,117,77,112
4196,116,90,88,110,119,83,94,73,80,118,112,75,99,60,95,92,102,51,34,70,108,30,101,93,87
4197,91,78,80,112,105,92,109,110,83,108,70,115,101,96,104,111,65,75,73,116,28,98,107,85,81,106
4198,79,98,96,83,105,108,82,78,90,115,57,117,73,74,76,61,37,87,4,80,36,24,112,109
4199,77,76,91,106,85,81,111,86,101,84,94,19,32,115,109,38,105,61,90,46,119
4200,85,83,99,117,106,97,98,76,70,118,101,29,94,105,75,66,86,92,82,87,113,95,116,93,100,115,107,102
4201,29,76,70,85,115,113,83,116,110,86,96,93,77,57,88,82,118,106,80,54,74,109,119,99,107,75
4202,91,99,88,106,74,107,111,76,110,81,101,112,96,95,82,86,87,118,114,77,115,65,29,105
4203,30,104,105,111,116,87,82,94,96,81,49,113,56,32,28,29,73,118,57,78,93
4204,87,88,73,91,111,106,101,113,54,119,80,85,108,112,103,96,79,33,107,86,30,70,109
4205,70,98,80,106,100,99,86,81,30,96,76,93,77,82,117,73,101,60,83,92,119,107,75
4206,119,115,111,106,78,86,95,98,103,96,77,75,87,80,82,112,101,72,68,9,66,57,88
4207,90,101,86,103,76,105,70,88,80,81,99,85,15,95,75,57,116,74,43,83,108,56
4208,51,70,77,98,119,103,93,117,116,110,80,48,90,88,82,73,101,106,62,75,3,41,54,87
4209,76,92,74,112,98,113,118,107,88,83,101,80,70,109,85,90,103,1,60,116,26,84,106,55,94,99,119
4210,88,76,106,113,118,111,77,54,112,74,90,86,102,5,83,79,56,2,87,101
4211,81,25,107,108,83,102,115,86,96,100,101,75,91,80,118,77,112,70
4212,115,109,85,94,102,29,111,88,82,22,107,117,60,81,119,74,106,105,116,98
4213,57,118,108,119,94,113,70,75,115,110,82,88,78,92,29,99,96,107,76,52,73,83,117,91,101,59
4214,115,99,119,88,86,112,74,94,70,82,75,76,80,113,77,64,102,56,117,105,109
4215,95,57,101,102,118,73,115,107,105,86,110,76,9,111,106,96,94,88,59,119,90,112,82,98
4216,109,82,85,113,105,94,77,118,119,107,75,63,90,70,99,97,30,87,54,51,80,112,24,78
4217,112,106,74,115,86,99,101,119,90,77,109,103,87,79,91,76,75,81,104,21,83,93
4218,87,51,78,109,106,115,110,98,116,111,70,99,94,53,83,119,113,79,71
4219,81,77,119,105,78,113,100,115,99,90,112,95,107,93,103,73,106,39,70,101,75,55,29,102
4220,112,107,80,88,86,77,81,70,99,29,105,106,73,74,49,115,79,116,18,104,100,82,108,87,90
4221,78,57,73,103,47,90,44,110,105,116,87,85,102,101,33,48,91,69,70,54,74,118,40,112,50,37,31,115,19,82,30
4222,76,106,110,86,29,80,107,87,94,51,112,82,77,117,99,89,88,116,90,92,73,74,75
4223,102,93,76,30,88,105,117,119,115,110,103,56,50,116,81,69,60,4,94,98,23,86,40,48
4224,107,87,73,79,111,94,109,92,108,29,119,96,115,82,102,116,85,98,97,91
4225,86,99,111,119,91,87,112,76,88,108,96,83,60,73,110,106,30,67,118,105,115,98
4226,111,80,106,73,81,70,117,107,75,76,105,77,112,29,57,79,115,118,30,103,116,102,87
4227,111,101,80,75,102,57,94,117,87,52,73,85,29,110,112,115,70,62,74,76,104
4228,110,90,80,76,102,79,87,103,107,106,94,117,111,85,96,83,70,115,73,108,82,26,75
4229,73,91,116,109,74,106,94,98,57,85,103,90,101,115,118,79,76,110,119,108,72,70,105,97,88,114,75
4230,98,80,82,99,101,102,77,76,68,21,74,117,104,95,78,85,116,38,53,103,107
4231,83,117,106,80,116,103,112,87,110,78,100,108,75,71,90,85,24,119,88,60,118,107
4232,106,105,117,73,113,111,82,98,57,102,112,96,99,93,110,28,94,119,54,77,38,101,49,109,76,88
4233,111,87,74,118,94,110,100,29,75,91,70,45,76,85,86,105,113
4234,112,91,83,109,90,78,115,111,116,102,75,106,70,74,63,15,79,99,118,108
4235,30,29,107,85,115,99,108,113,91,70,100,73,77,64,82,86,98,106,87,117,60,103,51,104,105,95,116
4236,29,93,86,85,94,81,98,102,101,80,116,110,92,78,96,111,82
4237,106,96,99,79,105,116,101,117,108,81,107,75,92,87,34,56,111,118,25,90,20,112
4238,79,103,116,106,74,78,82,91,90,110,102,89,21,108,70,117,14,99,19
4239,78,96,102,108,90,57,119,99,80,73,88,107,76,113,103,110,70,46,87,53,83,115,98,109
4240,68,91,70,101,115,29,111,104,102,119,4,112,93,100,19,83,50,99,105,46,6,116,98,85,63,73,80,86
4241,87,83,116,73,92,107,112,110,113,79,48,118,29,115,39,105,119,99,78,74,54,84
4242,101,85,81,108,87,113,76,96,105,74,98,73,94,36,116,106,40,110,119,48,80,91,86,11,118,82
4243,77,116,85,113,118,73,81,76,105,80,83,110,99,70,74,112,119,117,96,94,106,97,103,101,82
4244,109,99,83,79,85,76,87,115,106,92,119,110,118,94,111,88,93,113,18,107,117,112,116,14,32,90,42,39,55
4245,75,70,102,109,90,108,98,112,117,107,94,77,105,101,106,73,27,115,111,86,69,99,74
4246,117,113,70,111,109,82,94,29,83,97,96,78,75,99,115,11,88,45,93,76,86,92,80,116,81,119,87
4247,81,73,98,107,90,106,86,103,104,70,101,75,77,92,110,79,41,109,115,67,14,112,57
4248,78,73,108,101,94,80,107,70,113,99,110,109,106,79,116,119,71,117,87,112
4249,102,103,73,94,87,96,78,113,108,80,83,106,75,115,86,105,82,25,101,92,88,43,63,98
4250,104,75,112,87,99,111,96,91,70,73,82,110,51,106,78,94,115,102,81,86,32,118,109,101
4251,80,107,82,85,77,100,94,75,96,88,103,98,47,17,16,20,78,91,108,6
4252,118,90,106,70,81,109,117,74,80,79,114,111,103,98,77,100,83,73,101,75,66,93,87,47
4253,94,118,112,83,75,111,87,77,73,81,107,99,106,95,79,117,102,88,70,114,116,85,32,30,96,60,78,105,92,4
4254,92,103,117,74,83,86,91,100,98,4,87,90,95,81,76,112,49,101,11,109,54,89,80,73
4255,92,88,107,70,86,80,119,96,98,91,90,85,82,27,117,109,6,73,75,81,108
4256,88,103,74,107,117,94,73,119,98,82,112,96,118,102,57,108,26,114,6,80,116,22,38,23,97,81,47,29
4257,92,104,101,108,73,82,87,78,80,119,85,111,106,57,110,90,29,75,64,100,94,102,107,1,105
4258,92,77,99,79,57,90,86,106,74,119,96,104,110,78,118,83,115,82,33,49,88,91
4259,91,79,93,78,82,119,113,85,99,92,24,112,33,98,76,19,106,104,105,94,55,84,102,90,75,88,4
4260,80,85,88,78,96,87,86,102,90,109,74,91,111,110,81,73,57,64,112,94
4261,105,81,87,101,119,110,70,94,118,96,111,107,98,85,91,95,92,73,76,75,102
4262,81,112,80,109,117,78,76,103,85,99,86,105,79,119,108,82,101,73,29,118
4263,77,41,82,96,86,92,111,75,108,105,95,103,99,102,85,112,74,51,109,118,57,119,60,80
4264,106,110,94,78,83,119,86,90,75,109,81,101,113,91,9,107,111,104,87,98,59,108,116,30,82,114,70,118
4265,75,92,94,90,57,118,83,85,106,81,105,109,82,79,77,110,95,98,41,116,76,70,74,111
4266,90,104,115,101,86,83,79,73,81,117,119,110,77,107,106,94,76,109,48,78,54,70,112
4267,76,111,91,105,98,78,79,80,108,99,38,6,116,73,29,109,15,30,110,51
4268,118,91,106,93,57,98,90,79,82,113,78,81,100,74,116,39,66,99,103
4269,90,78,81,82,88,116,101,76,119,106,94,92,110,57,105,4,108,93,97,64,77,38
4270,98,116,111,90,108,73,94,99,96,15,86,70,75,101,106,104,107,54,109,83
4271,91,107,75,103,70,80,101,29,74,90,79,115,102,104,117,108,82,4,78,76
4272,87,82,113,100,99,73,96,85,109,119,117,92,108,91,102,103,101,26,83,47
4273,94,81,73,101,91,29,96,103,107,90,108,113,110,77,116,88,13,70
4274,109,117,88,80,51,119,101,99,86,94,29,106,77,105,73,83,78,57,107,85,114,116,81,74,76
4275,80,118,94,77,104,98,109,86,57,83,111,103,90,110,5,78,108,92,79,73,116,95,85,101
4276,88,118,98,87,76,73,79,113,95,110,70,91,99,94,112,77,107,58,35,65,82,115,119,105
4277,73,104,75,88,82,83,85,116,100,113,118,81,109,91,79,70,14,90,106,110,77,111,86,95
4278,74,104,119,113,79,102,73,106,75,98,96,57,99,118,94,46,47,72,110,116,109
4279,73,118,119,88,115,80,102,107,99,78,116,70,104,86,81,83,111,97,90,106,117,110,77,98,105,94
4280,85,117,101,79,81,88,99,103,91,102,107,49,111,112,110,69,73,96,109,70,105,97,55,118
4281,76,94,111,73,110,105,79,107,108,80,99,85,86,101,54,55,118,1,115,90,65,103,87,116
4282,103,110,85,107,86,108,105,74,99,104,111,77,79,94,112,91,75,109,52,38,64,78,63,106,89,118,81,98,83,87
4283,117,113,86,110,87,99,104,119,101,94,73,78,75,112,115,111,105,79,29,63,69,116,91
4284,107,101,103,99,80,113,92,88,110,112,73,108,115,41,86,76,98,70,116
4285,106,73,86,113,90,110,81,78,118,108,107,91,115,57,80,77,88,24,59,4,82
4286,108,117,78,115,99,96,80,118,98,101,103,87,116,70,29,91,88,74,109,83,114,77,119,82,104,86
4287,81,73,101,113,109,114,112,74,104,105,86,94,107,76,79,111,36
4288,86,94,73,76,81,115,106,88,92,117,105,99,102,91,110,107,85,101,2,118,21,77,78
4289,75,96,74,116,108,110,98,105,44,82,23,112,101,94,119,78,58,14,117
4290,109,78,81,57,103,76,117,110,119,116,99,85,91,51,77,60,106,26,65,90,20,52,36,115,73,24,92,30,53,4
4291,118,88,87,94,109,78,76,70,85,108,106,110,90,80,83,79,39,98,116
4292,112,83,109,98,117,75,111,77,110,57,96,116,46,99,107,104,92,91,14,84
4293,85,117,112,104,96,29,81,57,82,86,103,70,78,94,87,64,107,39,90,111,105,88,68,108
4294,82,75,110,96,78,91,90,115,98,29,34,80,113,19,94,105,81,108,111,102,70,47
4295,78,82,87,108,91,54,73,102,88,103,77,112,86,97,95,81,75,69,101,109,99,118,12,52,96,104
4296,106,113,77,87,119,110,102,99,80,116,91,42,86,101,70,51,108,97
4297,74,78,116,108,86,83,70,92,91,103,88,90,49,82,113,79,96,112
4298,103,118,86,94,109,88,79,101,91,95,113,112,116,90,92,84,82,96,104,75,105,24,93,98
4299,88,67,80,110,70,96,109,29,108,101,82,74,112,81,113,57,98,115,100,117,90,83,11,69,107,86,118,119
4300,107,100,77,86,101,111,82,90,106,75,116,110,85,74,73,112,87,117,83,93,115,49,108,80,66,99
4301,91,88,70,110,86,98,115,112,101,107,79,111,108,11,24,73,85,114,59,34,104,28,74
4302,106,115,119,74,77,85,112,70,87,82,100,116,86,94,117,96,76,51,79
4303,116,83,82,79,86,101,113,112,108,74,77,118,103,91,92,75,70,110,100,105,119,44
4304,57,107,116,86,76,92,56,113,74,112,50,85,22,2,98,87,102,109
4305,86,109,117,76,116,98,77,83,99,108,103,94,75,115,12,107,96,90,105,11,79,63
4306,70,90,77,57,87,118,108,95,86,96,88,117,91,109,98,107,71,80,105,73,99,110,54,30,113,83
4307,94,118,76,106,109,88,99,115,96,102,108,78,82,90,104,79,105,75,24
4308,91,90,94,87,77,81,106,116,76,86,74,112,80,119,79,101,82,31,109,104,92,105,117,111,78,99,118
4309,96,99,74,101,82,78,100,98,95,111,102,81,79,76,77,112,70,64,119,103,92,115,117,88
4310,74,92,111,109,105,77,115,99,117,76,98,94,106,64,80,5,119,70,75,104,110
4311,70,88,108,118,112,29,90,115,86,77,87,110,105,119,85,57,75,54,93,92,5,30
4312,87,82,108,112,90,76,79,94,85,110,106,119,73,78,115,117,7,70,43,113,109,88
4313,106,85,110,101,116,70,73,76,86,95,77,29,66,118,105,47,109
4314,83,70,94,73,82,29,108,107,75,105,109,103,97,96,86,116,118,119,90,65,13,76,117
4315,88,101,90,118,105,78,81,109,79,73,96,76,77,85,98,72,116,119,87,35,94,62,80
4316,90,79,98,30,74,110,76,78,80,96,113,112,57,81,106,109,92,54,75,83,8,108
4317,110,86,109,83,103,93,102,104,91,115,78,76,73,94,57,75,80,113,18,98,4
4318,98,85,87,86,107,112,56,115,73,75,103,102,116,109,111,83,118,113,119,79,108,110,81,77
4319,106,94,85,108,76,119,57,74,98,77,115,105,104,113,99,82,70,110,81,107,111,91,80,88
4320,112,119,88,111,14,110,118,70,75,113,104,99,78,42,73,105,109
4321,90,102,106,116,89,70,77,91,54,107,111,119,118,88,115,47,94,85,108
4322,51,105,94,74,115,79,75,91,99,23,111,77,106,119,90,70,112,52,83,82,78,113
4323,111,85,81,110,102,77,100,87,83,99,13,80,70,95,28,118
4324,5,114,108,99,102,118,76,70,111,94,75,104,38,20,57,115,91,12,86,107,79,35,113
4325,91,74,118,80,109,92,96,108,77,79,57,39,112,104,94,110,113,75,46,119,103
4326,90,113,119,96,70,110,82,117,108,75,85,109,105,87,78,33,57,64,9
4327,29,73,101,87,74,98,109,108,118,96,107,117,104,11,49,99,70,86,113,88,82,75,79,106,53,3,56
4328,80,78,90,96,88,57,70,73,77,91,101,113,107,83,76,24,52,58,111,108,103,92,109,117
4329,91,86,96,87,77,54,110,88,99,115,78,81,116,107,103,104,57,9,112,97,111,83,68,75,95
4330,85,96,108,29,99,113,73,117,103,101,70,112,109,102,115,76,95,118,11,49,88,86,12,116
4331,116,100,92,99,107,112,119,96,75,74,80,104,109,105,90,102,60,86,27,66,73,85,118,115,98,117
4332,119,42,101,79,70,76,98,112,108,29,80,115,96,82,94,102,90,105,88,81,83,99,78,91,113,5,106,117
4333,70,87,99,109,115,74,80,102,81,108,79,90,10,96,51,95,98,82,83,50,118,107,91
4334,116,111,86,96,94,105,98,119,78,75,74,54,80,106,101,90,108,73,79,76
4335,107,103,99,94,85,83,82,102,109,74,117,78,91,80,4,87,43,86,118,75,71
4336,74,83,81,94,92,106,79,73,95,103,118,77,107,119,115,112,70,86,102
4337,83,51,91,73,108,88,90,96,111,75,110,2,107,109,78,33,87,94,81,86,64
4338,76,113,88,116,70,115,100,106,85,108,4,74,117,103,57,80,109,102,73,86,104,77,112,91
4339,73,109,113,119,86,80,96,88,103,70,116,74,101,85,78,98,77,104,81,4,91,112
4340,54,78,116,117,113,82,111,77,76,109,99,79,4,67,108,90,80,95,91,101,75,119,70
4341,107,86,76,74,91,100,116,103,111,112,51,102,30,15,88,99,93,79,110,105,96,104,7,117,24,6,75
4342,106,75,109,87,90,70,119,118,73,104,78,80,76,82,112,102,65,40,91,77,57,51,94,62,96
4343,91,80,75,98,85,113,115,109,107,108,81,110,83,68,51,96,103,74,73,78,105,90
4344,107,118,104,78,119,94,96,88,109,73,101,103,115,77,51,57,75,63,50,112,80,38,76,106
4345,90,117,76,100,95,75,74,113,111,103,51,98,82,109,77,119,80,4,108,85,112,79,89,110,78,104,57,64,87
4346,103,112,92,111,113,110,106,78,70,102,57,100,71,59,94,77,116,91,76,49,54,6,93,90,10,28
4347,87,110,73,103,88,80,115,96,99,95,75,83,91,116,112,111,109,105,85,102
4348,109,83,88,70,119,108,116,106,57,100,74,105,91,117,112,101,19,90,81,30,85,64,77,63,75,113
4349,92,88,104,74,118,116,78,85,109,117,102,27,30,95,96,35,70,28,80,87,106,83,73
4350,109,86,94,99,90,81,113,91,96,78,82,111,85,103,117,80,115,75,4,87,3,83,97,76
4351,78,79,70,102,82,108,112,115,80,77,90,81,118,94,109,106,20,107,86,93,24,92,29
4352,76,115,98,101,100,105,96,83,79,73,57,102,107,116,93,106,92,52,111,94,78,48,28,103,80
4353,74,106,75,109,115,85,110,113,90,93,87,76,112,88,108,102,92,81,116,78,119
4354,92,70,110,88,111,112,96,91,77,78,29,103,85,116,49,81,76,115,102,30,101,119,90,93,79,99
4355,116,51,79,102,77,4,74,111,99,76,91,118,105,57,112,107,47,85,101,109,81,110,106,117,20,86,88
4356,107,94,29,115,105,106,119,118,54,111,109,103,98,69,108,73,93,87,66,67,4,113,92,90,110,79
4357,106,119,73,108,102,83,66,101,81,79,112,118,69,74,86,110,85,98,103,80
4358,111,98,101,91,86,81,57,116,115,109,76,106,40,119,110,51,85,96,77,52,112,79,82
4359,86,57,99,85,81,94,108,116,104,101,90,83,96,109,103,65,40,87,78
4360,108,82,94,81,107,74,117,116,115,76,103,111,99,69,65,91
4361,102,113,82,79,92,63,80,98,90,96,118,111,70,22,14,116,108,36,84,101,85,103
4362,116,76,100,29,70,90,78,77,83,109,95,81,119,65,88,51,115,57,85,54,87
4363,24,86,88,106,98,111,91,77,99,116,118,87,94,74,70,85,79,51,112
4364,78,110,109,77,94,106,87,76,80,82,72,83,118,104,50,91,29,88,111,70,115,86,47,92
4365,81,77,105,57,78,113,76,82,87,86,115,79,91,109,30,98,28,66,106
4366,104,88,90,99,109,76,94,74,81,82,51,98,70,67,110,79,78,47,106,117,87,105
4367,29,117,106,81,107,82,75,115,80,51,90,86,116,105,113,102,101,9,98,88,43,70
4368,108,90,101,98,118,112,87,116,83,104,113,99,110,91,95,54,73,52,69,106,96
4369,29,76,108,75,91,79,83,103,104,111,99,116,73,94,101,77,57,90,113,86,80,112,82,85,55,106
4370,79,73,88,107,80,91,90,77,83,112,95,108,113,70,101,44,110,82,114,85,106,20
4371,110,75,65,108,103,70,106,73,83,98,77,88,90,93,78,118,9,109,91,102,69,82
4372,78,106,73,85,86,74,76,119,94,96,77,83,88,118,115,99,111,57,117,54,81,107,90,9,29,12,75,110,101
4373,103,82,105,118,73,88,86,79,117,94,90,51,70,97,83,113,81,20,102,91,104,30,12,109,112,69,119,85,107
4374,111,87,71,106,110,94,107,112,90,119,86,85,80,74,114,99,82,102,70,78
4375,87,111,90,78,81,74,118,103,101,94,116,106,16,102,105,39,96,104,80,79,82,108,100
4376,83,99,79,76,100,91,29,82,70,119,57,109,74,88,75,54,85,20,93,87
4377,73,115,83,100,74,95,116,111,80,117,85,106,70,87,35,103,8,90
4378,57,73,85,94,116,105,118,78,83,115,80,96,93,88,33,102,39
4379,119,86,106,94,70,87,116,85,91,101,81,112,75,90,88,118,92,60,109,105,114,41
4380,75,77,106,87,73,88,99,82,85,98,117,93,118,100,101,110,39,81,111,103
4381,101,74,20,96,86,75,111,103,91,73,79,92,119,95,87,112,117,100,85,114,76,4
4382,73,94,96,105,91,78,110,108,85,115,98,57,109,119,90,81,74
4383,82,116,83,117,77,102,118,113,96,87,79,105,85,74,94,76,91,100,115,73,88,57,34,119,98
4384,70,109,101,56,111,108,115,78,98,86,29,110,96,85,81,119,87,107,53,103
4385,104,73,119,78,83,108,111,74,88,85,75,79,110,115,109,4,70,99,113,103,66,94,118,101,76,95
4386,106,110,119,90,87,79,102,73,86,57,70,75,105,88,96
4387,119,70,94,90,29,99,110,79,78,108,91,109,116,74,115,85
4388,108,81,111,90,96,113,78,109,119,30,87,74,91,99,77,52,73,29,117,65,70,118,95,105,94
4389,90,107,105,109,96,77,116,76,91,112,108,88,94,73,65,87,117,83,31,80,86,115,70,104
4390,100,83,107,74,118,85,70,106,113,112,82,29,108,105,80,104,87,119,115,91,101,95,34,73,92
4391,96,86,111,57,115,105,108,83,82,102,77,94,80,90,91,29,112,75,88,54,21,107
4392,76,116,101,86,70,80,117,77,79,111,78,29,30,113,74,44,91,49,90
4393,113,112,57,91,111,81,116,109,92,90,106,82,4,78,76,55,43,108,79,115,119
4394,91,70,112,108,51,110,29,76,107,106,85,105,86,75,103,94,111,54,119,100,116
4395,88,109,85,102,80,76,96,118,112,75,90,79,98,73,101,91,86,78,70,87,94,24,95,119,104
4396,110,106,78,108,86,88,70,85,95,98,116,79,81,29,50,75,76,83,101,119,102
4397,113,98,103,86,83,70,92,91,116,106,108,99,95,82,111,118,96,104,12,15,87,115
4398,79,87,106,80,119,70,116,88,115,111,110,91,117,74,78,86,81,107,101,118,63,61,75
4399,93,78,79,85,110,70,77,90,96,111,4,113,74,94,115,103,108,118,82,57,30,99,106,7,112,104,109,80,20,75
4400,113,86,92,93,91,80,74,94,96,87,73,82,107,115,85,100,88,78,103,98,108,81,104,97,65,60,111,70,106
4401,76,90,75,94,82,70,37,86,119,41,96,101,88,56,67,29,4,80,100,21,110,83,60,35
4402,98,96,87,108,76,99,90,109,110,50,73,91,86,70,82,29,101,107,80,38,116,100,117,85,88
4403,90,109,80,111,119,57,102,83,112,108,103,29,76,110,116,98,88,36,96,99,86,85,82
4404,90,91,88,117,102,111,73,109,85,39,86,70,51,113,118,98,112,42,115,94,116,21
4405,92,57,112,90,70,99,101,87,79,98,10,51,108,83,116,114,78,31,88,91
4406,65,108,88,82,110,96,80,94,112,86,77,101,100,113,2,99,111,53,106,105,64,75,103,56,74,47,78,107,119,81
4407,29,109,103,83,94,92,105,85,100,80,78,106,104,86,65,118,93,77,119,73,108,26,42,99,12,112
4408,115,70,119,75,85,29,78,96,80,105,82,108,98,118,49,114,99,30,90,83,112,43,57,106
4409,94,118,91,57,116,76,77,78,112,117,73,85,4,49,31,90,99,15,108,107
4410,106,113,80,110,101,81,108,99,77,86,70,79,69,102,66,104,112,13,29,22
4411,74,112,78,117,104,70,90,75,87,86,88,82,116,93,80,98,54,30,55,108,99,111,83,96,24,107
4412,105,82,118,112,101,106,119,73,87,76,78,116,53,74,57,80,79,72,18,96,110,86,100
4413,113,107,75,105,111,54,96,85,119,106,94,88,64,87,84,73,83,98,115,118,117
4414,80,77,101,111,115,88,83,75,98,91,85,46,81,54,118,28,100
4415,108,87,75,83,73,96,110,107,105,30,88,57,117,115,77,104,81,94,86,111,68,102,76
4416,115,118,70,98,86,4,107,77,106,79,102,81,90,74,109,84,29,119,62,85,116,111
4417,106,86,101,111,116,118,110,115,112,82,93,88,108,83,57,4,85,73,99,49,119,74,87
4418,105,76,73,111,100,102,108,79,109,118,115,85,106,112,116,95,84,97,52,18,33,98,101,70,78,92
4419,102,93,107,87,76,118,117,90,57,99,83,112,70,81,79,82,119,80,94,50,116,29,115,77,75,78
4420,91,82,111,80,102,109,112,98,70,29,107,99,51,88,78,54,73,83,30,119,105,113,94,79,93,101,118
4421,91,90,105,112,101,119,86,83,106,70,110,79,74,99,30,117,63,29,111,113,59,80
4422,51,96,76,99,70,91,100,24,75,94,98,4,74,119,23,117,116,61,82,77,102,30,108,58
4423,79,52,78,102,96,99,76,115,83,87,110,106,108,94,74,109,88,90,70
4424,113,110,101,102,112,115,109,117,91,76,105,90,73,111,50,108,79,66,83,88,106,77
4425,73,94,119,79,111,78,88,70,109,90,10,112,74,98,117
4426,112,83,102,76,100,73,110,117,107,80,116,88,105,119,98,75,81,78,55,87,95,91,101,29,109,113
4427,70,29,115,96,112,109,117,101,118,85,82,88,99,106,95,107,92,97,94,13,76,1,83,93,103,91
4428,88,103,99,81,70,57,91,96,51,85,83,113,76,73,101,52,108,43,98,116,30,19
4429,104,115,83,73,80,108,101,78,105,79,111,102,57,91,86,82,118,23,74,112,114,113,87,81
4430,104,76,91,87,117,108,115,98,109,99,80,100,71,107,51,96
4431,109,75,113,90,105,111,76,91,78,87,112,108,115,88,86,117,89,101,92
4432,91,117,107,74,30,70,110,86,75,103,76,102,112,92,109,115,95,38,80,113,114,50,111,96,85
4433,80,94,116,87,98,90,119,96,85,77,88,112,74,82,118,70,110,109,49,29,99
4434,96,83,80,108,119,99,87,91,79,115,117,106,90,76,98,70,50,111,118,113
4435,99,104,108,74,119,106,90,88,81,91,24,111,86,76,77,112,75,116,67,103,28,105,41,94,101,22,85
4436,102,103,85,92,70,113,76,110,29,111,73,82,54,116,97,107,101,96,100
4437,102,81,88,76,90,80,92,91,70,75,94,100,111,62,99,112,20,106,86,119,79,83,66,33
4438,74,87,110,111,75,115,107,117,119,96,78,109,93,31,113,92,4,53,112,91,101,95,90
4439,113,73,86,76,117,75,107,116,82,99,83,105,74,30,118,29,96,57,95,70,98,78,69
4440,93,62,80,67,117,101,94,118,107,87,91,111,82,78,81,98,70,72,104,75,106,116,110,74,24
4441,93,119,75,106,87,107,76,101,111,102,99,86,77,88,74,104,105,66
4442,96,42,99,57,106,85,75,104,80,98,109,87,54,94,27,76,105
4443,110,111,79,87,109,119,112,102,90,57,94,73,106,88,107,74,86,108,96,118,91,81
4444,99,101,112,81,88,85,80,119,75,107,110,82,117,70,47,118,29,73,77,91,24,116
4445,103,80,77,79,99,118,74,105,57,29,113,75,73,82,117,38,95,30,96,102,91,119,115
4446,92,103,118,78,90,115,119,77,87,69,116,79,31,74,70,26,80,96,95,86,106,105,83
4447,29,99,96,118,115,88,85,81,106,24,73,78,92,80,14,86,111,110,75,76,2,77,101,70,98
4448,57,74,105,91,79,101,104,118,83,51,81,80,116,86,36,111,87,77,106,96,75,56,73,109,117
4449,90,76,91,109,83,94,108,79,112,105,117,73,93,81,103,116,85,87,100,99,66,111,56,118,86
4450,109,98,101,111,106,105,118,85,91,83,115,119,86,87
4451,96,75,107,77,109,90,79,99,81,98,78,104,57,113,70,112,36,52,74,117,69,86
4452,119,108,103,115,101,104,105,91,85,73,97,112,3,110,52,87,22,99
4453,119,73,116,112,77,118,110,79,102,105,75,99,106,111,101,57,80,107,109,104
4454,113,88,78,96,79,57,70,118,86,73,83,117,107,103,29,116,98,97,109,108,91,4,52,99,77,38,110,119
4455,95,29,106,105,113,81,98,78,111,57,37,108,107,73,79,13,75,116,101,71,51,86
4456,77,109,119,96,104,85,74,30,29,73,75,89,101,70,112,83,118,90,51,100,111,91,78,86,116,65
4457,75,96,87,116,102,80,108,70,86,103,118,98,107,105,74,13,117,78,39,111,94
4458,79,110,57,54,87,98,96,76,115,111,78,119,90,117,85,109,116,75,104,94,102,105,61,63
4459,108,116,85,103,113,86,73,70,77,88,115,69,80,92,78,54,76,75,34,117,110,98,91
4460,90,113,119,81,54,104,99,112,74,77,29,78,87,109,51,79,4,101,117,20,92,88,75,103,85,107,102
4461,90,105,57,118,117,94,82,80,104,112,116,75,103,107,102,111,17,106,38,77,86,48,87,91,98
4462,87,90,108,80,94,86,81,105,77,73,76,79,116,99,106,85,33,92,112,101,83,110,96
4463,90,113,106,96,78,102,116,111,77,110,53,73,83,82,54,98,103,101,27,105,92,36,75,57,50
4464,30,109,115,81,101,108,94,86,79,57,111,113,96,80,42,118,100,73,98,119,83,85,75
4465,101,96,91,98,70,79,106,107,56,5,103,86,87,110,85,111,104,119,76,81,74,117,108
4466,57,80,119,111,117,110,75,104,74,96,106,108,94,99,86,88,109,92,87,73,32,118,52,95,98,3,56,102
4467,76,83,82,119,109,91,54,117,73,107,42,99,108,95,116,102,80,74,111,75,5,10,79
4468,116,30,110,94,108,115,111,107,99,79,106,73,109,91,81,105,100,76,26,54,41,80,87,84,86,51,96
4469,90,105,109,29,30,65,47,79,77,38,98,116,51,101,80,81,115,117,15,99,69,49,22,73,83,78
4470,30,83,102,70,74,86,81,117,78,64,88,98,94,3,43,51,115
4471,116,106,30,94,119,73,29,104,86,108,118,90,78,57,99,107,91,93
4472,77,111,70,119,88,110,79,105,80,117,107,10,37,91,103,57,73,74
4473,93,101,82,100,112,98,96,79,110,103,109,51,107,118,75,86,95,81,85,5,113
4474,101,62,74,85,57,73,109,70,105,87,58,115,83,14
4475,88,74,29,105,96,107,90,95,104,91,117,82,24,87,106,69,94,78,77,99,93,101,113
4476,96,86,112,76,74,85,108,82,111,94,115,117,113,57,81,78,24,106,84,98,119,67,88,4,87,118
4477,76,79,100,70,107,77,101,81,57,116,99,48,86,90,106,51,80,88,41,87,96,85
4478,85,118,119,70,98,91,75,92,106,95,74,100,113,80,108,99,94,29,79,81,101,87,77
4479,108,91,83,85,106,107,88,105,102,98,75,110,112,96,77,95,118,104,73,92,82,80,58,100,67,113,119,86
4480,98,118,85,70,81,83,86,105,82,73,115,111,109,35,99,78,106,93,112,76,116,97,90,60,110
4481,108,119,91,104,109,4,101,73,111,82,92,95,81,102,96,61,107,94,115,23,1,29,78,9,103,90
4482,74,80,100,94,113,82,106,73,88,116,115,75,87,79,105,46,30,78,51,109,101,77
4483,87,116,101,81,110,76,107,86,75,94,19,12,119,117,88,69,99,111
4484,87,86,78,111,119,115,79,99,108,88,90,96,29,73,85
4485,35,91,98,110,119,104,74,73,102,85,75,79,117,105,94,86,115,29,70,46,83,118
4486,92,74,116,73,76,103,101,106,57,113,115,77,29,108,90,96,111,14,119,50,70,51,105,78,97,118,86
4487,111,74,110,75,73,78,108,105,81,116,80,91,77,71,2,65,107,115
4488,101,81,80,85,111,106,82,112,77,116,99,95,72,70,105,108,107,4,103,56,73,64,90,74,65,69,91,51,47,53,118,84,83
4489,77,99,87,57,105,76,118,29,82,95,113,104,75,56,85,103,96,86,102,110,51,70,107,78,79
4490,85,81,76,73,74,82,105,87,103,109,118,91,116,83,117,94,78,95,42,86,110,67,113,119
4491,105,74,87,119,116,110,112,73,107,111,118,109,19,80,85,68,17,86,83,82,92,96,99,75
4492,81,88,110,106,117,111,90,105,119,91,112,86,54,76,101,46,115,80,108
4493,80,57,30,118,117,4,96,73,83,108,76,77,64,86,75,110,79,115,109,24
4494,79,74,42,76,119,96,106,50,80,78,75,20,82,110,69,59,105
4495,85,99,77,88,96,87,80,102,103,73,78,107,94,82,116,83,42,76,119,7,101,70,51,72,118,106
4496,101,94,99,85,110,79,113,24,41,75,74,63,111,90,73,66,105,96,102,117,81,77,29
4497,75,100,81,98,99,110,80,79,106,96,112,91,102,105,83,86,116,25,111,20,118,10
4498,113,87,119,85,101,94,76,99,77,82,111,88,80,4,75,109,83,59,78,98,104,116
4499,108,86,85,116,78,94,115,106,87,105,70,29,77,104,90,73,118,117,57,99,74,61,47,68,98,95,119
4500,101,113,119,74,80,94,110,107,86,77,99,106,102,10,78,116
4501,104,86,82,73,96,70,75,110,29,95,79,103,51,111,105,102,59,68,118,113,77,115
4502,95,86,75,76,74,78,104,118,80,63,96,99,79,83,90,33,105,117,92,81,77,110
4503,94,111,70,119,110,99,102,98,13,105,63,79,118,57,101,91,117,90,113,104,83,115
4504,106,87,101,80,118,96,81,94,105,70,112,30,108,77,29,18,55,75,79,119,57
4505,73,70,116,86,75,82,110,103,85,108,99,79,88,80,76,20,115,87,92,104,97,105,111,90
4506,90,109,86,85,82,83,116,119,73,29,79,115,87,57,110,21,105,50,111,91,98,100,94
4507,74,93,75,105,117,83,87,76,91,78,77,70,118,104,103,106,109,57,98,73,97,116,88,18
4508,29,54,49,70,109,118,106,111,119,73,88,115,110,117,102,108,80,79,113,75,6,87,26,90
4509,79,104,99,88,112,82,91,115,87,85,98,90,77,117,105,118,74,73,111,103,86,102,93,45,113,13,78,106,70,51,67,96
4510,73,86,96,90,106,109,99,108,111,77,83
4511,57,67,81,108,94,99,90,83,75,115,118,70,82,91,117,103,29,100,109,102,93,107,52,106
4512,94,30,117,90,110,99,88,105,102,57,111,86,76,81,32,96,85,83,87,113,4,112,98,78
4513,103,30,109,79,75,94,108,70,86,98,29,50,95,87,88,63,99,101,80,11,82,106,113
4514,74,78,106,111,109,73,70,83,80,77,94,85,90,99,116,119,96,76,7,15
4515,92,29,90,109,118,112,57,114,86,104,108,107,85,81,9,27,80,73
4516,29,99,76,91,119,77,109,54,74,115,96,81,95,106,102,87,70,117,118
4517,81,111,115,29,94,75,76,98,80,96,78,90,108,73,117,103,104,116,50,85,91,86,34,70,33,109
4518,118,78,116,57,117,111,113,74,92,85,43,102,79,104,70,98,106,114,110,112,91
4519,80,33,107,57,76,29,118,98,88,94,91,79,81,70,38,35,90,92,77,26,102,10,46,106,99,109,82
4520,119,87,85,108,75,80,83,86,92,105,79,42,90,50,1,95,110,73,117,30
4521,96,92,106,91,78,81,94,77,99,29,118,50,85,111,108,107,14,87
4522,109,107,115,118,117,87,83,119,57,75,102,86,70,76,85,92,15,112,4,29,103,72,105,93,82,99,66,80
4523,92,57,78,112,98,117,76,96,70,95,64,101,39,103,115,81,94,111,104,109,54,116,80
4524,57,113,78,111,86,91,92,83,103,24,117,94,118,54,30,56,76,98,19,29,87,69,89,32
4525,76,86,75,92,82,90,119,93,105,73,110,74,91,87,94,96,95,4,117,7,107,17,47,79,101,54,30
4526,42,16,107,30,104,73,24,80,116,118,111,94,108,57,86,47,70,91,31,117,101,87,102,67
4527,75,101,86,80,57,111,77,115,119,117,96,108,99,73,105,63,112,109,106,39,90
4528,113,77,110,70,119,94,73,117,78,76,104,108,107,74,112,79
4529,75,90,83,107,103,102,70,88,104,117,73,69,106,50,87,105,93,51,115,80,99
4530,99,74,116,102,110,107,78,79,105,54,85,81,104,89,115,70,42,87,113,86,26,95,101,73,96,109
4531,88,114,87,96,81,101,99,109,73,112,118,103,111,75,104,44,71,70,54,91,12
4532,110,78,86,81,111,73,85,94,108,98,118,106,57,119,104,109,83,102,80,75,90,76,79
4533,100,99,79,90,77,113,80,110,83,76,96,98,78,117,70,47,105,118,24,72,112,29,93
4534,73,102,98,87,88,119,76,91,81,101,29,106,74,113,37,110,36,112,117,109
4535,74,94,106,93,80,73,88,90,82,112,91,117,70,107,108,29,113,104,92,83,96,109,79,110,64,35,85,118,103
4536,94,78,118,83,96,113,82,99,88,108,102,14,51,74,16,109,21,87,100,11,86,92
4537,101,91,73,118,70,87,119,112,57,106,85,88,113,116,117,75,86,14,98,35,105,76,66,107,80
4538,114,100,118,102,117,77,101,113,105,87,75,94,91,82,90,99,57,96,73,76,2,23,5,74,70,119
4539,85,83,70,96,82,73,112,106,88,105,116,100,108,115,92,94,91,102,35,101,61,60,29,90,56,79
4540,76,96,112,87,88,108,113,98,83,85,101,107,15,37,66,97,41,82,46,119,86,110
4541,118,96,111,79,83,110,87,99,54,106,105,115,112,103,77,74,73,116,70,34,117
4542,74,108,115,79,113,102,106,110,117,80,91,94,93,59,85,61,103,15,116,109,54,38,52,87
4543,75,74,70,91,106,101,119,117,78,30,22,103,77,104,73,95,83,94,99,116,28,88,97
4544,119,96,80,112,81,74,110,94,109,93,42,95,78,99,111,98,86,76,115,60,79,90
4545,81,82,115,118,70,98,90,77,110,106,105,108,74,109,29,54,83,3,101,116,87,78,79,119
4546,110,113,75,70,90,101,119,73,96,116,109,105,74,98,102,95,83,79,22,117,47,77
4547,117,111,109,115,70,75,93,79,118,96,87,77,29,54,90,108,82,110,100,105,107,113,30,81,83,74,102
4548,75,103,108,29,85,83,87,115,73,86,91,106,101,118,116,21,12,14,98,30
4549,110,101,88,113,76,102,86,103,74,106,80,78,108,105,93,57,91,70,75,96,31,115,117,77,82,107,36,95,17,112,4,118,24,65
4550,81,87,113,88,92,83,100,29,96,106,99,115,119,82,77,54,79,68,13,98,116,51,75,12,57,70,117,38
4551,107,44,106,88,75,74,111,108,78,105,70,29,86,81,117,76,119,40
4552,116,105,29,113,82,92,87,78,76,115,96,57,99,74,88,80,103,85,67,109,100,86,65,93,54,107,51,104,94
4553,76,108,88,57,95,70,90,119,109,106,117,105,77,78,79,86,118,96,113,107,98,83,31,104,92,80
4554,83,82,73,86,118,119,78,103,94,80,81,96,74,70,33,22,115,29,97,87,64
4555,102,101,85,115,113,96,74,98,108,70,78,111,104,107,56
4556,117,108,93,119,96,88,78,102,57,103,91,107,109,98,118,85,115,75,76,110,113,87,74,50,106,97,70,73,99,77,31
4557,81,108,119,102,86,80,115,117,88,77,78,56,87,14,23,27,94,97,76,10,58,101,104,55,83,74,73
4558,85,56,113,119,117,96,115,74,90,104,91,112,80,54,100,83,111,67,72,101,34,99
4559,99,103,116,77,110,90,94,102,70,86,83,117,30,85,96,78,112,107,111,67
4560,86,112,119,73,105,107,70,82,110,78,96,106,101,90,29,111,92,85,91,30,54,83,79,5,81,10
4561,86,75,103,105,73,112,81,98,113,110,77,76,6,119,74,36,111,90,79,104,35,67,83,96
4562,92,75,96,90,83,87,118,113,116,103,78,98,46,73,80,79,106,111,14,101
4563,102,83,116,105,106,70,29,78,109,80,73,110,12,89,112,88,115,100,75,107,104,41,90,108,95,38
4564,81,74,116,107,79,117,87,70,115,118,29,95,111,94,109,105,76,56,92,86,96,112,73,99
4565,115,98,77,108,90,73,78,101,94,79,103,44,91,110,83,88,111,15,85,118,96,106,80
4566,76,81,98,92,109,74,88,77,90,79,117,101,73,104,85,51,2,93,78,91,106,80,119,105
4567,76,74,103,106,119,102,87,80,94,98,78,101,81,85,112,100,116,107,111,86,104,49,52,79,91
4568,80,111,75,115,76,100,119,74,113,82,77,112,95,108,85,96,81,109,51,73,101,28,91,86,110,106,79,94
4569,77,110,74,96,116,104,109,81,112,105,70,95,29,118,94,54,107,85,113,76,80,92,103,119,51,59,99,9,102,78
4570,102,76,78,92,96,100,107,88,119,77,70,29,73,82,24,46,99,91,75,10,112,80,106,104,93,110,116
4571,91,110,99,106,107,76,101,81,73,96,24,90,98,12,102,105,74,75,109,94
4572,110,111,73,99,83,78,105,115,117,101,90,94,88,93,119,86,80,118,113,4,91,104,87,5,102
4573,100,105,81,106,108,78,99,103,116,115,112,87,110,111,107,98,79,101,113,22,37,18,83,48,102
4574,101,78,109,74,117,73,88,87,95,94,57,35,71,118,81,5,113,111,110,20,80,116
4575,112,80,111,86,99,115,95,79,96,118,104,94,73,92,101,109,78,106,74,76,25,81,75,70,87
4576,78,119,101,77,99,106,107,79,70,115,112,108,87,76,84,82,80,83,86,73,93,92,102,116,88
4577,91,93,111,110,80,98,78,94,103,106,112,70,101,82,30,102,73,81,107,67,118,117,92
4578,99,75,101,88,90,74,54,110,107,96,98,86,94,112,81,24,115,91,111,103,104,118
4579,88,83,70,73,118,78,74,116,109,76,81,69,104,44,82,106
4580,80,111,119,78,76,79,116,73,81,96,91,88,108,85,99,107
4581,74,77,86,116,109,117,90,76,103,82,104,111,94,105,92,98,102,88,93,70,83,54,110,73,13,79,67
4582,106,103,112,88,105,108,90,80,82,118,78,83,96,91,85,104,77,24,117,62,35,76,30,79,67,92,70,81,109
4583,85,100,94,73,78,99,81,111,102,115,57,119,86,21,118,38,96,82,113,79,90,54
4584,57,109,96,119,107,88,75,81,117,115,108,74,101,110,94,86,52,112,70
4585,91,87,108,106,118,113,49,104,74,85,99,50,75,78,88,73,101,83
4586,86,91,113,81,98,74,83,106,82,80,118,108,79,103,73,101,78,102,90,76,42,88,119,111
4587,80,85,73,92,100,109,77,94,91,112,101,96,113,118,119,35,111,102,99,87,88,38,70,110
4588,102,100,116,94,110,91,79,96,70,57,113,115,117,97,101,39,30,90,63,88,65,107,119,14,73,13,29
4589,90,86,101,95,107,115,110,81,109,88,92,74,66,85,113,2,4,54
4590,79,81,99,75,88,54,90,111,118,113,76,82,110,83,86,102,116,100,107,105,117
4591,99,112,81,94,29,79,100,78,82,116,118,33,37,115,74,114,106,87,53,5,101
4592,70,78,57,80,79,29,85,54,75,113,111,35,93,118,51,105,98,87,34,74,73,94,109
4593,95,82,57,91,100,70,73,81,80,90,98,119,79,107,75,48,116,89,99,112,64,83,29,84,105,78
4594,107,29,92,75,113,108,77,104,94,80,102,106,79,7,93,112,57,89,111,100,52,83,84,1,90,96,109,87
4595,95,57,90,75,73,101,88,108,29,77,96,107,76,102,70,112,98,115,80,54,58,105,99,78
4596,105,79,78,119,76,81,94,109,104,110,51,17,108,97,106,116,83,22,65
4597,91,115,105,96,29,95,85,43,76,111,92,94,74,4,56,9,20,119,117,106,57
4598,101,118,93,105,75,111,87,102,80,82,92,108,74,96,85,117,115,114,8,100,81,113
4599,102,80,116,105,79,101,90,74,91,106,99,96,75,66,11,119,94,107,118
4600,88,101,90,106,79,110,94,96,103,108,85,102,112,118,66,86,57,116,107,44
4601,118,99,96,51,57,70,76,75,119,117,73,106,101,105,80,83,90,94,79,86
4602,96,118,97,90,78,80,112,94,92,110,107,109,93,79,88,115,74,91,111,81,70,5,73,95
4603,94,83,105,79,96,86,108,112,107,87,85,91,45,116,43,75,98,70,110,80,3,51,78
4604,80,79,118,94,108,111,73,113,87,68,96,86,103,101,106,77,115,64,88
4605,104,88,91,103,57,90,112,118,116,101,108,107,115,95,81,75,117,51,78,5,80,39,92,86,12
4606,108,115,83,74,70,88,113,111,100,102,82,117,86,118,80,87,99,19,90,27,75,78,94,71,104,119,40,77,96,112,92
4607,100,73,99,74,118,76,103,87,116,85,69,119,90,83,61,65,98,55
4608,92,113,119,107,108,115,102,76,73,74,79,96,17,31,82,65,9,111,64,98,91,81,57
4609,83,103,104,113,87,102,75,92,108,66,115,116,98,119,112,95,76,90,88,82,96
4610,73,86,119,70,116,79,117,83,87,98,88,106,76,77,109,39,92,112
4611,76,104,80,99,116,95,82,105,91,101,112,63,111,87,118,119,100,77,110,70,90,73,117,29,102,108
4612,81,111,86,113,76,73,74,96,110,106,88,77,79,118,24,78,42,100,101,21,119,82,104,108
4613,70,110,115,86,85,100,104,94,99,96,108,88,112,116,79,98,87,91,60,111,106,76,82,73
4614,111,103,74,87,98,106,73,81,82,101,102,110,95,109,107,80,75,113,117,119,112,15,118
4615,107,108,112,103,101,76,87,99,58,117,64,2,118,88,81,90,13,73
4616,79,83,98,108,96,113,110,94,101,75,90,66,80,116,112,22
4617,80,110,105,109,93,79,86,94,95,88,117,98,77,116,76,11,85,99,106,55,107,41,16,10,103,87
4618,117,119,81,116,96,74,105,87,107,76,94,77,112,99,103,54,98,115,85,4,64,113,100
4619,76,50,108,98,116,111,109,69,91,119,83,90,81,96,87,99,105,34,113,77,106
4620,88,110,83,98,109,87,74,113,99,108,75,112,104,118,96,100,86,80,94,91,101,82,105,115,102,57,73
4621,112,78,107,74,73,75,102,83,85,92,79,98,105,77,108,87,50,80,82,95,62,5,57,115
4622,73,115,111,92,103,106,70,113,107,109,94,82,79,99,74,96,86,78,37,87,81,88,28,80,100
4623,116,100,115,88,101,77,78,117,87,80,102,119,79,60,54,56,76,66,73,85,36,109,110,107,75,1,108,94
4624,99,115,110,112,73,105,91,87,83,74,109,49,79,88,92,78,61,111,101,119,117,103
4625,80,86,112,113,96,82,110,77,75,105,92,47,40,90,57,85,76,100,118,91,106,79,93,36,35,7,2,94,83
4626,73,70,98,107,115,88,77,80,104,112,78,87,81,23,99,30,83,102,105,118,76,108,53,117,82
4627,80,77,92,100,103,90,81,4,83,98,110,105,86,88,82,51,101,99,112
4628,99,81,91,116,106,51,96,74,111,90,70,75,109,72,80,118,102
4629,77,70,85,81,105,87,110,90,78,75,118,92,101,113,115,104,76,82,79,39,74,96,106,102,63,119,29
4630,113,86,96,70,78,101,110,87,115,106,117,98,108,81,29,67,112,73,95,99,107,80
4631,106,70,88,79,77,103,78,29,115,101,42,40
4632,80,77,94,98,96,108,99,115,117,105,81,73,107,95,102,70,40,20,29,47,67,87,76,109,103
4633,81,73,87,74,99,85,109,108,98,96,112,101,118,106,94,90,102,91,115,21,111,86,75,20,57
4634,115,82,86,119,108,94,79,112,99,100,102,117,116,118,106,91,78,96,83,88
4635,102,92,104,77,74,105,81,116,103,98,90,30,85,82,110,80,33,78,93,89,96,118
4636,91,111,77,74,119,81,103,106,86,87,102,98,80,90,113,51,109,101,70,76,16,94
4637,112,113,79,107,76,96,51,82,115,57,94,30,74,73,93,119,97,109,77,108
4638,81,6,98,94,73,78,107,79,86,118,75,36,80,110,116,70,113,55,31,54,88,105,74,117,108
4639,110,94,81,102,86,111,73,74,103,96,100,76,79,87,91,109,90,113,118,54,99,85,69,21,93,83,51,75,119
4640,87,113,106,112,99,80,91,109,103,77,75,93,102,101,76,97,48,73,85,60,22,107,78,4,50,116,105,118,57
4641,80,75,70,29,115,111,112,113,76,78,94,91,81,116,82,36,85,108,119,109,31,117,106
4642,83,118,78,109,70,94,101,107,105,103,112,85,104,77,82,111,76,108,80,73,29
4643,87,75,103,118,83,109,99,70,88,98,79,110,29,107,111,108,105,51,67,96,116,104,61,27,86,80,94
4644,88,95,82,103,109,57,99,117,116,108,106,119,90,54,51,113,102,73,76,23,86,70,50,79,110,94
4645,85,30,117,92,78,90,108,86,75,73,116,57,118,97,104,99,109,94,4,107,82
4646,70,57,101,96,4,109,85,80,113,81,110,92,116,90,82,118,112,99,5,52,79,31,111
4647,111,90,116,87,83,74,117,110,81,119,75,79,80,82,101,91,94,20,78,109
4648,91,87,75,79,78,113,76,117,115,24,118,106,57,48,51,94,107,77,95,39,92,85,101,103
4649,105,115,99,75,113,98,101,85,95,106,46,116,86,54,110,68,19,104
4650,85,87,102,105,112,83,90,86,98,75,79,95,99,57,80,115,25,116,81,34,103,101,76,91
4651,109,70,79,86,88,74,90,85,91,117,99,108,80,94,113,54,87,112,6,98,75,96
4652,86,57,101,75,91,113,115,88,80,119,94,77,70,107,85,90,61,102,76,118,29,106
4653,105,87,91,116,70,106,88,76,86,94,74,119,110,99,48,101,111,82,85,39
4654,115,87,57,78,105,77,110,99,73,92,117,85,102,91,111,21,49,94,98,24,84,86,113,18,104
4655,70,118,57,85,76,110,111,99,74,29,104,82,94,87,113,105,112,68,79,86,115,88,54
4656,78,105,106,73,91,79,82,83,111,88,77,62,74,109,113,115,75,116,81,56,92,110
4657,94,111,112,99,98,102,110,87,81,107,76,118,83,109,42,119,80,91
4658,51,111,86,79,116,105,78,83,70,81,90,30,113,4,118,103,94,36,108,72,106,23,87
4659,99,92,112,93,90,83,103,117,119,106,82,81,102,105,85,70,101,104,113,98,107
4660,80,107,83,29,98,81,112,76,99,79,75,90,86,77,82,68,63,66,31,56,54,108
4661,76,80,116,112,99,91,108,85,70,73,65,51,78,110,87,44,79,106,63,111
4662,96,105,73,90,118,92,86,102,82,78,115,56,111,107,91,97,106,83,54,55
4663,108,78,73,83,100,87,94,102,116,88,82,106,118,75,105,16,95,96,79,85,111,101
4664,92,76,86,88,106,93,96,97,57,109,102,85,111,74,107,112,3,110,83,90,98
4665,116,110,83,88,90,77,111,82,94,91,107,78,79,53,109,105,67,86,96,103,118
4666,102,98,81,96,86,70,85,118,94,113,6,49,92,91,59,48,38,108,73,76,80,114,115,79
4667,105,96,78,99,118,57,91,100,90,106,76,116,111,98,103,110,45,27,29,20,88,113,101,39,70,109
4668,109,80,82,101,76,87,103,104,66,116,50,106,91,24,94,99,92,83,78,102,75,40,108,110,47,88,118
4669,77,110,57,73,70,117,99,115,104,90,58,119,78,105,42,112,98,79,108,101,83,76
4670,98,106,105,79,94,102,88,90,111,75,58,74,62,7,110,116,70,93,73
4671,78,112,115,91,70,116,85,73,119,56,89,103,79,102,83,90,111,110,6,75
4672,91,111,107,81,98,80,83,96,50,79,92,97,88,106,116,109,118,99,117,115
4673,87,99,101,118,116,113,85,108,83,92,104,91,97,88,73,57,56,110,81,75
4674,73,76,116,83,113,106,90,86,99,101,18,88,80,109,79,10,77,105,87
4675,108,119,81,96,113,73,109,102,103,83,101,115,106,87,94,98,43,111,77,117
4676,98,117,73,108,85,82,77,94,116,75,109,90,112,80,104,29,28,38,44,113,101,53,110
4677,99,112,91,76,77,107,113,96,78,70,83,104,90,79,100,106,81,80,97,21,85,118,1,82,119,23,73
4678,98,82,116,90,85,80,102,118,88,112,110,106,104,101,113,21,119,30,109,24,103,86,100,77
4679,77,75,76,109,81,106,4,102,78,73,88,108,94,53,79,105,36,98
4680,113,100,86,70,103,93,80,76,98,116,110,91,108,82,90,117,74,109,77,88,57,119,78,87
4681,113,118,76,73,101,86,75,108,90,109,115,98,87,82,29,110,57,64,99,47,30,116,100,105,50,81,107
4682,86,105,88,73,90,99,112,81,111,76,103,80,107,78,113,116,96,95,79,98,74,21,64,77,91
4683,101,107,99,102,94,86,74,70,116,98,112,118,73,82,31,91,109,117,76,119,55,88,96
4684,81,91,112,115,79,86,96,88,46,75,77,101,73,94,117,107,111,8,113,4,76
4685,57,106,101,98,80,108,70,109,78,116,112,99,86,107,29,11,9,87,1,21,5,104
4686,102,99,81,118,104,80,96,77,79,107,113,94,75,101,83,93,74,65,112,78,106,28
4687,101,91,109,81,29,107,108,103,95,96,85,112,110,99,87,74,106,119,113,105,94,80,76
4688,118,96,104,113,119,70,76,103,80,111,93,73,107,82,90,54,12,115,99,49,102,25,77,83,101
4689,70,108,109,91,74,99,80,112,116,77,98,104,100,92,101,79,85,87
4690,101,96,70,112,54,76,81,79,87,90,94,118,75,97,109,25,68,10,116,4,26,113,110,119
4691,112,116,79,75,117,80,108,87,82,98,30,4,101,90,107,96,76,37,113,71,69,88,91,29,118,86,35
4692,77,80,108,103,100,111,105,86,88,118,70,98,23,81,75,76,112,59,60,94,101,51,78,102,83,90
4693,75,103,81,99,111,80,76,70,118,66,77,74,30,117,101,65,108,113,119,85,93,110
4694,116,107,101,96,98,94,83,117,85,118,73,70,86,75,105,95,80,81,40,88,46,115
4695,107,88,86,81,113,109,78,115,99,91,79,85,76,98,90,72,11,43,65,108,111,110,116,77,101
4696,108,74,91,116,85,119,90,103,73,75,65,78,114,32,86,83,99,107,105,80,5,81
4697,109,101,80,74,90,94,99,73,100,96,77,112,78,116,24,106,117,70,64,110,75,83
4698,85,90,75,81,111,109,108,115,70,101,110,119,11,96,102,79,48,98,95,117,105,106,103
4699,117,102,90,115,108,88,86,98,80,87,75,82,99,71,105,54,76,83,85,100,96
4700,57,90,105,74,73,81,110,104,87,95,86,100,113,117,80,88,99,75,96,107,53,91,119,103,76,109,92,94,83
4701,90,51,74,88,105,83,109,94,73,104,77,75,113,80,69,118,102,111,112,114,40,106,119,117,85,50
4702,76,118,108,101,88,116,119,102,91,112,70,115,93,104,82,52,13,30,77,107,87,109,96,78
4703,101,107,98,115,105,108,90,88,118,47,70,54,48,57,99,96,87,21,6,32,75
4704,90,74,88,117,94,73,115,79,107,75,102,113,111,104,101,105,85,78,96,87
4705,99,29,78,94,108,117,91,81,112,107,101,109,77,70,105,92,87,76,79,96,88,44,7,111,86,30
4706,57,96,90,80,118,101,86,109,81,104,74,87,73,105,75,98,95,111,77,103,92,32,115,112,88,50,83,91,30
4707,92,98,81,106,99,96,80,119,102,105,101,116,115,79,70,76,94,83,86,113,110,88,30,117,109,85
4708,76,108,94,88,111,83,74,87,103,117,91,115,77,70,99,113,81,104,106,75,90
4709,92,94,107,91,81,73,85,76,88,105,74,115,87,86,113,102,116,95,38,111,112,117,110,82,57
4710,83,116,107,105,94,57,113,93,88,111,104,32,117,110,30,85,64,87,81,106,78,36,82,108
4711,91,75,119,76,74,78,116,115,101,112,86,37,99,108,70,81,106,62,107,90
4712,96,82,94,105,77,79,87,101,70,75,30,50,76,108,99,85,114,110,116,100,117,106,112,113,81,98,92,83
4713,28,103,101,83,110,57,99,81,117,96,98,82,86,105,113,94,11,102,107,79,14,87,77,30,64,111
4714,96,112,29,77,57,109,85,119,110,74,86,88,95,65,80,38,36,75,78,76,66,83,102,111,94,98
4715,51,88,75,99,98,70,96,112,119,54,78,86,110,59,57,79,81,91,87,111,106,80
4716,108,79,103,85,76,105,107,106,83,88,82,110,101,115,104,112,75,94,81,26,87
4717,108,110,93,94,75,92,107,57,117,78,74,100,81,39,80,27,30,99,24,79,116,87,76,82,115,102,68,98,109,88
4718,112,86,118,115,109,111,81,88,98,25,55,94,76,96,113,107,54,99,3,108,24,103,73
4719,104,113,115,70,76,73,93,92,99,85,82,106,100,79,83,119,118,107,91,110,77,94,81,105,29,101,90,52
4720,74,73,90,98,83,115,111,85,87,78,102,103,104,88,117,101,16,76,79
4721,90,75,88,86,76,103,119,98,117,114,105,101,116,77,70,112,106,38,91,78
4722,113,108,93,76,102,100,79,86,77,111,83,119,87,55,69,82,67,78,85,49,73,96,116,105
4723,115,86,77,106,73,74,75,98,105,119,79,112,51,87,81,83,110,70,76,102,16
4724,51,78,57,86,110,82,87,75,29,112,79,101,88,109,76,115,107,100,117,38,113
4725,77,111,78,83,91,116,86,110,101,115,75,85,94,119,34,73,96,82,102,98,19
4726,94,106,101,86,118,96,107,57,116,105,103,119,36,79,87,83,2,81,111,108,90,115,84,70,92
4727,29,116,70,80,113,57,90,54,88,6,101,92,79,97,83,76,63,62,26,103,12,102,77,25,118
4728,79,94,86,57,96,103,73,78,112,116,75,119,98,108,85,91,81,3,99,111,74,90
4729,70,101,87,106,102,74,112,80,76,77,113,110,82,57,99,111,115,39,116
4730,118,85,94,83,115,73,92,78,113,104,102,119,74,82,50,99,76,109,111,107,87,105
4731,70,86,112,111,80,81,85,116,104,92,82,107,87,69,96,75,91,110,88,4,115,74,83,103,102,109,108
4732,29,28,90,115,93,88,110,83,73,112,70,103,87,81,105,82,99,86,77,85,113,23,63,22,98,96,114
4733,111,108,98,112,81,75,118,105,41,119,104,82,10,99,88,72,95,86,96,101,94,107,60,74,91
4734,82,111,81,57,113,73,87,99,116,119,104,83,23,80,70,2,89,102,96,93,74,98,78,100
4735,87,110,75,85,115,99,91,78,74,109,117,112,111,104,81,57,60,82,70,73,76,90,79
4736,29,101,118,73,113,103,70,75,30,81,92,111,108,94,83,78,69,82,66,76,88,2,35,109,86,15,90,112
4737,93,79,74,73,83,101,87,91,76,81,105,95,109,102,94,90,92,7,106,88,119,86
4738,77,73,88,117,76,113,98,101,87,109,99,111,70,4,96,106,83,112,82
4739,94,57,116,83,77,75,92,101,98,91,115,119,106,112,105,72,108,96,88,113,107,85,74
4740,101,106,96,94,79,112,75,113,115,100,73,111,83,98,116,110,118,54,87,108,77,34,102
4741,86,33,91,75,99,105,108,119,102,85,54,116,100,81,92,109,15,101,103,111,112,113,77
4742,77,87,88,81,78,70,115,83,76,104,90,85,60,98,4,12,75,117
4743,116,96,75,83,57,82,86,87,74,102,73,78,109,111,118,79,100,101,92
4744,103,70,111,90,98,77,104,74,99,117,4,93,116,119,115,108,85,52,87,86,101,29,51,81,106
4745,108,77,90,111,98,86,57,119,94,79,109,115,118,88,107,82,93,92,61,21,106,23,83,87,104
4746,94,112,90,79,99,113,106,82,108,74,115,87,69,96,77,71,102,32,81,110
4747,30,110,90,57,117,101,76,104,113,82,96,77,83,119,70,80,100,69,73,99,74,88,118,64,115
4748,73,30,109,79,86,94,76,113,99,107,91,105,83,95,119,88,98,56,74,108,97,118,47,70
4749,90,118,92,99,103,29,113,77,116,115,104,85,106,67,102,93,57,86,80,55,98,14,63,81,119,66,89
4750,76,98,87,89,70,107,118,75,82,29,94,73,88,95,110,62,103,7,14,80
4751,116,77,82,79,119,115,90,100,91,101,99,80,107,108,95,102,105,78,89,86,93,74,106,81
4752,100,63,112,99,69,116,109,101,91,90,77,87,92,98,81,9,88,119,96,7
4753,81,29,113,70,119,107,110,109,73,74,79,117,101,91,83,106,54,112,82,90
4754,116,92,110,108,119,105,85,109,80,76,118,102,90,101,91,107,78,70,99,81,31,112,103,83,57,82
4755,115,113,90,118,78,87,106,110,98,73,99,108,70,109,10,51,76,91,102,37,36
4756,116,108,107,94,81,118,79,96,110,99,119,9,91,90,87,75,31,69,66,80,104,74,73,105
4757,57,113,92,95,107,98,83,84,70,81,82,49,76,51,88,103,85,104,24,74,90,94,77,15,86,75
4758,91,119,86,117,74,102,70,75,94,79,81,90,56,118,37,112,77,109,54,107,115
4759,85,96,81,88,78,75,86,116,50,80,90,113,118,74,73,92,70
4760,119,86,110,116,88,102,101,96,70,82,31,29,107,117,78,92,76,115,63,99
4761,103,79,82,102,110,106,81,107,78,54,101,108,100,90,117,96,91,109,75,65,86,57,85,105,95
4762,70,78,24,29,111,99,119,116,80,56,74,104,79,98,113,90,76,106,92,95,101,88,36
4763,111,91,29,118,79,77,110,85,100,75,11,94,113,78,108,82,96,106,98,102,74,10,83
4764,70,88,91,98,83,115,101,73,94,74,81,107,86,100,116,84,102,112,110,80,87,111,71,5,106,85,90,15,4,57
4765,83,119,79,81,91,85,92,109,111,78,90,16,115,9,84,107,17,56,70,75,110
4766,116,109,80,85,96,119,107,81,106,86,105,27,70,7,99,87
4767,75,109,101,94,79,99,119,96,107,118,73,57,117,76,38,56
4768,94,91,80,112,99,77,79,98,105,113,119,109,88,70,90,78,82,29
4769,101,113,81,100,117,75,111,79,112,78,77,91,110,76,26,119,102
4770,113,56,29,74,95,86,54,78,75,44,103,110,111,77,106,52,83,115,82,87,105,104,85
4771,108,106,74,85,98,100,118,115,99,73,101,119,88,109,22,80,95,83,81,78,90,93,77,86,96,111
4772,117,93,85,96,78,115,87,86,105,79,63,64,74,106
4773,116,90,98,51,74,103,111,83,112,119,87,108,107,96,110,73,41,86,85,92,84,109,70
4774,106,116,107,119,77,115,117,103,110,70,78,81,96,88,79,75,57,90,86,104,100,108,99,29,51,101
4775,94,116,102,105,70,90,113,101,83,109,104,110,57,78,98,29,54,118,81,100,111
4776,117,86,83,4,112,29,57,87,99,88,96,30,90,70,109,118,78,103,67,115,107
4777,93,115,30,98,110,99,85,117,88,74,73,79,17,91,87,111,119,113,103,77,84,96
4778,106,76,78,88,77,96,75,94,100,116,30,108,29,73,57,79,63,112,82,98,90,115,74,104
4779,107,96,70,87,115,86,95,119,75,103,85,104,92,111,77,110,102
4780,76,87,107,85,108,112,91,73,109,90,116,102,106,86,79,118,47,89,1,4,43,78,99,68,98
4781,98,106,93,77,107,95,57,75,117,102,90,104,52,29,56,83,47,118,105,101,81,103,65,35,15,82,36,99,109,78,72,91
4782,119,80,94,108,99,78,109,91,90,102,116,74,105,70,79,101,48,117,25,73,75,18,110,57,24,86,85
4783,91,74,92,80,113,87,98,99,57,117,19,73,65,84,101,110,81,105,90,76,97,106
4784,111,98,70,108,119,74,76,101,51,29,81,73,28,94,83,90,15,40,112,77,88,69,118
4785,101,105,77,83,115,111,82,57,119,112,79,74,110,28,94,65,118,103,80,87,106
4786,70,75,113,112,86,118,87,94,90,31,111,116,97,108,29
4787,100,79,102,31,116,109,106,101,87,96,98,77,67,34,12,37,90,63,110,118
4788,73,118,96,111,109,105,94,86,76,115,77,99,43,107,57,92
4789,82,111,115,99,119,79,85,74,90,106,81,70,92,66,73,30,63,39,67,109,57,83,65
4790,87,109,106,118,73,110,78,112,75,79,5,70,77,113,74,93,103,115,92,100,96
4791,80,105,101,88,110,111,30,19,73,106,2,86,108
4792,102,112,103,113,118,108,83,106,4,115,101,86,80,90,14,109,105,110,85,99,31,81
4793,93,106,74,118,119,82,80,77,112,70,57,107,90,113,62,58,94,51,79,110,87,85,66,99,65,115,19,46,103
4794,74,98,79,78,70,77,92,99,108,75,90,103,110,116,102,88,97,94,118,109,49,86,101
4795,94,78,90,74,75,70,80,112,99,102,93,57,108,101,110,77,81,105,118,54,33,87
4796,87,74,98,103,83,77,106,44,108,78,85,116,94,88,110,57,81,70,93,105,99,111
4797,47,78,90,91,117,99,103,112,82,74,115,71,101,94,80,105,102,84,96
4798,110,90,85,98,30,95,103,54,91,82,70,79,62,115,104,109,18,105,111,2,72,96,38,46,94
4799,109,82,90,105,80,116,79,108,106,101,112,78,95,70,24,94,85,81,117,86,87,39,113
4800,79,110,99,87,117,103,75,90,78,83,76,94,107,9,119,92,54,109,108,96,91,70,116
4801,91,93,94,4,70,111,116,101,110,85,118,21,95,80,106,22,90,83,75,63,98,87,35
4802,116,113,75,77,67,81,118,87,99,103,80,74,109,65,85,38,88,94,9,2,101,107,112
4803,92,86,119,104,115,103,110,76,96,117,75,77,51,82,87,91,100,90,108,105,85,111,81,13,101,116,38,94
4804,77,117,80,100,118,76,75,85,79,104,81,111,102,109,119,88,70,87,116,73,29,108,115,113,43,93,37,74,78,110
4805,86,75,98,99,70,79,117,29,102,82,91,106,81,3,115,88,55,111,24,54,34,112
4806,79,118,111,90,99,104,94,116,76,103,113,86,98,91,81,110,61,96,109,114,70,119
4807,88,51,112,101,74,79,92,102,109,91,85,76,70,78,118,104,105,86,113,82,110,55,116,114,100
4808,111,86,77,119,103,80,116,109,118,75,107,32,20,85,17,93,79,74
4809,94,105,80,73,77,115,108,101,117,87,113,83,111,81,74,24,112,109,96,78,104,28,107,110,118
4810,109,75,118,70,51,81,103,98,92,88,102,110,94,86,91,119,90,76,115,18,78,21,105,54,101
4811,78,118,108,109,86,116,111,91,103,96,115,110,27,26,11,99,112,119,81
4812,99,90,109,73,78,85,102,106,111,54,86,91,101,105,96,81,75
4813,92,78,94,105,82,109,85,102,106,80,116,75,111,88,73,60,83,54,37,96,91,99,8,81
4814,112,30,88,96,94,115,86,81,75,15,98,66,87,70,117,77,36
4815,90,83,91,103,115,106,119,73,80,118,92,87,113,79,112,81,107,99,56,29
4816,115,70,117,91,29,119,116,112,99,82,96,98,110,113,87,49,86,118,94,105,103
4817,78,74,92,85,86,94,103,80,75,110,73,108,118,104,96,77,82,29,109,79,44,83,93,70
4818,78,116,76,92,85,94,91,106,108,110,98,75,115,73,109,90,43,118,80,74,70,29
4819,78,79,99,75,101,111,80,103,109,76,88,60,70,82,117,94,115,110,18,47
4820,76,91,97,112,110,116,70,57,94,86,78,111,103,30,85,100,88,23,117,108,93,6,118,101,90
4821,29,65,109,117,77,107,76,112,95,85,75,100,80,99,78,119,30,108,74,83,110,73,32,66,51,116
4822,93,79,119,107,86,75,117,102,92,78,112,52,90,115,98,88,99,25,103,13,108,101,104
4823,112,109,78,87,70,101,99,91,94,81,105,98,29,39,103,85,6,30,82,76,18,118,97,119
4824,101,115,116,107,90,113,73,30,76,106,112,114,110,3,109,80
4825,88,111,116,108,109,119,90,54,92,87,34,83,79,117,101,78,91,38,6,11,118,106,110,105
4826,88,100,112,70,118,108,77,101,82,74,86,30,83,117,96,79,78,57,28,109,102,99,107,94,76
4827,104,110,116,118,87,70,105,115,82,80,78,86,94,30,77,58,27,74,50,91,119,83,117,98,103,15,76,73,29
4828,94,90,85,70,98,112,101,87,99,54,108,29,73,76,38,80,86,105,64,37,74,102
4829,87,112,73,116,105,90,119,57,35,78,96,76,74,110,108,39,111,44,98,94
4830,111,90,4,70,88,101,81,57,110,50,113,86,117,94,79,75,114,87,12
4831,94,76,105,108,119,78,96,74,73,101,83,99,90,80,75,87,70,4,100,106
4832,78,77,90,118,107,87,79,103,100,110,98,85,119,112,74,95,83,93,96,75,55,88,104,81,82,57
4833,90,101,106,76,87,117,70,73,80,116,108,98,113,88,94,46,74
4834,101,105,90,81,80,74,76,103,107,73,65,109,87,55,118,18,91,117
4835,96,119,81,85,91,102,75,86,103,109,74,116,108,104,99,110,115,31,73,82,113
4836,100,29,73,83,98,108,104,113,101,70,105,116,82,118,106,92,79,75,102,74,111,87,93
4837,113,92,115,102,94,86,99,74,104,107,112,109,106,77,66,98,78,110,87,70,108
4838,118,101,116,87,81,86,57,95,96,109,40,90,103,108,76,115,104,38,75,91,111,73,4,34,98
4839,113,75,116,70,112,117,86,74,90,107,108,76,83,111,109,104,88,59,98,77
4840,109,90,77,118,119,111,117,112,99,102,88,73,91,81,84,70,78,101,80,76,115,116,82,15,83
4841,101,94,86,88,112,117,108,103,62,110,87,104,85,83,81,107,90
4842,88,109,91,119,104,106,107,117,77,110,94,111,79,51,40,105,47,116,26,115
4843,118,73,83,87,74,80,113,96,103,100,116,65,77,78,112,54,114,90,75,30,106,101,24,70
4844,83,70,101,82,80,87,77,76,118,105,111,116,99,110,112,47,94,86
4845,93,105,76,103,110,85,94,91,111,77,81,99,83,113,34,78,115
4846,82,86,118,94,110,87,73,88,93,99,101,78,106,79,90,98,115,49,96,81
4847,98,109,75,78,102,107,77,119,87,111,76,90,116,53,104,96,117,94,73,43,41,84,108,54,95,103
4848,96,82,70,91,83,81,109,119,104,86,29,115,85,90,116,77,110,105,75
4849,86,110,88,103,115,101,116,112,80,83,108,98,117,118,81,109,111,87,27,78,90
4850,85,101,109,76,96,78,86,117,70,108,119,99,113,105,80,104,111,115,73,106,88,75
4851,88,115,77,105,80,102,75,117,86,57,108,99,101,106,112,18,16,116,91,82,109
4852,100,105,113,118,97,110,75,98,119,70,91,82,7,76,96,115,111,103,77,81,74,83
4853,105,73,86,112,90,113,109,115,80,10,1,64,102,108,107,99
4854,102,116,107,111,112,117,83,70,79,75,109,106,19,90,105,115,76,51,2,103,95
4855,81,92,88,110,74,98,70,75,112,76,109,63,104,118,117,73,107,83,57,108
4856,107,119,77,115,57,117,87,88,99,79,75,101,98,18,91,112,22,30
4857,76,73,96,94,77,112,85,82,111,113,29,91,101,79,99,83,100,102,107,78,108
4858,104,118,81,78,110,96,103,83,116,111,80,108,70,105,85,77,113,119,90,86,54,57,101,52,91,94
4859,76,118,116,105,75,94,77,4,88,96,98,80,87,99,117,108,73,85,103,110,111,74,11,115,27
4860,99,70,96,83,77,79,80,102,82,87,101,111,94,107,113,39,112,74
4861,78,75,101,74,91,57,118,117,108,116,73,102,81,110,79,88,106,58,25,80,51,38
4862,96,79,91,118,103,73,104,111,110,75,115,81,80,7,113,112,76,32,101,102,27,117
4863,86,93,118,109,99,75,80,102,92,81,103,113,7,112,87,74,24,105,117,96,85,77,83
4864,87,83,77,105,85,90,99,78,57,74,103,118,113,116,56,92,79,88,115,97
4865,78,74,96,87,119,115,101,83,80,85,73,109,8,35,108,9,118,113
4866,116,108,87,79,96,70,118,81,29,101,78,50,83,111,117,102,94,115,105,43,92,74,106,77
4867,74,117,100,103,112,85,106,107,70,30,105,94,65,6,75,56,109,81,118,91,57,115,113,111,86
4868,85,119,86,116,78,73,70,79,107,106,61,101,58,92,118,91,87
4869,86,29,106,115,82,91,100,93,116,83,103,109,88,118,105,107,85,113,39,117,8,23,90,70
4870,112,107,119,87,57,96,109,102,99,106,76,79,21,101,74,105,110,73,116,71,95,98
4871,111,119,118,98,74,108,81,109,107,82,75,96,87,29,95,69,114,117,83,116,94,113,44,33
4872,85,118,104,103,79,87,94,112,80,75,91,111,73,99,102,78,95,6,39,115,54,57,98
4873,96,88,112,80,73,110,86,105,94,91,101,98,10,115,35,78,118,87,71,117,77,75
4874,77,96,74,94,116,80,102,87,105,83,86,90,99,110,113,115,91,7,12,100,103,101,46,70,98
4875,83,96,106,109,85,79,113,101,78,108,118,76,88,110,91,111,99,94,105,115,86,30,93,41,116,117,107,68,73,81,95,80,75,74
4876,111,112,85,117,87,115,101,88,105,99,109,119,91,83,74,110,71,108,94,116
4877,78,111,106,74,108,75,118,116,98,107,102,76,105,70,86,101,96,90,89,87,73,79,6
4878,75,85,108,86,98,100,112,115,83,96,109,94,80,110,116,111,113,29,119,101,74,102,79
4879,29,109,82,83,101,104,79,75,112,73,86,1,96,14,98,9,85,30,70,51,116,100,92
4880,75,80,115,106,79,88,93,117,73,85,111,60,55,77,99,87,98,103,109,81,82,83,118,50,70,86,29
4881,93,90,77,85,98,75,76,108,102,103,96,111,117,79,94,78,83,87,80,58,92,57,88
4882,96,115,81,95,109,92,29,98,102,119,99,112,110,11,106,83,116,113,57,36,74,46,86,111,104,38,100,87
4883,96,103,94,108,117,88,73,107,79,112,118,102,85,17,92,98,12,75,63,99,62,104,80
4884,104,95,103,105,80,70,85,108,75,83,79,106,49,90,115,107,82,110,101,74,119
4885,101,106,115,80,78,57,51,79,73,96,109,116,30,105,85,90,91,112,88,64,75,92,111,63,50,118
4886,118,103,95,80,92,96,117,106,115,101,57,113,104,108,109,102,91,61,112,87,90,105,78
4887,91,70,111,78,29,73,115,108,98,101,76,86,77,79,90,87,109,85,43,9,96,99
4888,91,87,113,102,101,118,106,115,86,96,108,74,78,110,111,93,76,109,98,48,77
4889,57,78,30,51,99,82,73,86,87,115,75,104,119,7,80,36,109,85,53,79,38,61,108,96
4890,98,31,109,76,74,106,81,73,103,117,90,105,110,101,91,47,99,24,94,114,57
4891,115,80,106,96,83,86,79,57,82,113,77,78,111,70,65,75,102,76,41,10,50,107,117,60,22,94
4892,88,116,90,99,109,63,73,75,76,103,102,74,82,110,17,23,91,104,96
4893,76,100,117,109,106,118,79,108,103,98,95,116,40,24,78,119,99,70,111,115,81,83,17,92,91
4894,73,74,94,75,111,98,112,88,96,80,90,110,119,77,46,99,28,87,109,76,106,86
4895,73,80,101,91,74,99,102,98,106,4,117,112,119,78,107,96,57,113,116,23,109,36,90,54,84,108
4896,117,29,100,118,98,115,91,87,82,112,72,77,101,85,17,106,94,109,119,102,86,14
4897,92,108,87,98,104,110,116,91,73,95,112,57,47,83,35,80,88,75,103,111
4898,29,73,110,99,111,56,94,118,82,106,109,101,85,119,88,112,78,4,8,80,86
4899,103,94,91,57,87,106,110,29,79,96,73,111,30,118,116,117,108,70,86,109,88,102,93,8,17,12,3,105
4900,76,118,74,86,113,75,96,119,111,116,115,102,90,110,88,28,85,25,92,14,93,87
4901,107,109,101,99,88,90,108,95,98,116,75,81,73,76,48,118,85,103,29,51,87,70,112,96,57,110
4902,110,112,98,99,115,78,76,116,103,92,85,83,81,74,57,79,67,119,73,29,108,93,100,77,105,75,33,91
4903,73,57,108,103,80,94,85,100,119,109,56,113,104,4,98,106,5,116,74,88,115,82,18,95,77
4904,81,94,85,101,110,99,83,107,32,29,91,98,119,79,39,108,90,86,73,115,20
4905,96,29,93,112,111,113,74,70,109,98,80,106,117,104,115,88,83,73,91,12,76,119
4906,113,83,29,78,95,99,117,79,106,75,112,105,81,84,108,73,70,100,10,92,38,88,67
4907,79,106,112,78,73,80,105,76,103,86,81,57,70,29,87,88,115,90,95,94,82,65,118,45
4908,98,116,94,115,91,86,107,96,105,113,106,51,6,110,78,16,40,24,109,74,88,54,70,108,104
4909,88,116,92,100,70,117,80,85,78,113,93,24,81,54,109,77,74,119,111,76,73,96
4910,115,82,29,94,85,105,81,57,77,96,92,119,114,4,106,116,109,24,86,110,74,70,104,103,98
4911,87,112,80,77,116,70,51,30,99,119,76,118,90,98,48,73,91,106,78,114,101
4912,88,92,83,94,98,107,116,99,105,103,73,96,117,82,85,77,102,112,87,70,55,101,4,115
4913,87,81,79,107,6,90,77,74,109,76,30,68,91,88,83
4914,96,94,76,81,117,105,57,86,30,109,70,75,95,118,119,111,67,74,97,107,4,49,110,115,63,77,48,73,102,5
4915,87,111,29,70,95,106,80,116,88,75,73,91,109,56,11,35,115,118,37,82,76,92,114,104,78
4916,70,106,86,78,81,85,77,91,88,83,29,96,108,119,117,93,111,87,116
4917,76,91,101,108,79,75,111,96,116,113,112,85,103,86,115,87,73,82,117
4918,107,113,116,109,80,102,57,75,70,97,118,82,112,86,77,98,21,66,76,94,73,92,96,35,103,106
4919,83,76,88,116,101,73,4,111,107,98,75,90,119,94,82,85,104,118,30,91,89,80,16,106,54
4920,113,73,112,80,81,93,99,102,111,87,75,78,110,57,62,54,115,30,6,83,70,79,51,103,61,95,106,4,105
4921,83,111,76,102,79,108,70,78,109,91,104,80,87,44,119,107,74,63,95,39,82,18,98
4922,85,111,113,82,94,96,100,107,88,109,90,115,78,74,86,106,112,73,65,91,119,118,80,57,95,104
4923,77,56,87,73,91,117,74,115,94,98,103,104,107,86,83,90,85,88
4924,80,91,101,116,79,78,81,112,88,118,77,105,98,99,15,108,70,83,29,90,106,107,51,76
4925,77,108,101,85,95,73,57,79,111,88,113,99,82,109,119,74,70,98,39,64,114,3,80,63,67,58,75
4926,101,119,112,83,82,75,106,107,73,117,91,90,99,87,18,104,79,88,3,93,71,64,116,52,114
4927,81,57,109,103,108,86,88,101,51,83,111,105,73,72,75,8,47,77,98,14,90,79
4928,92,111,96,104,79,57,106,98,95,30,90,2,101,103,118,65,82,78
4929,78,106,91,109,98,105,94,90,87,108,85,117,79,112,80,86,88,4,74,67,76,30,70
4930,94,79,57,42,65,109,91,83,78,106,101,119,113,115,80,70,118,103,29,110,98,77,112,75,117
4931,78,109,80,74,110,101,99,105,112,79,76,28,86,75,91,73,119,51,108,114,88,85,54,30,107,113
4932,105,70,118,119,87,94,90,82,80,78,73,57,98,116,91,77,25,113,110,32,96,99,74,112,58,81
4933,70,119,74,77,102,75,105,115,83,118,99,79,87,76,117,34,86,29,78,112,106,81,73
4934,112,85,81,80,101,119,79,106,77,78,118,109,108,88,90,87,117,111,82,70,5,105,83
4935,79,21,119,70,101,81,108,29,86,96,112,118,95,113,92,110,60,117,73,66,83,102
4936,85,77,116,83,117,105,108,80,82,101,81,74,107,91,84,106,94,119,111,96,75,103,76,110
4937,53,35,59,58,50,71,38,63,39,67,72,31,48,32,45,33,66,117,42,12
4938,67,37,64,44,51,36,66,35,27,31,24,33,88,58,40,63
4939,105,57,64,65,56,35,58,42,36,84,38,40,49,66,51,47,72,73,12,69
4940,63,36,59,67,31,42,32,48,47,29,35,40,96,27,49,30,50,56,54,51
4941,53,42,45,44,60,67,29,31,38,52,32,51,37,48,73,54,64,112,72,27,69,93,114,61,57,59
4942,37,31,42,51,30,44,54,52,56,50,57,105,36,47,72,66,29
4943,35,52,71,69,39,50,48,29,30,63,42,113,32,84,65,61,23,45
4944,56,48,35,60,67,64,105,69,49,9,41,45,29,42,36,66,63,50
4945,61,48,67,49,72,38,109,60,47,35,65,105,59,32,90,68,29,45
4946,63,38,42,54,50,72,69,37,105,56,36,29,65,71,58,47,68,28,30
4947,27,58,53,84,61,64,54,8,66,39,42,60,50,65,40,29,49,83,43,72,36
4948,95,58,36,105,44,51,37,49,53,56,57,33,26,31,45,69,64,65,61
4949,4,39,60,57,66,65,72,54,105,48,36,32,24,30,2,31,50
4950,69,39,49,32,51,27,65,61,105,29,44,56,42,54,30,60,55,88,64,57
4951,58,69,65,54,71,29,56,48,52,39,60,59,47,36,23,27,81,105,95,41,70
4952,50,42,38,36,51,60,37,49,69,58,91,30,114,70,67
4953,27,38,69,57,49,51,40,61,52,71,50,44,45,30,56,39,67,35,105,72,53,65,64,60,42,29
4954,35,59,39,53,38,51,33,66,50,9,69,40,42,77,49,115,29,70,37
4955,39,66,72,45,32,36,27,5,30,40,104,56,61,69
4956,84,38,71,33,53,65,40,66,58,51,36,31,44,47,25,105,9,61,117,59,99,49,72
4957,53,51,29,38,35,37,52,31,49,67,48,61,40,65,86,32,72,60,113,56,54,69
4958,35,56,49,72,58,51,64,52,27,60,45,50,32,48,65,47,105,69,87
4959,44,35,58,40,51,70,45,49,65,61,34,30,29,104,27
4960,38,59,33,35,48,54,53,61,56,45,44,51,67,70,27,47,60,49,66,34,40,72
4961,36,38,58,45,51,72,52,56,50,29,69,17,27,4,30,41,33,105,65,47,61,32,60
4962,38,29,45,59,40,105,58,39,60,32,4,65,42,52,27,104,67,47
4963,71,105,30,68,43,48,36,54,27,59,38,35,61,39,56,65,17,67,69,45,44,31
4964,35,45,53,56,71,33,39,64,48,29,89,28,42,38,52,54,24,105,46,47
4965,65,36,45,30,33,56,29,64,66,47,52,105,32,20,46,35,69,49,27
4966,5,40,50,29,47,70,105,39,59,30,84,38,44,71,104,68,95
4967,33,59,50,61,48,45,27,29,69,56,52,65,37,53,38,35,24,30,8,77,51,40
4968,71,68,31,48,32,65,27,72,61,29,51,44,30,14,49,45,59,52,64,33,58,56
4969,40,65,32,60,84,31,59,33,58,48,64,54,37,66,56,61,39,88,49,35,67,95,83,27,30,36
4970,45,31,27,32,54,33,41,59,58,39,53,61,66,70,69,28,37,44,67,20,36
4971,58,84,56,4,51,53,105,31,57,52,71,37,42,45,12,102,49,64,70,25,48,67,59,44,54,17,9,69,33
4972,65,105,61,29,59,54,31,32,44,69,60,36,35,27,17,72,45,112,39
4973,30,35,63,40,71,54,50,72,58,67,60,49,31,53,36,12,44,116,4
4974,35,37,44,42,59,31,58,49,66,61,51,4,47,67,50,60,112,115,36,113
4975,27,35,29,84,72,50,95,71,45,4,61,48,39,36,66,54,53,51,55,42
4976,95,45,53,105,30,63,33,27,29,48,72,47,66,69,58,21,61,41,68,79,56,37,39
4977,39,67,60,53,72,47,105,44,71,48,52,115,32,37,59,103,61,56,50,24,33,13
4978,50,53,45,42,35,52,58,64,44,37,70,30,36,54,19,38,112,105,66,22,40
4979,39,30,72,51,59,56,36,49,37,32,45,53,44,84,63,88,119,71,50,52,15,66
4980,105,58,27,50,95,56,59,45,35,36,33,29,44,30,40,5,54,72,86,69,71,47
4981,63,42,64,30,38,40,56,31,37,61,105,48,58,60,39,52,114,66,44
4982,83,27,35,105,69,56,50,53,66,67,30,44,32,36,39,52,60,48,12,63,38
4983,69,67,57,4,64,27,32,84,31,60,91,36,52,35,53,50,72,48,21
4984,84,71,35,42,48,65,36,53,57,67,30,70,54,50,38,115,66,51,37,2,69
4985,45,56,54,51,31,59,32,48,69,49,47,4,52,66,90,53,57,38
4986,61,71,52,29,31,59,64,67,58,68,38,90,51,27,46,45,66,104,42,70,60,72,56,53,65,54,63,36
4987,30,67,33,54,37,59,29,72,31,4,56,45,47,64,70,26,42,66,61
4988,53,71,65,48,64,38,54,60,50,42,115,66,72,36,45
4989,61,51,63,70,105,71,31,58,45,36,50,72,60,16,29
4990,50,33,42,66,105,44,39,49,70,37,52,38,67,27,47,106,2,30,72
4991,60,37,35,51,27,33,61,52,36,32,56,38,95,48,59,105,17,50,94,47,119
4992,59,37,29,31,38,49,42,64,47,39,44,3,50,36,32,53,52,65,58
4993,36,71,45,37,47,33,56,67,109,35,51,39,52,49,31,105,65,57,54,44,60
4994,60,40,58,65,48,72,56,49,54,70,29,118,53,27,108,47,50,37,42,64,30
4995,56,31,38,57,71,67,64,32,39,42,36,50,29,44,118,69
4996,40,47,72,30,32,50,39,27,61,81,105,59,66,69,42
4997,47,29,30,69,40,72,48,67,70,64,44,71,35,99,52,65,56,27,43,59,42
4998,32,27,51,52,64,48,38,29,105,72,37,53,65,44,66,84,50,49,36
4999,38,51,53,60,36,27,59,40,105,45,67,30,54,29,65,55,32,64,66,117,37,43,72,92
5000,58,47,53,56,38,67,32,33,71,27,52,51,49,66,69,61,40,36,57,87,42,6,35,44,100
5001,54,63,56,42,52,27,29,64,35,65,49,47,38,72,24,39,109,69
5002,36,56,61,66,65,84,49,27,39,69,71,33,37,45,74,105,72,31,54,44,64,42,60
5003,84,56,45,67,58,48,47,95,33,50,66,27,40,59,49,2,64,72,41,105,70,69,44
5004,84,72,30,66,50,38,65,51,60,39,115,12,105,71,42
5005,60,30,32,39,35,36,42,45,44,71,48,37,67,61,93,58,84,11,66,52,59,38
5006,36,65,37,39,50,71,35,40,61,44,42,53,66,58,84,45,29,33,41,27,102,48,73,67,62,72
5007,45,53,65,61,52,67,49,32,97,33,71,47,39,51,30,70,68
5008,69,49,53,40,72,70,44,47,29,52,60,54,32,33,65,38,58,17,16,51,59,89,61,105
5009,31,52,72,54,69,38,59,42,49,53,51,47,30,90,65,57,105,35,50,37,61,32,48
5010,72,24,27,70,95,84,44,64,61,56,39,69,38,7,45,51,102,71,36,35
5011,30,57,36,71,63,54,67,84,66,33,56,48,65,61,105,108,53,32,44,97,58,46,38,45
5012,52,105,59,29,45,38,32,65,61,84,27,95,48,33,47,91,72,66,4,56,42,71,36
5013,29,44,38,64,42,66,30,33,51,47,54,69,72,48,50,35,43,99,106,27
5014,60,69,36,51,56,27,39,64,61,54,45,67,40,31,49,50,12,32,105,30,33,58,65,42,72,84
5015,33,57,31,45,35,84,36,27,71,60,53,38,55,37,50,114,40,49,29
5016,28,39,45,30,67,31,36,51,29,69,35,47,72,5,17,20,106,65,55,117,59
5017,67,42,30,47,35,57,53,65,54,56,36,45,37,59,27,101,39,50,48,72,64
5018,32,42,61,30,44,48,54,50,52,112,64,58,45,51,98,49,39,37,47
5019,40,31,69,48,67,49,39,27,105,61,42,71,30,51,12,32,37,95,83,47
5020,105,31,67,59,48,27,66,61,95,47,29,8,49,36,90,58,99,34,97,44,26,30,71
5021,44,38,69,30,52,64,59,58,28,48,49,53,61,72,27,31,71,36,37,47,3
5022,35,84,27,44,54,31,71,33,67,47,39,37,36,66,48,30,115,56
5023,52,36,59,38,68,29,71,51,30,69,64,54,48,20,66,44,45,39,56
5024,31,27,42,105,59,35,71,30,67,70,33,91,3,60,32,106,119,69,49,50
5025,60,64,42,40,30,44,27,29,39,32,50,47,38,67,53,71,56,51
5026,48,84,71,52,42,65,38,39,27,72,69,106,33,31,29
5027,84,54,65,45,35,67,64,30,51,66,59,49,43,42,60,33,74
5028,40,53,61,67,65,63,51,50,59,60,105,17,29,49,27,84,36,52,24,5,72,12,69
5029,27,69,43,32,31,105,60,39,58,51,48,56,30,33,37,59,67,65,66,64,40
5030,67,64,65,39,57,61,105,51,69,52,95,20,66,27,29,30,42
5031,58,60,35,53,52,29,37,45,72,27,64,48,51,40,66,54,8,65,38,44
5032,50,47,44,42,39,27,64,72,69,35,60,67,56,105,37,29,12,49,97,40,43,58
5033,71,42,54,43,32,84,61,31,60,47,72,44,66,40,64,52,105,36,88,13,51,30
5034,38,44,33,49,71,66,31,45,64,60,27,53,112,47,48,10,105,54,36,39
5035,56,54,29,35,51,31,71,43,27,60,30,36,67,68,72,45,39,32,53,48
5036,53,56,54,44,37,59,4,45,29,38,40,41,48,87,49,51,105,58,60,69,36,67,27
5037,39,67,42,36,64,58,37,33,60,61,30,56,59,51,43,65,50,53,29,27,25
5038,84,63,51,47,54,29,36,53,66,27,106,104,61,31,112,39,71,40,69,14,60,57
5039,58,72,4,105,44,31,66,54,8,51,27,33,38,85,47
5040,42,105,53,72,67,52,59,29,49,30,40,38,51,36,56,60,54,31,32,39
5041,67,69,58,59,29,105,50,38,31,30,72,32,49,56,66,40,5,39,13,89,35,71
5042,45,43,67,31,42,36,30,52,50,40,51,57,33,54,32,77,49,12,60,38
5043,52,56,71,35,47,40,59,61,51,36,67,49,66,24,42,57,53,48,45
5044,49,64,54,59,66,30,37,43,72,50,69,44,32,105,60,36,56,95,53,57
5045,40,30,53,69,56,47,38,48,4,72,61,36,65,43,13,105,95
5046,56,50,53,58,33,35,38,59,49,63,73,29,71,54,45,47,66,105,44,84,4,51,37,114,27,67
5047,43,105,35,29,50,42,47,58,56,32,44,61,59,27,49,67,72,36,4,25,37,33
5048,61,47,36,53,31,42,32,49,33,69,57,48,52,43,13,9,59,27,58,30,29
5049,95,61,59,50,65,70,27,37,23,71,68,105,33,47,57,69,36,67,53,45,84
5050,4,45,58,69,71,30,66,60,42,64,65,44,32,31,36,39,38,49,53,95,70,47
5051,60,36,35,64,40,30,61,42,58,39,59,45,31,67,57,95,27
5052,30,59,63,27,40,64,60,54,84,42,65,49,50,61,52,57,105,48,28,38,31
5053,36,49,32,64,95,105,58,38,43,40,50,54,42,65,59,72,66,27,91,29,51,60,102,61,74,44
5054,43,56,39,48,72,54,32,63,84,31,69,66,59,58,109,12,49,13,60,47,105
5055,59,69,64,72,53,45,43,65,31,58,37,105,114,48,35,56,46,50,60,7,52,67
5056,105,58,59,52,44,72,47,60,30,84,63,45,66,67,15,69,48,27,40
5057,53,56,29,45,44,39,71,35,66,38,63,67,59,7,70,31,102,47,42,37,61,2,114,60
5058,42,27,52,63,30,64,36,29,60,65,44,47,48,53,50,61,86
5059,37,71,32,4,36,39,40,63,65,58,30,75,7,67,29,104,51
5060,27,58,52,53,39,37,40,51,29,32,66,63,72,50,44,54
5061,4,54,32,60,49,37,53,105,58,30,66,36,96,5,63,45
5062,48,36,44,37,30,45,54,35,56,71,50,58,51,93,43,53,42,87,108,39
5063,59,40,48,52,38,49,54,45,105,60,67,32,39,42,71,30,57,29
5064,30,52,53,29,38,69,31,60,58,49,28,66,65,64,39,48,86,67,37,59,102,56
5065,70,33,105,61,39,32,31,40,50,53,67,37,60,54,66,49,48,58,89,71,65
5066,58,63,36,56,65,37,39,60,59,32,72,44,66,31,49,64,48,110,61,29,77,67,30,53
5067,51,56,49,38,65,54,37,67,44,29,47,31,71,59,69,89,61
5068,105,65,95,48,27,59,32,64,50,72,29,67,58,66,31,60,69,36,82,42,44
5069,39,32,30,58,42,38,69,33,51,59,45,66,16,50,65,49,71,47
5070,53,39,27,57,54,38,31,49,70,40,48,58,51,105,23,64,32,67
5071,67,47,30,52,72,36,48,45,65,31,27,35,56,51,85,84
5072,49,44,42,50,53,29,47,23,66,67,51
5073,4,58,105,38,50,39,56,48,71,59,3,5,65,60,33,99,64,47,115,42
5074,39,65,58,38,40,51,35,33,72,36,61,66,105,59,29,31,32,20,89,52,47,57
5075,51,53,50,54,60,47,45,3,31,116,27,90,17,40,105,44,32
5076,95,32,71,63,48,49,45,61,36,44,27,97,60,51,54,53,69,98,31,50
5077,39,47,72,49,44,57,29,36,19,27,50,79,30,52,51,69,48
5078,54,95,61,48,71,59,72,33,58,68,84,36,45,30,51,112,38,35,42,56,79,63,29,60
5079,31,44,84,64,51,60,24,1,4,37,28,58,105,48,38,47,50,45,40,66,59
5080,64,38,40,58,105,69,27,61,44,65,79,29,36,71,60,2,67,3,42
5081,61,33,39,35,48,72,40,66,32,27,37,69,47,52,58,60
5082,64,40,53,48,32,59,38,39,52,67,73,50,65,60,72,69,56,36,47,30,71,37,89,27
5083,44,54,66,31,58,60,72,33,39,50,45,71,30,36,67,6,4,51,47,48
5084,51,52,49,56,65,59,54,60,72,50,58,2,24,103,37,33,40,4
5085,50,63,84,40,44,54,59,29,49,71,56,66,60,67,100,53,7,33,69,51,31
5086,30,59,41,53,47,51,65,56,37,69,29,44,40,58,70,105,4,49,61
5087,58,52,56,32,71,12,39,105,35,44,33,29,53,45,48,72,51
5088,38,66,52,44,27,4,56,37,59,58,29,67,35,51,28,36,73,32,61,39,30
5089,37,72,65,57,53,48,51,67,66,54,27,73,45,38,31,17,49,36
5090,71,39,4,29,54,38,58,105,43,35,42,31,50,60,66,114,9,115,48,72,64
5091,30,39,57,105,32,69,44,51,29,58,38,71,37,67,40,42,106,24,36,45,63
5092,39,31,35,71,69,42,36,66,44,72,47,51,48,27,65,76,61,49,64,45,57,59
5093,58,45,67,36,48,60,42,52,64,7,4,50,43,56,29
5094,105,29,32,36,64,44,70,40,31,35,48,59,52,67,100
5095,45,32,71,50,66,48,69,37,36,44,31,17,42,33
5096,58,54,105,65,41,4,66,30,63,59,46,53,60,84,49,43,32,2,110,44
5097,40,45,49,51,36,64,32,56,42,27,48,105,44,31,101,18,67,47,65,66,6,39
5098,35,33,26,52,53,105,39,72,67,71,49,60,38,64,40,50,42,41,58
5099,61,44,60,36,49,54,32,27,65,72,38,34,24,59,37
5100,54,71,39,30,42,66,50,67,49,45,69,37,29,57,40,112,64
5101,57,59,51,54,69,36,27,31,39,44,47,40,58,105,33,61,48,66,92,35,53
5102,84,67,54,40,49,59,53,64,44,43,70,27,57,58,66,65,74,32,60,45,31,11,77,69,47
5103,59,53,84,70,72,42,48,49,31,65,47,69,36,75,100,45,109,58,35
5104,47,58,71,67,45,35,38,57,66,60,30,69,56,39,104,105,49,29,65,68,21,37,53
5105,71,40,61,56,27,69,37,39,53,116,50,105,72,60,48,25,51,64,95,4,91,33
5106,32,30,58,31,38,47,40,42,72,54,50,45,35,69,101,36,10,37,56
5107,50,35,32,52,38,56,60,49,44,29,47,67,59,45,27,31,58,108,37,30,82,48
5108,45,71,66,28,65,69,72,67,41,47,30,48,51,54,36,43,102,56,39,59,53,50,24,76
5109,65,48,105,95,35,42,32,61,37,39,28,30,33,44,114,45,56,72,82,5,4,87,69
5110,40,65,45,72,47,38,54,31,44,33,81,32,26,41,82
5111,72,60,40,39,32,44,71,69,52,61,43,30,56,29,48,7,49,67,70,57,59
5112,42,59,56,72,31,49,69,63,48,105,58,71,52,84,29,47,53,33,117,4
5113,56,39,53,28,29,40,44,52,72,45,60,66,57,67,51,63,109,54,38,35
5114,27,60,35,49,37,42,54,33,59,48,52,29,50,39,45,31,53,30,66
5115,29,56,31,33,52,65,47,71,84,53,42,50,70,54,39,77,40,45,69,43
5116,28,39,60,64,61,47,66,69,42,44,88,35,45,65,59,17,5,33,72,53
5117,60,72,30,38,35,37,47,31,36,64,29,54,27,114,32,53,105,39,8
5118,65,44,31,33,58,35,51,52,53,105,67,60,39,68,36,59,102,66,48
5119,49,35,48,65,56,44,32,66,64,47,45,37,41,53,105,27,67,72,38,7,36,39,84,71
5120,49,40,72,27,60,65,39,37,48,28,63,66,56,71,68,93,58,33,51,105
5121,52,35,4,27,105,38,65,64,61,51,67,30,37,85,39,22,44,57,31
5122,52,45,58,65,38,53,48,59,43,56,33,44,69,105,49,90,29,27,61
5123,71,59,72,44,49,47,51,50,60,66,38,26,97,53,39,42,32,35
5124,71,105,52,31,61,66,70,35,49,37,53,30,54,58,59,38,84,90,20,48,9,56
5125,60,47,37,50,71,69,48,52,45,59,44,42,54,66,27,58,35,49
5126,35,43,53,70,54,37,64,52,45,36,39,48,29,61,49,56,15,119,72,71
5127,49,38,44,45,50,48,72,65,30,61,66,37,51,6,32,71,67,54,31,39,64,53,78,59
5128,67,58,64,54,40,71,38,47,48,37,61,72,42,31,105,73,50,30,52,45
5129,66,5,38,35,59,70,42,7,61,33,65,51,44,64,30,31,58
5130,61,69,72,49,52,58,59,38,37,47,30,31,60,50,51,92,32,105,56,44,53,67
5131,51,38,105,44,50,48,52,59,61,47,30,36,35,112,45,64,32,4,37,29,60
5132,69,56,29,105,66,53,42,71,52,31,65,32,61,37,35,49,9,54,30,43
5133,84,39,54,29,27,40,37,53,45,52,64,43,57,36,105,117,67,35,19,59,75,41,48
5134,42,63,56,36,38,53,59,54,111,64,14,13,52,51,32,20,60,4,50
5135,42,67,50,47,44,54,45,61,28,39,68,60,56,33,35,36,49,11,52
5136,47,36,65,31,72,33,69,27,40,105,58,43,42,39,29,32,4,52,113,51
5137,59,49,56,58,63,32,38,54,31,105,39,45,47,44,60,67,7,46,42,33,50,61,66
5138,27,58,60,52,35,59,71,84,44,31,54,61,36,37,66,38,74,65,57,53,56,41,42,40
5139,71,63,48,4,44,105,54,51,35,32,27,31,72,30,49,38,65,28,37
5140,49,45,71,37,60,51,52,32,35,69,42,58,33,40,68,85,39,36,119,28,48,7,57
5141,30,56,47,44,35,40,31,58,27,86,103,59,10,71,51,66,45,37
5142,52,48,53,35,47,60,61,72,42,56,31,36,51,65,101,40
5143,30,54,33,71,53,27,60,65,29,67,49,105,70,48,72,108,113,35
5144,29,42,105,53,57,65,72,32,37,58,54,90,95,61,47,49,43,67,69,74,44,30
5145,56,67,27,38,36,61,72,40,52,57,54,42,58,69,49,35,60,44,43,66,53
5146,52,30,60,42,61,51,32,27,39,49,50,64,38,99,31,29,65
5147,39,50,38,32,33,4,64,27,84,45,49,28
5148,57,27,54,105,36,63,40,69,38,64,39,31,81,71,70,37,32,59,67,35,95,112,60
5149,4,35,105,66,38,53,48,61,64,27,37,59,58,43,67,50,32,81,102,44,56
5150,51,84,72,69,32,67,52,29,56,45,38,37,71,54,36,47,40,31
5151,43,27,32,4,57,31,72,95,48,37,42,54,40,77,33,115,84,49,44,61,56
5152,45,84,37,72,54,61,27,65,52,105,69,36,44,75,47,40,29,33,58,66,53,64
5153,53,33,59,52,63,105,28,64,44,72,58,27,67,6,84,42,35,30,70,107,36
5154,49,32,47,60,54,71,50,56,36,51,31,48,105,35,37,113,21,40,72,117,30,53
5155,59,54,72,47,4,71,58,40,44,42,49,60,27,65,70,105,37,64,26,66,45,24,78,15,69,30,39
5156,72,44,36,70,61,30,51,52,33,27,74,56,48,42,60,37,35,50,57,58
5157,68,53,33,28,61,51,71,54,69,32,37,17,29,105,66,49,47,31,56,38,9,39
5158,67,95,4,50,69,56,27,40,49,52,65,38,54,30,13,63,32,53,47,31,84,71
5159,69,36,56,51,27,50,42,105,32,37,31,49,39,98,41,5,33,61
5160,51,32,49,69,38,106,45,72,89,118,66,56,71,50
5161,64,35,65,45,47,57,38,32,66,36,58,59,72,70,51,53,13,48,56,109,39,29,50
5162,50,71,44,61,66,67,31,72,30,103,60,53,65,45,64,35,38,42,101,56,37,59
5163,64,61,27,47,44,66,33,40,39,45,36,88,18,112,48,50,32,91,28,72
5164,105,52,37,65,67,27,30,49,53,48,66,35,38,70,116,45,39,71,44,33,36
5165,53,58,50,51,48,45,37,59,105,64,42,30,35,56,99,87,40
5166,67,64,72,59,37,56,49,105,42,27,69,44,39,32,46,35,7,53,29,65
5167,45,72,52,48,51,39,35,29,83,37,36,49,53,67,54,62,66,32,44,30
5168,44,29,71,45,32,61,4,36,59,76,69,68,47,56,105,110,23,35
5169,52,29,72,70,58,47,32,65,49,30,60,54,33,26,53,51,8,37,69
5170,105,30,49,39,54,44,48,51,84,33,56,31,72,71,58
5171,71,95,64,49,32,56,59,40,69,48,52,42,36,68,117,105,35,57,50,67
5172,33,52,95,53,60,40,67,41,50,48,30,54,59,38,64,39,34,71
5173,65,44,39,48,29,60,54,33,69,50,52,53,31,30
5174,47,72,69,38,71,37,30,43,60,66,50,58,36,48,40,42,53,33
5175,66,42,60,30,56,58,33,53,32,65,27,69,51,44,20,84,50,109,46,29,61,64,107,31,38
5176,66,42,56,31,27,57,32,29,43,50,48,36,67,53,47,40,52,51,4,61,19,76,25,69
5177,30,72,67,47,64,48,54,38,36,52,45,105,29,37,111,9,35
5178,50,39,69,40,51,54,60,59,47,71,52,38,53,99,30,32,4,29,64,45,118,96,44,105
5179,69,42,30,48,66,52,45,27,67,58,31,40,51,65,49,61,32,44,37,71
5180,56,32,44,40,41,27,57,66,43,33,63,58,54,70,36,60,31,37,30,51,24,38,69,61
5181,32,39,53,44,27,58,36,59,51,50,29,52,5,69,30,28,105,84
5182,64,95,57,50,56,53,54,84,65,72,39,59,29,60,101,112,49,38,52,35,45
5183,50,47,53,58,51,67,57,32,33,39,45,71,49,29,81,27
5184,67,60,63,35,70,29,59,71,41,53,39,52,84,58,32,57,54,56,36,30,82
5185,40,60,29,59,105,33,48,44,95,38,71,37,56,51,66,50,65,54,36,45,91
5186,31,60,72,54,64,30,51,69,37,45,58,42,38,35,39,49,50,52,61,32,53,29
5187,95,105,58,53,61,51,59,66,71,36,64,87,31,42,32,65,50,69,47,45
5188,31,45,71,44,60,53,47,56,65,52,48,39,34,50,85
5189,30,71,50,72,56,51,38,58,29,61,67,45,105,37,32,59,54,52,35,69,60
5190,31,66,27,36,45,50,39,60,51,33,29,75,53,71,69,59,24,58,14
5191,42,53,33,49,71,44,31,35,65,40,36,60,45,113,66,27,57,78,69
5192,65,69,61,39,56,51,30,58,47,31,45,37,54,35,71,5,27,29,44
5193,71,48,64,36,60,30,47,32,58,53,54,38,72,69,56,50,96,9,42,67,29
5194,53,54,64,52,27,84,48,59,50,47,49,58,45,71,43,31,17,51,11,67,33,60
5195,52,60,47,58,31,53,57,65,72,48,71,61,36,42,39,69,32,27,30,66
5196,53,40,59,50,31,105,37,36,45,67,54,38,30,69,77,65,49,100,84,51,44
5197,35,84,52,58,67,27,39,24,44,40,105,90,37,50,48,53,18,47,60,54,72,29,36
5198,29,53,50,71,40,59,33,30,52,84,58,39,57,70,61,72,66,28,31
5199,38,45,54,66,72,32,30,64,59,40,4,95,84,35,28,23,67,37,103,102,17,56,29
5200,47,52,71,40,63,42,50,66,36,60,38,59,39,65,53,29,31,72,48,119,83,69,33,27
5201,45,49,40,64,4,61,65,60,38,37,47,52,27,30,29,84,67
5202,105,95,47,39,38,32,66,72,33,51,64,48,54,67,61,42,44,49,60,27,4,37
5203,53,54,84,69,72,105,45,39,65,47,64,31,50,51,87,35,95,61,48,89,59
5204,66,95,49,40,56,61,67,71,47,69,101,63,50,65,27,33,52,31,103,35,93,84,58,32
5205,69,37,36,58,63,59,44,107,7,30,56,105,48,72,31,101,60,71
5206,61,36,40,44,32,33,42,39,53,48,49,60,47,37,71,29,45,72,58,67,28
5207,47,49,66,59,38,54,33,42,70,58,56,60,53,32,9,12,45,72
5208,49,71,27,40,59,44,32,65,33,28,11,53,72,64,67,31,60
5209,53,37,65,56,54,95,70,50,4,43,5,42,52,68,28,40,48,24,72,80,31,87,66
5210,61,27,84,64,38,29,50,40,51,49,52,60,47,48,83,42,66,13,69,58
5211,59,56,52,32,49,44,35,38,36,60,48,45,72,71,69,42,29,116,58
5212,58,48,42,29,105,35,69,63,37,31,53,51,65,33,49,39,44,59,112,90,54,47,64,72
5213,63,4,36,71,44,61,69,105,39,42,33,59,66,27,93,72,35,83,49
5214,64,84,57,33,61,69,31,56,35,71,65,39,38,49,50,44,47,59,52,105
5215,60,67,53,58,105,40,28,47,8,52,71,34,36,33,41,50,97,39,15,49,30
5216,61,31,64,66,84,45,51,72,44,27,39,35,33,71,26,94,53,6,32
5217,54,52,31,27,32,53,84,48,71,118,57,69,19,109,94,40
5218,38,50,43,58,36,56,32,53,49,71,105,61,60,80,42,64,30,37,29
5219,42,48,49,59,69,72,36,67,101,45,32,105,61,56,44,63,4,52,58
5220,32,40,63,38,45,30,54,65,105,31,48,39,66,71,28,70,49,53,50,3,29,2,69,101,56
5221,71,59,31,64,69,36,66,50,27,28,53,40,65,41,49,34,72,104
5222,60,57,71,44,40,30,84,45,36,39,58,37,59,52,64,99,65,38,72,32,42,51
5223,65,47,44,37,35,30,38,53,27,69,105,54,95,50,46,56,64,104,49
5224,61,65,58,64,42,54,40,56,66,36,48,49,67,50,105,44,60,37,111,47,72
5225,56,59,41,42,105,95,57,39,53,44,72,71,65,50,40,31,33,28,49,68,96,54,63
5226,56,35,84,40,49,53,64,30,66,47,71,58,33,55,57,60,68,83,69,42,72
5227,27,51,31,52,50,69,49,47,33,45,67,30,112,12,54,40
5228,63,45,32,39,52,37,70,47,56,72,69,71,33,49,38,58,60,105,29,28,35
5229,49,53,72,63,44,30,47,36,39,105,71,67,65,45,56,66,31,84,46
5230,47,42,50,67,52,49,66,33,51,102,27,59,29,64,36,32,113,104,40,44,48
5231,31,48,95,71,30,45,47,57,37,60,58,51,49,54,61,68,106,29,23,65,44
5232,60,42,39,40,53,66,44,52,58,32,65,47,59,37,36,48,56,35
5233,30,44,31,51,64,72,43,32,71,33,58,105,39,53,66,59,65,69,29,35,60,4
5234,56,53,105,65,54,66,31,60,30,69,43,36,24,39,32,59,20,50
5235,39,47,69,105,42,35,67,52,30,36,37,61,79,19,60,64,50,45,56
5236,68,52,47,54,30,71,44,56,27,69,60,59,118,62
5237,72,36,58,69,56,60,32,50,40,33,63,71,45,31,48,35,1,51,30,65,43
5238,30,95,31,71,64,61,50,60,105,44,57,48,58,65,52,8,27,29,36,39
5239,105,48,39,38,44,60,27,56,72,36,33,65,67,71,58,49,90,54,63
5240,33,36,84,30,72,51,47,65,45,63,32,114,50,105,54,42,35,44,61,40,52
5241,27,48,61,59,67,65,33,105,66,44,50,39,57,35,72,47,36,53,56,64
5242,29,56,45,52,44,69,27,31,105,57,33,38,51,75,47,32,61,35,9,50,59
5243,32,73,71,47,57,84,44,24,37,40,56,79,103,60,54,105,102,38
5244,53,48,58,45,63,117,44,35,31,30,119,33,39
5245,53,47,58,36,39,69,37,49,50,31,29,60,38,28,51,21,33,67,32,72,103,42,66
5246,56,60,51,30,42,72,59,50,66,45,44,65,52,58,33,69,92,112,32,36,57
5247,95,36,65,30,27,71,59,39,70,38,31,106,84,105,103,50,33,81,56,108,45,83,48
5248,43,35,27,42,49,47,30,38,68,72,84,59,52,69,66,31,75,51,95,41,37,57,65
5249,57,72,42,66,36,56,51,45,33,63,39,29,43,65,58,105,52,40,106,71
5250,42,68,65,51,48,33,59,31,71,53,56,27,66,75,44,45
5251,69,50,60,54,71,49,64,32,72,24,46,45,48,35,53,90,96,42,105
5252,59,30,38,56,47,32,40,72,43,53,82,45,66,51,69,58,50,67
5253,37,45,51,44,72,27,29,56,119,53,47,107,49,61,70,65,69
5254,44,48,65,47,53,27,42,31,30,36,60,29,69,33,51,35,66,49,39
5255,39,30,61,49,72,71,50,44,47,42,43,36,45,32,38,58,28,48
5256,48,52,50,66,56,47,105,33,40,30,35,100,67,69,32,71,31,45,53,44,84
5257,66,70,60,31,45,36,54,32,63,38,59,47,48,71,27,110,33,3,40
5258,69,33,56,42,30,47,71,32,51,39,45,48,49,67,41,44,57
5259,36,52,27,70,61,30,37,50,72,60,47,29,53,42,66,97,20,38
5260,63,45,59,105,47,65,50,36,52,67,53,49,31,69,32,56,39,27,64,30,66,48,40,44
5261,4,38,72,44,54,61,33,105,56,65,47,27,31,118,37,39
5262,37,58,56,70,51,30,71,39,31,61,59,60,27,44,67,2,42
5263,65,52,42,61,59,39,38,71,50,84,114,30,56,40,51,44,49,79,43,14
5264,44,51,53,58,47,66,105,39,49,35,37,29,30,54,27,33,116,67,56,31
5265,32,53,67,72,105,47,59,71,42,69,35,40,56,52,49,84,45,50,58,27
5266,37,60,50,30,39,51,104,72,35,53,54,32,102,31,29,28,91,97,77,20,56,27
5267,53,52,54,69,84,72,64,57,51,49,42,47,35,38,104,29,61,50,43,6,40
5268,47,59,52,64,65,60,40,50,36,66,49,72,48,67,69,31,42,44,28,114,29,35
5269,39,37,51,40,45,59,48,49,32,27,65,71,52,7,58,33,31,53,114,36
5270,67,56,36,40,35,105,59,69,63,91,48,37,72,45,27,75,54,42,64,50
5271,71,53,50,37,48,59,65,69,45,82,67,39,3,42,110,20,51,47,105,40
5272,44,31,50,47,37,60,59,56,105,69,51,38,71,52,84,48,1,82,25,39,32
5273,48,38,56,32,72,51,69,39,50,60,9,36,71
5274,53,69,84,36,38,56,32,33,47,45,71,27,29,66,37,54
5275,65,49,38,30,58,32,69,27,48,97,60,37,57,45,72,59,52,102,39,40,71
5276,39,29,36,51,47,42,66,40,72,35,61,50,105,5,45,31,48,4,53
5277,61,32,48,33,65,66,30,54,42,60,45,24,53,51,47,35,102,52,95,37,87,27,83
5278,58,39,40,29,61,56,42,44,27,49,35,69,52,60,26,71,4,51,64,105,41,67
5279,53,47,69,36,49,35,31,59,37,105,29,109,44,45,40,61
5280,36,59,71,51,30,29,72,43,61,53,27,39,38,85,69,66,5,54,118
5281,31,52,84,30,105,95,50,51,40,48,71,36,53,42,44,38,35,32,47,49,43,58,10,65,26,39
5282,27,69,53,105,49,51,42,60,71,56,59,106,48,32,58,30,61,44
5283,72,42,66,63,47,54,65,30,50,53,38,57,36,56,44,95,60,67,33,84,11,114,37,35,52,105,16
5284,47,64,38,54,50,66,31,58,105,39,29,65,79,57,49,51,53,45,19,67,17,60,27
5285,58,42,27,47,65,30,48,35,40,31,66,45,112,72,64,91,51,53,85
5286,32,47,50,72,38,42,54,49,36,64,65,35,60,30,27,40,112,69,29
5287,44,51,27,29,33,35,69,41,38,37,53,40,42,31,66
5288,51,61,53,40,105,64,30,47,56,31,43,32,69,28,66,67,58,38,115,48,37,118,54,45
5289,31,32,95,60,59,4,72,71,40,105,37,48,38,45,33,30,90,47,58,42,86,17,49,53
5290,61,31,66,64,30,27,58,54,69,56,37,36,48,39,40,74,98,47,4
5291,42,71,52,66,63,35,84,38,61,54,67,56,27,44,36,45,37,64,60,48,51
5292,36,53,65,58,29,47,59,48,32,49,37,69,45,30,60
5293,45,35,56,52,65,54,63,44,95,27,48,49,36,66,50,42,33,55,30,46,60,47
5294,33,48,49,29,47,58,36,71,30,59,66,67,27,72,61,31,78,45,19
5295,49,72,58,69,59,63,50,68,37,4,51,60,54,71,35,61,27,18,53,64,38
5296,49,31,39,72,27,33,69,42,30,1,71,48,67,44,41,56
5297,42,54,61,58,49,56,59,64,36,53,32,47,83,45,30,31,40,50,60,44
5298,60,38,39,45,33,57,47,42,58,72,36,40,65,64,50,105,71,44
5299,4,42,60,51,37,72,64,47,84,38,63,57,69,31,54,48,35,87,56,95,7,52
5300,105,63,69,72,38,29,71,27,44,35,64,36,84,48,45,39,89,51,33,28,56
5301,45,31,51,53,56,33,71,65,47,59,58,48,40,60,34,46,61,35,24,67,29,69,49
5302,51,52,47,72,30,32,42,36,38,56,54,69,49,37,45,75,59,55,64,78,71
5303,36,52,49,66,39,47,53,27,61,38,45,69,114,59,29,19,42,84
5304,66,50,44,60,54,30,45,47,72,56,58,105,42,69,67,89,27,31,48
5305,43,4,60,65,58,53,51,22,31,39,29,32,38,61,47,59,50,67
5306,31,40,37,72,60,61,50,66,36,32,27,30,45,35,49,105,58,38,39
5307,58,60,66,48,39,32,36,59,56,53,69,49,35,31,61,42,44,54,71
5308,54,37,35,84,71,50,53,57,67,105,61,72,44,52,60,51,46,65,58
5309,51,45,59,105,47,29,38,89,61,32,95,64,66,33,48,52,117,72,71,37,42,53,15,39
5310,29,45,50,49,42,32,38,60,71,57,105,56,51,48,65,66,72,81,30,13,47,84
5311,36,37,33,47,29,54,65,66,31,39,50,49,67,71,70,91,32,105
5312,30,56,64,44,48,50,36,52,27,45,67,59,65,72,51,39,32,60,66,49,53,38
5313,71,36,51,32,33,60,65,53,38,72,37,35,102,50,29,4,70,64,58,84
5314,57,110,65,48,105,31,42,66,71,50,53,44,32,59,30,38,25,74,91,51,47
5315,49,51,61,33,29,105,32,59,66,37,48,60,52,71,30,58,64,42,73,57,43
5316,27,41,44,36,40,42,32,56,45,66,65,84,35,48,73,95,4,60,64
5317,64,40,36,71,84,72,59,45,27,69,67,37,49,109,70,42,66,31,47,15,5,35,51
5318,54,69,27,61,30,33,59,84,35,72,5,65,105,32,71,62,44,48,50,45,66,37
5319,63,67,51,65,49,84,72,44,30,31,56,48,54,110,64,60,59
5320,37,61,53,36,65,35,27,38,105,71,97,44,6,93,87
5321,50,58,66,30,29,71,38,27,69,42,64,35,33,60,32,31,48,37,56
5322,59,45,33,65,52,54,39,61,51,35,69,49,40,31,36,66,70,76,80,4,84,50
5323,27,64,66,35,29,31,28,50,72,105,36,69,49,59,52,38,1,51,57
5324,72,35,84,93,57,60,44,51,69,65,32,63,64,36,58,61,29,38
5325,40,38,45,27,47,44,53,51,39,32,49,71,67,30,66,54,65,37,28,68,61,73,33
5326,47,54,59,67,60,57,63,27,61,51,91,50,31,33,93,49,65,48,84,56
5327,67,51,65,56,58,59,52,50,39,48,47,69,42,105,38,4,43,36,45,44
5328,42,51,53,105,66,44,52,36,109,30,31,69,48,33,114,45,50
5329,39,47,45,57,65,69,42,37,33,4,53,59,50,54,71,35,72,98,58,49,79,105,67
5330,57,51,39,40,59,54,27,45,70,60,32,61,53,36,66,42,31,71
5331,69,59,65,48,47,38,37,45,72,33,67,49,27,35,36,29,105
5332,56,71,40,48,36,44,66,69,37,65,58,30,64,39,42,32,17,38
5333,61,117,59,36,53,29,66,105,69,98,33,51,71,56,58,54,39,65,32,67,38
5334,35,38,65,95,105,61,64,52,30,44,50,39,69,32,60,56,40
5335,60,64,66,61,42,45,58,33,84,36,39,56,73,50,10,32,53,28,44
5336,60,33,58,29,57,50,39,69,52,40,27,51,53,59,43,66,56,64,61,84,62,31,67,22,105
5337,30,47,64,27,35,65,40,53,60,59,56,48,38,45,69,42,67,37
5338,69,32,51,65,71,58,42,56,35,27,29,50,54,39,74,67,105
5339,64,58,4,36,57,37,35,66,86,15,54,71,67
5340,35,45,59,52,30,57,50,27,51,53,71,4,54,32,56,42
5341,71,40,60,58,61,52,68,47,50,37,51,66,43,108,27,69,53,42,90,38,39,59
5342,39,38,52,72,50,48,67,66,105,45,47,65,108,51,32,44,30,71,54
5343,43,65,47,95,39,61,51,50,40,48,31,60,105,27,56,67,35,117,119,72,7,71,54,63,66,64,59,42
5344,39,47,33,63,50,65,43,53,27,49,42,61,58,55,35,59,29,18,56,5,30,77,66
5345,65,30,61,105,27,64,52,35,67,69,37,42,36,66,60,40,38,84,33,44,43
5346,71,66,45,52,84,29,31,39,32,56,59,37,49,85,36,30
5347,84,54,65,72,59,35,47,30,27,57,71,45,48,37,33,51,63,41,49,105,66
5348,58,41,59,37,84,29,56,50,36,54,45,27,48,49,97,60,53,35,19,42,33
5349,105,39,59,72,51,65,30,29,66,37,71,61,31,33,56,67,44,34,49,28,38,60,118,11,47
5350,48,50,37,36,52,54,69,32,38,40,105,47,64,65,114,39,56,84,44
5351,27,84,64,48,38,65,59,40,66,49,47,39,60,32,52,85,77,29,56,42,9,34,54,117,105
5352,57,38,30,42,31,27,52,58,4,72,36,39,35,59,47,63,105,34,53,64
5353,60,42,71,51,47,69,49,53,105,38,65,66,29,94,58,45,59,43,32,89,37
5354,38,71,30,65,27,36,32,48,28,72,63,67,50,43,47,35,37,44,61,49,68,22,17,33,5,56
5355,54,64,61,63,51,47,31,67,66,65,27,35,70,45,58,56,69,49,18,52,72
5356,52,72,51,105,29,27,71,67,48,44,59,42,32,50,60,65,58,61,36,69,49
5357,68,58,72,42,105,30,39,38,19,37,35,54,52,27,44,84,45,61
5358,68,52,64,71,48,53,50,61,29,59,66,6,28,37,72,36,42,98,58,12,69,105
5359,66,31,33,52,51,27,45,105,30,49,44,60,72,35,48
5360,58,66,32,52,72,48,59,37,54,65,56,33,44,41,47,42,97,64,89,60,30,20
5361,71,60,45,42,72,40,54,53,39,67,38,66,36,37,70,33,30,65,48,69
5362,60,33,67,37,42,72,38,59,64,65,44,32,39,56,36,48,78,51,66,105,63
5363,54,44,58,60,51,30,38,48,27,59,22,47,50,52,115,42,49,84,31,45
5364,58,65,69,31,72,45,50,61,35,67,53,33,37,51,54,60,11,29
5365,54,84,49,53,61,63,71,33,72,65,30,50,35,45,28,40,38,4,52,36,67,27
5366,105,60,72,27,29,35,52,84,30,67,66,71,59,88,64,51,65,95,99,24,45,85,50
5367,43,52,35,45,57,31,29,51,95,37,47,72,56,64,32,42,36,58,61,44,22,69,4
5368,64,27,61,66,37,39,60,42,35,30,47,36,76,67,65,48,32,56,59,58
5369,43,37,59,45,67,52,95,65,69,33,40,39,4,87,117,60,24,85,22,66,44,31
5370,67,51,44,38,59,42,47,36,30,61,54,28,32,66,104,37,82,71
5371,45,60,51,52,67,48,66,42,57,105,63,50,33,54,72,23,30,38,12,49,44,40,29
5372,69,52,49,51,65,47,61,35,38,37,36,79,31,42,5,72,39
5373,54,36,52,48,30,72,49,51,27,31,53,4,50,71,1,79,45,39,40,35
5374,37,35,64,53,33,50,59,72,66,45,49,105,65,61,56,40,32,24,76,70,52,82,39
5375,36,61,72,53,52,60,39,68,32,69,67,27,31,79,47,59,49,57,45,9,8,44
5376,39,59,49,52,48,66,4,72,42,35,37,33,50,51,53,56,60,34,65,105,67
5377,69,44,38,32,35,105,61,48,54,70,36,37,53,58,65,66,59,45,40,28,27,50,77,30,60
5378,105,30,38,72,51,49,45,54,108,42,64,43,35,34,50,66,37,52,65,31,36
5379,70,67,58,47,29,60,50,12,35,4,57,30,64,53,21,63
5380,27,58,95,30,52,84,35,63,40,39,67,49,68,51,64,37,70,62,24,105,47,29,104,32,65
5381,105,71,45,59,35,67,49,30,57,53,27,61,36,56,54,65
5382,44,60,72,38,56,52,31,37,49,40,39,8,71,57,105,27,79,29,106,58,41
5383,58,27,61,54,95,40,30,64,60,63,84,29,56,51,44,59,76,50,39
5384,61,56,27,37,31,60,65,49,35,51,105,69,36,67,47,45,54,12,48
5385,56,32,58,72,27,52,44,31,36,50,53,64,49,37,61,71,42,67,54,38,51,60,48,2
5386,44,32,29,42,35,61,30,84,27,71,45,33,105,56,12,66,11,40,60,47
5387,95,42,29,53,27,65,60,58,30,51,40,39,44,59,33,72,15,47,73,24,54,56,50
5388,32,54,31,59,52,71,40,60,49,56,36,46,58,53
5389,36,56,64,52,49,60,30,31,59,47,50,33,53,72,38,57,35
5390,65,58,61,5,42,33,48,54,72,56,30,51,69,97,39,38,27,44,31,53,47
5391,47,48,72,52,57,37,45,31,51,101,35,33,69,112,53,50,38
5392,29,44,95,84,66,49,35,45,37,50,56,60,67,38,48,30,59,72,25,61,32,81,36
5393,43,4,64,36,60,66,58,27,31,61,111,67,65,42,84,72,32,28
5394,70,58,36,48,60,38,64,54,30,50,37,49,32,56,53,76,69,45,29,65,42
5395,95,110,53,61,40,32,48,29,69,63,30,33,51,64,118,65,54,42,84,49,74,47,50,44,5,37
5396,60,40,33,64,54,30,50,66,31,67,61,27,52,47,105,68,53,29,42,65,72,37
5397,45,31,38,57,48,51,53,36,37,59,32,71,33,84,39,50,6,69
5398,66,58,56,44,60,42,72,67,57,36,49,30,45,61,39,54,96,15,27,51,47
5399,65,69,39,29,52,49,45,37,105,50,95,59,18,44,51,19,35,42,48,87,71,57,4,61
5400,53,60,35,52,44,67,68,50,32,58,42,38,33,64,56,39,36
5401,66,44,36,59,29,30,33,68,65,52,17,32,48,53,35,107,76,84,31,49,19,60
5402,54,35,95,102,51,44,45,31,29,70,67,39,36,27,30,48,32,47
5403,56,69,71,67,84,105,42,57,49,41,35,52,72,40
5404,58,50,49,32,65,67,84,37,87,104,38,60,72,24,71,30,48,47
5405,54,43,48,61,51,49,71,58,84,39,65,29,52,36,35,31,72,30,50,45,56,9,15,64,62
5406,69,66,58,38,40,32,47,33,71,57,27,70,30,11,53,35
5407,50,56,105,65,40,32,61,58,116,48,47,54,49,17,69,51
5408,69,42,53,35,44,33,54,47,60,91,56,105,61,51,4
5409,38,60,36,105,48,67,84,72,31,71,42,39,49,54,56,29,63,69,44,27
5410,42,58,59,44,84,52,61,38,95,37,97,60,105,46,119,56,45,35
5411,38,50,31,27,33,48,71,56,52,39,30,40,66,36,105,69,42,7,53,74,13,47
5412,32,27,40,49,72,59,51,60,42,105,31,52,45,66,37,29,56,93,71,54,36
5413,48,61,49,39,66,44,51,33,53,63,52,88,90,105,37,71,60
5414,67,49,54,31,64,69,59,40,50,47,71,53,42,60,23,78,36,38
5415,61,42,105,60,29,51,30,47,67,59,27,53,31,35,111,49,57,66,52,37
5416,35,50,47,105,71,61,54,29,32,59,64,67,70,84,58,52,31,18,114,48,30,27
5417,43,56,60,58,61,30,52,50,45,105,33,59,28,71,29,66,69,40,32,35,31,63
5418,32,54,37,72,67,57,59,48,66,31,50,33,71,63,38,69,35,52,51,12,36,79,105,45
5419,58,72,40,63,54,30,39,69,64,105,51,31,50,89,60,38,56,52,71
5420,42,71,51,38,32,60,65,30,40,58,64,37,39,27,4,5,59,78,56,47,52,105,63,36
5421,65,69,40,29,42,27,33,70,30,38,50,60,39,72,56,5,59,37
5422,29,37,71,59,42,49,60,30,50,38,47,39,44,58,36
5423,67,4,27,69,33,52,35,53,65,29,42,38,60,59,70,66,32,47
5424,40,60,30,47,52,72,69,105,36,67,54,53,117,58,29,65,32,42,64,44
5425,32,105,45,56,30,53,66,70,51,49,50,38,60,79,31,35,47,29,28
5426,35,42,53,33,63,50,61,37,58,30,40,28,105,51,43,67,95,45,65,44,46,32,21,54
5427,40,47,38,59,69,39,27,60,67,53,42,51,71,52,57,56,50,37,4
5428,54,30,56,42,49,44,50,64,71,38,47,48,66,32,27,70,40,45
5429,45,42,65,105,54,27,60,56,57,70,67,39,36,53,52,69,33,29,72,47
5430,105,66,52,36,45,31,67,54,61,48,51,60,50,39,59,40,87,33,47,38,65,109,35
5431,105,27,60,30,42,84,32,54,53,48,114,51,67,40,71,49,85,38,95,36,44
5432,32,27,56,64,35,59,42,66,61,39,49,74,53,114,60
5433,53,27,84,35,30,58,69,60,49,38,72,92,56,39,66,37
5434,38,105,69,71,29,64,49,30,95,70,60,54,45,65,92,88,56,58,27,91
5435,45,67,32,30,56,35,105,51,36,42,78,61,72,27,26,53,28,29
5436,31,58,61,51,47,38,54,60,30,37,56,33,69,32,39,40
5437,40,30,103,37,38,52,45,118,71,32,58,31,47,67,56
5438,29,4,53,66,40,44,35,39,37,42,31,65,54,50,32,30,105,36,24,71,72
5439,32,44,40,50,29,66,48,105,33,60,70,52,56,61,65,67,47,64
5440,32,63,72,66,37,43,69,84,44,40,39,65,71,31,29,14,54
5441,48,39,69,45,51,29,33,54,105,43,5,2,49,47,57,36,52
5442,27,69,35,47,105,61,70,38,45,52,71,33,51,72,30,42,54,59,65,50,93,29,32,9
5443,32,40,51,36,105,38,57,42,66,27,58,31,45,48,71,39
5444,54,52,44,61,71,58,38,84,40,67,57,48,69,59,27,43,32,46,26,23,31
5445,4,58,51,45,61,35,49,37,52,71,30,48,31,44,33,29,114,24,60
5446,69,49,50,48,52,56,60,29,30,65,59,113,40,45
5447,38,66,33,60,52,39,29,71,56,91,30,51,69,32,84,67
5448,67,63,71,72,66,50,39,64,56,42,35,49,37,33,40,27,31,53,54,38,58,26,36
5449,63,53,57,36,44,29,54,45,32,35,66,72,19,64,34,58,33,67,39,56,91,37,27
5450,40,38,31,35,27,60,67,4,52,59,64,84,58,66,45,68,16,30,69,36,54,105
5451,54,105,69,51,38,53,48,30,40,42,44,32,71,35,110,63
5452,45,79,35,61,38,59,33,49,39,37,65,58,89,51,47,67,29,70
5453,43,71,72,36,44,52,60,58,50,29,48,47,66,4,69,51,56,65,35,64,105,40,57,67
5454,50,45,51,60,66,64,33,30,49,48,38,37,71,27,35,65,67,52,44,69
5455,63,40,54,35,71,47,49,66,65,53,38,105,58,72,50,51,19,43,29,44,87,37,46,39
5456,71,39,45,52,69,51,65,40,68,105,72,42,27,58,31,49,32,60,36,64,56,13,33
5457,51,42,56,71,50,35,47,27,49,29,60,53,39,5,41
5458,58,61,42,41,49,11,36,59,57,38,70,32,69,43,54,51,33,35,12,14
5459,71,52,39,50,61,69,29,36,48,54,56,60,51,4,59,35,32,97,49,65,53,84
5460,30,95,63,84,56,31,53,29,50,57,71,38,66,32,36,37,52,96,35,61,39,60,33,10,5,47
5461,61,43,64,57,59,37,67,32,36,58,52,44,27,49,40,105,29,72,47
5462,27,56,71,105,29,47,61,39,52,48,45,72,69,64,33,54,53,60,49
5463,71,35,61,30,53,105,42,44,69,56,54,37,40,70
5464,49,53,39,40,52,72,37,67,33,66,38,47,28,50,65,64,69,36,42,44,11,4,56
5465,53,51,27,33,60,50,63,39,29,66,56,42,49,101,32,44,38,36,111,58,71,45,47,37
5466,30,64,35,95,61,45,44,65,49,48,42,72,29,38,56,31,51,105,52,32
5467,48,67,35,38,71,30,31,61,60,39,42,69,49,32,37,65,43,53,58,51,59,13
5468,65,37,61,64,69,45,56,35,71,57,67,52,28,49,66,82,84
5469,65,45,60,30,69,32,64,61,54,31,67,44,57,58,37,10,35,70,52,51,50,3,40
5470,27,31,52,59,48,54,39,72,45,44,61,4,70,35,38,69,29,42,40
5471,53,49,31,50,33,37,84,60,65,38,69,42,64,56,51,59,36,66,45
5472,67,64,49,63,39,47,54,38,52,84,51,70,53,31,66,58,24,30,60,50
5473,67,69,39,49,63,31,48,50,51,32,40,53,38,92,66,29,4,42,46,45,61
5474,27,56,50,35,30,105,51,4,48,38,47,32,67,81,65,71,58,59,54
5475,51,48,60,38,45,56,50,31,66,35,58,37,61,32,64,10,30,53,47,82,49
5476,50,56,48,69,31,45,67,53,27,60,72,4,47,37
5477,64,37,27,52,53,4,30,69,20,2,44,77,65
5478,37,36,95,44,67,48,64,54,58,33,39,29,31,63,50,65,35,69,68
5479,69,39,52,72,68,40,50,47,105,61,71,38,42,103,45,44,41,56,60,36,30,51,29
5480,16,64,4,45,58,50,51,59,33,56,32,52,47,69,49,40,29,31,86,55,44,84,105,38
5481,65,95,4,58,35,42,105,45,32,60,53,47,8,43,44
5482,32,56,72,41,65,61,63,35,27,50,95,36,58,53,59,29,51,105,40,31,48,52,45,33,78,67,42,88,30
5483,72,38,31,71,39,52,32,35,33,49,60,42,65,4,59,64,105,63,40,57,17,48
5484,49,29,27,42,45,53,52,37,64,31,65,5,56,40,4,94,35,100,105,61
5485,84,47,66,65,105,33,72,69,50,58,48,87,71,39,53,43,38,119,45
5486,49,105,36,47,60,56,37,52,54,69,51,31,42,29,66,15,64,40,12,58,44,71,72
5487,61,49,56,65,33,54,50,59,31,44,67,71,35,53,89,42,51,60,38,92,48
5488,27,32,36,69,31,30,41,71,67,39,45,65,40,70,86,59,33,57,60,72,50
5489,51,48,63,33,95,58,84,60,56,61,69,44,65,29,45,27,97,54,32,72,66,52,64,20
5490,59,54,71,63,35,31,39,60,50,66,49,105,20,67,48,64,30,95,44,100,38
5491,61,50,64,60,72,38,40,52,69,30,65,58,56,66,54,31,47,37,42,3
5492,42,32,84,67,58,95,61,27,30,56,35,44,31,47,37,59,72
5493,84,32,29,51,50,64,52,54,53,105,40,66,61,31,38,1,58,59,44,56,28,27,37,42,9,33,3
5494,59,47,42,45,67,40,71,49,29,105,65,39,48,72,56,61,51,106,38,33,89
5495,43,27,65,32,67,50,39,52,56,30,31,64,38,95,40,37,5,35,6,72,29
5496,52,51,31,48,39,29,50,65,45,64,66,42,63,32,104,27,44
5497,44,59,30,65,37,27,48,38,49,67,52,69,32,64,42,33,106,40,29,105,50,31
5498,56,29,71,57,32,67,50,47,42,27,54,45,37,62,72,106,113,46,44
5499,42,44,40,49,53,72,31,27,67,69,116,66,30,59,45,58
5500,66,4,33,56,51,58,45,95,70,61,72,35,47,11,81,76,114,50,48,59,49,64
5501,38,54,61,84,69,67,42,50,65,51,33,48,27,73,44,36,47,45,19,4
5502,37,33,66,43,4,57,40,45,86,60,35,48,52,29,64,54,53,58,71,67,69,51,42
5503,43,61,70,52,71,72,95,39,58,29,49,65,79,47,37,24,92,42,56
5504,49,72,29,38,50,47,69,105,51,64,35,53,67,27,95,31,48,30,41,82
5505,42,72,32,44,53,35,61,49,30,66,48,50,27,58,37,51,67,65,31,52,60
5506,43,95,48,52,30,47,66,49,27,59,56,61,45,29,65,67,32,71,90,118,31,17,50
5507,67,66,58,38,42,72,84,31,61,47,45,35,69,51,64,56,50,65,81,30
5508,95,40,54,36,43,42,48,39,32,38,69,71,66,68,27,57,50,51,31,47,52,49,77,45
5509,30,35,29,71,64,56,105,51,54,60,48,33,67,59,42,49,66,45,47,38,50,36,31
5510,59,53,67,38,71,31,68,66,43,32,57,105,64,72,16,65,50,28,48,45,101,33,40,47
5511,69,32,51,50,71,37,40,39,31,47,53,36,56,65,29,52,27,60,49,112,54,89
5512,69,39,30,59,48,35,27,47,71,65,38,105,82,112,31,29,41
5513,66,69,32,58,65,29,27,47,38,35,40,84,56,39,60
5514,38,4,29,52,42,30,95,39,71,40,66,105,35,59,70,72,54,27,50,56,36
5515,61,40,69,33,42,29,63,27,30,44,57,31,67,54,45,38,66,36,72,118,52,50,51
5516,51,49,54,29,47,53,38,65,39,45,31,50,71,67,66,36,32,59,44,42
5517,71,35,69,49,65,70,29,54,56,47,45,32,59,105,44,36,4,31,15,83,38
5518,37,69,39,53,32,60,57,52,40,44,59,29,68,51,84,33,45
5519,72,84,50,37,53,60,30,78,35,39,71,95,29,38,104,51
5520,33,84,29,36,59,31,63,60,47,49,48,40,56,3,72,25,37,73,32,44,69
5521,53,29,69,105,54,70,52,45,63,51,50,39,35,67,86,38,57
5522,69,61,59,31,30,44,39,65,33,57,54,45,67,47,105,60,40,38,29,35
5523,58,50,71,53,105,47,56,51,27,42,38,49,45,67,44,36,35,30,60,29,48
5524,40,27,49,57,32,48,71,45,42,63,30,66,39,29,36,60,78,38
5525,42,44,38,48,35,65,29,58,72,71,105,43,64,31,70,33
5526,39,58,64,50,30,31,53,59,47,45,67,36,71,37,105,38,63,116,48
5527,61,47,30,105,51,58,72,50,60,38,66,36,42,114,23,64,100,69,7,44
5528,45,60,69,29,36,27,56,71,35,54,48,92,50,64,34,66
5529,32,60,71,67,42,50,69,33,40,48,31,45,38,68,59,56,103,70,58,55
5530,51,60,44,54,32,50,65,27,40,64,96,31,37,57,4,105,52
5531,47,84,40,29,60,39,48,36,70,72,50,67,31,69,11,32,53,35
5532,95,64,48,32,59,50,53,42,84,71,72,105,66,54,47,49,39,27,31,69,29
5533,41,40,39,38,37,71,44,58,66,56,48,49,65,72,54,47,60,67,25,35,42,84,68,27,36
5534,60,54,4,35,66,56,47,32,29,43,71,44,70,25,30,65,74,24,50
5535,27,54,95,71,58,65,59,32,57,44,33,110,52,60,63,28,67,105
5536,29,58,31,52,66,35,40,45,32,57,36,69,105,72,44,50,51,27,71,53,42,70,28
5537,40,84,71,44,36,31,39,42,66,60,72,65,58,57,51,37,61,21,49
5538,105,66,47,95,45,28,72,52,31,44,39,38,53,37,29,64,108,1,41,35,42,40
5539,64,29,59,40,53,60,33,57,70,30,56,44,71,88,51,45,69
5540,42,27,56,32,31,37,33,84,44,48,47,58,30,29,72,39,60,71,51,66
5541,39,48,45,61,37,36,38,71,72,27,60,31,30,42,44,59,51,67,58,63,50
5542,40,37,51,54,30,32,67,84,64,52,7,47,66,4,76,60,36,33,45,38,72,71,6,58,39
5543,31,58,37,29,32,53,64,105,59,63,89,52,56,45,30,44,84,26,34,11,35,43
5544,33,67,40,42,51,52,39,4,5,59,27,36,58,56,30,44,93,41,50
5545,50,38,72,27,42,29,105,60,44,69,31,106,81,35,40,65,36,59,45,71,87,4,54,53,15
5546,43,42,49,67,56,50,65,69,38,44,45,35,60,48,53,39,52
5547,27,48,69,35,66,44,36,61,112,42,33,29,67,4,92,37,54,64,51,103
5548,60,69,72,47,33,38,42,56,59,53,31,48,66,45,54,40,4,41,27,30,64
5549,53,39,68,38,61,105,45,58,67,27,48,29,31,54,37,72,95,71
5550,50,36,39,58,44,65,105,38,37,53,54,48,29,69,45,42,61,56
5551,58,49,29,27,37,31,63,36,4,95,50,39,54,56,70,66,69,38,71
5552,27,60,61,17,66,63,54,45,29,42,52,37,47,30,41,86,49,67,71,73,44
5553,84,56,67,30,69,36,32,29,58,52,27,37,39,72,48,60,113,66,106,45
5554,52,84,64,59,54,38,35,71,61,66,49,67,1,31,39,93,44,58,45
5555,30,39,60,31,27,38,54,64,58,32,33,71,67,51,28,40,59,37,42
5556,42,58,84,64,66,33,36,35,45,71,69,51,47,54,18,98,48,31,49,14,32,30,67
5557,45,43,59,69,65,33,72,32,54,66,64,36,30,91,5,40,51,80
5558,39,105,49,45,27,37,61,50,60,29,44,65,58,42,53,28,51,40,36,32
5559,61,49,29,47,42,35,67,52,33,51,39,66,50,48,36,9,30
5560,30,54,66,38,52,40,71,65,72,45,48,29,37,42,43,53
5561,43,48,84,65,60,40,64,49,45,51,71,105,29,31,24,66,35,52,67
5562,32,47,60,59,57,69,48,56,53,72,33,64,42,38,99,30,84,36,40,31
5563,53,72,36,45,48,71,105,65,49,44,70,37,54
5564,61,52,72,40,33,39,44,49,56,51,32,71,57,4,65,42,74,46,105,69,58
5565,63,45,36,60,38,58,71,50,49,66,56,69,59,37,72,67,31
5566,56,65,72,38,66,32,37,59,36,53,30,48,69,33,24,52,58,45,46,64
5567,33,49,50,27,64,53,38,105,39,29,44,65,84,36,37,45,95,106,59,67,31,71
5568,47,33,36,32,37,35,48,29,67,56,43,38,80,65,84,60,93,119,30,50,44
5569,71,32,64,47,59,51,45,42,58,38,49,40,65,36,73
5570,69,38,54,32,42,50,27,64,36,61,24,30,39,40,115,56,57,31,58
5571,45,44,59,39,65,66,67,105,72,95,84,71,52,51,29,37,61,64,54,94,97,48,56,79,24,63,53
5572,48,59,61,43,27,32,64,53,33,56,60,29,67,57,39,66,110,47,38,58,35
5573,63,36,60,30,65,47,105,50,54,58,72,44,35,27,51,38,31,52,48,67,41,42
5574,52,37,29,36,47,58,38,56,48,72,84,66,65,35,30,31,9,60,70,45,74,39
5575,105,59,56,45,58,54,51,70,66,72,64,39,32,29,26,4,94,61,104,30,95,36
5576,50,105,56,37,40,31,67,32,69,47,61,49,53,51,71,27,45,38,48,44
5577,60,67,65,45,105,38,50,64,33,42,71,29,47,48,56,30,58,114,44,15
5578,5,48,105,4,38,67,52,51,53,54,30,32,65,71,37,56,66,58,50,69,47
5579,37,56,48,66,61,53,51,69,72,67,105,40,49,42,71,65,44,24,58,32
5580,48,56,45,33,32,69,44,35,4,113,21,29,71,58,59,67,53,31
5581,43,59,72,57,71,67,64,48,56,54,47,69,50,39,52,4,53,49,24,30,32,45,66,1,42
5582,56,59,47,51,58,41,33,31,42,30,36,39,48,72,71,5,37,44
5583,56,36,53,35,51,33,59,48,38,44,64,69,52,61,17,58,45,72,57,27
5584,43,39,54,52,37,50,59,53,66,38,72,36,35,40,27,48,69,42,68
5585,61,39,31,35,47,60,51,95,53,30,99,66,49,63,105,32,84,69,4,64
5586,39,44,51,72,49,32,60,42,37,56,61,36,30,27,52,47,113,53,29,33,84,68,65,69
5587,38,35,105,84,70,39,32,51,50,42,87,56,36,72,53,65,59
5588,53,47,31,27,32,69,30,48,59,65,85,71,61,40,39,58,50,44,63,70,2
5589,67,53,49,30,36,51,58,60,50,52,48,38,47,61,64,66,44,31,41,65,16
5590,40,38,39,30,61,84,53,27,60,72,33,29,47,83,17,43,19,48,35,42
5591,38,56,47,66,4,42,37,50,29,52,69,39,40,31,35,63,27
5592,60,31,40,44,42,53,68,2,57,37,51,67,27,29,63,36,65
5593,4,39,33,45,105,58,37,71,72,38,66,65,83,46,81,48,41,110,50,44,59,53,67
5594,42,64,36,67,44,30,59,38,66,45,31,60,72,51,90,35,63,79
5595,37,67,38,69,56,47,33,29,63,19,65,49,59,39,61,51
5596,38,42,64,48,49,84,58,67,61,71,70,4,56,54,69,66,60
5597,37,31,39,33,42,38,44,51,105,36,71,30,49,35,27
5598,72,44,42,31,67,69,32,50,60,27,66,38,58,40,47,39,36,53,51,59
5599,44,59,30,52,35,61,32,58,38,29,57,42,65,51,37,27,45,39,33
5600,33,71,51,45,105,59,27,28,54,30,36,43,48,57,31,39,60,66,29,72,64,69,41,40,52,58,37
5601,38,37,49,48,60,40,36,44,52,31,64,58,118,27,7,85,53,101,12,45,67,9,30,42
5602,50,59,35,42,31,67,72,36,60,44,52,66,54,53,38,45,48,71,29,98,57,32,89,47
5603,44,49,69,40,31,48,47,50,51,58,35,2,59,65,42,72,29,71,83,33
5604,53,60,37,31,38,56,39,29,33,84,27,43,64
5605,95,53,58,105,42,52,56,67,50,44,36,65,47,35,33,15,28,38,32,72,31,70,48
5606,4,105,37,39,64,50,42,63,61,41,53,30,27,59,40,60,52,66,84,73,75,45,31,54,13,65
5607,27,72,63,40,37,36,65,29,30,38,57,59,44,69,4,48,26,84,50
5608,58,67,54,70,49,43,40,36,47,45,37,60,27,31,17,101,39,62,64
5609,45,36,54,84,59,60,33,105,65,32,40,31,58,51,53,47,37,27,63,73,30,89,35,71,41,39,42,61
5610,45,43,64,32,44,27,65,28,60,31,59,47,49,54,40,42,52,50,17,38,103,69,87
5611,44,65,58,39,32,31,24,70,84,27,59,112,72,50,54,29,53,56,2,64
5612,56,59,95,32,30,70,69,47,4,114,43,66,91,33,51,42,31,50,39,35,65,67,20,38,52
5613,52,40,64,53,59,67,45,105,69,118,48,1,56
5614,53,40,65,31,57,47,48,60,52,51,58,49,38
5615,60,71,66,64,35,39,30,37,59,41,67,54,112,48,44,56,31,105,114,42,32,36,68,50
5616,47,51,71,39,49,67,72,32,69,56,119,4,105,37,35
5617,105,51,72,48,67,57,32,63,4,42,68,28,69,41,31,30,35,39,40
5618,40,35,61,37,39,54,29,33,31,50,43,66,36,45,30,57,49,53,84,105,67
5619,37,42,66,54,84,47,44,97,38,69,29,45
5620,39,51,47,65,42,56,37,27,67,118,60,69,100,46,29,50,70,59
5621,63,72,56,30,50,47,51,37,27,48,49,57,35,44,52,31,67,54,64,71,38,105
5622,105,40,49,60,45,71,32,36,72,31,44,63,37,51,91,56,21
5623,52,56,71,37,68,48,30,27,41,59,53,29,67,58,69,49,34,50,72,45,66,32,55,51,35
5624,72,38,36,60,42,29,51,35,61,53,47,67,56,30,97,49,4,66,59,84
5625,65,69,42,40,37,60,48,58,52,84,32,51,39,31,50,71,35,49,66,109,33
5626,52,49,31,68,42,40,4,58,61,84,48,56,27,51,6,30,65,35,60,29,69,36
5627,58,49,60,72,40,54,69,50,52,39,65,36,45,66,32,37,38,53,70,42,80,5
5628,53,38,4,59,47,61,58,33,54,45,51,42,69,50,27,39,71,37,31,18,72
5629,66,44,31,52,36,51,60,50,40,29,42,54,15,69,47,38,53,72,30,64,49,61
5630,36,58,53,69,48,72,56,39,61,33,40,59,31,60,42,51,52,30,107,32
5631,58,36,67,42,35,105,70,49,51,54,64,40,61,47,38,16,66
5632,38,105,32,57,72,64,42,65,27,61,70,71,30
5633,67,40,52,53,48,54,31,51,45,37,49,66,60,58,50,47,94,42,79,38,8,105,30,61,90,71
5634,84,40,49,48,51,59,70,58,29,32,45,105,60,66,78,52,33,30,12,71
5635,39,27,64,47,48,38,49,59,72,67,56,66,37,33,54,50,44
5636,45,84,61,39,53,47,44,42,33,95,51,37,67,72,71,5,114,49,65,29,105
5637,30,95,105,50,44,52,31,47,60,49,5,56,32,68,29,57,35,69,42
5638,57,60,32,40,59,37,54,38,51,53,35,72,105,33,86,30,52,66
5639,67,49,59,51,42,30,35,52,32,37,27,56,38,71,60,53,39,75,69,84,50
5640,50,44,40,56,45,33,42,48,95,71,47,72,59,102,66,27,35,32,57,69
5641,31,64,5,54,36,37,47,105,70,60,52,51,57,66,56,44,50
5642,66,51,30,60,58,27,65,56,72,42,48,105,82,59,29,39,64,52,35,41
5643,56,27,53,65,95,31,37,48,69,60,45,72,64,30,67
5644,64,48,30,61,59,38,49,31,54,53,39,60,47,33,72,52,34,65,32,29,36,56
5645,53,50,63,48,52,61,51,105,4,29,40,58,54,33,45,15,59,71,37,20,69,5,70,39,66
5646,71,31,69,33,39,50,29,32,72,67,61,37,58,60,36,105,59,45
5647,27,35,47,31,70,39,89,30,29,56,52,61,53,45,84,59,51,32
5648,42,58,35,47,69,27,51,52,32,39,38,98,31,44,56,105
5649,68,27,37,36,60,51,105,31,33,45,44,49,39,48
5650,39,48,27,105,56,52,45,44,37,40,70,30,35,32,54,51,59,58,24,86,50,61
5651,32,27,30,37,53,35,67,40,29,77,51,20,38,47,56
5652,51,66,32,42,60,4,36,72,67,40,58,45,52,37,53,39,35
5653,44,58,54,33,27,105,38,45,67,56,40,28,72,95,53,59,52,39,37,50,35,55,36,29
5654,59,38,48,50,54,70,64,67,29,105,56,49,58,68,63,18,9,44
5655,65,68,66,47,44,58,105,28,64,67,27,59,101,48,95,69,54,25,50,37,31,30
5656,4,52,66,29,36,35,39,50,49,51,60,44,31,32,59,42,16,33,53,73
5657,65,52,30,105,54,64,66,53,33,56,61,71,50,28,67,69,60,42,72,4,44,63,27,40,48
5658,38,71,39,47,67,58,37,61,29,84,44,69,72,42,56,102,32,116,66,24,68,40
5659,27,69,58,48,84,63,33,95,52,31,68,30,67,50,39,105,117,37,49,32
5660,64,51,54,56,61,58,65,37,105,29,60,30,66,69,7,52,53,42
5661,59,4,66,36,58,50,40,42,72,52,54,39,45,51,29,110,37,53,70
5662,64,58,30,52,15,48,33,49,56,67,55,7,115,114,113,31,27
5663,40,54,58,45,60,27,57,53,63,31,92,70,105,5,66
5664,105,71,61,72,32,48,59,56,47,37,29,67,50,68,36,42,49,95,46,38,53,103
5665,69,44,61,35,29,27,51,53,59,71,90,50,36,54,64,72,47,67,60
5666,53,47,69,45,27,33,40,57,72,58,59,31,119,54,30,66,38,49
5667,65,56,35,71,84,57,43,61,39,72,48,29,28,40,70,51,115,59,105,60
5668,42,35,45,51,40,67,54,59,72,60,65,47,81,10,44,49,98,66,58,6,71
5669,38,30,65,32,63,54,70,84,48,72,36,64,27,58,60,51,12,33,69,104,116,42
5670,29,51,48,58,64,53,47,37,31,33,30,39,36,80,69,56,78,54,71,5
5671,69,37,27,32,42,30,49,50,31,87,38,56,33,58
5672,71,27,36,47,60,59,33,31,69,58,35,66,42,38,44,37,1,56,99,19
5673,50,69,100,71,84,103,27,87
5674,47,64,66,65,53,45,42,27,29,30,4,38,49,32,25,50,48,46,72,5,52
5675,92,53,47,27,36,64,58,69,45,59,35,67,33,48,40,29,114,43,105,60,37,15,7,42,54,84
5676,71,63,84,50,105,66,30,44,36,40,33,48,49,7,47
5677,63,54,30,36,72,33,53,51,47,105,66,52,61,117,48,45
5678,72,33,64,36,59,40,58,54,63,50,56,105,47,73,4,27,24,51,49,30,114,69
5679,61,59,36,58,105,29,54,49,48,66,72,88,30,52,38,93,65,23,17,42
5680,52,4,66,95,36,71,37,58,61,70,65,48,32,59,35,67,88,69,100,57,60
5681,49,105,47,48,50,36,54,42,39,63,37,66,79,30,52,45,32,58,31,53,71,84
5682,59,49,29,52,67,53,56,32,58,69,48,105,45,66,39,30,42,43
5683,47,105,40,45,59,65,29,51,31,64,35,58,56,52,119,36
5684,50,59,63,95,72,31,61,39,64,54,37,32,40,22,44,28,27,42,47,17,71,56,91,108
5685,61,69,105,65,60,49,84,51,36,44,67,27,56,35,42,73,101,54,66,119,47,33
5686,58,27,66,61,44,71,95,48,36,72,50,85,69,30,67,65,39,60,105
5687,51,30,44,50,32,27,56,37,39,35,33,61,29,48,71,49,72,53,54
5688,42,60,66,58,50,47,45,65,49,61,38,56,110,27,109,37,44
5689,48,56,27,60,50,61,31,53,52,39,30,72,23,47,29
5690,58,50,32,72,51,67,61,84,37,42,65,29,53,60,4,49,56,71,31,33,66,105
5691,37,54,84,41,71,67,38,61,35,60,36,52,72,30,53,64,33,42,49,40,27,6,31,4,32,51,44
5692,71,60,72,58,38,52,33,67,69,19,27,105,73,47,61,32,4
5693,40,30,44,48,72,29,47,53,58,69,61,66,45,57,17,63,33,64,36
5694,60,52,105,47,68,44,31,70,64,50,39,4,66,54,57,67,35,48,95,58,73,65
5695,58,59,60,52,33,30,45,27,31,105,71,108,53,9,66,47,29,36,39
5696,45,48,37,42,71,105,67,30,33,65,27,51,52,31,58,47,7,61,64,53
5697,42,29,53,31,67,63,68,39,65,56,54,27,57,105,59,64,43,52,30,82,66,114
5698,59,42,58,29,32,53,45,40,49,66,60,105,69,44,61,31,65,36,39,98
5699,29,66,69,4,37,56,50,60,71,48,54,2,70,63,59,45,114,32
5700,50,37,58,47,44,35,105,27,48,56,42,66,69,60,32,45,31,38,4,29,1,49,15,30,72,51
5701,56,51,32,58,44,47,60,61,30,69,50,36,96,94,66,103,71
5702,71,69,54,66,51,35,60,52,49,92,39,65,59,105,40,53,44,77,32,38,31
5703,40,37,47,60,52,64,42,61,59,30,32,45,35,71,38,48,68,54,27,66,5
5704,60,31,36,38,32,59,35,27,37,44,49,29,69,48,72,42,64,67,78,52,71
5705,57,69,17,42,48,72,40,29,53,56,24,102,115,61,44
5706,95,53,37,27,64,29,58,31,69,32,71,39,90,60,40,48,44,67,72,33
5707,66,5,51,56,29,67,61,40,105,36,65,43,71,57,27,48,44,54
5708,65,45,50,51,54,31,105,27,57,42,52,37,44,38,32,59,53,41,92,95,67,39
5709,31,51,45,47,33,67,66,59,69,60,27,36,37,58,72,35,65,39,105
5710,59,45,38,48,37,67,72,84,49,47,27,29,6,106,35,51,86,69,53,33
5711,36,30,95,56,35,42,48,57,37,60,27,38,15,29,58,71,45,103,20,72,110,33,59
5712,4,50,53,49,28,70,51,27,39,56,67,54,37,44,65,98,72,105,61,38
5713,52,72,66,58,59,61,49,51,53,110,69,48,35,39,38,50,55
5714,48,37,40,32,105,35,84,45,34,47,59,39,38,31,54,19,56,66,65,28,63
5715,50,60,48,71,65,56,105,32,61,53,24,59,52,38,57,64,44,45,66,35,98,49,29
5716,31,71,30,67,54,4,40,66,59,37,65,39,61,84,36,52,33,48,11,105,51,79,29,50,63,69,91,35,24
5717,36,58,69,45,50,72,39,47,67,57,33,40,61,66,71,51,35,48,70,38
5718,50,31,51,36,66,45,33,53,84,38,57,61,29,30,60,67,72,52,49,37,63,47
5719,40,72,71,69,67,53,37,64,52,36,42,63,31,24,70,34,29,50,47,109,65,48
5720,71,44,51,39,69,72,27,47,2,33,40,64,32,66,46,56,35,50,93,45,36
5721,48,58,61,47,29,42,105,91,51,50,97,31,44,39,53,66
5722,30,63,47,72,71,69,36,42,67,84,105,45,44,32,48,57,33,35,66,52,51,58
5723,32,35,84,28,29,45,51,60,56,65,72,44,20,52,33,36,39,30,2,53,37
5724,43,95,61,65,29,56,58,66,72,70,32,38,54,48,36,69,68,28,39,64,40
5725,64,95,36,4,44,52,67,42,56,29,57,72,27,66,40,69,65,35,84,59
5726,52,56,72,31,36,29,57,49,69,38,70,66,84,60,53,54,64,39,42,32,105,88
5727,37,84,52,65,60,32,54,59,36,39,44,66,67,45,29,64,58,94,105,81,30,102,70,47
5728,35,56,54,64,49,60,38,67,39,95,37,42,69,72,4,44
5729,105,67,32,95,36,44,30,71,29,52,40,66,53,59,118,72,51,5
5730,105,95,30,66,45,59,36,32,38,63,84,67,51,29,82,100,61,56,64,54
5731,64,65,66,40,33,45,59,42,30,36,29,49,67,84,61,32,3,27
5732,67,48,39,29,65,50,64,31,51,44,57,53,84,58,71,11,69,52,49,118,32,42,27
5733,48,51,50,61,39,35,29,56,32,69,72,52,49,60,89,66
5734,70,54,42,36,31,33,27,71,65,69,61,32,66,45,50,38,49
5735,65,50,40,84,56,48,29,64,70,95,61,59,71,17,67,47,51,66
5736,53,59,35,50,38,47,28,45,72,60,52,31,43,67,36,105,39,62,54,119,44
5737,4,42,27,30,64,37,58,24,54,61,39,56,53,60,45,44,36,84,40,50,59,69,108,46,49
5738,32,56,38,43,42,84,71,36,45,51,70,48,64,30,65,60,105,68,39,63,57,50,69,40
5739,63,52,31,57,37,60,59,61,49,39,45,40,72,64,48,47,71,105,28,54,1,30,25,43
5740,38,27,44,67,59,54,72,71,66,37,58,69,31,39,47,63,42,105,32,41
5741,63,4,43,72,42,36,50,47,44,60,112,56,61,109,59,65,27,85,64,20,105,38
5742,67,66,63,56,42,38,45,57,5,49,54,58,69,64,37,72,92,36,27
5743,59,72,33,69,35,71,48,105,95,82,4,45,42,29,60,47
5744,43,31,50,42,72,59,29,38,51,67,105,60,56,64,32,57,117,45,44,26,52
5745,40,27,66,65,36,38,95,50,84,42,4,49,59,47,54,117,71,51,23,67
5746,53,69,44,72,61,42,51,54,31,32,36,28,37,48,60,29,20,66,105,30,45,47
5747,42,50,59,60,40,44,32,72,67,105,39,38,45,52,30,31,61,65,36,33,56
5748,30,27,67,69,105,60,40,51,52,42,32,72,48,36,56,35,31
5749,84,95,65,30,42,64,51,66,40,24,69,38,36,57,60,32,37,54,31,56
5750,48,47,64,42,35,71,37,54,29,31,84,27,60,58,38,17,40,105,41,4,32,51,49,44,45
5751,38,39,44,58,49,40,66,60,42,72,36,47,56,27,95,48,29,108,52,51,30,68,35
5752,47,32,30,27,4,50,39,58,49,105,11,71,36,40,29,45,70,60,110,88,48,84,52
5753,51,29,59,71,50,38,32,54,27,49,40,48,60,33,20,10,103,36,25,24,69,42,73,105,52
5754,105,56,50,52,44,66,84,27,48,65,54,69,43,45,61,2,100,49,42
5755,36,51,40,64,95,59,54,44,56,60,50,43,28,20,70,63,85,31,53,11
5756,52,66,40,53,65,27,72,30,33,39,2,35,73,71,49,9,54,36,44
5757,5,47,51,39,94,32,71,53,38,64,57,67,58,45,35
5758,37,49,58,52,35,29,42,38,66,36,48,50,57,94,113,44,54,4,69
5759,31,38,66,43,71,44,58,84,48,105,87,53,69,47,36,33,57,49,72,52,9,67
5760,29,38,36,40,47,35,33,59,45,49,70,52,50,37,30,53,60,56
5761,54,51,38,71,61,43,60,72,56,84,53,50,24,52,103,44,29,3,45,36,65
5762,43,35,50,61,53,47,54,56,63,38,107,58,64,112,49,60,67,32,15,19
5763,32,30,29,42,48,72,69,50,36,59,53,35,70,45,76,38,49,28,66,27,64,58,12,68
5764,52,64,47,72,36,30,39,38,50,35,105,90,37,69,48,60,71,27,87,67,58
5765,67,43,45,65,47,31,42,70,64,66,27,44,48,32,53,29,50,56,4,105,30,78,51,91
5766,71,32,31,72,38,40,59,66,30,45,10,96,51,42,49,50,69,48
5767,58,69,36,38,57,65,67,44,66,35,47,105,48,27,119,78,29,75,80,73,79,60,71
5768,47,60,37,54,53,72,63,32,36,49,29,40,52,91,27,4,64,46,12,105,43,75,71
5769,53,71,60,30,31,52,38,67,47,56,41,72,64,4,51,63,2,36,49
5770,51,36,38,47,49,39,65,59,48,54,35,40,27,72,69,42,33
5771,67,58,30,32,47,35,60,61,36,63,40,57,39,53,59,49,112,31,42,56
5772,95,44,39,51,53,52,42,60,45,30,47,66,69,67,38,105,65,104,68
5773,70,105,4,37,48,72,67,53,49,59,27,56,65,91,77,39,54,35,42,51,95
5774,49,30,39,61,48,72,35,71,36,53,51,58,37,41,60,38,54,50,105
5775,35,52,53,105,84,33,27,36,45,95,71,51,69,47,31,49,44,29,50,40,4,67
5776,60,53,72,69,37,56,42,49,51,29,38,40,57,71,87,67
5777,72,31,36,45,65,56,30,70,37,57,53,58,47,60,71,67,52,27,91,49,35,54,48,10,28
5778,4,40,60,47,71,44,36,58,29,31,53,39,66,32,12,105
5779,60,42,38,50,27,57,71,39,105,66,30,29,49,85,53,35,21,113,36,69,4
5780,31,60,4,56,38,42,37,65,45,52,62,69,48,72,27,30,95,35,32,70,44
5781,71,31,36,54,42,67,56,40,27,65,45,37,58,49,29
5782,70,48,39,61,52,53,31,54,37,66,64,33,58,24,29,40,71,41,69,44,51
5783,59,44,50,72,65,27,71,105,31,42,57,54,36,30,32,58,66,52,38,67,45,51,43,48,63,84
5784,50,60,42,66,33,35,53,45,71,56,47,37,54,32,44,52,36,38,65,69
5785,44,38,36,47,40,32,58,54,66,61,29,71,53,45,49,35,65,30,48
5786,51,58,27,37,52,53,68,105,57,45,65,13,47,38,54,36,50,12,28
5787,30,53,29,72,105,45,60,37,54,47,56,69,55,42,23,66,67,113,43,65,44,27,51
5788,32,31,39,47,64,38,52,60,71,51,67,66,45,65,48,69,29,56,36,33,80,50
5789,35,38,61,58,72,60,69,17,30,84,32,59,44,64,71,51,52,50
5790,27,71,30,35,49,64,51,56,44,38,39,29,43,54,58
5791,29,54,52,36,72,71,33,51,63,67,47,31,48,35,30,49,45,114,69,10,64
5792,57,45,49,56,50,27,59,53,39,31,51,71,42,35,29,70,48,52,85,37,28,58,32
5793,60,45,52,53,63,72,61,29,38,48,37,50,83,32,28,95,49,119,65,51,20,98,69,39,35,46,59,67,54
5794,67,69,60,30,45,64,29,42,53,52,57,50,87,37,56,32,70,107,71,33,61,47,79,22
5795,56,49,38,31,54,32,33,51,60,61,72,27,36,50,37,59,29,70,53,39,64
5796,44,4,37,67,84,105,57,71,63,38,64,54,2,47,51,52,45,30,42,27,49,40,48
5797,66,37,32,35,53,61,50,54,48,51,59,92,44,47,21,40,72,39,105
5798,54,49,44,63,72,71,60,27,51,61,105,48,37,38,59,53,43,13,69,66
5799,17,47,39,48,27,30,38,44,32,31,64,54,4,52,69,40,46,36,84
5800,64,71,32,61,58,84,40,45,56,57,54,112,42,5,47,72,50
5801,52,49,36,57,48,65,39,50,69,53,101,58,31,64,38,44,42,71,59,114,106,30
5802,53,35,58,65,38,27,48,32,118,95,42,67,60,66,50,18,59,49,30,69,45,31
5803,4,58,35,66,53,32,49,36,67,37,61,57,65,51,9,29
5804,37,44,105,29,60,48,31,54,51,38,56,104,12,45,53,32,69,119,42
5805,32,33,35,84,71,47,56,67,65,105,51,82,48,59,29,57,66,70,27,36
5806,63,37,42,60,58,40,45,44,51,31,66,69,72,67,102,53,89,105,39,82,21
5807,95,51,48,36,66,56,29,67,31,35,71,44,49,32,60,75,38,58
5808,56,43,39,32,67,58,48,66,29,54,60,37,117,70,49,35,50,31,72,51
5809,37,61,38,69,65,105,36,45,58,49,35,44,60,3,72,98,102,112,63
5810,39,54,59,33,58,64,72,56,47,35,29,66,71,49,38,44,32,67,60,105,114,93,30,77,37,65
5811,31,47,60,61,58,50,49,32,53,56,36,45,27,2,81,72,4,8,38,54
5812,67,45,105,72,52,56,36,59,50,58,43,44,27,47,95,33,37,32,6,4
5813,33,68,51,105,59,29,54,40,38,52,67,42,4,37,39,43,2,45,71
5814,45,53,65,105,58,69,71,50,46,39,49,36,115,8,57,40,61,42
5815,105,66,30,41,32,56,36,71,47,68,67,39,33,29,54,81,79,58,40,35,52,53,59
5816,30,65,51,27,35,44,39,31,42,49,29,57,66,67,12,60,7,37
5817,47,72,58,69,40,56,29,49,30,39,50,48,53,37,32,63,70,9,82,43,44,114,45,42
5818,69,27,60,29,54,71,44,31,42,36,18,49,50,30,65,58
5819,84,54,48,64,71,59,72,30,27,29,36,38,67,70,95,105,47,39
5820,48,40,33,44,105,54,36,59,84,35,64,65,69,27,66,31,70,57,2,24,58,29
5821,32,45,69,33,41,59,48,29,105,61,60,38,56,40,36,95,54,21,42
5822,38,65,4,45,44,105,66,63,60,72,33,51,29,39,50,42,89,109,21,35,107,27
5823,39,69,40,71,53,33,36,31,70,51,50,35,37,38,29,60,30,42,56,59,67,44,72,9,49
5824,67,29,32,60,64,35,69,61,39,38,40,56,89,90,4,58,105,55,42,43,48,65
5825,40,52,37,38,51,64,29,66,43,36,47,50,105,48,35,56,84,58,71,45,30,42
5826,53,64,37,65,50,32,42,36,49,71,26,78,84,70,24,58,40
5827,59,49,40,105,51,45,54,27,48,52,66,29,50,71,37,60,22,62,61
5828,38,61,67,64,39,72,48,56,37,60,32,42,73,58,2
5829,47,48,31,50,30,52,32,66,49,58,44,56
5830,39,64,61,40,33,49,59,71,32,4,52,74,63,82,57,30,99,112,104,31,20,67
5831,36,43,66,52,27,49,53,64,63,45,84,33,48,4,58,51,110,47,54,1,70
5832,69,17,31,30,37,51,59,53,44,72,36,50,56,67,29,39,64,54,33,60,35,66,71,58,27
5833,47,36,67,49,42,30,39,51,50,72,71,80,38,116
5834,53,71,47,57,52,50,35,44,60,29,31,38,72,36,39,69,42,32,66
5835,45,58,61,27,36,60,54,84,48,33,39,47,70,51,49,29,53,65,30,115,71,56
5836,27,30,53,36,33,61,4,39,45,71,51,24,37,7,34,56
5837,65,84,69,50,32,48,72,59,38,66,33,39,53,105,64,42,51,56,47,45,35
5838,32,41,53,71,50,61,36,67,49,105,72,37,47,56,39,65,60,119,84,42
5839,47,66,40,84,33,53,29,51,105,58,45,49,27,69,59,101,65,12,30,57
5840,42,57,64,29,35,54,56,38,30,67,63,47,66,49,31,27,50,33,28,84,58,59
5841,32,44,61,31,72,47,53,42,30,56,40,36,35,69,48,66,39,2,13,29,97,33,59
5842,44,32,29,70,51,53,71,27,42,52,54,30,45,66,72,13,31,84
5843,105,43,51,31,45,56,33,27,42,53,57,66,36,72,69,4,41,50,100
5844,66,42,53,45,105,51,48,32,54,44,31,36,27,49,35,72,64,39,65,30,40
5845,71,41,39,44,33,72,67,49,27,42,75,61,51,69,54,118,15,28
5846,32,66,36,42,56,31,84,105,30,57,48,51,86,111,40,67,58
5847,58,7,45,54,49,72,4,40,47,71,84,44,29,89,43,31
5848,51,56,67,37,39,65,4,85,27,45,61,35,60,30,29,49,84,54,119,5
5849,48,40,58,63,66,53,30,29,28,27,65,14,32,45,84,97,67,56,44,33,70,49
5850,32,48,36,59,27,71,53,42,94,72,50,31,37,29
5851,84,50,65,60,29,44,27,53,39,51,61,35,43,30,67,94,42,40,47
5852,37,52,65,53,105,33,39,67,54,70,24,35,114,50,48,42,27,30,36,29,59,43,69
5853,49,53,51,27,74,45,36,69,47,48,102,58
5854,52,37,61,84,33,58,50,4,32,43,29,30,42,71,60,39,67
5855,51,71,69,58,105,35,65,50,33,45,60,66,56,42,38,49,8,44,37
5856,38,37,95,61,67,60,40,30,71,72,66,69,70,47,42,44,35,56,29,33,58,25
5857,58,40,31,65,29,54,48,66,71,38,64,39,56,43,24,59,42,61
5858,43,51,65,61,67,49,48,69,37,105,47,53,58,52,81,27,28,66,29,45,84
5859,53,56,32,67,44,48,33,99,51,36,35,55,45,14,13,65,91
5860,39,68,59,58,36,51,60,50,33,53,52,72,64,66,9,48,45
5861,31,50,67,30,58,72,65,35,51,105,53,84,57,45,59,71,49,112,114,56
5862,49,42,32,37,59,31,35,72,30,36,44,57,27,50,71,47,65,48,107,39
5863,39,45,17,49,72,27,105,47,67,4,66,40,29,38,60,59,77,31
5864,31,71,44,52,35,33,42,30,53,47,65,48,51,54,40,95,45,38,32,56,50,13,60
5865,72,67,71,44,37,68,42,60,32,38,48,30,85,35,63,65,49,29,50
5866,48,64,45,44,72,35,67,51,29,30,52,98,50,4,71,59,61,63,37,6,33
5867,47,31,33,59,53,64,24,63,37,39,29,58,66,67,48,69,68,105
5868,48,42,71,36,65,44,72,32,29,64,54,33,47,45,39,49,40,22,53
5869,64,71,45,50,35,32,69,65,106,66,109,42,33
5870,56,58,40,84,51,42,27,39,32,31,60,61,106,53,14,44
5871,33,54,45,51,32,59,44,31,36,64,39,105,4,30,29,57,95,70,72,53,98,69
5872,54,42,33,29,59,35,44,45,67,52,38,48,71,47,70,51,72,31
5873,69,4,30,56,63,36,71,42,48,47,51,45,34,27,57,105,66,49,114,58,39
5874,45,29,47,42,61,50,40,37,57,67,84,69,32,39,58,60,51,44,31,54,27,33,71,105
5875,27,56,53,95,47,39,63,58,35,49,36,42,89,67,45,29
5876,32,95,65,60,61,63,36,69,20,51,70,47,29,66,31,52,33,58,105,44,27,42
5877,56,32,44,67,61,72,105,57,29,31,27,59,51,58,38,52,50,40,30,42,54,37,48,65,45,66
5878,4,84,27,38,49,33,58,40,48,64,37,72,69,56,47,66,79,70,1,36,95,105
5879,29,105,69,54,47,67,84,45,32,35,49,55,50,64,70
5880,72,66,24,61,105,50,37,53,51,36,44,54,49,59,47,4,52,56,114,35
5881,37,61,53,48,51,33,58,60,105,36,47,50,30,40,66,56,49,35
5882,49,60,58,31,27,71,30,57,44,39,38,29,105,48,45,61,72,13,69,92,64,42,40
5883,38,72,60,58,51,48,53,67,57,49,47,39,29,50,30,85,52,69
5884,65,84,66,71,67,72,44,38,50,105,61,35,40,27,82,69,42,51,112,56,5,52,30
5885,67,4,60,58,42,66,36,35,52,69,92,51,105,111,56,53,28,57,109,71
5886,54,72,49,27,50,70,61,65,29,64,63,37,84,4,52,99,115,3,48,51
5887,95,29,35,60,105,56,49,36,50,57,44,65,58,37,52,47,31,116,2,71,97,68,69
5888,64,35,59,30,32,29,60,71,44,31,45,66,100,52,65
5889,4,59,35,54,36,69,32,33,49,58,42,64,53,61,105,99,51,39,41
5890,30,65,49,54,38,45,67,33,39,47,64,27,40,116,50,69,66,35,105,72,37,61,63
5891,4,50,39,48,63,70,31,27,49,69,67,53,66,47,38
5892,65,38,31,61,54,52,59,33,29,45,84,72,53,51,66,37,39,93,42,85,48
5893,66,43,30,58,59,60,53,42,32,50,44,39,40,51,17,38,27,48
5894,42,56,36,32,69,60,40,54,35,29,58,48,105,33,67,83,65,96,89,51
5895,42,48,39,72,47,33,53,54,69,27,66,38,92,56,57,50
5896,53,47,32,30,71,44,61,27,45,57,43,113,38,40,49,42,48,36
5897,49,47,79,35,61,56,31,42,52,69,28,84,38,44
5898,65,49,51,60,50,35,29,40,48,42,36,8,7,33,64,61,32,52,56
5899,71,44,51,53,31,45,60,54,56,49,59,50,42,32,47,27,10,81,30,43
5900,44,60,53,61,31,29,72,30,65,54,47,59,37,27,48,38,93,51,42,45,69,49,36
5901,54,84,50,71,31,72,30,67,60,39,33,40,36,27,47,44,69,114,49,87,43,51,35
5902,69,36,63,43,35,30,33,56,64,32,66,65,29,52,4,53,54,114,40,39,42,37
5903,49,67,48,51,36,69,38,29,105,59,11,31,45,37,56,41,65
5904,27,65,53,49,66,44,72,32,58,51,95,31,47,115,61
5905,59,44,52,47,27,66,64,57,1,45,65,70,31,105,58,75,50,71,83,37,54
5906,71,42,48,45,52,36,66,49,44,72,65,27,64,56,67,69,39,58,31,38
5907,54,48,52,49,27,105,60,32,67,39,12,50,56,65,1,36,64,38
5908,48,60,71,72,36,61,32,31,59,37,38,29,66,69,42,102,17
5909,67,49,38,72,95,30,27,71,35,40,39,57,20,48,45,51,42,37,105,61,50,10,28,65
5910,4,84,53,51,44,30,38,31,50,7,65,81,69,27
5911,32,69,60,105,42,47,59,53,27,48,31,35,37,29,36,95,45,44,100,64,67,72
5912,71,40,33,39,38,105,45,51,31,35,47,59,36,90,110
5913,44,68,53,35,37,52,42,72,45,57,71,47,65,27,31,61,1,36,29,56,59,60,49,69
5914,61,44,36,38,49,45,37,60,65,32,55,35,72,105,31,63,30,51,84,16,101,58
5915,63,84,52,65,58,32,47,39,64,56,29,71,42,60,33,38,9,66,53,40,44,15,69
5916,4,33,30,51,56,57,54,35,67,59,71,90,48,29,32,45,69,14,50,53
5917,35,31,65,84,61,72,39,64,47,105,38,53,17,58,45,60,50,8,29,70,23,42,5,59,67,33
5918,30,71,65,39,69,49,32,67,61,35,57,29,119,60,50,44,70,51,40,33,105,58
5919,47,56,29,48,38,37,64,105,52,80,42,58,69,91,67,71,40,50,65,59
5920,58,39,71,31,44,72,105,42,56,45,65,69,89,61,51,47,53,27
5921,71,43,41,27,105,60,42,29,36,52,39,54,69,61,50,45,59,28,68,56,53,5,110,51,33
5922,44,27,66,49,40,84,52,69,51,105,47,39,95,60,13,53,54,93,86,71,16,67
5923,53,42,72,45,37,28,48,32,51,27,70,66,29,60,49,71
5924,59,47,56,65,72,48,49,105,69,71,44,30,91,52,54,93,94,61,50,67,32,51
5925,59,45,50,63,53,72,30,42,37,64,47,48,52,58,28,32,24,27,60
5926,60,48,52,65,44,58,42,72,39,37,66,30,61,53,49,50,45,47,105
5927,69,38,61,37,59,29,53,64,105,63,42,65,71,49,104,51,19,66,58,23,45,60,54
5928,61,31,95,59,39,40,43,71,27,72,44,58,56,36,69,35,19,105,54,29,4
5929,66,65,50,36,27,69,61,53,38,71,35,47,105,39,33,3,25,48
5930,49,50,42,44,64,60,33,61,27,40,72,39,36,30,53,37,45,59,66,28,58,35,31
5931,33,71,40,72,64,32,30,53,105,9,70,29,51,59,67,61,47,4,49,68,27,23,95,48
5932,32,44,53,30,52,61,64,54,58,71,51,45,48,49,47,69,60,4,67,66,56,28
5933,50,31,37,35,29,71,40,53,36,51,105,64,24,67,65,47,32,113,49,55
5934,95,36,66,49,71,64,32,37,61,53,28,35,65,54,33,38,72,92,24,48,67
5935,61,58,72,49,27,64,69,35,45,59,4,56,36,51,105,30,32,8,48
5936,72,31,36,38,44,54,69,65,52,105,49,30,27,29,24,67,47
5937,42,58,33,50,31,49,52,72,36,37,44,38,84,60,115,87,97,48,61,53
5938,38,27,42,72,60,30,51,4,35,48,29,50,37,64,65,16,66,33
5939,52,30,56,65,105,60,66,33,69,70,42,118,37,47,57,71,116,48,18,119,72,39
5940,29,54,63,49,66,84,60,39,30,36,35,69,50,61,31,53,26,48,59,64
5941,44,42,61,33,105,35,47,54,59,52,45,113,78,28,51,36,67,53,48,26
5942,44,33,67,37,59,108,61,69,29,49,32,40,35,52,48,30,31,42,66,60,39,71,51
5943,67,58,53,27,84,54,64,28,59,33,65,103,29,31,61,45,32,30,36
5944,51,52,84,30,50,65,60,105,35,95,36,32,53,42,71,68,98,31
5945,30,36,45,47,59,39,69,29,50,32,60,20,1,42,63,31,65,54
5946,30,72,69,50,67,60,59,70,39,45,10,48,32,37,33,71,51,49
5947,45,29,59,39,32,72,48,64,35,63,52,47,62,36,31,51,67,49,69,9,84,27,30
5948,29,50,31,42,45,30,33,35,43,72,48,54,27,65,28,51,61,36,70,67
5949,35,53,64,32,29,67,31,71,54,52,58,36,59,50,89,49,38,56,70,57
5950,5,44,33,57,29,36,30,37,70,38,32,35,65,49,42
5951,24,71,49,37,57,56,72,51,29,60,92,105,79,76,90,58,50,54,30,107,64
5952,59,66,30,49,39,69,42,47,33,45,67,27,29,71,56,50,76,58,72,32
5953,39,59,52,61,45,48,58,68,65,37,70,32,44,60,2,29,49,56,103,105,38,66
5954,71,57,60,31,69,36,48,56,64,39,45,33,58,109,66
5955,57,64,39,51,44,45,37,59,40,67,54,31,38,61,30,56,65,66,69,89,36,50,32
5956,63,60,71,69,39,59,38,105,67,27,56,48,117,47,30,53
5957,72,36,60,44,42,40,32,64,30,61,49,51,116,47,39,50,91,31,117,84,48,11,102,69,67
5958,36,37,4,42,51,35,57,45,61,69,59,53,67,65,47,40,73,105,63,66,50,64,39
5959,32,35,45,64,50,42,39,53,48,54,36,61,38,74,41,84,43,72,56,47,59,51
5960,36,27,56,71,45,38,53,67,65,33,47,48,42,40,73,69,50,31,60,54,105,35,51
5961,49,61,105,66,54,31,69,71,53,63,44,64,30,72,60,42,50,95,56
5962,95,72,37,63,59,53,39,66,38,31,22,5,79,97,70,33,56,67,12,65
5963,105,48,38,71,33,37,69,45,60,65,36,42,49,58
5964,38,66,32,27,49,58,31,35,48,64,70,36,47,52,33,60,105,4,51,24,30,112,65,29,37,71
5965,69,68,30,63,66,61,57,51,53,65,39,56,42,72,52,29,38,58,60,48,37,67,36
5966,45,42,65,27,67,51,71,31,32,33,84,58,47,19,39,35,103,36
5967,31,42,38,35,17,52,61,71,56,58,36,45,30,65,51,37,53
5968,31,71,69,54,56,65,36,38,35,105,51,66,44,84,4,32
5969,47,30,42,72,105,35,64,54,52,66,29,49,48,27,58,71,44,40
5970,49,39,64,58,105,84,51,63,38,52,66,35,43,61,50,3,60,29,56
5971,35,71,36,44,60,53,67,63,45,56,40,38,15,37,49,66,65,97,32,42,72,119
5972,40,72,65,31,29,61,4,54,35,24,51,48,105,1,77,69,67,34,27,56
5973,36,105,33,72,47,42,35,40,44,17,29,59,71,61,45,103,37,49,19,38,52
5974,51,39,71,48,44,47,37,29,24,30,59,116,56,58
5975,56,61,69,35,54,42,72,32,27,58,65,60,53,8,67,45,66
5976,71,66,60,48,59,72,45,37,47,105,29,36,4,119
5977,57,31,38,53,42,32,70,58,59,63,27,4,40,49,60,56,51,66,105,61,37,39,67,72
5978,95,54,84,58,31,40,48,35,56,37,53,27,47,42,69,38,36,65,57,32,49
5979,72,49,53,71,29,42,51,33,61,105,60,30,65,66,50,36,44,63
5980,45,58,29,53,54,42,30,40,32,31,61,43,33,72,50,57,52,105,48,71,25,69,36,56,84
5981,66,71,35,30,38,69,65,29,37,58,52,39,72,70,45,33,51,53,63,113,49,54
5982,61,39,58,32,49,35,52,48,71,69,54,37,101,33,36,66,43,45,31,56
5983,65,60,30,31,57,53,29,70,59,44,66,35,36,71,56,38,47,58,72
5984,48,66,64,53,50,47,105,40,56,4,49,33,60,45,38,58,27,39
5985,48,39,49,67,53,64,66,30,32,51,69,44,60,37,58,84
5986,61,53,14,60,27,66,64,33,56,117,65,37,40,93,51,12,10
5987,66,67,65,48,35,47,27,36,50,49,61,58,39,28,103,21,105,51,52
5988,50,71,72,67,39,42,29,51,66,33,56,30,53,65
5989,60,69,39,58,44,42,53,31,48,36,51,52,67,49,37,71,57,47,82
5990,47,59,45,37,27,4,54,36,53,69,50,33,60,31,64,39,109,42
5991,56,29,64,71,53,59,44,49,69,31,33,67,66,39,27,61,52,45,24,36,47
5992,53,105,60,63,31,56,38,57,66,61,50,29,48,67,39,47,41,64,49
5993,52,59,31,48,47,66,54,30,65,38,64,29,84,60,50,71,36,24,42,45,40
5994,28,59,53,64,72,31,67,39,45,35,60,40,32,52,47,29,74,49,56,104,65
5995,53,54,60,44,48,56,58,51,47,59,4,72,71,39,42,66,32,27,49
5996,105,45,51,36,39,70,58,33,42,64,32,71,59,35,7,99,49,50,80,29,78,60,56
5997,48,43,51,60,72,71,37,31,47,59,54,55,50,45
5998,71,38,32,53,31,105,45,33,35,49,48,81,27,59,84,78,42,66,72,61,63
5999,44,33,52,56,29,49,54,45,48,61,53,95,58,30,37,20,36,84
6000,48,50,58,60,65,31,44,30,38,35,49,53,72,33,75,95,52,7,39,66
6001,49,72,48,105,66,58,43,50,3,38,51,71,104,84,86,42,54,52
6002,54,58,71,47,38,36,63,65,70,105,95,69,84,4,72,51,39,31,61,53,66,50
6003,38,60,29,40,84,47,65,69,61,45,33,70,66,8,105,64,67
6004,60,35,65,63,43,44,31,49,30,64,36,53,4,45,27,93,95,57,61,67,32
6005,58,40,59,84,30,31,53,38,50,39,71,109,15,48,42,32,37,47,28,65,68,44
6006,30,54,27,52,32,36,53,60,37,44,31,66,105,61,39,48,49,70,50,38
6007,61,63,105,66,53,59,38,29,60,50,42,36,31,91,45,71,48,65
6008,32,105,48,61,29,67,39,51,35,65,72,44,37,50,58,52,56
6009,30,69,67,44,48,40,66,65,39,49,42,35,105,59,62,51,89,45,72
6010,50,66,64,52,38,40,30,61,35,67,29,48,45,36,34,58,24,4,70,53,12,80,54,27
6011,61,51,44,29,48,71,69,45,42,53,31,50,33,67,105,23,27
6012,50,64,52,45,31,71,40,33,103,54,44,105,53,58,78,17,66,63,2,37
6013,84,70,43,95,64,59,31,71,39,42,38,58,65,56,47,53,30,48,22,35,36,29
6014,44,54,38,35,68,67,39,49,51,105,63,30,53,41,31,45,50,37,32,29,36,72,70,104,95,59
6015,65,71,44,52,47,35,40,50,32,57,29,42,73,49,31,54,105,96,58,60,69
6016,31,72,44,47,49,38,60,65,61,35,42,56,59,4,71
6017,40,36,37,35,50,27,45,65,32,58,59,54,67,56,53,33,31,104
6018,47,39,65,71,49,51,36,67,72,45,117,69,9,56,18,30,37,42,115,27
6019,54,52,57,27,65,40,66,58,36,45,56,67,71,35,63,43,72,25,64,30,70,49,69,33
6020,47,64,60,63,35,27,52,45,67,40,65,71,50,31,58,30,36,72,59,19,49,51,69
6021,60,105,66,43,72,38,49,40,7,58,37,33,50,36,35,48,65,51,56,29
6022,61,69,60,59,41,36,37,48,71,30,58,65,67,42,56,45,39,33,99,7
6023,59,32,31,68,36,47,60,40,49,106,39,52,65,108,42,69,37,66,91,27
6024,36,47,71,37,42,60,39,61,65,58,33,27,69,35,56,41,66,50
6025,4,105,30,50,29,49,36,60,72,33,38,43,53,48,86,79,108,40,100,32,42
6026,56,42,31,60,105,38,39,48,4,35,64,52,44,23,72
6027,40,65,48,29,59,66,33,64,61,35,2,56,67,39,31,36,84,54,99,38
6028,48,71,72,37,31,45,51,65,105,84,75,47,49,63,53,57,30,69
6029,58,61,64,4,57,33,30,45,36,38,42,53,31,49,99,69,39,118,65,51,47,71
6030,95,33,48,39,44,60,65,105,72,57,53,70,71,101,51
6031,69,37,30,57,71,51,50,40,38,35,54,45,29,13,72,42,61,102,67,55,49,68,27,105
6032,36,45,32,84,64,67,47,39,71,65,29,33,54,69,30,76,11,42,51,60,44
6033,71,37,36,67,69,30,40,56,47,58,66,106,35,50
6034,69,49,56,58,35,45,72,53,31,70,52,38,66,29,47,42,82
6035,31,44,59,37,60,52,63,40,50,65,38,33,41,36,51,64,74
6036,43,39,33,67,53,66,40,44,69,27,54,65,84,48,49,58,30,32,24,56
6037,52,53,45,44,31,50,37,64,59,84,51,24,66,47,57,105,49,48,72,60,61,33,67,39
6038,52,65,49,30,45,38,51,60,36,39,66,72,73,69,56,32,42,31,50,27
6039,47,60,40,45,32,64,48,69,33,59,38,44,31,61,30,49,7,66,72,71,95,67
6040,31,43,47,60,42,38,30,64,69,27,53,52,58,84,71,67,35,66,50,29,73,54,107,37
6041,42,67,35,84,66,38,53,52,61,57,30,54,48,37,59,41,49
6042,69,51,37,48,36,47,58,42,87,4,66,95,39
6043,54,47,53,36,52,60,4,56,48,45,42,39,29,58,40,33,66,50
6044,53,71,45,38,60,42,52,44,72,37,48,35,47,51,36,29,56,75,70,62,18,27,9
6045,84,50,48,42,31,30,51,56,105,29,49,86,69,37,45,7,13,67,60,61,35,104,72
6046,42,4,37,53,69,48,64,45,52,31,110,36,47,35,33,50,98,11,57,54
6047,42,50,59,67,65,69,40,33,4,58,71,35,45,27,31,14,70,13,48,72,106,24
6048,40,37,49,51,53,61,65,64,44,47,66,105,1,30,23,56,81,27,52,4
6049,84,53,56,60,61,72,30,27,33,64,45,54,69,37,107,114,63,40,4,115,88,59
6050,4,61,50,49,40,59,71,44,67,69,27,38,37,64,29,73,66,31,104,65
6051,61,67,31,40,36,65,53,54,47,71,30,56,58,104,66,52
6052,67,69,47,65,39,58,33,60,54,36,63,88,3,22,53,59,30,38,51,52,64,45,28,57,4,66
6053,40,45,65,33,67,38,27,70,49,37,50,58,60,44,66,104,20,51,11
6054,48,72,39,29,58,32,65,105,53,31,52,45,40,13,30,27
6055,53,27,60,66,59,33,32,84,36,44,30,56,63,40,57,2,35,74,49,31,37,111
6056,40,42,49,50,52,32,67,37,61,57,56,54,29,84,35,45,51,69,68,70
6057,56,49,66,42,53,45,65,85,30,69,72,48,44,59,47,52,26,33,57,31,84
6058,50,67,51,52,59,96,44,40,30,65,37,47,56,42,70,71,33
6059,52,43,38,4,65,54,37,40,69,39,66,72,80,19,35,64,30,2,45,47,57
6060,52,79,45,36,57,48,105,31,53,29,33,60,58,66,10,56,61,44,38
6061,56,69,32,29,30,59,48,49,51,33,100,96,47,50,108,99,68,40
6062,37,63,61,69,67,44,95,45,33,29,5,50,32,27,52,53,64,66,57,7,87,58
6063,105,4,58,50,31,75,36,32,48,38,29,54,33,52,7,56,25,47,10,39
6064,49,65,35,50,105,66,27,51,32,36,30,29,86,56,47,39,38
6065,61,51,30,68,69,38,54,53,33,41,40,58,49,67,52,43,73,66,59,32,37,24,56
6066,37,69,52,47,36,32,42,45,39,66,49,29,60,53,72,51,59,105,43,106,30,48,57
6067,43,54,37,42,71,29,36,4,58,3,70,51,66,31,30,89,72
6068,61,57,60,48,64,38,68,105,31,29,67,36,56,63,47,39,28,52,65,40,43,26,70,104
6069,51,59,67,29,50,49,66,53,33,52,31,72,47,89,71,30,23
6070,31,29,37,47,36,54,51,44,33,64,67,38,53,41,40,58,39,65,69,59,56,49,60,61
6071,35,31,56,52,5,60,54,105,47,39,66,45,50,64,102,65,37,36,27
6072,42,72,36,40,66,45,60,52,38,67,84,27,44,49,65,15,23,99,63,61,51,48
6073,36,39,105,61,84,72,45,37,42,54,38,51,58,64,32,48,109,50,35
6074,42,51,67,50,52,49,38,39,27,32,63,68,43,66,60,7,57,35,40,13,117,37,33,84
6075,57,5,29,61,60,36,35,56,72,70,69,30,38,51,44,47,59,45,10,20,66,67,49,43,93,40
6076,50,52,56,54,63,57,30,38,58,24,51,40,43,31,95,48,42,32,28,35,44,72,67,71,29,2,68,47
6077,95,42,53,52,44,65,36,72,54,112,38,45,30,2,113,60,59,50,61
6078,33,69,70,48,29,53,56,58,36,65,105,31,67,49,32,27,30,59,51
6079,61,58,60,44,47,56,42,67,31,41,69,52,71,95,45,59,53,30,66
6080,58,45,35,52,31,59,36,49,42,40,9,21,47,67,33
6081,54,51,40,47,56,29,64,48,31,43,68,36,41,32,63,49
6082,71,33,50,51,36,32,27,44,64,47,53,29,35,42,49,45
6083,51,71,36,30,47,66,44,29,64,50,111,59,72,21,67,83,4
6084,39,50,61,35,64,49,65,53,47,56,38,48,89,27,69,57,58,32,105,72,37
6085,47,64,66,61,51,29,54,58,69,4,105,53,39,92,57,37,84,107,50,32,38,67,46,60,30,20,52,31
6086,4,71,37,45,95,39,61,84,60,53,67,47,30,56,72
6087,50,30,66,40,59,57,51,32,84,54,72,43,65,52,42,71,67,56,11,53,45,105,44
6088,32,56,31,67,60,30,45,29,64,33,44,52,51,72,69,70,57,21
6089,95,52,53,37,51,70,69,33,60,66,31,72,42,99,112,67,114,30,38,65
6090,69,53,64,31,38,45,35,61,66,36,54,60,40,47,56,5,58,44
6091,43,70,65,72,95,71,49,48,45,39,36,44,53,62,30,57,10,32,35,56,4
6092,49,29,47,48,31,105,67,54,36,37,45,66,64,59,56,102,51,52,50,57
6093,4,47,69,35,44,64,40,72,36,71,31,29,114,105,106,52,38,56,32,16,59,25,42
6094,70,49,40,105,45,71,65,4,57,67,69,30,29,54,89,44,27,66,56,112,47
6095,71,37,38,53,105,52,51,32,57,64,44,33,67,95,27,59,45,98,20,36,4,58,55,30,40,69,88,28,56,49
6096,105,56,58,53,29,32,30,52,39,44,59,72,50,54,42,28,47
6097,52,40,53,54,105,60,69,66,61,27,59,38,48,35,39,29,67,51,11,85,93,71,64
6098,51,53,44,31,35,67,39,48,71,72,36,54,40,21,33,4,69,30,11,42,32,16,28,56,23
6099,61,50,58,31,38,30,59,52,69,35,67,43,27,49,47,4,105,42,88,40,48
6100,42,27,45,56,64,48,35,69,50,53,30,33,105,49,60,25,31,72,114,66,37
6101,72,50,37,48,52,58,61,67,49,45,30,71,31,29,33,105,32,42,60
6102,35,48,30,27,53,58,105,47,63,42,31,40,32,54,39,37,45,72,56,59,60,44,95,50
6103,49,69,65,44,37,30,71,40,72,60,50,35,47,39,29,59,55,66,53,36,33,41,56
6104,53,44,38,66,32,36,26,114,58,61,65,46,68,31,48,29
6105,51,40,52,72,60,36,56,65,67,47,29,50,48,96,66,32,12,58,119,69,28,44
6106,44,37,59,31,35,60,33,40,41,32,56,39,48,47,71,65,102,69,77,50,66,49
6107,65,105,40,31,48,44,50,95,60,51,32,52,45,38,59,33,54,27,39,66,64,92,56,2,90,47
6108,58,51,30,50,31,36,52,40,72,63,65,33,64,32,69,49,119,66
6109,58,69,70,39,56,35,71,49,30,36,47,27,40,60,32,48,52
6110,64,44,69,60,59,65,105,39,30,54,38,52,67,43,84,53,50,40,71,33
6111,66,32,36,37,31,38,49,56,61,44,47,72,35,33,42,64,48,21,45,30,58,24,103,59
6112,45,67,71,69,61,65,72,44,66,31,42,47,52,58,51,50,40,53,24,36,39
6113,50,36,66,39,71,59,49,51,48,58,57,78,45,40,72
6114,37,90,54,49,36,33,51,29,31,64,58,48,47,53,59,39,30,105,50,27
6115,105,40,35,42,45,61,52,51,36,29,95,79,65,47,74,44
6116,58,60,40,17,56,33,47,49,66,45,65,69,38,31,88,96,52,53
6117,105,48,29,61,35,95,84,65,36,68,41,77,58,71,56,63,40,85,59,49,109
6118,4,30,53,39,84,45,70,36,48,59,47,29,37,49,38,117,32,51,22
6119,45,48,84,29,15,42,27,51,35,61,56,69,39,37,65,40,49,38
6120,53,27,45,40,39,29,59,64,65,56,48,67,87,66,84,113,105,36,51,42,69
6121,63,27,60,69,70,31,32,51,48,47,4,114,49,40,56,39,83,71
6122,72,60,105,65,35,32,27,40,45,49,56,38,4,47,101,33,55,15,3,30,97,50,64
6123,56,64,52,72,63,54,66,69,36,44,48,84,40,51,33,47,88,57,68,28,38,4,1,67,110,60
6124,84,54,38,49,64,36,45,51,47,58,40,30,60,42,37,71,103,69,29,68,35,61
6125,45,69,48,105,31,70,72,42,14,94,71,51,58,65
6126,44,31,48,29,61,70,36,42,47,66,27,35,30,51,65,71
6127,63,42,51,50,44,84,56,4,69,66,58,37,45,72,30,3,53,36,40,29,38,48,54
6128,69,32,42,48,60,64,53,37,66,67,24,39,105,43,31,47,40,58,89,50,45
6129,66,84,40,30,58,42,33,95,45,27,67,39,72,47,61,57,43,65
6130,72,71,59,29,35,63,56,36,53,49,54,65,61,38,69,43,50,32,58,107
6131,40,31,47,45,67,61,39,72,66,53,84,50,44,70,64,48,95,15
6132,51,38,32,65,31,67,59,37,49,44,27,66,48,63,33,60,18,50,117,34,56
6133,27,35,64,36,37,38,47,52,82,42,2,71,50,10,54,29
6134,37,48,105,30,40,56,49,4,59,42,72,67,53,69,29,38,92,47,2
6135,51,45,105,66,31,44,56,69,37,59,84,43,54,40,85,36,35,61,27
6136,54,63,95,69,70,47,37,36,49,50,105,52,117,110,30,107,44
6137,27,72,66,84,40,56,105,60,64,71,36,61,47,70,54,83,8,57,44,6,32,33
6138,63,36,45,72,44,39,54,66,33,27,40,71,52,60,35,24,56,42,105,64,58,38
6139,57,64,29,49,61,38,33,40,105,48,103,59,86,72,51,30,69
6140,38,59,48,66,35,105,53,58,84,31,60,32,44,50,42,45,30
6141,31,65,52,60,69,105,49,51,29,26,7,110,117,48,33,54,42
6142,39,51,105,29,59,58,49,70,35,67,37,64,32,66,40,71
6143,56,49,64,61,45,51,71,105,24,33,60,27,38,72
6144,31,52,105,66,48,42,60,40,61,32,33,30,27,87,58,36,37,56,28,45,49
6145,30,27,60,31,38,53,32,39,67,57,48,64,37,59,70,40,14,118,13,35,44
6146,84,32,105,40,95,66,72,64,37,30,61,50,53,69,58,29,45,49,43,98,44
6147,52,61,65,38,32,53,60,72,105,63,27,67,39,8,58,42,69,30,9
6148,84,30,29,37,71,35,53,48,33,95,52,44,65,38,36,27,91
6149,53,51,35,63,50,48,45,49,31,39,38,54,71,65,59,42,67
6150,61,35,44,41,47,50,48,58,36,105,66,84,67,28,59,56,42,71,65,29,52
6151,49,66,33,65,71,31,36,51,37,39,38,27,30,60,32,40,52,61
6152,31,35,53,49,66,30,42,84,61,27,33,40,44,29,71,32,99
6153,70,39,48,47,36,53,58,50,33,44,65,105,29,54,68,31
6154,32,98,67,49,40,66,58,84,27,56,60,44,29,31,39,93,53,117,48,101,16,42,50
6155,49,60,42,65,71,61,36,67,37,17,117,4,105,50,106,38
6156,63,30,58,47,27,71,61,51,83,36,69,67,49,88,42,96,45,105
6157,43,33,42,37,35,105,64,54,32,51,71,31,2,107,45
6158,67,35,69,51,42,37,56,27,49,61,29,44,71,66,64,60,39,31,38,33,72,45
6159,50,35,60,29,84,67,66,44,49,58,54,27,51,73,32,42,96,71,56,45
6160,31,58,40,57,105,47,27,36,53,72,37,59,67
6161,47,29,42,67,37,69,44,40,61,33,27,54,60,51,36,56,52,64,81
6162,27,47,32,44,38,84,39,29,35,54,4,92,40,36
6163,56,66,50,58,60,42,69,38,35,44,30,27,63,45,52,57,115,36,21,32,28
6164,56,71,44,39,32,33,40,82,50,60,42,107,69,67,48,38,105,36,35
6165,45,27,56,60,51,44,71,42,65,48,33,69,64,32,4,39,103,31,109,67
6166,29,28,58,35,27,60,105,31,71,77,66,37,22,49,47
6167,52,47,4,56,58,37,53,54,71,32,105,50,39,35,95,67,60
6168,52,53,47,39,32,56,33,27,58,31,30,67,36,38,42,40,37,65,8,44,89,1,50
6169,48,105,72,30,65,49,44,58,38,45,51,54,43,37,31,32,47,60,97,70
6170,29,71,58,44,70,30,38,72,48,59,42,50,69,66,40,35,52,15,4,33
6171,32,71,56,51,65,37,42,50,66,105,31,39,52,90,69,67,29
6172,63,61,72,53,67,52,38,66,36,35,32,58,49,42,84,48,60,27,47
6173,47,35,66,71,58,56,30,64,37,39,45,36,31,105,48,72,51,63,33
6174,31,53,54,67,30,56,61,14,72,60,27,39,66,81,41,50,69
6175,61,54,29,31,114,69,57,12,84,36,50,27,18,95,67,72,105,4
6176,66,52,58,31,68,47,50,45,27,57,40,61,53,49,16,38,43,100,90,35,48,71
6177,67,56,51,36,37,50,30,65,57,45,22,38,69,32,71,39,58,64,59,27,40
6178,45,49,42,50,36,56,29,54,27,65,59,30,112,44,32
6179,71,84,29,65,56,45,42,27,52,54,50,49,116,8,60,46,47
6180,29,48,27,72,47,60,50,56,58,90,69,49
6181,37,27,60,31,51,39,71,54,49,42,24,45,40,69,58,22,118,38,57,43
6182,45,44,65,38,59,40,53,47,30,66,42,36,60,61,71,50,37,31,25,7
6183,105,50,49,57,39,61,56,36,35,64,69,51,42,75,29
6184,53,35,50,42,52,51,69,65,49,54,38,48,32,39,80,30,60,63,37,72,57,40
6185,67,39,48,37,40,105,45,33,65,69,66,49,58,35,47,56,30,41,32,52
6186,35,67,63,27,65,66,52,58,84,69,51,70,64,53,68,45,88,26,5,119,30,24,36
6187,29,50,71,49,69,32,67,60,38,48,51,22,47,109,105,45,84,82,30
6188,48,66,71,52,38,69,32,60,40,44,49,96,30,72,27,64,113,98,47,51
6189,30,45,118,60,29,27,61,72,56,95,107,69,39,31,49,58,36,53,57,37,51,52
6190,63,52,45,36,71,85,87,28,51,84,59,48,56,29,39,24,47,65,35
6191,43,33,45,53,51,39,27,71,38,72,69,32,59,35,63,40,66,4,2,31,47,11,16,79,70,67
6192,27,54,4,44,42,31,60,36,57,50,71,35,53,49,58,105,45,65,41
6193,4,42,49,95,29,69,67,39,71,105,33,38,66,27,50,84,101,36,5,51,40
6194,35,36,45,27,105,68,40,84,70,38,65,47,54,67,49,71,75,42,32,48,20,91
6195,42,44,70,84,58,66,69,67,54,33,5,38,59,35,71,61,15,31,98,51,45,36
6196,60,61,39,72,49,50,47,65,56,35,40,51,67,42,37,45,105,36
6197,69,65,38,59,52,39,27,70,51,37,47,42,30,61,35,54,58,33
6198,95,40,65,72,64,56,67,54,4,42,33,45,48,41,32,37,59,73,60,66,36,58,49,50,51
6199,69,42,31,29,49,47,36,56,32,106,62
6200,56,31,64,27,47,40,72,38,69,33,66,32,71,61,50,74,37,103,54,35,53
6201,36,52,47,48,44,30,60,29,40,50,57,66,84,38,16,56,55,27,76
6202,65,44,54,48,52,61,57,64,69,72,105,71,50,70,40,53,56,24,45,39,36,13,98,35,66,58
6203,71,30,49,65,67,105,44,32,66,52,60,59,95,39,33,36
6204,64,27,95,32,69,44,84,60,35,48,56,40,51,65,59,31,53,29,93,61,12,67
6205,44,4,66,51,71,42,30,59,35,67,39,61,98,33,50
6206,39,56,59,44,53,33,52,61,38,69,51,50,72,45,93,35,4,30
6207,47,50,35,63,29,52,95,42,43,37,66,105,40,61,54,65,49,30,39,32,58,53
6208,27,63,47,32,38,67,33,95,84,45,57,40,7,50,30,37,64,70,61
6209,72,39,54,35,65,42,61,33,44,30,43,105,29,36,51,28,49,53
6210,36,58,63,32,29,72,31,35,79,65,57,69,37,48,67,44,27,61,15,100
6211,63,66,56,58,105,52,65,39,49,31,37,38,36,64,29,48,71,51,75,45,72
6212,67,37,4,105,84,51,42,29,54,49,61,36,30,53,65,50,33,71,31
6213,72,65,56,67,39,27,71,51,45,36,59,105,52,48,1,53,58,37,91,117,50,8,60,35,66,42
6214,4,64,35,32,44,59,38,50,61,42,31,54,105,69,5,53,58
6215,45,95,65,67,39,58,64,48,105,31,60,66,49,33,56,27,72,32,42,36,15,69,51
6216,56,45,67,44,59,51,70,32,84,71,81,114,105,64,49,39,4,66,29,38
6217,61,30,52,60,31,47,69,56,72,58,38,46,42,50,85,111,70,53
6218,36,44,4,72,60,67,50,58,49,47,38,66,37,39,32,24,45,54,33,29
6219,38,35,39,40,51,31,84,32,60,30,65,44,37,69,45,71,42,106,36,59,52,47
6220,60,59,44,31,48,52,57,64,38,39,47,4,105,28,27,49,45,51,37,32
6221,27,65,51,37,45,61,39,31,30,48,42,33,63,54,84,53,52,24,49
6222,27,39,66,64,54,29,45,44,32,40,4,61,42,48,35,69,103,70,37,17,47,105,112,52,95,53
6223,37,30,69,44,36,59,50,26,58,53,27,98,42,32,35,67
6224,48,72,49,30,33,51,31,52,97,50,61,58,38,71,47,35,32,37,44
6225,56,33,45,31,49,50,71,66,96,54,48,69,29,35,116,64,60
6226,27,49,50,84,59,51,67,60,40,37,44,39,69,105,31,65,47,42,72,32,52,54,38,61
6227,45,61,69,42,72,48,49,37,64,31,52,59,105,54,7,33,98,95,30,87,58,66,41
6228,61,45,51,66,40,31,38,59,39,36,63,29,28,30,65,49,32,79,52,115,48,71,74,58,27,53
6229,30,63,36,72,31,54,66,95,49,40,48,60,67,38,61,105,50,113,84,28,71,35,65,33,104,92
6230,27,48,40,63,65,24,50,67,54,70,38,4,105,52,30,33,69,29,57
6231,37,33,72,39,61,43,48,46,49,11,36,27,56,68,53
6232,67,35,33,72,39,45,56,47,59,37,48,64,57,44,58,49,38,52,36,61,27
6233,53,52,36,61,59,39,42,45,29,50,69,33,31,72,77,18,56,5,58
6234,48,49,51,39,60,59,40,38,66,54,58,64,78,82,29,84,53,47,37,31,44
6235,31,4,67,105,29,49,30,60,58,36,45,57,84,56,47,48,40,39,33,95,37
6236,84,35,69,33,59,45,51,39,12,31,72,61,53,67,105,30,48,27,42
6237,71,52,48,33,59,60,47,44,37,61,35,45,42,73,49,64,54,27
6238,66,44,42,47,50,32,65,48,59,36,53,63,67,54,33,1,29,72,30,35,52,103,38,39
6239,65,30,31,67,60,32,27,69,66,48,72,59,51,71,52,45,106,1,36,58,63,44
6240,53,60,42,50,68,36,33,52,58,59,72,39,31,105,32,29,40,51,41,65,44,30
6241,27,33,71,32,51,50,31,59,48,36,66,39,69,105,65,61,67,53
6242,56,27,66,44,31,54,39,53,48,59,69,67,49,105,64,89,60,72,29,61
6243,71,39,57,58,29,36,33,35,69,66,53,7,50,27
6244,44,71,45,30,37,61,40,32,41,84,49,56,48,36,97,105,5,66,67,89,39
6245,57,45,69,51,48,38,40,65,105,52,71,30,109,49,50,37,47,56,64,35,32
6246,44,58,53,72,37,36,69,33,71,39,100,48,42,56,92,60,21,31,59,57,50
6247,50,38,60,67,32,95,52,27,59,36,35,29,70,90,58,101,42,49,37,105,79,39,114,116,30
6248,67,27,38,72,29,39,37,45,84,36,33,64,42,48,44,59,119,94,65
6249,32,40,71,67,65,50,72,35,66,54,27,45,52,95,38,57,29,51,48,53,36,31,60,84
6250,64,30,42,37,53,33,57,59,39,31,71,72,58,38,56,61,54,103,44,48,40
6251,53,58,35,63,95,71,69,61,4,52,38,27,67,68,40,43,36,72,39,1,64,42,65,84,56
6252,58,59,84,69,29,44,32,105,72,94,51,31,53,49,67,33,56
6253,31,4,36,42,105,58,63,51,56,67,48,47,30,40,117,17,72
6254,27,48,29,65,105,39,36,37,69,50,59,67,44,70,79,42,53,60,58,12,71,77,32
6255,39,56,29,57,72,27,63,54,65,42,36,30,33,31,49,71,95,50,62,32,43
6256,65,67,30,63,39,56,52,45,58,57,4,47,49,54,31,40,38,71,48
6257,58,53,56,39,42,48,38,30,59,44,6,31,61,60,85,27,66,29,4,105
6258,47,60,53,64,50,31,51,32,52,61,35,69,105,30,95,59
6259,32,52,43,66,56,70,69,71,50,47,27,74,19,63,72,101,89,35,30,42
6260,59,84,67,58,61,52,29,32,50,60,30,99,65,45,89,40,95,85,39
6261,37,40,66,84,69,47,51,59,52,30,105,70,60,54,71,49,2,31,65,39
6262,63,38,71,35,45,66,32,56,67,43,72,37,17,51,65,91,30,53,31,52,50,29
6263,42,56,32,37,39,69,60,61,50,49,105,36,52,48,53
6264,61,53,60,47,31,69,52,29,105,50,49,67,51,32,36,26,30,48,27,58,59,39
6265,61,39,36,35,50,45,37,32,29,38,48,40,31,54,72,71
6266,105,29,72,58,64,71,59,66,52,32,67,49,63,27,50,30,33,88,44,48,37,85,40,6,35
6267,56,49,38,67,51,39,32,30,54,29,33,45,71,50,61,105,103,69,65,36,66,34,37
6268,60,32,49,40,58,37,30,38,65,69,66,35,71,67,17,44
6269,71,60,65,61,35,42,69,31,49,44,105,36,45,37,15,78,50,72,112,84,32
6270,35,38,60,44,33,65,45,59,53,84,31,36,52,17,51,72,61,95,39
6271,72,52,50,71,39,65,57,44,29,64,66,24,47,35,31,41,38,37,105,48,4
6272,36,39,58,29,49,37,32,52,105,54,48,51,33,60,24,50,56,67,65,27,66,43,30,95
6273,29,66,60,64,53,65,47,39,38,36,27,48,58,45,3,30,67,51,74,56,35
6274,56,71,72,53,32,36,35,47,40,37,27,30,45,48,69,66,87,51,105
6275,39,36,65,50,67,45,57,32,56,53,49,70,66,60,69,47,64,30,40,59,25,63
6276,37,48,67,65,53,54,50,51,30,78,56,27,58,17,105,71,59
6277,35,53,48,38,63,105,71,44,56,65,47,69,66,36,49,31,51
6278,105,71,65,30,61,36,29,31,70,49,35,47,48,45,13,64,51,4
6279,31,29,59,40,38,30,47,105,56,53,37,39,70,36,49,4,72
6280,72,50,40,63,49,65,54,38,36,42,33,10,52,2,53,12,117,105,47,9,93,61,35,43
6281,38,60,51,72,49,30,45,33,40,35,65,47,32,66,61,58,39,52,86,14,56
6282,42,41,61,65,48,60,58,36,38,56,29,44,105,39,67,66,46,52,93,90
6283,56,72,66,45,50,37,71,47,51,32,30,39,19,38,67,84
6284,44,47,29,37,35,56,71,40,31,50,4,67,30,70,53,81,39
6285,69,31,32,54,39,64,52,50,30,37,72,65,42,66,61,67,45,48,44,43
6286,69,4,30,61,29,39,38,35,60,44,105,63,48,32,36,52,33,95,13,58,21,65,71,37,84
6287,42,56,65,51,58,33,50,64,45,27,49,105,60,24,48,37,54,44,31
6288,72,33,56,39,105,48,59,40,44,67,36,71,45,32,42,65,54,110,29,95,100,97,79,49
6289,51,52,31,67,4,29,105,39,42,44,65,27,32,54,48,83,38
6290,56,51,42,35,45,44,49,59,39,52,65,47,61,53,72,69,29,30,37,40
6291,71,95,49,65,52,30,38,50,105,64,47,69,35,27,51,44,48,67,119,5,84,42,53
6292,51,66,54,44,39,38,71,48,60,56,37,49,32,36,29
6293,52,32,65,105,59,31,36,40,29,42,14,64,56,50,66,72,51,45
6294,57,36,49,84,59,61,71,4,60,67,65,58,39,35,50,45,38,42,27,47
6295,63,36,40,61,65,67,69,54,39,29,19,56,20,32,59,48,71,66,110,50
6296,49,47,45,105,67,43,50,54,39,71,38,32,52,56,66,58,23
6297,69,45,42,60,71,50,57,58,65,105,27,59,61,77,67,38,25,34
6298,56,50,71,42,48,29,60,36,45,105,32,44,47,30,49,85,69,35
6299,67,33,84,39,69,48,37,72,50,53,105,64,97,71,66,61,56,47,65,30
6300,64,47,29,31,105,27,38,33,40,66,56,48,49,67,36,35,58,32,60,75,61,37,65
6301,35,56,47,65,29,44,36,31,33,51,27,53,49,25,45,71
6302,45,44,59,61,47,56,49,37,35,39,32,2,30,42,50,48,29,51,33,72,88,69,91,58,43
6303,54,45,71,49,56,72,105,57,67,69,63,42,4,27,33,30,47,35,31,51,26,50,23,38,36,40
6304,65,47,49,54,63,67,29,51,60,58,44,71,37,35,36,30,112,72,42,43
6305,40,30,58,63,29,39,36,60,72,45,84,33,70,51,23,67,34,32
6306,52,64,51,42,38,37,50,27,35,58,119,72,53,48,4,65,55,108,49
6307,53,72,66,51,69,56,27,48,37,65,47,58,45,29,60,32,33
6308,45,47,58,32,63,49,59,97,33,29,39,35,50,56,27,95,105,79,30,88,76,68,38
6309,37,27,38,30,48,54,32,39,42,66,64,4,33,69,89,72,47,112,63
6310,45,52,105,35,27,32,33,47,72,60,84,59,39,22,31,69,48,42,95,63
6311,42,105,47,33,32,40,29,72,49,53,66,38,69,58,61,97,63,86,8,31
6312,69,71,56,32,65,33,38,37,30,67,64,27,58,35,47,45,52,48,61
6313,29,70,45,64,57,38,32,44,56,95,49,36,30,35,66,60,74,105,4,50,72
6314,36,67,64,40,60,32,35,50,71,92,39,31,116,105,56,61,2,45
6315,50,44,54,58,30,36,33,45,29,42,52,37,32,51,105,49,63,95,35,67,8,38
6316,58,63,72,45,37,105,57,38,65,49,56,54,30,53,52,104,39,43
6317,38,50,56,39,60,33,64,105,69,27,4,54
6318,105,53,50,71,30,39,42,51,60,33,109,35,37,66,59,27,38,54,57,72,47
6319,60,39,53,31,67,27,29,36,71,40,35,56,72,74,44,26,48,30,38
6320,64,48,35,69,30,42,60,72,39,71,36,31,2,101,58
6321,49,58,105,35,45,30,50,4,39,61,37,66,51,40,84,65,54,69,81,44,57
6322,50,37,39,53,36,60,32,101,47,69,67,114,42,108,40
6323,27,31,42,47,52,72,32,105,66,45,36,38,29,60,84,67,37,96
6324,38,60,44,72,50,45,35,27,65,61,37,31,32,48,4
6325,33,68,66,41,31,71,42,59,65,105,7,56,29,27,64,61,84,70,102,35
6326,36,48,99,71,45,30,4,66,105,47,73,50,39,72,42,65,54,29
6327,59,56,45,33,66,48,54,30,51,69,29,71,31,53,18,32,57,68,60
6328,64,60,31,59,38,49,36,56,32,58,52,33,37,105,44,116
6329,52,49,39,69,60,56,71,37,48,66,36,27,100,58,33,30,43,31,104,68,29
6330,61,51,58,37,32,29,69,67,31,56,72,39,30,52,47,54,45,102,27,11,28
6331,38,36,5,60,63,105,42,48,45,61,69,39,44,106,107,54,29,31,71,30,18,72,81,65
6332,37,29,60,32,47,31,50,59,42,35,52,104,48,40,72,22,45,61,53
6333,50,49,37,61,105,36,30,56,51,35,72,47,42,32,71,65,33,40,44,45,59
6334,59,60,40,36,65,47,67,50,66,29,51,33,52,48,112,72,31,35,43,44,105,58
6335,33,61,71,51,56,64,29,60,38,54,47,45,48,52,1,42,107
6336,35,69,51,60,56,29,32,53,44,40,47,49,45,67,31,59,64,42,18,21,105
6337,53,72,63,65,37,56,69,40,44,48,47,29,90,54,4
6338,95,64,33,54,58,66,47,30,31,48,61,53,105,37,59,50,27,38,56,67,35,29,69,45,71,72,65
6339,52,67,72,53,66,50,48,45,42,51,33,56,63,36,49,30
6340,56,31,51,44,29,54,52,32,67,68,84,77,36,63
6341,105,42,67,65,95,37,51,58,33,44,45,60,72,71,11,48,59,83,78,31,36,38,61,27
6342,66,32,69,51,52,58,27,31,45,71,30,40,49,39,46,99,38,56,61,36,72,50
6343,56,35,95,64,32,58,84,49,30,51,65,48,44,53,2,54,60,45
6344,47,42,53,56,70,33,72,37,35,48,64,69,102,65,12,36,27
6345,60,30,37,67,65,84,29,24,39,64,61,49,40,72,48,46,44,38,35,52
6346,52,66,31,61,105,68,60,27,30,29,67,71,69,38,86,42,39,59,54,35,12,34
6347,31,35,54,33,95,32,42,67,36,71,40,52,39,70,50,27,66,64,29,13,56,65
6348,35,52,38,49,37,56,72,27,59,100,48,43,51,42,50,39
6349,44,30,70,32,49,42,66,59,67,27,40,48,105,36,71,60,68,69,56,84,33,31,41,50
6350,60,30,38,35,67,42,58,66,47,27,51,44,105,33,32,39,31,54,65,69
6351,33,47,36,72,44,65,58,49,69,45,37,74,32,67,54,51,29
6352,61,35,60,72,66,33,47,52,69,49,54,40,53,39,37,64,44,67,59,51,75,29,48,27
6353,29,27,35,84,105,57,42,38,65,32,64,59,48,52,4,50,19,13,49,18,54,39,56
6354,36,72,37,49,63,31,60,69,4,65,64,51,20,29,25,42
6355,58,32,59,60,61,50,54,20,95,29,43,30,55,51,47,67,33,42,14,5,35,71,52,66
6356,36,69,64,105,42,58,70,44,67,65,95,30,38,72,71,27,40,34,32,52,53
6357,48,50,59,58,71,40,45,44,67,38,29,60,47,61,69,4
6358,49,52,42,41,56,69,66,68,38,37,51,47,64,59,71,83,30,67,74,93,35,60,58
6359,72,66,53,60,45,35,69,49,65,71,38,51,105,31,42,30,58,64,36,100,74,47
6360,49,42,40,59,102,56,65,45,58,38,66,72,69,71
6361,32,50,58,51,69,52,61,65,40,48,49,56,53,27,9,44,54,72,24
6362,56,48,105,54,52,44,27,60,53,69,36,71,61,112,58,47,49,37,64
6363,68,75,35,33,58,53,65,31,36,72,71,95,12,54,30,42,56,48,32,82,45,43
6364,40,4,71,72,58,42,66,49,32,22,51,52,53,54,64,29,31,60
6365,65,44,37,49,66,36,59,64,33,71,67,31,32,69,77,113,54,9,55,72
6366,51,48,69,50,71,58,37,31,59,103,117,49,67,55,46,4,53
6367,65,30,51,36,38,52,56,33,61,40,59,44,60,72,71,54,35,17,47,31,53
6368,49,47,30,60,69,65,57,61,50,52,33,38,59,54,9,70,58,29,45
6369,59,33,84,32,38,41,47,58,106,112,105,72,44,36,22,107,65,85,27
6370,29,58,65,60,51,64,71,105,4,61,69,47,53,67,30,54,43,77
6371,35,30,33,38,67,66,39,69,105,36,49,54,18,45,65,40
6372,52,50,56,70,35,59,67,37,49,54,57,38,60,36,69,26,32
6373,47,45,32,51,71,48,35,49,65,27,42,33,52,4,39,31,72,60,53,101,50
6374,37,32,44,33,49,39,42,50,67,60,65,29,45,31,38,35,51,72
6375,45,4,57,59,51,31,49,50,66,71,38,55,19,44,39,104,47,53,32
6376,54,30,27,36,35,44,64,72,48,61,31,66,67,40,51,53,42,49,69,95,39,77,104,32,105
6377,71,45,30,51,59,37,60,35,38,31,33,15,47,73,56,50,41,14,54
6378,42,50,30,61,36,54,38,91,66,57,105,65,35,64,56,31,39,33,58,49,27,59,47,70
6379,38,69,29,47,59,56,35,40,50,32,67,57,48,51,105,60,66,89,65
6380,39,42,32,54,50,53,59,44,29,27,72,66,63,52,71,95,30,119,64,65
6381,71,64,48,59,66,31,36,65,42,54,38,69,61,72,40,29,105,84,44,46,93,28
6382,37,36,65,63,67,33,32,35,48,47,52,49,61,69,92,53,72,25,51,4,96,105
6383,32,63,56,61,67,59,37,35,52,66,72,58,40,31,117,33,83,6,69,44,114
6384,27,56,58,49,105,47,65,107,70,66,50,36,53,31,72,57,30,38
6385,50,42,84,27,59,56,47,71,52,32,30,35,51,54,61,69,58,33,60,19,36,67,65
6386,4,54,53,58,64,63,27,51,30,50,47,72,67,91,90,31,69,61,52,2,60,29
6387,47,4,41,58,31,35,54,38,71,48,65,45,49,51,62
6388,50,35,58,52,42,32,61,72,44,67,65,31,29,62,25,6,55,33,27,112,54,30
6389,31,49,32,61,47,66,39,38,50,53,37,40,45,58,36,113,60,70,48,5,56
6390,95,48,60,50,58,40,35,49,5,84,53,64,31,29,37,32,52,72,39
6391,60,35,71,38,31,84,54,61,37,64,67,65,48,66,42,69,105
6392,45,65,54,38,72,43,49,30,36,66,56,31,29,102,47,37,67,69
6393,72,39,60,67,29,37,65,64,63,56,47,30,33,27,49,36
6394,30,29,56,53,45,31,33,54,84,38,44,73,42,48,59,69,40,17,90,12,50,36
6395,53,50,30,59,49,31,95,58,45,54,84,48,32,37,47,27,4,57,64
6396,29,51,54,72,30,49,52,37,69,71,60,35,59,67,65,56
6397,63,65,60,30,56,84,72,54,44,64,47,50,57,37,29,35,31,49,38,13,86,105,27,4
6398,42,67,60,33,61,53,47,50,45,84,39,48,32,57,37,20,78,38,56,36
6399,42,32,51,59,56,39,105,35,109,52,70,36,65,104,61,60,58,29
6400,48,95,44,59,37,35,27,69,58,71,66,30,53,26,45,29,42
6401,59,61,35,56,42,29,47,31,32,84,54,49,44,50,45,39,30,51,52,83,81,43
6402,60,40,50,58,42,72,65,49,30,53,44,38
6403,69,32,67,50,72,56,38,48,71,60,49,33,29,45,47,30,36,39,105,42,51,52,63,37,44
6404,66,40,39,42,51,72,36,63,50,52,37,47,35,41,44,84,69,70
6405,32,30,72,95,39,65,64,61,53,49,33,57,71,14,60,24,40,6,29,51
6406,66,69,39,60,30,105,37,67,50,84,52,65,57,99,54,27,34,59,58
6407,32,39,36,33,60,4,29,57,51,35,30,70,27,67,42,47,71,53,37
6408,48,35,69,60,33,44,30,56,27,37,29,42,59,47,40,36,45,4,52
6409,53,67,40,42,33,49,37,71,30,29,36,39,57,63,65,31,27,35,74,45
6410,61,51,67,42,48,33,45,37,44,47,49,35,93,58,32,40,30,38,25,31,72
6411,49,38,71,58,56,72,40,29,30,4,33,98,48,50,36,45
6412,58,42,95,57,51,32,52,29,56,47,105,65,114,35,36,71,27,72,31
6413,51,52,30,44,69,37,38,105,60,53,50,42,17,66,58,47,48,4,72,56,25,33,57,95
6414,56,29,27,58,66,57,53,45,71,69,54,30,38,44,36,35,37,105,28,31
6415,65,49,36,32,71,51,29,38,35,63,66,50,45,27,47,4,33,30,69
6416,105,32,50,53,27,61,49,51,66,67,31,48,40,45,44,28,65,56
6417,69,50,56,40,67,72,38,37,66,42,31,35,27,60,64,48,54,68,29
6418,58,36,33,45,48,31,61,50,38,52,32,67,29,12,37,35,53,71,108,84,59,95
6419,50,54,48,59,52,56,71,47,105,42,38,22,69,45,60,66,37,31,72,40,27,64,57,44
6420,56,53,47,49,38,32,51,44,60,59,61,58,45,31,37,66,30,63,39,67,64,57,65
6421,42,41,58,28,54,56,29,48,66,30,63,59,45,40,84,31,96,35,44,71
6422,36,29,32,51,105,48,56,58,59,38,69,42,60,30,45,72,39,50,117,54,66,37
6423,37,33,65,36,61,64,56,39,72,27,47,71,35,40,45,105,38,23,31,119,49
6424,95,36,49,27,70,38,59,57,72,39,37,58,32,40,51,47,99,45,33,42,48
6425,71,50,60,35,40,36,32,53,97,47,31,45,42,51,39,34
6426,38,44,40,36,48,50,42,53,58,71,67,52,70,47,27,108,110,81,105,39,95,33
6427,52,69,95,50,29,37,61,27,48,54,58,44,56,57,31,105,71,47,2,67
6428,47,59,50,31,72,67,30,38,43,71,37,27,105,14,60,32,58,84
6429,33,39,42,47,30,54,69,58,66,52,48,61,29,105,72,60,65,84,38,119,53
6430,64,40,66,32,58,105,30,65,63,50,54,44,67,53,61,38,71,95,70,52,56,48,39,72
6431,84,51,35,67,47,56,44,92,62,27,69,48,70,71
6432,39,31,59,61,65,37,48,53,47,69,54,66,75,51,38,1,68,35,36
6433,71,35,60,67,59,56,39,72,61,36,53,109,65,105,29,40,27,32
6434,50,44,69,29,37,49,66,84,58,47,71,56,52,64,51,17,42,61,72,108,85,30,57,28,116,38
6435,53,84,48,45,56,44,40,67,70,116,31,59,64,29,61,35,69,43,37
6436,84,38,70,37,66,44,39,29,61,36,72,31,35,67,32,28,33,53,64,41,24,54,71
6437,53,32,49,47,29,36,66,48,30,58,42,73,50,70,60,55,38
6438,40,38,58,49,65,84,53,35,67,48,30,36,56,95,54,63,39,34,32,37,43,27
6439,51,45,67,32,33,58,29,40,35,69,36,72,105,52,50,30,42,66,114,39,65
6440,71,72,36,47,105,38,31,60,39,64,50,53,62,32,44,68,58
6441,37,54,60,41,42,58,105,59,67,47,57,44,39,45,52,64,69
6442,71,44,67,51,47,50,72,58,32,27,45,46,21,35,54
6443,38,64,54,51,95,29,58,49,52,48,31,21,39,27,17,45,53,33,56
6444,42,95,45,43,53,69,58,32,56,67,62,64,71,54,27,59,105,49,96,12,31,3,30
6445,45,38,61,29,105,33,84,63,64,67,53,44,58,27,52,48,59,60,54,37,99,39,72
6446,31,40,59,30,69,65,45,50,53,27,35,60,61,15,87,44,70,42,79,71,32,72
6447,36,65,35,32,58,67,60,61,57,59,52,39,72,64,68,2,89,81,44,56,27,48,29
6448,70,31,29,67,72,60,58,53,39,65,30,59,49,27,86,36,66,19,45,105
6449,95,45,61,30,54,41,39,64,56,68,53,27,96,29,67,66,52,47,38,15,44,70
6450,58,52,67,32,64,60,38,61,1,71,50,45,27,56,70,29
6451,30,69,33,42,66,50,27,40,37,60,70,36,35,90,47,65
6452,60,71,72,65,105,29,64,57,56,49,45,84,44,39,30,33,31,51,20,50
6453,65,69,45,33,53,58,35,48,42,37,84,36,68,30,72,63,73,32,66,51,38,56
6454,51,67,59,72,42,37,48,45,69,61,52,60,108,32,101,65,39,38,50
6455,71,47,61,72,31,37,66,38,36,105,56,65,27,52,29,39,6,45,35,30,51,5,69,43
6456,33,58,39,54,36,61,84,29,41,44,65,53,30,45,59,50,56,47,40,79,38
6457,71,33,58,67,53,65,61,31,54,66,28,72,39,84,69,51,55,50,32,38,49,105
6458,38,61,35,48,42,36,58,30,52,53,31,32,57,45,105,44
6459,35,47,70,105,84,61,59,53,30,54,58,42,27,50,69,51,33,49,73,29
6460,71,39,27,69,40,54,49,29,60,38,72,105,64,52,30,37,58,45,67
6461,42,32,27,33,45,67,58,31,48,66,30,105,72,64,35,38,76,59,39,111
6462,32,45,61,38,31,66,39,27,51,65,60,49,50,47,84,85,30,48,42
6463,30,105,64,59,66,50,31,56,36,69,35,51,100,49,63,11,44,42,114,72
6464,58,48,69,59,33,50,60,72,66,61,53,37,36
6465,45,33,38,50,70,47,61,27,49,37,44,32,56,88,79,71,58,51
6466,27,52,48,47,66,32,51,84,61,29,105,33,35,56,5,67,89,49,41,65,37,59,106,8,69
6467,50,47,65,33,30,29,69,72,38,42,51,71,54,49,27,6,45
6468,35,29,84,49,37,70,105,57,56,42,39,44,31,61,69,58,62,93,65,38,50,66
6469,71,60,64,49,61,27,53,32,69,44,43,48,30,29,59,33,28,56,66,31,45,68,38,110,70
6470,47,65,58,39,54,57,95,53,60,35,66,90,27,63,42,84,45,32,38,41,44,64,4,70,48,98,50
6471,43,54,39,65,70,66,51,56,33,31,53,71,35,59,4,61,27,44,102,50,67
6472,77,66,56,45,36,38,29,58,44,49,47,69,54,84,115,37,68,43
6473,38,39,67,52,58,51,35,29,72,47,53,44,59,64,50,36,60,65,37,48,71
6474,71,43,39,44,69,30,49,38,48,59,27,51,45,75,61,105,47,37,53
6475,63,84,33,36,64,32,27,52,72,60,47,38,35,65,78,54,50,90,69,30,40,56,31
6476,61,36,37,67,66,64,56,27,69,105,71,30,31,72,35,58,19,48,32,51,13,47,97
6477,40,35,63,58,50,54,59,32,105,52,71,30,44,45,66,1,51,43,33,60,23,47
6478,39,59,50,27,37,47,67,32,69,52,38,42,65,45,54,12,119,11,72,84,36,44
6479,91,56,32,45,30,47,37,66,29,67,49,72,4,53,60,71,19,51,110,105,27,39
6480,32,45,40,84,42,72,56,36,50,52,48,69,30,31,27,90,65
6481,61,56,4,68,42,58,53,31,33,47,36,27,105,104,69,45,48,32,41
6482,37,67,105,63,52,43,4,40,51,32,57,56,49,69,60,39,66,44,64,97,95
6483,61,43,48,31,33,38,44,52,72,32,37,39,66,82,35,45,41,68,67,71,58
6484,31,32,48,58,67,56,59,42,52,36,61,47,49,51,71,83,107,72,33,45,84
6485,30,50,53,72,49,70,39,31,29,69,59,61,58,71,105,33,95
6486,52,65,36,72,40,54,61,105,37,53,56,69,71,42,57,20,27,11,4
6487,84,58,4,57,33,69,52,36,65,42,45,71,39,66,61,49,44,30,40
6488,105,4,38,45,58,24,63,64,29,71,60,39,69,56,35,42,51,57,37,54
6489,35,72,60,51,66,40,31,37,105,119,90,107,63,84,52,91,27
6490,30,69,71,39,48,105,43,72,36,31,47,33,38,58,53,111,40,27,1,66
6491,65,42,60,69,57,71,47,51,36,38,48,49,62,39,64,72,53
6492,68,44,57,61,40,41,59,71,49,36,48,58,66,51,38,12,34,37,27
6493,60,35,37,71,72,38,30,64,48,47,105,32,102,44
6494,40,52,63,38,57,56,66,49,54,65,64,42,50,45,105,84,3,39,31,44,83,53,48
6495,30,72,47,40,105,29,31,37,57,63,51,64,38,48,60,56,19,53,44,4,67
6496,42,37,33,44,72,39,53,48,47,54,40,58,65,38,4,71,85,35,108,12,118,64
6497,42,38,66,51,59,60,29,49,35,52,37,56,71,50,58,31,115,44,105,39
6498,67,50,35,43,38,51,70,30,61,36,31,105,65,71,54,56,69,66,57,4,58,44
6499,50,1,51,105,60,38,84,53,31,37,66,33,47,67,35,56,30,69,42,59,58,91
6500,36,32,29,66,42,35,38,105,67,33,72,50,53,56,54,39,57,43
6501,37,27,31,4,40,42,79,54,21,44,39,35,105,51,45,49,64,71,60
6502,58,42,52,84,63,29,4,47,69,66,53,72,49,35,56,44,55,32
6503,4,35,69,48,47,45,52,56,40,31,53,58,39,54,72,66,59,42,9
6504,49,38,95,50,36,105,40,54,64,51,35,32,71,43
6505,42,4,27,105,36,39,32,95,48,49,16,101,53,9,70,58
6506,85,42,71,53,67,61,27,49,86,72,36,69,66,33,39,65
6507,38,37,66,59,61,30,29,36,27,48,49,105,45,25,47,4,71,28,58,22,56
6508,71,56,30,49,45,40,32,52,54,67,46,69,35,89,39,60,79,63,42,65
6509,63,32,41,27,49,44,53,50,65,61,54,59,51,43,29,101,66,36,11,33,39
6510,39,53,37,58,69,27,31,49,71,65,63,38,44,17,60,105,9,24,35,30,6,23,72
6511,44,66,39,40,47,52,37,54,60,81,50,70,12
6512,52,4,65,48,30,40,54,44,71,67,39,29,41,53,72,78,59,80,20,69,38,92,27
6513,61,58,51,39,47,35,60,29,56,48,30,69,54,31,36,67,66,44,84,38
6514,35,36,29,47,58,48,51,37,50,72,60,30,45,33,53,84,32,75,64
6515,54,69,56,95,105,52,39,51,32,53,27,13,66,49,60,48,50
6516,4,57,51,38,35,40,54,30,105,71,72,49,84,56,28,33,75,45,63,50,118,31,48,42
6517,51,67,95,59,48,45,33,27,54,38,37,36,43,72,47,61,71,19,105,31,60
6518,39,64,71,27,29,33,105,49,65,35,61,56,117,46,84,43,31,67
6519,33,65,42,36,66,71,40,72,84,93,62,48,39,105,37,47,32,59,58,51
6520,68,30,51,72,69,27,56,37,66,36,53,67,79,61,58
6521,27,63,53,71,57,39,33,49,35,42,52,66,51,65,31,81,93,38,4,72,50,60
6522,69,27,105,42,52,53,64,40,35,37,29,65,51,45,60,44,50
6523,38,65,105,61,52,56,95,27,53,50,60,45,70,64,114,47,36,81,48,44
6524,60,53,52,30,58,29,64,42,37,44,66,31,48,106,50
6525,61,69,33,39,105,58,32,4,65,48,66,63,57,56,45,36,54,43,84,108,38
6526,56,32,29,54,51,69,42,35,64,39,67,72,59,49,70,27,37,86
6527,68,39,33,44,71,59,45,30,69,72,38,95,28,54,19,51,47,7,60,35,52,84,67
6528,49,52,30,37,66,64,31,36,38,65,56,48,39,35,69,61
6529,49,59,61,29,30,38,4,70,93,32,52,69,44,65,76,58,105
6530,43,58,64,66,50,63,53,37,32,65,45,49,27,56,52,33,44,28,36,31,38
6531,54,72,45,95,30,64,35,33,67,44,61,48,39,60,42,71,29,51,70,69,31
6532,40,36,47,52,58,57,67,29,37,31,105,65,72
6533,30,69,38,35,36,60,71,58,52,56,42,49,66,65,44,47
6534,66,45,40,35,60,59,84,64,42,33,72,65,32,61,29,55,69,56,39,52,115,20,24,48
6535,4,39,29,84,53,38,70,64,67,58,60,61,50,33,35,68,51,91,59,65,42,56,28,54
6536,71,39,65,60,72,29,51,61,32,69,47,66,30,37,85,20,67
6537,67,53,60,69,44,32,105,54,31,63,27,47,57,95,30,59,83,52
6538,37,45,95,58,49,27,65,105,56,61,51,39,6,60,40,67,24,88,33,108,4
6539,61,63,39,31,66,32,42,44,49,53,36,47,60,54,50,67,64,40,73
6540,30,49,29,27,105,64,47,33,38,71,58,37,56,60,52,74,40,28,42
6541,54,60,53,66,58,40,47,51,37,30,61,48,73,69,52
6542,61,43,49,30,63,47,40,105,52,53,65,35,38,50,87,13,42,29,72,51
6543,59,66,95,48,69,49,39,54,64,35,44,72,61,65,29,73,30,67,57,68,50,42,93,45
6544,40,35,84,59,105,30,36,45,39,66,53,58,71,69,49,37,13,64,60
6545,50,67,72,39,29,65,48,49,42,32,60,30,56,35,37,59
6546,40,51,49,61,50,105,66,59,38,31,27,29,36,52,60,41,65,47,111,39
6547,36,72,38,4,29,66,61,95,31,39,67,69,35,5,60,33,73,30,51,40,54
6548,45,33,56,31,52,37,44,47,71,72,63,30,104,76,42,59,49
6549,84,58,38,60,35,49,31,53,64,36,41,72,39,85,30,61,45,54
6550,59,67,39,45,33,48,72,57,54,30,53,66,70,51,61,47,44,106,69,7,105
6551,84,66,33,35,60,42,54,52,27,50,48,53,44,36,67,56,40,63,39
6552,48,50,51,33,39,69,47,31,42,56,27,29,36,65,38,35,72,59,61,57,66
6553,56,53,30,32,35,69,65,40,59,44,45,64,49,52,60,25,36,54,33
6554,31,33,37,44,71,59,39,27,105,66,56,70,63,62,83,29,65,51
6555,71,44,54,69,50,66,72,27,31,64,37,105,3,63,67,48,58,47
6556,67,58,84,56,59,39,38,49,32,68,41,27,69,44,45,60,93,71,66,6,52
6557,57,52,44,61,56,31,49,48,38,4,51,37,53,64,67,105,73,36,47,58,90
6558,51,64,44,71,56,31,59,58,33,32,52,28,30,37,65,29,68,63,38,61,72,60,36,69,53
6559,42,71,35,44,105,61,39,53,36,49,31,57,59,48,84,38,88,4,64,7,76,30,21,51
6560,51,42,65,64,27,69,60,56,29,71
6561,64,38,95,42,105,50,48,39,65,32,58,29,49,51,44,56,54,96,30,71
6562,33,69,52,59,61,48,49,27,30,38,36,31,51,45,47,53,84,67,32,37,40,75,11,3,60
6563,45,69,38,105,52,31,32,35,48,50,66,58,71,29,27,65,59,73,42,60
6564,56,32,39,35,67,54,49,40,47,48,69,37,84,70,5,105
6565,37,54,39,49,51,29,44,33,45,63,64,69,38,65,50,31,60,66,72,35
6566,49,32,105,66,65,54,39,95,42,53,48,61,52,51,27,43,38,72,71,68,31
6567,63,38,52,49,4,30,58,29,48,35,72,40,53,47,31,116,36,37,5,32
6568,38,31,69,49,60,37,64,54,4,66,61,52,35,93,116,53,15,32,33,46,71
6569,70,50,54,58,61,84,53,37,35,5,56,30,38,74,67,72,17,27,51
6570,60,4,71,38,30,95,56,64,51,50,45,37,32,59,104,29,27,54,47,65,49
6571,64,61,66,56,95,59,37,42,33,29,45,89,70,44,90,71,26,27,65,48
6572,52,64,35,57,59,44,40,30,84,29,56,38,66,53,105,27,33,48,65,50,67,31,32,51,77,54,95
6573,27,35,71,33,105,52,84,60,5,51,69,39,66,42,45,36,73,28,47,31,43
6574,52,37,40,39,38,30,105,67,59,63,54,65,69,49,53,64,78,48,60,72,47
6575,60,69,51,33,59,61,105,52,39,36,27,53,35,45,47,48,64,42
6576,4,36,32,84,29,54,64,24,44,50,42,70,65,86,31,33,71,47,53,60
6577,39,51,61,40,54,47,31,65,105,60,42,48,38,86,91,32,70,71
6578,65,69,42,52,31,105,35,45,40,59,71,74,51,49,38,90,29,33
6579,60,27,47,29,39,58,4,71,56,35,38,50,54,67,33,40,32,53,72,49,51
6580,60,95,52,53,105,30,71,64,51,27,70,22,40,32,24,37,63,42,43
6581,50,49,72,58,45,63,71,38,30,59,32,67,35,31,11,73,60,92,20
6582,49,71,72,58,32,33,50,53,31,54,69,44,14,48,35,16,47,61
6583,32,31,47,49,65,53,60,39,105,28,58,56,38,61,17,71,44,45,35,30,72,54,24,69,27,36
6584,40,59,42,38,53,32,52,67,50,39,72,45,58,64,105,65,4
6585,27,105,42,32,54,47,69,37,71,84,44,31,39,53,49,56,30,52,40,11,64,65
6586,40,49,53,32,38,61,48,84,57,47,35,24,28,36,109,37,104,71,41,60,58,88
6587,30,27,40,65,58,39,47,48,54,42,69,33,31,105,43,60,84,56,5,49,61,98,50
6588,95,39,59,47,54,65,36,57,44,50,7,105,29,27,63,66,67,43,60
6589,39,61,60,57,27,47,38,31,72,40,69,43,59,48,58,67,50,86,49
6590,4,53,49,27,58,48,54,30,37,105,50,44,39,66,42,97,63,36,67
6591,69,37,49,52,45,39,67,68,30,64,35
6592,42,35,48,30,38,72,105,49,51,27,47,44,62,115,59,73,69,56
6593,31,37,35,53,71,47,65,72,52,105,67,73,66,32,56
6594,44,42,30,31,39,48,52,57,51,116,35,72,37,29,95,45,70
6595,71,32,36,38,60,45,30,56,69,40,58,42,37,44,49,39,114,70
6596,52,60,65,56,58,36,42,48,29,69,54,31,24,45,66,47,30,26,44,109,51,50
6597,44,45,38,58,39,33,53,71,51,52,11,31,60,42,76,66,54,69,67
6598,43,51,64,69,47,45,37,4,31,67,91,65,52,58,39,48,89,38,42,99,71,54
6599,52,36,38,65,39,61,29,105,46,27,95,67,47,42,37,12,48,69
6600,53,36,54,30,65,33,72,84,58,61,38,51,64,49,3,27
6601,38,27,33,36,84,66,51,42,52,29,40,54,56,12,100,76,65,60,105,39,41,32,49
6602,64,69,36,31,33,30,47,67,72,39,65,29,114,37,56,105,40,50,113,59
6603,36,53,65,30,58,66,42,51,31,63,56,59,60,52,64,67,105,44,68,37,61,27
6604,47,30,27,51,31,44,49,65,71,45,42,103,32,61,87,50,100,67,36
6605,49,65,45,69,30,29,67,39,54,33,48,36,72,44,70,37,42,47,57,61
6606,4,66,32,51,63,40,65,50,56,69,52,48,37,42,55,39,61,80,62,41,53,33,30
6607,67,84,33,68,35,60,69,45,31,71,59,56,44,66,74,48,7,105,32,47,116,58,36
6608,36,59,44,33,71,30,69,37,35,32,47,58,104,105,38,65
6609,43,67,44,42,58,51,69,54,31,37,40,63,48,66,56,71,65,35,49,106,117,8,30
6610,48,31,36,53,67,27,45,49,60,51,59,28,44,61,21,105,30,66,64,35,56,79,38
6611,54,105,69,43,51,63,30,50,59,52,31,47,40,35,24,53,37,28,61,44,48,67
6612,51,69,52,50,31,105,60,39,42,67,56,61,47,27,110,38
6613,95,69,61,59,42,29,58,45,54,40,47,27,33,36,39,38,49,56,72,63,30,44
6614,69,84,50,56,95,45,59,72,70,36,48,87,31,47,66,40
6615,53,32,65,50,69,47,58,101,72,48,30,105,19,66
6616,58,47,44,36,35,52,31,61,49,59,60,66,83,51,73,67,104,33,40,72,32,29,39
6617,51,71,105,31,35,48,36,65,58,42,64,27,37,61,7,60,88,33,66,53,20,10,34,24,52,40,4,63
6618,43,58,35,32,70,63,59,33,27,31,65,60,98,45,29,54,51,105,84,71,66,30,50,57,47
6619,4,50,47,51,58,49,35,37,41,72,69,67,33,60
6620,53,32,36,105,63,45,66,59,54,95,37,48,58,30,39,65,33,57,27,56,51,40,74,69,52
6621,65,39,31,95,105,66,59,27,63,48,53,72,32,42,35,58,67,1,117,21,4,61,33,30
6622,36,31,71,39,58,66,56,29,37,69,47,45,30,22,51,85,34,38,106
6623,40,51,59,56,50,72,35,52,65,36,27,66,48,47,54,12,102,58,83,92,69,99
6624,67,49,56,36,40,59,39,72,71,38,29,58,4,32,60,42,53,48,109,52,54
6625,69,50,56,67,51,49,59,38,65,42,71,35,61,47,30,52
6626,39,51,54,29,33,71,37,66,69,58,48,59,35,7,27,60,17,45
6627,54,36,61,67,47,43,44,52,53,84,27,38,71,75,56,35,39,59,29,58,72,57,51,31
6628,59,31,35,54,95,71,29,51,84,38,45,30,66,69,63,57,36,65,86,58,32,61
6629,32,71,52,64,35,36,53,49,40,37,28,56,51,42,67,103,50,4
6630,95,38,44,63,71,47,65,51,36,58,20,53,67,40,37,27,66,68,104,48,69
6631,56,65,72,67,29,66,54,52,31,60,45,48,39,40,50,47,64,105,33,27,95,30,15,57
6632,32,33,84,67,29,58,52,61,59,54,53,51,31,65,49,71,36,72,69,105
6633,58,7,37,39,36,53,29,72,38,67,105,49,33,54,60,62,34,32,87,93,66,30,28,56
6634,45,29,67,40,64,32,47,63,44,69,49,58,52,65,38,87,56,43,54,30
6635,64,47,39,53,58,63,72,51,60,56,71,29,69,52,31,48,54,66,4,94,37,65,68
6636,36,45,27,39,47,42,33,30,105,69,56,61,60,53,44,37,49,72,97
6637,40,51,31,29,39,37,36,27,48,56,104,1,60,95,50,69,47
6638,4,32,54,53,67,61,56,37,51,36,50,72,65,60,27,45,58,40,114,49
6639,72,30,49,50,95,64,39,42,38,3,56,36,48,31,10,47,57
6640,72,56,63,47,105,58,71,37,32,59,52,35,60,39,64,30,36,75,51,31,66,42,38,65
6641,40,50,38,37,56,47,63,35,51,45,49,31,60,27,64,67,5,58,24,48,65,53,32
6642,43,64,47,36,58,72,61,63,53,40,59,51,114,49,56,44,65,30,60,27,42,38,84
6643,84,48,63,61,67,41,59,105,47,4,50,27,31,54,49,51,44,42,104,69,95,71
6644,4,36,33,47,65,27,30,66,56,58,32,112
6645,66,58,56,51,71,48,39,30,35,65,69,32,77,105,88,8,49,50,52,47,37
6646,29,53,50,63,72,48,33,38,39,66,35,49,43,44,59,32,57,115,64,30
6647,47,56,65,67,32,52,44,71,36,27,43,50,33,95,13,46,30,58,49,35
6648,56,64,66,67,52,95,45,37,50,70,44,51,30,60,27,40,71,54,110,58,32
6649,60,71,66,61,52,105,48,58,37,30,27,42,26,29,94,45,56
6650,5,49,45,40,59,71,95,44,105,47,53,58,39,54,52,84,60,35,33,66,20,42,43,37,29
6651,31,71,45,50,48,38,60,49,29,105,66,30,35,43,52,69,44,58,88
6652,51,48,53,39,69,67,36,56,50,47,33,71,27,44,66,58,49,60,40,72,31,65
6653,30,60,29,50,58,59,39,61,31,84,40,105,54,57,42,72,4,36,52,64
6654,4,61,51,63,53,29,64,27,66,54,67,48,45,44,33,36,105,31,50,43,60,37,35
6655,42,95,67,49,59,50,57,33,40,72,45,31,36,47,39,97,112,30,69,3,60,70
6656,45,52,37,58,64,49,69,60,61,71,31,53,54,91,29,105,39,36,43,33,30,38,67
6657,48,35,37,53,59,39,56,45,49,31,51,30,36,32,27,47,57,103
6658,59,38,52,50,67,105,35,44,51,31,45,37,54,4,85,58,115,66,30,49,78,36,60,56
6659,51,49,42,54,61,33,68,50,27,48,39,45,105,58,70,71,43,95,30
6660,36,47,35,51,59,31,53,66,61,42,38,69,45,48,58,39,50,65,29,27
6661,66,38,64,68,45,52,4,41,49,35,51,59,44,31,32,43,60,48,33,47,39,29,62,34,69
6662,33,51,35,52,65,42,48,27,29,31,44,45,38,30,58,19,67,9,54,43
6663,105,58,72,95,65,64,69,35,45,85,42,97,37,54,29
6664,27,29,59,84,31,67,4,42,47,56,44,105,33,53,75,40,95,58,64,78,38
6665,36,47,54,37,64,27,35,61,70,65,48,98,10,72,21
6666,36,24,30,52,53,40,84,39,67,32,103,31,59,44,41,47,33,58,45,69,49
6667,59,35,64,50,66,49,54,27,42,48,45,58,31,44,84,51,63,70,30,43,61,71,38
6668,56,71,61,42,67,39,37,45,47,65,54,29,51,35,44,64,112,46,69
6669,49,47,32,30,56,69,71,65,38,58,53,105,61,42,44,78,2,48,41,5
6670,31,65,53,66,37,71,33,58,30,5,51,56,61,69,7,35,48,38,47,49,45
6671,49,65,54,37,42,32,71,48,66,69,44,50,47,60,27,3,105
6672,105,71,37,56,47,51,27,36,49,35,61,52,53,113,54,29,97,60
6673,37,105,40,71,53,56,52,30,31,36,49,27,95,51,32,58,11,66,45,65,119,47
6674,65,47,53,57,38,32,63,31,69,114,105,64,51,59,24,97,39,93,36
6675,72,44,38,32,59,53,37,39,40,48,105,64,66,29,71,58,31,95,73,63,27,43,22,56
6676,33,30,54,67,31,63,38,36,50,56,43,45,61,29,39,72,3,55,49,70,58,14,90,86,48
6677,35,64,49,37,50,53,30,36,58,72,39,69,5,29,63,42,48,47
6678,67,54,39,59,58,70,73,47,66,45,37,44,56,40,79,49,30,42,38,13,105,53,57
6679,42,84,30,36,27,72,60,35,44,48,67,45,37,32,38,90
6680,72,61,53,59,67,27,63,45,32,29,48,56,58,37,31,105,84,78,5,35,46,13,65
6681,95,59,61,66,35,64,45,72,52,53,48,44,56,33,86,50,39,27,54,17,30,84
6682,56,63,53,58,30,44,59,67,39,71,69,50,57,12,60,48,49,111,65,31
6683,58,49,39,37,64,60,40,38,56,42,72,36,43,26
6684,54,32,42,71,60,29,95,65,40,41,44,64,31,35,45,56,97,43,47,87,77,37,53,11,52,34,30,104
6685,61,67,59,31,33,37,72,36,66,70,51,44,35,30,54
6686,39,33,56,105,29,71,72,35,44,50,4,62,34,53,66,31,27,58,14,64,45
6687,32,64,38,51,66,54,49,29,105,27,39,72,47,43,95,114,69,36,58,45,40
6688,28,66,27,69,35,39,42,65,31,36,41,48,71,49,53,58,117,45,47,30
6689,71,105,57,54,50,56,32,64,51,30,65,36,35,44,106,18,110,47
6690,63,57,44,56,33,38,48,27,51,30,47,35,31,67,61,65,69,39,50,37,53,28,49
6691,32,72,45,67,63,54,30,56,70,61,59,69,5,105,84,58,42,53,40,116,14,119
6692,37,71,40,33,31,53,65,60,67,58,44,111,38,47,41,50,17,36,64,100,54,84
6693,49,42,35,69,57,66,48,64,67,30,39,37,56,72,78,29,113,71,25,58
6694,38,27,60,72,35,30,53,71,33,65,64,47,32,43,52,48,56,40,8,99,20,39,74,101
6695,47,31,71,64,69,39,48,30,53,36,33,27
6696,50,32,52,66,36,105,31,51,65,59,4,37,43,53,102,62,58,39,40,49,114,44
6697,42,49,67,50,27,53,52,105,71,56,45,69,107,76,47,37,59,44,60,81,57,113,32
6698,71,60,52,49,69,54,45,48,35,53,59,65,42,50,31,32,27,93,58,51,79,56
6699,38,72,48,42,58,52,29,50,60,30,51,54,39,66,41
6700,51,72,45,32,71,52,56,27,50,47,29,58,48,31,5,53,87,39,66,40,36,49
6701,74,92,82,75,116,119,117,96,111,118,98,94,112,79,63,86,7,76,52,21,113,104,114
6702,70,29,79,111,119,86,117,106,104,81,96,75,99,98,118,85,91,24,94,83
6703,95,115,76,86,98,106,104,78,75,96,100,99,110,103,24,49,41,29,28,79,94,62
6704,75,79,80,73,86,107,87,113,74,66,109,78,118,3,92,84,70,85,10,96
6705,91,83,115,77,94,98,119,75,70,118,102,88,104,100,76,78,90,106,73,117,82,107
6706,114,117,74,77,101,111,94,113,79,76,80,97,73,78,107,70,86,118,81,58,93,98,103,35,116,11,109
6707,101,112,70,87,96,80,116,73,102,103,77,108,22,83,118,29,86,99,15,119,74
6708,81,75,96,101,80,111,88,118,77,73,112,103,13,64,98,21,78,20,79
6709,29,77,54,91,101,106,117,94,79,72,96,110,118,105,81,116,24,73,87,6,88,15,86
6710,109,107,94,85,96,111,117,112,86,23,119,101,99,75,102,90,83,76
6711,87,111,106,75,107,88,118,74,115,81,102,90,76,96,117,53,116,79,67,104
6712,119,76,115,103,94,96,70,110,113,73,116,2,35,91,112,79,81,86,64,107,111,118,104,4
6713,107,87,118,117,79,110,99,76,37,23,83,2,15,88,96,92,54,116,106,43,112
6714,113,90,118,82,112,83,86,108,80,88,107,74,85,91,117,65,19,94,14,59,71,115,96
6715,83,91,113,115,76,119,78,109,117,116,108,101,107,86,81,98,102,111,104,92,14,96,24,20,18,4
6716,102,108,83,94,117,98,78,73,111,118,115,109,116,112,70,4,110,96,33,88,103,80,2,119
6717,79,109,86,73,106,110,96,85,95,88,112,103,80,101,113
6718,109,113,99,108,81,19,98,73,106,87,86,77,114,67,48,46,118,83,96
6719,83,81,78,94,115,90,99,82,91,77,24,109,104,85,43,112,74,92,56,63,70,107
6720,82,117,70,107,76,90,103,113,78,115,1,72,86,73,106,41,95,111,81,17,99,104,112,93,19,85
6721,117,70,94,75,73,91,86,106,87,101,99,79,90,85,112,1,2,116,113,83,74,114,115
6722,101,70,110,102,96,113,81,112,119,98,115,104,90,86,103,107,77,80,92,73,74,37,76
6723,111,109,79,118,107,110,90,85,103,108,57,95,87,99,75,106,73,112,100,116,98
6724,64,111,88,80,74,101,99,94,87,108,113,96,75,7,119,110,98
6725,108,117,110,118,99,109,94,119,115,96,90,75,98,78,15,87,86
6726,76,94,103,90,85,115,79,78,83,102,91,77,112,88,109,106,75,98,86,107,104,70
6727,83,99,106,112,81,88,113,87,107,76,117,95,116,119,74,115,109,44,86,110
6728,103,116,87,74,90,88,91,85,113,106,86,83,92,101,99,33,76,109
6729,82,109,110,119,74,83,102,70,99,80,91,104,79,115,81,117,106,94,76,78,101,111,77
6730,94,92,41,110,85,74,119,99,115,103,81,70,116,95,73,3,79,97,111,112
6731,79,73,74,107,111,101,98,50,113,78,93,88,76,117,119,70,81,102,44,99,106,77,116
6732,93,94,86,75,91,92,78,82,109,24,79,111,76,99,118,81,101,98,115,119,106,70,117,95,116,113,19,83
6733,91,83,112,106,92,82,87,118,95,111,73,116,108,119,75,22,8,77,93,107,13,90,115,109,2,86,10
6734,99,83,76,108,92,109,111,82,90,77,42,74,88,112,85,118,58,81,115
6735,100,82,103,119,78,80,113,94,106,85,88,112,102,87,118,70,2,90,104,91,96,107,117
6736,116,73,87,7,107,110,70,105,59,111,102,113,83,22,76,92,72
6737,103,115,81,74,101,87,73,92,109,118,91,96,70,93,77,105,66,24,78,39,82,98
6738,106,94,70,86,112,111,110,75,78,74,108,76,101,48,115,109,107,88
6739,81,112,115,77,91,96,107,98,75,106,70,73,17,114,76,105,110,79,1,119,9,80,111,86
6740,83,74,101,88,117,80,76,98,96,82,113,73,110,53,108,106,116,111,112,77
6741,75,94,73,82,81,87,119,110,83,102,78,76,111,98,71,116,115,80,109,101,10,90
6742,85,115,99,96,90,78,75,116,108,110,94,101,53,106,87,89,118
6743,78,83,81,96,1,119,77,117,74,113,106,87,88,94,115,70,98,79,111,101,109,4,97
6744,104,99,106,113,92,85,95,76,22,102,78,88,103,107,54,118,1,86,33,56,116,93,110
6745,100,98,106,96,111,85,75,101,78,94,113,45,76,88,112,50,90,103,79,28
6746,80,112,76,82,83,104,100,118,111,81,88,108,78,101,95,107,94,86,75,115,85,42,98,10,99,71,44,110
6747,80,118,99,73,108,88,2,96,110,4,112,79,10,77,86,94,101,109,104
6748,103,87,98,104,74,94,91,108,116,117,110,88,73,109,81,90,99
6749,80,106,108,104,111,90,117,101,70,75,78,85,2,35,66,109,3
6750,102,91,90,111,108,96,78,115,95,73,116,113,75,83,4,104,110,2,86,79,118
6751,75,96,74,87,78,91,80,77,90,83,118,76,107,73,86,95,63,24,82,110
6752,112,75,80,85,96,108,118,90,70,83,117,116,86,21,78,76,106,27,77,102,81,88,69
6753,109,76,113,116,73,104,96,118,85,101,100,87,106,80,83,90,108,112,110
6754,75,112,113,92,88,85,104,108,111,73,86,83,96,87,17,93,94,81,78,106,109
6755,78,94,118,80,103,116,86,109,108,104,102,83,99,91,64,75,39,70,115,88,110
6756,70,91,103,79,88,104,101,102,76,118,78,87,109,112,98,46,119,73,74,86,110,117,108,81,77
6757,73,101,113,83,88,78,116,117,106,98,70,90,119,2,86,76,91,42,118
6758,78,74,80,77,94,103,111,82,106,101,110,109,87,112,107
6759,118,113,115,87,111,98,86,119,107,116,90,104,76,109,10,80,70,102
6760,110,113,88,94,87,99,75,54,74,101,106,119,117,73,108,92,111,80
6761,76,113,86,54,74,110,77,109,82,87,53,114,111,94,4,83,45,119,78,48,104,96
6762,117,111,101,74,118,87,113,112,88,90,75,103,94,80,79,13,119,40,100,102,106,109,85,92,73,44,4,110,70
6763,90,109,86,77,116,80,106,83,96,103,118,2,92,81,101,100,98,79,112,93,82,73
6764,108,115,74,110,87,119,96,94,103,117,91,99,88,95,112,107,50,90,79,5,98,106,104,30,83
6765,90,98,108,85,115,79,113,118,116,80,110,74,87,111,86,102,88,91,18,101,112,77
6766,76,94,119,103,73,87,85,78,86,98,88,117,77,104,101,93,13,96,113,118,105,90,106,109
6767,90,99,94,101,109,106,70,29,96,78,74,111,108,80,119,104,102,14,112,82,87
6768,88,83,80,90,79,94,73,77,106,111,109,74,118,110,116,115,101,91
6769,24,86,99,81,91,95,4,92,104,108,96,119,111,79,115,80,75,77,88,15,109,112,82,107,61,11,70,102,101
6770,113,112,110,76,81,119,82,109,100,115,91,97,75,104,62,108,77,87,111,116,88,118,63,50
6771,70,86,83,90,112,74,101,119,77,99,80,92,106,104,109,94,76,13,103
6772,100,79,94,74,87,92,90,117,96,85,91,102,78,67,82,105,113,52,35,111,104,70,118
6773,73,108,116,91,74,92,98,70,106,104,4,101,77,80,75,117,83,88,111,5,112,24,89,99,94
6774,92,24,6,29,81,101,77,87,115,86,111,106,74,119,108,82,5,104,56,113,95,15,96,17,46
6775,110,106,114,79,83,95,96,117,10,111,24,101,107,90,89,74,115,119,22,54,5,29,85
6776,87,115,101,106,54,79,116,91,117,112,107,73,24,110,74,78,109,108,20,2,111,80,33,96,104
6777,87,115,108,90,78,110,106,98,75,119,112,86,88,58,116,67,92,79,111
6778,99,116,117,74,86,94,75,91,98,12,65,101,115,61,106,24,104,27,113,30,51
6779,109,118,87,73,94,90,75,103,96,77,49,98,111,100,101,9,89,86
6780,106,96,110,75,86,90,80,108,118,102,74,34,91,85,54,94
6781,80,119,102,112,78,76,74,75,95,99,73,96,70,61,108,113,94,18,82,79,107,111,101,110
6782,92,112,96,70,79,94,74,90,73,119,22,86,117,103,102
6783,118,80,115,101,107,110,82,74,88,98,75,90,94,1,119,51,108,79
6784,80,112,91,101,94,110,107,116,87,109,102,86,117,96,83,27,111,77
6785,118,113,94,85,110,101,79,90,91,81,96,75,112,117,83,76,42,88,2,70,116,57,114,119
6786,90,94,85,88,73,109,26,96,113,99,87,95,116,107,117,111,97,49,118,59
6787,78,112,79,116,88,102,108,87,77,117,118,82,110,86,101,80,96,85,81,9,93,24,74,107,98
6788,98,115,70,75,90,94,79,113,119,96,99,30,116,111,112,110,109,73,101
6789,103,112,117,83,74,111,85,88,94,81,80,73,109,75,62,78,102
6790,115,82,98,96,95,85,91,110,112,101,117,111,70,78,60,75,53,100,79,41,107,76
6791,107,102,80,79,103,94,98,77,113,119,96,100,85,76,108,81,78,70,106,82,86,91,104,115,31,112
6792,119,88,98,77,2,10,75,115,70,85,97,93,116,4,96,81,82,78,86,1,24,23,104,80,102,87,41,9,6,108,14,99,112
6793,78,91,113,108,103,76,118,117,106,102,104,115,86,119,81,88,82,87,116,23,98,94,4,73,13,58
6794,79,111,86,107,104,83,82,76,113,90,109,87,73,118,99,42,94,117,92,10,88,106,116,102
6795,86,107,94,79,113,99,117,85,81,101,77,87,112,90,47
6796,94,86,118,80,117,113,102,109,98,110,107,119,112,103,75,70,87,85,92,73,90,57,81
6797,99,118,87,113,111,74,116,85,115,109,86,96,83,78,20,92,27,94,82
6798,112,85,81,106,99,13,115,91,75,74,107,30,19,12,70,108,98,77
6799,119,113,82,85,76,70,81,92,117,106,79,100,111,77,107,110,94,24,83
6800,117,70,103,111,91,99,113,102,74,75,90,108,101,106,97,112,73,92,118,24,17,39,72
6801,111,113,101,93,109,99,102,76,86,119,78,96,103,73,25,116,107,115,70,80,63,91,112
6802,82,116,112,90,76,98,85,74,102,119,80,70,101,110,118,63,3,97,117,1,111,88,113
6803,113,108,98,85,86,82,96,103,90,70,116,2,99,88,92,43,101,106
6804,101,119,91,103,94,113,74,98,79,107,106,116,86,110,70,114,96,5,117,76,118,87,75,23,97,104,78
6805,79,87,98,107,80,115,78,91,90,109,113,104,88,2,112,83,74,102,70,24,95,119,106,92,108,77
6806,92,113,83,70,101,80,96,79,19,22,82,74,76,116,103,110,55,118,91,85,104
6807,114,88,83,86,91,77,110,115,117,119,108,90,87,50,118,80,99,18,111,34,116
6808,87,115,82,91,99,101,107,116,93,102,118,114,48,68,92,109,78,96,98,112,1,74
6809,110,78,73,108,87,90,104,99,115,80,96,91,98,22,58,107,111,7,101,63,116,68
6810,80,76,118,87,111,85,99,117,88,92,83,94,96,81,91,95,100,110,116,90,98,30,54
6811,113,81,101,99,119,79,92,70,108,107,110,102,103,49,29,104,35,93,115,10
6812,80,87,86,119,96,112,113,109,98,70,76,79,118,106,74,115,57,116,77,91
6813,116,115,79,75,117,78,96,111,95,99,36,32,110,81,77,113,82,104,91,86,118
6814,112,91,115,95,111,79,96,104,80,82,87,83,107,101,97,61,68,118,92,106,20,23,103,110
6815,106,113,70,77,76,112,83,85,86,73,104,74,110,92,90,23,107,93,96,55,75
6816,86,111,74,110,83,78,70,92,75,115,73,95,88,80,35,112,57,14,100
6817,114,116,107,96,78,99,87,109,112,81,94,75,118,108,76,106,24,101,119,98,115,117
6818,104,76,117,85,109,80,103,116,101,78,106,74,92,67,96,107,79,98,91,118,60,88,111,84,55
6819,77,94,101,113,98,110,76,86,90,109,106,108,95,102,64,28,57,73,118,74
6820,115,106,90,70,113,80,104,73,101,87,108,110,71,74,76,91,45,85,65,43,109,98
6821,74,80,109,94,115,117,90,85,113,98,79,75,77,106,43,8,73,101,34,110
6822,115,85,106,80,70,103,108,119,36,102,81,107,76,71,99,58,109,77,73,21,68,90,86
6823,110,98,96,87,73,101,79,117,91,102,42,118,41,46,80,75
6824,102,88,75,109,104,85,83,111,90,86,70,87,79,26,108,95,98,74,99
6825,78,108,119,76,94,80,102,99,95,111,98,106,90,75,87,88,112,107,81,2
6826,96,113,93,70,73,115,106,75,109,107,77,116,24,80,88,111,81,101,95,79,105,98,102,87,90
6827,81,112,101,96,111,86,70,29,106,118,83,85,90,116,117,113,88,91,104,110,102,87,78,108
6828,75,111,81,110,99,115,116,113,76,85,118,83,60,90,88,33,9,2,72,94,77,100,93,103,7,73,91
6829,70,82,108,118,119,87,102,85,100,107,110,115,76,88,92,80,112
6830,113,98,74,86,82,111,92,88,70,85,112,99,106,76,105,73,103,55,80,81,109,54,108,83,107
6831,109,77,119,103,83,85,107,112,82,78,80,31,76,97,75,90,88,26,93,41,96,111,6,37,117,23,57,87
6832,75,70,87,101,98,115,83,109,113,112,117,100,74,18,102,81,119,22,79,96,11,106,110,77
6833,114,110,98,83,118,116,70,81,85,78,76,112,107,27,113,109,80,4,90,35,55,82,115,16,1,74,45
6834,29,111,79,73,101,116,112,119,87,108,80,70,94,53,83,34,90,7,96,98
6835,70,108,96,98,75,109,100,118,111,90,117,119,101,107,83,78,85,110,4,92,73,94,15,99,116,80
6836,115,109,76,73,87,112,77,75,86,90,101,80,111,119,2,49,96,85,78,70,65,54,83,104
6837,94,109,115,82,57,96,100,76,85,99,112,29,88,111,73,75,3,87,117,108,49,101,102
6838,119,107,73,85,110,103,70,78,108,88,75,2,24,76,109,96,101,112,79
6839,91,118,99,83,103,90,111,86,104,106,85,44,110,75
6840,79,118,102,88,96,99,91,70,74,103,107,78,113,92,114,112,98,77,52,111,49,110,83,4,80,5,43,117
6841,92,74,115,116,91,88,75,112,73,87,86,117,83,100,85,106,97,31,101,63,17,55,104,57
6842,73,106,76,103,77,110,99,91,79,70,115,96,95,78,119,101,74,87,82,94,83,47,88,66,98,97,111
6843,106,107,119,90,111,115,102,96,104,109,116,24,27,110,118,74,12,99,75,101,14
6844,83,119,88,76,96,91,77,80,101,115,73,117,113,14,118,37,107
6845,112,94,101,90,75,80,81,77,70,104,85,98,36,106,78,86,44,110,52,109
6846,86,80,98,94,107,88,118,109,115,100,83,85,96,73,97,93,78,40,104,44,19,49,79,106,113
6847,102,109,85,92,91,111,80,78,76,117,95,21,113,90,118,99,20,93,96,107,110,115,59,33,119,7,31
6848,99,78,103,107,82,115,106,96,90,101,80,95,109,116,108,40,56,111,113,24,88,102,100
6849,92,83,81,118,104,95,86,119,54,70,96,79,40,66,102,24,113,21,91,65,101,105,73
6850,75,98,115,77,95,117,103,73,102,83,100,119,79,99,92,70,28,86,7,104,107,43,105,112,74
6851,103,90,107,94,118,111,79,119,74,116,77,112,98,10,92,63,42,101,7,85,97,73,75,76,56
6852,75,100,98,119,115,82,94,117,78,90,104,61,83,10,91,111,80,113,110,93,79,24,87
6853,81,86,90,118,70,98,108,109,113,91,116,107,112,102,77,96,85,34,64,99,101,104
6854,118,79,86,111,87,119,77,108,103,102,15,80,110,74,112,60,47,101
6855,108,94,85,75,74,110,78,102,115,106,76,113,86,118,4,104,119,17,97
6856,88,106,112,96,111,75,90,117,91,81,78,28,113,36,71,108,79
6857,104,95,109,106,96,87,90,83,92,107,81,94,86,4,78,85,82,73,29,118,97,119,102,100,110,74,23,24,54,75
6858,93,95,99,82,100,110,76,119,91,77,81,74,118,83,112,19,2,97,90,75,101,98,115,102,87
6859,81,85,92,83,106,98,100,90,74,75,86,73,116,101,109,96,76,103,104,110,54,118
6860,101,107,86,117,108,110,76,79,106,115,102,112,95,103,87,99,116,83
6861,111,110,79,99,87,92,70,102,91,98,4,2,90,114,81,93,43,80,63,103,119
6862,108,106,75,78,91,70,82,114,98,88,99,79,74,76,83,66,94,73,85,97
6863,70,76,115,82,43,74,90,112,113,106,38,83,95,91,52,86,54,9,60,110,75,101,88
6864,103,101,70,102,83,99,108,87,76,106,115,55,112,80,109,75,47,79,49,58,65,81,111,23,92
6865,98,76,94,74,95,113,81,87,90,77,88,107,54,106,83,44,104,25,112
6866,107,103,115,118,108,96,94,104,93,97,95,111,102,87,21,90,11,92,105,110,101,76
6867,78,115,110,73,86,117,90,91,104,79,85,80,111,83,75,10,82
6868,73,94,88,74,95,90,104,79,116,112,54,108,111,70,98,87,118,109,43,110,22,85,107
6869,87,76,108,102,109,78,54,85,81,65,80,70,60,119,106,88,99,97,14,112,113
6870,107,70,29,87,108,76,96,86,109,79,115,98,77,104,119,102,91,112,88,118,116,73,7,74,106,19,4,80
6871,98,70,94,116,83,117,78,106,75,111,86,109,107,87,34,48,100,110,76,118
6872,99,110,75,96,107,106,101,78,87,80,112,90,117,88,92,81,73,58,86,111,102,118,83
6873,29,111,90,86,80,115,118,106,77,92,107,83,39,53,47,78,117,85,2,15,101
6874,79,116,88,86,112,78,95,99,107,110,43,106,70,101,48,73,108,23,74
6875,115,79,77,102,119,2,103,112,107,104,81,117,24,83,108,92,61,70,85,94
6876,92,104,110,112,94,74,113,95,85,111,83,49,79,88,7,77,116,107,81,101,102,47,87,11,118
6877,108,86,81,102,98,75,117,109,119,94,74,87,70,7,85,91,113,80,78,116
6878,104,101,109,79,78,70,98,74,77,110,116,85,106,76,96,112,24,113,92,108
6879,83,100,116,94,106,75,98,91,4,99,92,102,86,70,69,78,77,82,96,54,87,115,103
6880,96,70,104,81,73,75,103,111,77,76,92,86,99,90,98,102,94,32,83,29,80,95,44
6881,74,101,107,87,108,96,77,78,99,103,110,104,106,102,117,115,76,116,65,15,4,100,80,73,81
6882,115,85,104,93,113,83,108,70,80,118,117,98,48,35,87,112,99,14,82,94,79,73,92
6883,116,117,106,103,96,94,113,86,90,74,36,102,77,109,76,101,24,83
6884,109,90,73,103,93,76,56,91,70,65,107,78,6,81,83,94,111
6885,117,101,116,119,81,102,74,109,3,106,112,94,103,90,96,79,24,108,29,113,118,70,93,91,75,62,99
6886,101,83,115,75,108,70,76,113,87,106,104,88,109,42,107,80,117,102,78
6887,101,94,111,115,79,83,98,95,96,90,99,73,104,118,47,117,77,116,119
6888,74,119,77,111,76,107,117,90,98,24,113,97,75,115,101,88,116,40,106,57,94,91,110,100,62,96
6889,107,112,110,111,101,95,94,80,96,108,49,38,73,86,99,115
6890,70,117,92,99,95,86,109,74,107,77,112,116,104,90,108,82,89,76,96
6891,118,75,87,91,99,92,108,76,104,95,111,101,109,74,65,112,106
6892,88,107,86,94,73,108,90,91,106,76,95,77,111,115,21,78,72,37,75,118,87
6893,96,113,102,82,83,98,111,103,77,119,90,94,100,109,70,2,110,97,72,88,99,81,55,87,107,79
6894,90,117,79,88,98,119,86,94,108,78,99,82,102,110,24,101,80,70,14,96,43,105
6895,112,109,103,88,17,90,78,116,111,83,96,80,102,113,106,115,97,101,38
6896,107,110,83,115,92,98,77,94,80,112,86,73,95,111,82,118,26,105,96,91,70,14,108
6897,79,109,117,118,86,111,107,93,110,75,78,94,80,115,87,53,101,113,15,99,85,96,1,74,2,13,81,91,77
6898,85,108,119,110,107,74,103,92,78,81,101,104,86,91,115,87,88,73,1,80,100,13,118
6899,87,82,113,100,99,73,96,85,109,119,117,92,108,104,77,91,5,24,102,103,101,97,83,47,86
6900,94,81,73,101,91,96,103,107,108,113,92,25,48,88,13,70
6901,109,88,80,119,101,99,86,94,106,77,73,83,78,107,85,116,81,74,76
6902,80,118,94,77,104,98,109,86,111,103,90,110,78,69,79,73,116,95,85,67
6903,88,104,118,24,98,87,76,73,79,113,95,110,70,91,99,94,112,77,107,58,35,65,93,82,115,7,119,105
6904,73,104,75,88,82,83,85,116,100,113,118,97,81,109,79,14,90,106,110,77,111,86,95
6905,74,104,119,113,79,102,73,106,75,98,10,96,99,118,94,15,1,68,87,46,103,72,110,116,109
6906,73,118,119,88,115,80,102,107,99,78,116,104,86,81,83,111,97,90,106,117,110,5,77,84,98,94
6907,85,117,101,79,81,88,99,103,91,102,107,111,112,28,110,73,96,109,26,97,55,71
6908,76,94,111,73,110,79,107,108,80,99,22,85,86,101,12,118,1,115,90,102,103,87,116
6909,103,110,85,107,86,108,74,99,104,111,77,79,94,112,91,55,75,109,78,63,106,118,45,81,83,87
6910,117,113,86,110,87,99,119,101,94,73,78,75,112,115,111,79,97,108,116,91
6911,107,101,103,99,80,113,92,88,110,112,73,108,115,41,86,117,89,98,3,116,62
6912,106,73,86,113,90,110,81,78,108,107,91,115,92,87,80,67,88,63,4
6913,108,117,78,115,99,96,80,118,98,101,103,87,116,70,91,88,74,15,109,83,114,107,77,119,82,104,86
6914,81,73,101,113,109,112,74,104,105,86,94,76,79,111,36
6915,4,86,94,73,76,81,115,106,88,92,117,99,102,91,97,110,107,85,101,2,64,118,77,78
6916,75,96,74,116,108,110,98,23,112,43,101,48,94,114,103,77,88
6917,109,78,81,103,76,117,110,119,116,99,85,91,77,106,65,72,80,115,73,24,92,46,1
6918,118,88,87,94,109,78,76,70,85,108,106,110,90,80,83,79,82,98,26,116,117,104,55,92
6919,93,112,83,109,98,117,75,111,77,12,110,96,72,81,27,116,99,107,104,92,91,76,94
6920,85,117,112,100,96,81,57,82,86,103,70,78,94,22,64,107,113,42,90,111,89,7,28,88,24,68,108,62
6921,82,75,110,96,78,91,90,115,98,29,34,80,113,19,73,94,81,108,111,102,70
6922,78,87,108,91,73,88,112,86,75,101,109,99,118,12,52
6923,106,113,117,77,87,95,119,110,102,99,80,116,91,42,94,72,101,70,51,108,45,1
6924,74,78,116,108,86,83,92,91,2,103,88,90,82,113,79,96,112
6925,103,118,86,94,109,88,5,79,101,91,113,112,116,90,92,82,96,104,75,93,98
6926,88,80,110,70,96,109,108,101,82,74,112,81,113,57,98,115,100,117,90,58,83,73,107,86,118,119
6927,107,100,77,86,101,111,90,106,75,116,110,74,73,112,87,117,83,49,108,89,99
6928,91,88,117,110,86,98,115,112,101,107,79,111,108,11,24,73,85,95,80,109,2,104,74
6929,106,115,119,74,85,112,104,70,87,82,116,86,91,94,117,96,76,101,79
6930,116,83,82,79,86,101,113,112,5,108,74,77,118,103,43,91,92,75,110,109,100,102,117,44
6931,107,116,86,76,92,101,113,74,112,50,85,108,46,2,98,87,109
6932,86,109,117,76,88,116,98,77,83,99,108,103,94,3,75,115,70,107,96,30,90,119,79,39
6933,82,70,90,77,87,118,108,86,96,88,117,91,109,98,26,71,105,73,99,110,1,113,43,83
6934,94,118,106,109,88,99,115,96,108,114,58,90,104,79,105,75,24
6935,91,90,94,87,106,116,76,86,74,112,80,119,79,101,57,109,104,64,92,111,78,99,118
6936,96,99,74,101,82,78,98,95,111,102,79,76,77,112,70,23,103,24,92,115,117,88
6937,74,111,109,115,99,117,98,94,64,80,2,119,75,104,110
6938,70,79,88,108,118,112,90,115,86,77,87,110,119,85,97,58,54,93,92,26,113
6939,87,82,108,112,90,76,79,94,85,110,4,106,119,73,104,78,115,54,117,7,70,43,113,109,88
6940,106,85,110,101,116,70,73,76,86,118,109
6941,83,70,94,73,82,108,75,109,52,97,96,86,116,61,118,119,28,13,76,117
6942,88,101,90,118,78,81,109,79,73,96,76,85,98,72,48,99,119,87,35,62,80
6943,90,93,79,98,74,110,76,78,80,115,96,113,112,81,77,109,92,75,114,83,5,108
6944,110,86,109,83,103,93,102,104,55,62,91,115,78,76,73,94,75,23,28,17,22,6,113,19,18,98,4,34
6945,98,85,87,86,107,112,115,73,75,103,116,95,109,111,83,118,113,79,108,101,110,4,77
6946,106,94,85,108,76,119,74,98,77,115,104,113,99,82,70,110,81,107,111,91,80,61,88
6947,112,119,88,92,111,80,110,118,70,75,113,104,79,99,77,78,103,24,107,43,109
6948,90,102,106,116,89,70,77,91,107,111,119,95,118,69,88,37,3,94,85,108
6949,94,74,115,79,75,91,99,111,28,77,106,109,119,90,70,112,86,83,85,78,113
6950,111,113,85,81,110,102,77,100,87,83,92,2,99,73,80,70,95,28,118,108,7
6951,90,108,99,118,76,70,111,94,75,104,9,77,115,91,119,86,107,2,113
6952,91,74,118,29,80,109,92,96,82,77,79,7,39,112,104,70,94,110,113,75,54,46,5,103
6953,90,113,119,104,96,70,110,82,117,108,75,85,109,87,78,94,33,57,64,9
6954,73,101,87,74,98,109,108,118,96,107,104,11,55,99,70,9,86,95,113,88,82,10,1,79,106,53,111
6955,80,78,90,96,88,70,73,77,91,101,113,107,83,76,75,58,111,108,92,44,109,117
6956,91,86,96,87,77,54,110,88,99,115,93,78,116,107,24,103,104,112,97,111,83,68,15
6957,85,96,108,99,113,73,117,103,101,70,112,109,77,102,115,76,95,118,97,81,6,88,64,68,116
6958,116,100,92,99,107,112,119,96,75,74,80,104,109,90,102,81,86,27,87,73,85,118,115,98,117
6959,119,101,79,70,76,98,112,104,108,80,115,96,82,94,4,90,88,81,83,99,78,51,91,113,106,117
6960,70,87,99,109,115,74,80,102,81,108,79,90,78,96,98,83,7,118,52,91
6961,116,111,86,96,94,48,119,78,74,114,80,106,101,90,108,73,79
6962,107,103,99,94,85,83,82,102,109,74,117,78,91,97,80,4,18,86,23,118,75
6963,74,83,81,94,106,79,73,4,103,76,118,77,25,107,119,115,112,36,70,86,102
6964,83,91,73,108,88,90,96,111,75,110,54,2,72,41,69,78,33,87,94,82,68,81,86,64
6965,93,76,95,113,88,116,70,115,100,106,20,85,108,4,74,117,103,57,80,109,55,24,102,73,86,104,77,112,91,46
6966,73,109,113,119,86,80,96,88,70,116,74,101,85,78,98,77,104,87,6,91,112
6967,78,116,117,113,82,111,77,76,109,2,99,79,108,63,90,80,95,91,101,75,119,70
6968,107,86,76,74,91,116,103,111,112,88,99,79,110,14,96,104,7,117,24,6,109,75
6969,106,75,109,87,90,119,118,73,78,80,76,82,112,102,77,57,35,94,24,95,96
6970,91,80,75,98,85,113,115,109,107,108,81,15,110,68,100,58,96,103,74,73,78,50,97,90
6971,107,118,104,78,119,94,96,88,109,73,101,103,115,77,71,7,75,44,63,112,80,4,76,106,9
6972,90,117,76,100,95,75,74,113,111,103,98,82,40,109,77,119,80,4,108,85,112,79,19,110,35,78,104,87
6973,103,112,92,111,113,110,106,78,70,58,71,108,94,77,116,91,76,93,90,28,73
6974,87,110,73,103,88,80,115,96,99,39,116,112,66,111,109,105,85
6975,109,83,88,119,108,116,106,74,91,117,112,101,19,90,81,85,77,75,21,113,4
6976,92,88,104,74,118,116,78,85,109,117,27,95,96,35,70,28,80,87,106,83,73
6977,109,86,94,99,90,81,113,91,96,78,82,111,85,103,65,117,80,115,75,4,87,3,92,83,97,76
6978,78,79,102,108,112,115,80,77,90,81,118,94,109,106,97,107,86,7,92,29
6979,76,115,98,101,100,105,96,83,79,73,102,107,116,30,89,106,92,52,111,94,78,103,80
6980,74,106,75,109,115,85,110,113,90,93,87,76,112,104,88,97,84,108,102,92,54,81,15,116,78,119,95
6981,92,70,110,111,112,96,91,77,78,103,85,116,49,76,97,115,30,101,90,79,99
6982,116,79,102,77,74,111,99,76,91,118,112,107,85,101,109,81,106,38,28,20,86,88
6983,107,94,115,106,119,118,111,109,103,98,95,108,73,23,87,86,36,90,110,79,51
6984,106,119,73,108,102,83,95,99,101,79,112,118,74,86,110,98,103,33,80
6985,111,98,101,86,116,115,109,76,106,40,119,110,85,77,114,112,62,2,82,1
6986,86,99,85,81,94,15,108,116,101,90,83,96,103,91,40,87,78
6987,108,82,94,81,107,74,117,116,115,76,111,93,99,114,85,65,91
6988,2,87,113,53,92,80,98,90,42,96,118,111,75,48,108,36,84,101,85
6989,2,116,76,100,70,90,78,77,83,109,81,119,88,51,20,98,59,85,67,87
6990,24,86,88,106,98,92,111,91,77,99,116,118,103,87,94,74,70,112,17
6991,78,110,109,77,94,106,87,76,80,82,83,103,27,104,111,46,102,115,86,19,2
6992,100,24,81,77,103,78,113,76,82,87,86,115,79,91,110,92,2,109,30,98,28,40,66,106,119,6
6993,88,90,99,109,76,94,74,81,51,70,67,110,79,106,87
6994,29,117,106,81,107,82,75,115,80,90,86,116,113,102,101,9,2,98,14,88,62,70
6995,108,90,101,98,118,10,112,87,116,83,104,113,99,110,24,91,95,54,102,73,2,80,52,69
6996,29,76,108,75,91,79,92,103,104,111,99,116,73,94,101,77,107,54,90,113,86,80,112,82,85,55,106
6997,79,73,88,107,80,91,90,77,83,112,95,108,113,70,101,110,82,114,85,30
6998,110,75,108,103,70,106,73,83,98,77,88,90,78,118,109,91,87,71,30,69
6999,78,106,73,86,74,76,119,94,96,77,83,88,59,118,115,99,111,117,54,81,107,2,90,113,68,12,75,110,101
7000,103,82,118,73,88,86,79,117,94,90,70,97,83,113,81,102,91,104,93,12,109,112,62,119,42,85,107
7001,111,87,106,110,94,112,90,119,86,85,80,74,99,73,102,70,78
7002,87,111,90,78,74,118,101,94,116,106,102,105,50,96,104,80,79,21,108,84
7003,83,99,79,76,100,91,82,70,119,109,74,88,92,75,54,85,102,93,87
7004,73,115,83,74,95,116,111,80,104,2,91,117,85,106,70,87,76,103,8,90
7005,73,85,94,116,36,118,78,83,115,80,96,93,88,33,102,39
7006,119,86,106,94,70,87,116,85,91,101,81,112,75,90,88,118,49,92,60,105,93,77
7007,101,74,96,86,75,111,103,91,73,79,15,92,119,110,87,112,117,85,97,114
7008,73,94,96,91,78,19,108,85,115,98,109,24,119,90,81,43,74,103
7009,82,116,83,117,77,102,118,113,96,87,24,79,85,74,94,76,91,100,115,28,73,88,34,119,14,98
7010,109,101,111,108,115,78,98,86,110,96,85,81,119,87,107,53,103
7011,73,119,78,83,108,111,74,88,85,75,79,110,115,109,70,99,113,103,94,118,101,76,7,37
7012,106,104,110,119,76,103,91,90,87,79,118,102,73,86,70,75,65,23,44,88,5,96
7013,119,70,94,90,104,99,110,79,2,78,108,91,109,116,74,115
7014,108,81,111,90,96,113,78,109,119,87,74,91,99,77,73,117,65,70,118,94
7015,90,109,96,77,116,76,112,108,88,94,87,117,83,31,80,86,115,2,24,104
7016,100,83,107,74,118,85,70,106,113,112,82,29,108,80,104,87,119,115,91,101,95,73,92
7017,96,86,111,115,108,83,102,94,80,90,91,20,112,75,88,92,55,54,21,107
7018,76,116,101,86,70,80,117,77,79,111,78,17,113,74,91,119,49
7019,113,112,91,111,81,116,109,92,18,90,106,82,4,78,76,97,108,79,115,119
7020,91,70,112,108,110,107,106,85,86,75,103,94,92,81,111,54,119,116
7021,88,103,109,85,102,80,76,96,118,112,75,90,79,98,73,101,93,91,86,78,70,87,94,24,95,119,21,104
7022,110,106,78,108,86,88,85,95,98,116,79,81,75,114,76,83,101,119,102,1
7023,113,98,103,86,83,70,92,91,116,106,108,99,95,82,111,118,96,104,88,15,73,87,2,115
7024,79,87,18,106,80,119,70,116,88,115,111,110,91,74,78,86,81,107,101,118,73,92,75
7025,93,78,79,85,110,70,77,90,96,111,113,2,74,94,115,97,103,108,118,63,106,7,102,42,31,109,80,20,75
7026,113,86,92,93,91,80,74,94,96,87,73,82,107,115,85,100,88,68,103,98,108,81,104,97,117,65,60,111,21,7,70,106
7027,76,90,75,94,82,86,119,96,101,88,4,80,100,110,54,83,35,66
7028,98,96,87,108,76,99,90,109,110,73,91,2,86,70,82,101,107,71,10,116,60,85,88
7029,90,109,80,111,119,102,112,108,103,31,38,116,98,88,36,96,99,86,85,42,82
7030,90,91,88,7,117,102,111,73,109,85,87,39,70,113,118,98,29,115,94,116
7031,92,77,112,90,70,99,101,87,79,10,71,51,24,116,114,110,78,91,34
7032,108,88,110,96,80,94,112,86,77,101,113,99,111,4,106,64,75,103,74,104,78,107,89,119,81
7033,29,109,103,83,94,92,85,100,80,78,106,5,104,86,65,60,93,2,77,119,73,84,26,96,99,112
7034,115,70,119,75,85,78,96,80,82,108,98,118,45,114,99,65,90,83,112,106
7035,94,118,91,83,116,76,77,78,112,117,23,73,85,4,82,2,110,90,99,33,15,108,58
7036,106,113,80,95,110,101,81,108,99,77,86,70,79,102,103,104,112,13,91
7037,74,112,78,117,104,70,90,75,87,86,88,82,102,116,93,80,98,30,77,108,99,111,83,96,24,107
7038,82,118,112,101,106,119,73,87,76,78,116,88,74,80,79,72,18,96,2,110,86,100
7039,104,113,107,75,111,103,96,85,119,106,94,26,88,33,14,87,84,73,83,98,115,118,117
7040,80,77,101,111,115,107,88,83,4,75,98,91,85,118,15,74
7041,108,87,75,73,96,110,107,88,117,115,77,81,94,35,111,68,102,76
7042,115,118,98,86,107,77,106,79,81,90,74,95,109,119,2,116,15,111
7043,106,86,101,111,116,118,110,115,112,82,93,88,108,83,38,73,97,99,49,6,119,22,74,5,87
7044,76,73,111,108,79,109,118,115,85,106,112,2,116,84,98,101,49,78,92
7045,102,93,107,87,76,118,117,4,90,99,83,112,70,81,79,82,119,42,80,94,95,116,5,115,77,75,78
7046,91,82,111,80,102,109,112,98,70,107,99,88,78,54,83,119,67,105,79,101,118
7047,91,90,112,101,119,86,83,106,70,110,24,79,74,99,117,111,113,94,43,80
7048,96,76,99,70,91,75,94,98,74,97,36,23,116,46,82,102,55,108
7049,79,78,102,96,99,76,115,83,87,95,110,97,71,7,41,108,94,118,74,109,20,25,90,70
7050,113,110,101,102,112,115,109,117,91,76,90,73,111,108,79,66,83,88,28,106,77,24
7051,73,94,119,79,111,78,88,70,103,109,90,112,74,3,98
7052,78,106,85,116,92,98,93,74,118,81,91,103,108,109,88,115,100,87
7053,112,83,102,76,100,73,110,117,107,80,116,88,119,98,24,75,81,26,104,87,95,101,29,109,113
7054,70,29,115,96,112,109,117,101,118,85,82,88,99,106,62,107,92,97,14,94,13,76,1,83,93,103,77,91,114
7055,88,103,99,81,91,96,85,83,113,76,73,101,1,108,98,116
7056,104,115,83,73,80,108,101,78,100,79,111,102,91,86,82,118,23,74,112,64,113,87,81
7057,76,102,87,108,115,98,109,99,80,106,107,96
7058,104,109,75,114,90,111,103,76,93,91,78,87,112,108,115,88,86,117,118,59,101,77,92
7059,91,117,107,74,70,110,86,75,103,76,102,112,92,109,115,9,95,80,81,113,114,111,96,85
7060,117,80,94,116,87,98,90,119,96,85,77,88,112,74,118,70,110,109,104,29,99
7061,96,83,80,108,119,99,87,91,79,103,115,117,24,106,90,76,98,70,111,118,113
7062,99,104,108,74,119,106,90,88,81,91,111,86,77,112,116,28,105,94,101,22,85
7063,102,103,85,92,70,113,24,76,110,111,73,15,82,116,107,101,96,95
7064,81,88,76,90,80,92,91,70,75,94,65,111,99,112,73,106,86,119,79,83,66,109
7065,74,87,110,111,75,115,107,117,119,96,78,109,31,6,61,113,92,4,106,112,91,101,95,90
7066,26,113,90,73,86,76,117,92,75,107,116,99,83,74,4,96,77,88,95,81,1,104,98,78,109
7067,93,62,80,67,114,117,101,94,118,107,87,91,111,78,81,98,70,86,104,75,106,73,116,110,74
7068,119,75,106,87,76,101,111,102,99,2,86,77,88,74
7069,96,99,106,85,75,104,80,98,109,87,94,76,105
7070,110,111,79,87,109,119,95,112,102,90,2,94,73,106,117,88,107,74,86,108,96,118,91,1,81,85
7071,93,99,101,112,81,88,104,85,80,119,75,107,110,82,15,117,70,29,73,102,77,91,24,116
7072,103,80,77,79,99,118,74,113,75,73,82,94,38,95,2,91,119,43,115
7073,92,103,118,78,90,115,119,77,87,69,116,79,31,74,70,26,1,80,7,96,95,86,106,105,83
7074,99,96,118,115,88,85,81,106,73,78,92,80,86,111,110,75,76,1,77,101,70,107,98
7075,57,74,91,79,107,101,104,118,83,2,81,80,116,86,36,87,96,75,56,73,109,117
7076,90,76,91,109,83,94,108,79,112,117,73,93,55,103,116,85,87,99,66,111,56,86,4
7077,109,98,101,111,106,118,85,91,83,117,115,119,86,87
7078,96,75,107,77,109,90,79,99,81,98,78,104,113,70,112,85,74,117,69,86
7079,119,108,115,101,91,73,82,51,1,112,110,5,87,99,117
7080,119,73,116,112,77,118,110,79,102,88,75,99,106,111,101,80,107,109,104
7081,113,88,78,96,79,70,118,86,73,83,117,107,103,116,98,97,109,7,108,91,4,52,99,77,38,110,119,23
7082,106,56,98,78,111,37,73,104,75,116,2,101,9
7083,77,109,119,96,104,85,74,73,75,95,106,101,70,112,83,118,90,111,91,78,86,97,116
7084,75,96,87,116,102,80,108,70,86,103,118,98,107,74,8,55,13,113,51,78,39,111,94
7085,79,65,110,87,98,96,76,115,111,78,119,90,117,85,109,24,116,75,94,97,102,70
7086,100,108,116,82,85,103,113,86,73,70,77,88,115,69,80,92,54,76,75,101,117,110,98,91
7087,90,113,119,81,104,99,112,74,77,78,87,109,51,79,4,101,117,92,88,75,103,85,107,21,102
7088,90,118,117,94,80,112,116,75,103,107,102,111,17,106,77,27,87,91,98
7089,87,90,108,80,94,86,76,79,116,99,106,85,92,112,101,110,43
7090,95,90,113,4,106,96,78,102,116,111,77,97,110,73,81,83,93,82,54,98,103,101,92,9,75,100
7091,109,115,81,101,108,94,86,79,2,111,113,96,80,118,26,73,98,119,83,85,75
7092,101,96,98,70,79,106,107,97,92,5,103,86,87,110,111,104,119,52,74,28,117,108
7093,80,119,111,117,110,4,75,104,10,21,74,96,106,108,94,99,86,88,109,92,19,5,87,8,7,64,73,113,9,118,52,1,98,3,102,62
7094,76,83,82,119,109,91,117,73,2,7,99,108,95,116,102,80,74,111,75,10,79
7095,116,110,94,108,115,111,107,99,79,106,73,109,91,81,92,76,26,118,41,113,80,87,84,104,86,51
7096,90,109,77,98,116,93,101,80,81,115,117,99,22,73,5,78
7097,107,104,2,83,102,70,74,86,81,13,117,78,114,88,98,94,7,113,3,87,110,115
7098,116,106,94,119,73,104,86,108,118,90,78,1,99,37,91
7099,77,111,119,88,110,79,45,107,113,37,103,73,81,74
7100,93,101,82,100,112,98,96,79,110,103,67,109,107,118,75,86,81,85,31,5,115,113
7101,101,117,108,74,77,85,73,109,93,53,95,92,70,105,103,58,115,83,110
7102,88,74,96,107,90,104,91,117,82,24,87,106,94,6,78,23,38,99,101,113
7103,82,110,79,26,96,87,85,2,116,70,112,78,106,83,99,76,103,64,118,100,75
7104,96,86,112,76,74,85,108,82,111,94,93,115,117,113,81,78,24,106,84,98,119,102,67,88,4,87,118
7105,76,79,100,4,70,107,93,77,101,81,116,99,23,86,90,106,37,80,88,87,50,10,85
7106,85,118,119,70,98,91,75,92,106,95,74,113,80,108,99,94,29,26,63,79,101,87,77
7107,108,91,83,85,106,88,102,98,75,110,112,114,96,77,95,118,104,73,92,93,82,80,100,67,113,119,86
7108,98,118,85,70,81,83,86,82,73,115,111,109,35,99,78,106,112,76,116,97,90,60,110
7109,108,119,91,104,109,4,101,73,111,92,95,81,102,96,11,107,94,115,23,87,36,78,5,9,103,90
7110,74,80,94,113,107,106,73,88,116,115,4,75,87,79,78,2,9,109,24,101,77
7111,87,116,101,81,110,76,107,86,75,94,66,80,119,117,88,69,24,111
7112,87,86,78,111,119,115,107,79,99,108,88,90,96,98,73,85
7113,91,98,110,119,104,74,73,102,85,75,79,117,94,86,115,2,6,70,83,59,118
7114,92,74,116,73,76,103,101,106,113,115,77,108,90,96,111,95,14,119,70,78,118,87,86
7115,111,74,110,75,73,78,108,16,12,80,67,77,112,119,2,65,59
7116,101,81,80,85,111,106,112,77,116,99,95,70,108,107,103,73,64,90,74,69,91,92,27,84,43,83
7117,77,99,87,76,118,82,95,113,104,75,85,103,96,46,12,102,110,70,107,78,79
7118,77,85,76,73,74,82,87,109,118,91,116,83,117,94,78,95,54,42,86,110,99,113,119
7119,74,87,119,116,110,112,73,107,111,118,58,109,19,106,80,85,86,83,82,29,96,99,75
7120,81,88,110,106,117,111,90,119,91,112,86,54,76,101,46,115,80,108,32
7121,80,118,117,96,73,83,108,76,77,92,86,75,110,93,115,109,97
7122,79,74,76,2,119,77,96,106,1,21,80,107,78,75,82,81,110,69,113
7123,85,99,77,88,96,87,80,102,73,78,107,94,116,83,119,7,101,71,72,118,106
7124,101,94,99,85,110,79,43,5,113,24,75,56,111,90,73,35,105,96,102,81,77
7125,75,100,81,98,99,110,80,79,117,106,96,112,91,102,82,92,93,39,33,86,116,18,52,20,85,118,10
7126,113,87,119,85,101,94,76,99,77,82,111,117,88,80,75,109,68,78,98,104,116
7127,108,86,85,116,78,94,115,106,87,77,90,73,118,117,74,61,68,27,119
7128,101,113,119,74,2,80,94,92,110,107,86,60,77,99,106,78,116
7129,104,86,82,73,96,70,75,110,95,2,79,103,20,111,102,59,80,118,63,81,77,115
7130,86,75,76,74,78,118,80,63,96,99,79,83,85,33,67,110
7131,94,111,70,119,110,99,102,98,105,79,118,57,101,91,117,90,104,107,115
7132,106,38,101,80,118,96,81,94,112,108,77,78,75,79,119
7133,90,109,86,85,82,83,116,119,73,79,115,87,57,110,21,105,111,91,98,100,94
7134,74,93,75,60,117,83,87,76,92,91,78,107,77,70,118,104,103,106,109,98,73,116,43,18,119,2
7135,29,84,70,109,118,106,111,119,73,88,115,110,117,102,108,80,79,113,62,52,25,53,26,74,90
7136,79,104,99,88,112,82,91,115,87,85,98,90,77,117,118,74,73,111,103,86,102,93,31,113,78,106,70,53,48
7137,73,86,96,90,106,109,99,108,111,77,31
7138,108,94,99,90,83,75,115,118,70,82,91,117,103,100,109,102,93,107,106,36
7139,94,2,90,110,99,88,102,111,86,93,76,96,85,83,87,1,4,98,78
7140,103,109,79,75,94,108,70,86,2,98,87,88,42,43,115,99,101,80,106,113
7141,92,90,109,118,112,100,86,24,77,104,75,108,107,85,101,30,80,73
7142,29,99,76,91,119,109,93,27,28,74,115,96,81,83,95,26,87,70,117,18,118
7143,81,111,115,94,75,76,98,80,96,78,90,108,73,117,103,104,116,85,91,86,34,70,109
7144,118,78,116,117,111,113,74,53,85,43,102,79,104,70,98,106,26,110,63,112,91
7145,80,33,118,98,88,91,79,81,70,90,92,77,46,19,106,99,109
7146,119,87,108,75,80,83,86,5,47,90,74,110,73,82
7147,96,92,106,91,78,81,94,77,99,114,118,50,23,97,111,93,108,107,57,87
7148,109,115,118,117,87,83,119,75,102,86,70,76,85,92,15,112,105,93,99,66,80
7149,92,78,112,98,117,76,96,70,95,108,101,103,45,81,94,111,104,109,116,80
7150,113,78,111,86,91,83,103,117,94,118,76,98,87,50
7151,76,86,75,92,82,90,119,73,110,74,91,87,94,96,95,117,107,17,79,101,54
7152,90,107,75,104,73,24,80,92,116,118,111,100,94,57,86,70,91,31,29,87,17,48,10,11,67
7153,75,101,86,80,111,77,115,119,43,108,65,99,73,112,50,109,106,90
7154,113,77,110,70,119,94,73,117,78,76,104,108,107,74,43,72,79,102
7155,75,90,83,107,103,102,70,88,104,117,73,69,106,87,51,115,80,99
7156,99,74,116,102,110,107,78,79,85,81,104,115,70,87,40,113,26,95,101,76,56,96,109
7157,88,114,87,96,101,99,109,73,112,118,103,111,75,104,22,79,97,54,117,91,56
7158,110,78,86,111,73,85,94,108,98,118,106,119,104,109,83,102,75,90,76,79
7159,100,99,79,90,77,113,80,110,83,76,96,98,78,117,70,105,118,24,112,95,65,93
7160,73,98,87,88,119,76,91,81,101,29,106,74,10,113,37,110,36,112,117,109
7161,74,94,106,80,73,88,90,82,112,91,117,70,108,113,104,92,83,96,109,79,110,64,35,85,118,103
7162,94,78,118,83,96,113,82,93,99,88,108,102,104,34,62,36,117,14,51,74,80,109,87,100,4,86,92
7163,101,91,73,118,87,119,112,106,74,85,88,113,116,75,86,98,115,107
7164,100,118,102,77,101,113,87,54,75,94,82,90,99,96,73,76,23,5,74,70,119
7165,85,93,83,70,96,103,82,73,112,106,88,116,100,108,115,92,91,102,101,61,90,12,97,79
7166,76,96,112,87,88,108,113,98,83,85,101,107,118,82,119,28,86,110
7167,118,96,111,79,83,110,87,99,106,115,112,103,1,77,74,2,73,116,117
7168,74,108,115,79,113,106,77,110,117,80,91,37,19,38,87
7169,75,74,70,91,106,101,119,117,82,78,24,102,103,77,104,73,9,83,94,99,19,28,88,97
7170,119,104,96,80,112,81,74,110,94,109,93,95,78,99,111,98,86,76,115,20,90,62
7171,81,82,115,118,70,98,90,77,110,106,94,28,74,109,83,4,101,116,87,78,79,119
7172,113,76,99,110,79,106,90,103,70,87,81,111,20,101,85,117,93,23,114,39,73
7173,96,115,99,112,74,118,85,81,79,95,116,80,98,111,92,2,103,78,76
7174,118,88,113,94,81,74,70,85,78,57,99,119,73,103,107,98,117,84,112
7175,108,106,87,119,117,86,83,81,102,73,101,70,7,79,18,80,46,109,63,1,113,20
7176,29,73,74,70,94,78,81,80,110,27,109,85,8,79,45,100,108,55
7177,98,88,78,115,75,80,96,66,95,101,94,77,91,92,107,21,86,118,79,117
7178,110,118,94,101,116,82,70,111,85,115,87,96,104,54,102,112,78,81,1,103,90,75,83,91,117
7179,112,106,79,83,91,90,85,113,88,74,102,103,37,62,7,58,114,75,111,95
7180,103,73,75,87,76,83,116,99,91,74,113,108,79,107,117,90,21,98,104,109,110,97,10,54,88,96,102
7181,117,101,80,119,107,111,86,87,94,73,75,104,82,110,98,102,95,106,39,63,115,113,28,97,21,93,76,85
7182,107,98,78,70,115,75,96,116,90,73,92,79,103,119,74,86,104,93,91,118,82,35,99,13,117
7183,116,119,86,117,75,107,106,92,111,118,112,77,94,90,87,115,81,93,113,83
7184,93,70,91,94,88,79,111,85,119,74,86,108,87,75,112,106,99,98,110,116,80,104,20,109,81,76
7185,78,109,75,113,98,83,100,110,93,115,104,117,77,94,90,96,82
7186,108,75,91,79,116,119,98,113,83,86,117,85,111,101,77,48,67,96,112
7187,117,118,76,103,115,83,116,119,75,99,60,2,74,79,111,81,15,77,88
7188,110,96,108,115,87,45,92,73,117,78,18,77,109,79,86,74,49,93,81,103,63,65,98,83,106
7189,94,110,111,116,90,80,85,91,106,118,103,107,96,81,99,76
7190,94,76,110,75,74,73,118,103,80,86,113,106,79,99,83,101,90,47,91,59,119,77,115
7191,92,90,88,116,85,117,96,20,81,27,108,110,78,40,66,61,94,99,86,100,80
7192,91,113,77,94,79,118,83,74,111,116,96,68,115,86,75,8,78,20,80,82,110,101,87
7193,85,118,88,99,117,90,113,86,83,116,111,80,106,52,1,76,112,81,74,104,26,108
7194,83,111,106,112,88,110,85,82,116,103,81,73,119,108,104,30,96,17,86,54,117,77,100,98
7195,74,111,109,79,117,104,98,78,73,86,77,118,106,95,69,51,107,76,92,75,81
7196,87,73,91,110,99,85,119,76,106,115,70,83,96,93,109,103
7197,112,87,94,73,79,115,98,81,2,24,117,111,113,103,86,101,22,118,80,96,100,116,93,42,109,85,78,76,92,106,110,107
7198,82,81,88,111,80,91,119,95,117,109,107,42,94,32,90,103,68,87,96,75
7199,92,76,87,88,109,108,113,79,81,41,111,75,86,112,48,78,74,99,70,85,64,107
7200,112,102,115,116,107,83,98,6,100,87,74,5,75,46,80,77,92,118,76,23,10,31,104,91,24,19,113,109
7201,74,114,117,99,81,96,85,78,100,87,80,106,112,119,103,113,5,24,83,110
7202,113,118,87,91,99,74,94,108,82,79,70,101,73,107,112,110,37,63,89,80,95,92
7203,112,91,109,111,98,118,103,106,110,101,116,92,76,94,86,119,88,81,24,82,4,62,80,39,77
7204,77,87,106,104,108,101,109,85,91,88,92,113,2,97,107,112,102,94,63,110,118,76,96
7205,106,98,77,94,117,115,96,90,86,101,80,85,103,91,102,78,55,75,2,37,24
7206,109,103,113,78,74,95,99,110,91,86,115,83,101,112,118,100,92,2,9,23,79
7207,106,85,96,90,107,1,111,80,108,119,98,14,75,87,46,109,72,104,83,61,82,113,115
7208,80,32,106,87,75,94,111,73,116,119,91,70,101,5,96,92,118,24,81
7209,91,112,80,87,90,78,115,86,75,98,104,110,65,12,103,113,102,82,19,108,85,20,119,101
7210,99,98,110,115,119,112,109,75,79,78,94,101,77,106,80,7,20,73,113,104,116,95
7211,76,101,73,107,75,106,86,90,95,117,85,78,26,37,113,115
7212,79,96,88,115,119,87,90,77,118,113,46,83,117,104,76,112,15,72,91,24,70
7213,102,110,92,78,74,82,86,119,96,109,106,99,57,70,81,55,36,75
7214,94,116,75,98,74,119,80,70,99,81,90,112,73,96,118,107,77,109,88,101,85,91,29
7215,103,111,90,110,101,118,75,108,115,106,116,94,96,83,91,7,16,1,88
7216,92,93,76,99,115,98,95,118,78,109,77,104,106,108,111,101,55,88,12,67,75,117
7217,106,75,80,117,88,74,99,110,91,98,94,102,87,92,101,96,81,27,112,97,73,76
7218,81,110,107,117,92,119,91,94,113,99,104,111,46,83,109,98,86,79,96,108,19,88
7219,101,102,103,91,76,77,78,113,15,96,98,115,73,86,119,2,100,24,111,118,62,23,107,90,104,34,55,116,99,110
7220,114,103,80,95,77,112,82,102,117,91,97,116,7,96,119,110,5,75,73,76,6,78,8,63,118,104,21,93
7221,73,91,113,103,106,78,83,116,75,101,108,41,99,15,39,96,118,102,85,47,98,88,107
7222,76,106,79,111,78,83,113,112,87,108,82,96,109,115,85,99,102,91,117,90,26,100,11,119,105
7223,101,74,75,79,106,118,80,116,111,105,48,119,110,86,77,108,95,99
7224,87,115,78,102,75,90,101,112,111,49,98,94,117,85,95,96,43,106,86
7225,104,95,112,117,99,81,86,75,80,116,98,77,102,79,70,10,101,88,113,46,110,114,91,115,82,30,107
7226,76,96,117,118,98,90,82,87,103,85,73,119,112,94,110,64,74,102,77,86,100,115,75
7227,82,101,95,106,77,103,91,98,110,116,90,99,104,108,96,94,92,80,118
7228,118,76,104,77,91,96,75,83,117,74,85,95,112,80,100,8,115,110,106,79,92
7229,110,78,85,81,70,116,87,111,117,119,76,113,86,112,73,115,108,91,12,99,88,27
7230,78,76,87,99,110,111,86,82,106,117,49,73,119,66,67,20,90,75
7231,98,74,83,103,99,94,70,100,67,88,66,116,73,22,108,4,107,117,106
7232,116,119,115,74,70,92,111,96,73,83,54,110,81,113,112,62,78,76,88,107
7233,96,94,109,101,113,76,115,116,78,108,88,77,106,83,90,118,5,93,20,81,111,61,87,95
7234,91,83,76,10,79,22,90,4,1,26,75,117,100,59,103,111,113,2,12,87,78,40,98,73
7235,97,81,76,113,95,82,109,93,91,116,4,74,86,75,98,70,78,118,101,102,18,115,80
7236,98,78,112,82,118,115,102,111,109,114,92,117,113,86,7,101,104,74
7237,118,111,73,92,99,90,101,103,106,95,74,83,76,91,110,119,6,104,98,88
7238,104,117,74,77,108,115,91,79,118,73,80,96,88,27,64,70,113,106,116
7239,109,76,87,119,88,73,91,78,90,86,23,2,95,94,113,12,98,77,117,92,52,104
7240,116,96,106,83,80,112,75,119,118,77,117,111,107,79,85,101,16,88
7241,101,117,108,98,75,87,91,67,27,38,23,119,97,37,2,73,104,113,118
7242,110,101,86,113,75,115,91,107,62,119,106,116,18,87,93,98,70,104
7243,117,91,96,115,70,83,108,106,80,82,110,88,107,74,87,86,45,109
7244,90,83,77,115,70,110,96,73,99,111,87,76,82,85,118,119,2,36,88,113
7245,99,87,96,117,81,111,91,110,115,103,19,43,88,2,85,76,79,102,74,118,6,92
7246,79,110,109,106,116,76,78,99,117,4,96,113,74,102,111,29,101
7247,109,88,99,101,110,73,91,95,87,56,118,112,76,98,113,78,107,79,26,80,116,94,77,82,93,70
7248,87,111,98,106,91,102,80,110,79,117,116,94,95,90,44,88,119,83,2,115,65,42,105,71
7249,88,81,118,103,83,87,96,107,101,90,80,78,117,104,98
7250,104,118,87,96,79,77,73,74,101,116,110,112,94,92,106,55,102,109,83,44
7251,115,73,109,87,75,83,103,118,91,80,85,111,104,15,47,58,4,88,94
7252,93,78,110,86,85,100,95,74,107,92,97,5,80,88,103,81,52,77,101,111,9,79,76,118,109,87,90
7253,119,112,106,87,80,83,113,75,109,94,78,101,1,54,99,82,110,92,85,115
7254,88,119,116,101,106,117,113,95,76,74,87,100,82,112,75,80,77,73,108,83,99,85,107,86,54,94,4,91,104,10,78
7255,91,74,115,78,116,111,109,107,82,118,73,104,87,76,100,113,83,101,85,30,23,29,72,86,39,75,114,98
7256,70,106,108,75,111,101,86,79,73,26,99,56,90,109
7257,92,117,112,83,74,76,93,113,70,116,100,94,96,97,111,43,91,23,9,110,106,107,2,114,20,115,6,63
7258,83,78,99,115,111,85,75,117,116,113,88,98,77,80,104,46,118,96,112,17,87,74
7259,80,90,108,109,119,86,106,94,110,88,73,74,55,65,102,96,4,87
7260,110,111,88,70,108,96,112,29,99,73,101,91,95,87,117,106,74,90,5,81,3,103,79
7261,115,75,108,98,101,83,82,116,85,99,92,15,107,73,117,109,63
7262,101,77,115,78,75,106,79,118,109,67,86,102,112,91,80,73,111,76
7263,96,73,117,99,110,82,98,93,2,94,81,74,105,115,77,103,43,76,119,50,80,85,21,107,109,87,95
7264,74,79,90,73,76,104,86,119,80,106,88,94,27,92,107,4,98,15,118,110,23,99,8,24
7265,94,24,99,73,113,90,70,111,102,81,74,115,112,98,109,50,116,107,108,85,79,96
7266,88,106,85,94,86,98,77,96,83,78,113,100,110,64,82,95,87,37,116
7267,115,74,118,82,111,90,73,117,80,116,70,98,47,96,43,2,93,91,24,106,102
7268,111,116,74,107,104,109,70,113,81,72,76,88,118,119,26,115,2,80,91,100,117
7269,110,75,85,118,86,88,115,99,98,94,90,117,112,12,58,113,10,78,102
7270,94,110,111,74,116,109,86,92,108,95,75,118,87,119,67,88,96,113,80,107
7271,82,99,74,118,86,102,107,115,112,94,34,75,111,87,108,91,109
7272,92,103,96,116,81,76,108,70,117,100,102,24,109,85,98,94,91,110,101,118,2,9,79,78,87,64,119,106
7273,116,112,91,80,99,108,111,78,119,113,85,101,96,74,87,30,115
7274,88,73,96,94,70,99,87,80,43,53,112,83,35,62,115,108,86
7275,88,108,109,77,115,78,112,90,103,92,94,107,113,2,111,91,1,79,42,114,118,83,4
7276,29,78,107,98,103,104,56,87,24,92,99,70,84,79,116,96,73,74,110,32,77,80,81
7277,116,114,79,87,81,119,98,111,80,104,96,76,74,115,92,3,102,107,94,44,2,117,31,19,24,88,106
7278,29,103,106,118,73,79,70,99,78,83,104,93,81,8,80,108,110,115,117,111,96,88,109,107,86,91
7279,113,103,90,108,95,112,80,98,70,75,111,79,85,52,99,101,87,30,2,57,93,92,13,109
7280,112,118,113,119,86,96,88,108,98,65,23,81,42,85,82,79,70
7281,117,104,2,111,116,101,96,81,113,28,110,88,91,102,109,70,75,83,73,106,10,79
7282,74,73,117,115,86,93,113,97,82,70,80,81,75,96,76,107,4,111,108,91,83,24,112,116,114,103,38,65,104,85
7283,99,106,112,77,78,76,113,117,107,81,91,80,111,118,83,96,86,90,92,58,85,82,75
7284,110,106,78,87,94,101,119,86,109,116,88,73,102,81,19,30,117
7285,73,106,90,75,109,85,70,76,116,99,119,79,22,80,102,94,111,17,87
7286,95,94,97,10,117,118,79,46,119,114,43,78,106,58,115,56,37,42,107
7287,113,83,119,82,86,76,80,100,94,101,88,98,85,111,77,81,97,115,103,89,16,92,3,112
7288,101,83,70,80,110,119,75,98,99,88,106,92
7289,101,81,115,110,117,100,86,76,107,94,80,91,82,111,109,104,98,83,96,73,78,85,106,119,116,99
7290,79,113,83,119,111,74,109,112,98,106,86,85,99,93,102,71,18,80
7291,102,98,81,96,86,70,85,118,94,113,82,6,92,91,48,108,73,52,80,114,115,79
7292,96,78,99,118,91,90,106,116,111,98,103,110,88,113,63,101,70,109
7293,109,80,101,87,103,104,116,106,19,24,94,99,83,102,108,110,90,88,118
7294,77,110,57,73,70,117,99,115,104,88,90,119,78,1,112,98,79,108,101,107,83,76
7295,98,106,79,94,102,88,90,111,75,58,62,7,110,116,70,73
7296,78,112,115,91,70,116,85,73,1,119,96,103,79,102,83,90,18,4,111,110,93,75
7297,91,111,107,81,98,80,83,4,96,79,92,97,88,106,116,109,118,99,5,1,43,115
7298,108,119,81,96,113,73,109,102,103,83,101,115,106,87,94,98,111,77,117
7299,98,2,73,108,85,116,75,109,90,112,80,104,30,119,107,113,101,110
7300,99,112,91,76,77,107,113,96,78,70,83,104,90,79,100,84,106,81,80,21,17,41,68,55,59,73
7301,111,77,110,87,119,118,101,70,85,90,74,83,108,102,75,91,81,36
7302,98,82,116,90,85,80,118,88,112,110,106,104,101,113,119,109,24,103,86,77
7303,77,75,76,109,81,97,106,95,102,78,73,88,50,11,94,70,79,24,36,98
7304,113,100,86,70,103,93,80,76,98,116,110,91,108,82,90,117,74,109,77,88,119,78,87
7305,113,118,76,73,101,86,75,108,90,109,115,98,87,82,110,57,99,116,100,105,81,107
7306,86,88,73,90,99,112,81,111,76,103,80,107,78,113,1,116,95,79,72,74,77,91
7307,101,107,99,102,94,86,74,70,97,116,98,112,118,73,82,5,6,21,91,109,117,76,119,55,93,88,96,10
7308,81,91,93,112,115,95,79,86,96,88,103,75,77,101,73,94,117,22,107,19,111,87,113,4,109,76
7309,106,101,98,80,108,70,109,2,78,116,112,99,86,107,103,87,38,44,113,5,104
7310,102,99,118,104,80,96,77,79,107,113,94,75,101,83,74,112,78,41
7311,101,91,109,81,107,108,103,95,96,85,112,110,99,7,87,74,106,119,113,94,80,76
7312,118,96,104,113,119,76,103,80,111,93,73,107,82,90,115,99,79,102,77,83,24,101
7313,70,108,109,91,74,99,80,112,116,77,98,104,92,101,79,97,85,87
7314,101,96,70,112,76,81,79,87,90,94,118,75,109,88,117,116,4,26,110
7315,112,116,79,75,117,80,108,87,82,98,101,90,107,96,76,37,71,69,88,91,118,86
7316,77,93,80,108,103,100,111,86,88,118,98,23,41,114,76,112,94,104,101,78,102,65,83,90
7317,75,103,81,99,111,80,76,70,118,47,77,74,117,101,108,113,6,71,93,110
7318,111,78,101,88,90,80,112,96,76,74,54
7319,116,107,101,96,98,94,83,117,85,118,73,70,86,75,105,95,80,81,26,11,115,106
7320,107,20,86,81,10,113,109,78,115,99,91,79,85,76,98,90,72,11,108,111,110,116,101,82
7321,108,74,102,91,116,85,119,90,103,73,75,65,78,32,86,99,58,107,80,87,81
7322,109,101,80,74,90,94,99,73,96,77,50,112,78,62,116,24,106,117,118,110,75,83,103,95
7323,85,90,75,81,111,109,108,115,82,70,101,110,119,96,102,79,98,95,105,106
7324,117,64,90,115,108,88,86,98,80,87,75,99,10,29,76,83,85,100,110,96
7325,57,90,74,73,81,110,104,87,86,100,4,113,117,80,88,99,75,96,91,29,103,76,77,109,94,83
7326,90,74,88,107,83,109,94,73,104,77,75,113,2,19,80,118,111,112,114,40,106,119,117,85,9
7327,76,118,108,101,88,116,119,102,112,70,115,93,82,55,13,110,17,107,43,109,96,78
7328,102,101,107,98,115,117,108,90,10,88,118,112,3,70,83,99,96,87,6,106,91,75
7329,90,74,88,117,94,73,115,79,107,75,102,113,111,104,101,85,78,96,87
7330,99,78,94,108,117,91,81,112,107,101,109,105,92,87,76,79,96,88,103,111,19
7331,96,90,80,118,101,86,109,81,104,74,87,73,75,98,95,111,77,103,92,115,112,88,42,83,91
7332,92,98,81,106,99,96,80,119,102,101,116,115,79,76,94,83,104,86,113,110,88,30,82,109,42,85
7333,76,108,94,88,111,83,92,74,87,103,117,91,115,70,99,37,113,64,81,106,62,75,40
7334,92,94,107,91,81,73,85,76,62,74,24,115,87,86,113,116,95,63,111,112,110,82
7335,83,116,107,24,113,88,111,104,117,33,85,87,81,103,106,78,82,102,108
7336,93,91,75,119,76,113,74,78,2,116,115,101,112,86,99,108,70,81,106,62,109,107,13,90
7337,96,82,94,77,79,87,101,70,75,76,108,24,99,85,110,28,116,100,117,106,29,112,113,81,98,92,83
7338,28,103,101,83,110,99,81,117,96,98,82,86,113,94,55,102,107,27,8,58,87,64,111
7339,96,112,77,97,109,85,119,110,86,88,95,80,90,36,75,78,76,83,91,102,43,94,98
7340,88,75,99,98,70,96,112,119,77,92,78,86,110,59,81,91,87,111,106,80
7341,108,79,103,85,76,93,107,106,83,88,82,110,56,46,115,104,112,75,94,26,87
7342,108,110,93,94,75,92,107,117,78,74,100,37,81,80,99,24,79,116,87,76,82,115,102,98,109,88
7343,112,86,118,115,109,111,81,95,88,98,25,55,94,76,96,93,113,107,100,99,56,108,24,7,103,73
7344,104,113,115,76,73,93,92,99,85,82,106,100,79,83,119,118,107,91,110,77,89,81,54,101,90,52
7345,74,73,90,98,83,115,111,85,87,78,102,103,104,88,48,21,77,76,79
7346,90,75,88,86,76,103,119,98,114,4,101,116,70,112,8,91,78
7347,113,108,93,76,102,100,79,95,86,77,111,2,83,119,87,55,82,78,85,88,73,104,96,116,105
7348,115,86,106,73,74,75,98,119,79,112,87,81,83,110,76,102,16
7349,78,86,110,87,75,112,79,101,88,109,76,115,107,117,21,113
7350,77,111,78,83,91,116,86,110,101,115,75,94,119,117,32,96,82,63,102,98,113
7351,94,106,101,86,118,96,107,116,103,119,36,7,87,83,37,111,108,90,115,21,92
7352,29,116,70,80,113,90,88,6,101,43,79,97,83,76,62,119,103,19,102,81,25
7353,79,94,86,96,103,73,78,112,116,75,119,98,108,85,24,4,80,81,113,99,111,74,19,90
7354,70,101,87,106,102,74,112,80,76,95,77,113,110,82,99,111,115,39,116,1
7355,118,85,94,83,115,73,92,78,113,104,102,119,74,82,99,76,109,111,69,87,105
7356,70,86,112,111,80,81,85,116,104,92,82,5,107,87,96,75,91,110,88,115,74,83,103,102,109,108
7357,29,90,115,93,88,110,83,73,112,70,103,87,81,2,97,82,62,99,86,77,85,113,95,23,63,38,79,98,96
7358,111,108,98,112,81,75,118,54,7,119,104,82,97,10,99,102,88,95,86,96,101,94,74,91,93,23
7359,82,111,81,113,73,87,99,116,119,20,104,83,95,80,70,2,8,44,102,96,15,93,74,98,78,100
7360,87,110,75,85,115,99,91,78,74,109,117,112,111,104,32,70,18,73,76,90,79
7361,114,101,118,73,113,103,70,75,81,92,111,108,94,83,78,66,76,88,2,99,35,109,86,15,90
7362,93,79,74,73,83,101,87,91,76,81,105,95,109,102,94,54,90,97,113,92,7,106,88,114,119,86
7363,77,73,88,117,76,113,98,101,87,81,109,99,111,70,4,68,96,106,83,112,82
7364,118,117,103,88,107,113,98,115,74,87,91,80,73,24,94,86,77,101,70
7365,83,118,101,76,106,90,104,110,109,111,112,20,2,15,73,95,92,80,28,81,82
7366,115,28,2,91,116,106,75,110,102,112,103,79,118,99,42,74
7367,102,92,81,99,112,73,93,86,111,79,119,110,87,117,104,101,116,40,82,78
7368,79,88,83,99,119,103,113,96,95,81,76,117,2,85,111,4,70,116,30,86,110
7369,98,85,103,118,106,2,80,95,73,119,93,117,77,99,109,94,92,115,38,55,114,21,74,100,96,88,87,78
7370,96,76,88,117,87,95,4,109,107,116,70,111,83,80,102,101,119,115,89,90,69,118,79,77
7371,94,109,70,75,88,101,103,78,104,81,115,108,74,87,97,76,83,4,113,118,77,91,34,80,1,119
7372,83,81,79,75,118,86,88,73,78,107,102,74,108,98,11,117,85,7
7373,111,80,83,119,87,78,90,99,109,91,74,3,115,19,82,101,118,102,98,75,112,88
7374,92,81,91,87,82,79,96,113,103,70,39,110,90,119,80,78,83,8
7375,113,101,94,83,82,111,107,108,86,104,106,99,116,85,30,73,79,77,90,112,118,75,117,52
7376,114,82,104,94,73,90,110,111,79,70,116,117,62,2,112,118,109,37,88,99,119,96,100
7377,79,111,98,78,104,75,109,88,106,62,110,26,14,65,94,119
7378,88,106,83,90,74,107,100,78,99,49,63,72,110,116,111,64,76,77,9,109,95,102,98
7379,117,90,91,115,118,96,98,110,108,95,107,78,114,74,39,80,116,103,64,99,104
7380,75,116,79,108,109,119,103,85,87,107,76,56,29,88,23,106,65
7381,117,73,78,110,94,115,118,99,104,66,116,80,98,2,61,96,93,75,54,87,41,79,9
7382,93,22,42,99,110,85,109,79,78,108,114,116,112,58,119,83,82,45,73,65,88,118
7383,116,103,81,80,75,115,91,113,92,90,82,88,66,74,77,111,78,73,96,10,101,83,107
7384,79,109,115,113,106,103,110,85,86,99,118,119,78,87,73,75,111,63,77,91,74
7385,80,111,90,108,81,109,117,115,94,96,86,101,98,110,91,75,36,74
7386,73,74,85,70,112,98,86,102,103,109,92,104,67,106,12,113,96,117,110,101,34,75
7387,102,90,117,76,82,93,78,81,70,95,104,87,73,75,92,88,107,86,109,118,63,61,23,91,108,54,79,46,113
7388,83,108,77,88,76,80,74,101,115,113,109,24,106,81,112,94,73,7
7389,110,46,75,113,104,92,82,85,2,87,86,79,32,116,97,74,90,24,5,23,108,107,103,35
7390,90,119,78,94,70,81,108,109,113,104,91,2,110,79,74,115,5,53,88,73,98,28,86,102
7391,73,80,75,85,119,107,111,108,106,101,96,99,94,70,86,115,36,88,12,98,87
7392,96,110,99,90,77,94,104,74,87,98,80,60,108,112,95,81,15,21,117,86,119,106,85,83,91
7393,109,104,83,118,101,86,115,96,111,116,82,68,73,78,99,93,108,88,76,117
7394,102,119,99,110,86,91,116,109,107,106,104,103,74,87,115,112,118,93,36,113,81,101,117,85,75
7395,90,76,117,99,110,88,115,80,113,86,94,101,93,92,70,112,7,116,2,85,91
7396,119,90,115,108,81,109,86,7,102,75,77,116,74,112,92,103,78,25,104,96
7397,110,86,111,106,75,78,73,118,96,113,115,101,119,90,97,74,99,98,13,70,77
7398,85,76,82,119,87,101,108,110,7,117,90,99,15,75,106,73,118,115,28,80,79
7399,103,107,119,110,98,109,113,78,79,91,94,97,88,108,73,86,75,85
7400,112,108,96,74,80,116,83,109,86,103,90,102,87,100,92,77,78,82,94,85,107
7401,112,118,106,77,92,91,94,109,78,87,102,29,88,79,80,83,86
7402,115,75,86,98,107,99,118,1,53,91,117,73,80,12,35,66,96
7403,98,78,80,83,81,104,101,96,94,109,73,119,103,90,92,82,11,41,79,106,89,117,113,74,16
7404,108,24,96,111,81,82,70,83,73,79,78,100,88,116,76,109,85,101
7405,116,76,98,112,83,74,106,113,95,70,90,94,82,81,105,115,102,103,66,107,119,117,118,88
7406,87,88,99,75,83,78,90,112,98,86,85,101,111,2,73,113,74,106,119
7407,102,107,88,111,87,112,90,82,119,110,104,113,108,38,96,76,99,85,117,75,24,86,94
7408,85,92,119,70,90,94,88,91,81,99,112,45,9,66,22,74,46,21,36
7409,103,101,115,90,77,102,79,107,119,108,7,113,74,4,81,49,98,91,45,116,104,87,97,75,118
7410,87,119,41,106,94,111,113,88,36,101,109,92,80,30,98,76,96
7411,85,116,94,83,92,117,87,113,78,77,112,90,73,98,55,106,110,107,76,82,53,49,108
7412,85,99,104,83,102,73,74,4,115,113,92,116,91,80,111,107,87,70,106,79,112,95
7413,88,83,108,75,96,87,91,110,74,79,81,77,80,103,101,82,78,93,112,5,98,117,99,109,67,113
7414,82,111,106,100,94,108,103,80,119,107,104,12,79,92,76,89,26,110,85,99,9,7,32,46,83,75
7415,74,86,111,94,88,107,82,77,75,96,119,116,113,90,91,100,109,118,101,80
7416,57,74,103,116,76,96,106,113,70,105,102,82,95,94,86,99,42,115,32,15,54,83,73
7417,81,119,78,75,111,116,85,80,90,104,74,108,106,77,73,7,118,98,110,95,87,83
7418,92,85,90,88,99,76,4,118,75,83,79,115,74,58,73,91,109
7419,83,107,88,86,110,78,81,61,94,117,103,118,39,113,25,84,116,104,92,85
7420,79,99,112,107,106,101,108,81,117,86,74,96,78,70,80,75,119,118,109,85
7421,92,80,107,114,81,94,104,119,76,82,101,79,108,98,99,78,74,73,19,118,54,36,97,27,68
7422,29,93,82,88,78,106,107,75,113,112,76,81,110,115,86,104,101,98,109,90,111,92,95,83,36
7423,79,101,85,90,75,110,83,2,112,81,69,33,104,78,117,4,91,70,23
7424,117,86,115,98,92,90,119,91,88,103,78,29,76,116,106,104,87
7425,112,113,88,101,107,83,111,102,85,119,86,78,77,92,75,74,80,73,76,40,13,33,95,115
7426,109,104,112,118,108,74,99,78,98,101,73,70,96,75,103,82,76,111,94,79,67,105,83
7427,77,76,4,112,83,109,111,110,96,106,91,117,81,70,86,119,99,90,82,73,94,2
7428,102,90,119,107,96,74,95,4,113,87,101,111,99,112,33,86,88,115,103,39
7429,111,98,81,87,99,101,75,73,108,113,41,74,80,45,90,110,97,85,106,36,63,70
7430,83,112,88,81,117,110,101,100,98,74,104,39,108,76,78,87,119,86,51,17,103,115
7431,113,110,87,112,73,115,86,108,102,118,70,94,101,76,85,96,66,91,26,95,46,61,104,78
7432,80,88,74,75,101,116,77,78,92,94,69,117,96,79,105,64,72,29
7433,118,78,115,93,117,108,80,70,87,99,73,88,101,112,60,79,105,116,77,114,107,76,97,91,106,7
7434,101,82,107,78,99,96,74,103,88,81,80,115,117,113,77,83,36,91,104,79,85,97,108,86
7435,96,70,104,86,95,116,106,109,85,92,81,35,94,79,90,98
7436,29,82,81,109,119,74,91,113,90,78,87,102,75,106,118,103,77,86,93,100,92,85,57,98
7437,92,82,83,94,80,118,95,100,111,16,102,76,7,101,113,79,74,39,117,99,75,78,116,2
7438,79,93,103,74,100,88,70,115,92,5,96,112,90,85,76,20,16,91,1,108,87,98,114,119,94,83
7439,77,104,83,92,111,86,98,76,52,87,94,110,18,80,96,108,117,102,109,106,74,23,115
7440,75,112,98,78,113,80,99,77,79,71,88,104,16,110,94,91,10,117,46,96,103,82
7441,92,77,114,101,78,109,110,73,98,76,82,117,19,6,96,85,4,88,112,103,34,75,99,115,94,55,100,40,118,119,15,1
7442,57,70,110,78,116,91,115,1,87,85,74,94,107,24,92,113,56,96,90,118
7443,101,88,70,111,108,116,80,115,73,113,83,78,110,40,50,98,118,91,102,75
7444,113,29,103,88,118,111,98,94,102,110,85,108,90,82,119,2,70,42,83,106,15,109,100,77
7445,111,77,108,116,107,86,79,96,81,76,24,78,115,85,25,50,91,45,80,106,114,32,119
7446,102,108,77,96,113,78,74,110,90,91,73,99,116,118,115,70,87,98,107
7447,82,10,80,70,102,92,97,93,7,115,100,94,96,78,90,86,22,91,107,85,75,119,101,74,111,77,4
7448,88,90,75,77,86,115,98,83,109,74,116,70,102,73,99,79,94,85,106,78,81,97,95,100,80
7449,96,116,118,73,106,98,119,115,87,78,108,79,75,86,110,74,72,101,77
7450,78,91,113,83,73,116,82,74,112,101,96,115,100,99,117,88,80,28,92,95,22,85,2
7451,73,95,83,86,76,107,74,110,88,78,118,98,75,111,18,116,114,102,53,113,117,115,81
7452,81,115,77,99,119,73,76,113,94,80,6,112,91,30,114,85,103,107,117,78,110,98
7453,109,88,96,113,81,115,91,75,102,103,107,73,108,92,106,76,80,98,77,110
7454,119,106,86,103,88,91,104,80,70,85,75,32,115,118,3,58,110,87,113
7455,119,90,109,96,81,102,106,82,85,80,110,100,97,79,2,78,91,118,6,98,24,31,54,108,1
7456,106,119,79,94,112,76,107,108,110,88
7457,107,115,119,2,95,77,91,82,118,98,74,111,94,103,79,88,106,19,78
7458,94,96,103,88,101,75,112,91,45,76,92,95,115,102,4,99,18,17,117
7459,117,70,90,83,77,104,87,109,81,96,94,58,72,76
7460,112,115,107,116,2,118,108,70,110,22,20,68,96,91,83,88,119
7461,94,108,110,87,92,113,78,109,118,88,76,24,115,101,74,23,48,27
7462,93,78,110,81,107,115,79,92,102,104,109,55,67,91,65,112,4,117,101,26,103,43,116
7463,108,113,118,75,112,107,111,98,103,95,96,101,15,78,73,104,3,102,41,77,106,74
7464,117,96,81,98,92,109,106,116,85,70,83,118,119,45,88,93,66,115,104,22,99,87,74,91
7465,81,76,82,117,102,95,75,119,79,111,87,83,86,118,99,73,113,101,112,12,104,116,6,88,89,103
7466,119,74,118,96,113,80,109,92,117,87,99,88,78,27,104,100,15,5,94,76,3
7467,86,108,74,109,110,75,94,81,79,119,116,85,77,92,115,41,59,95,101,31,88,80,104
7468,106,85,74,109,118,103,92,112,80,91,87,111,75,98,86,2,94,57,78
7469,74,108,87,111,92,103,110,96,78,75,112,73,70,104,79,118,106,119,93,80,88
7470,107,70,88,101,110,98,83,73,112,111,79,78,96,2,109,75,87,117,118,85,74
7471,82,74,104,75,98,101,70,76,108,83,87,73,85,86,81,99,79,9,100,90,118,53,112
7472,70,111,112,113,109,79,88,98,94,80,78,61,116,92,39,10,118,107,86,81,104
7473,102,98,70,92,85,113,96,101,119,73,116,80,108,104,88,78,64,82,87,52,93,90,74
7474,103,77,110,73,116,97,101,113,108,70,115,118,106,111,112,92,117,88
7475,113,101,118,104,79,106,117,78,86,92,115,73,75,85,119,99,87,107,77,93,2,82,90,98,81,116
7476,23,83,94,81,78,110,111,86,76,66,15,91,70,82,106,101,112
7477,116,119,106,113,85,15,104,92,117,79,75,80,5,77,118,1,110,102,95,13,21,86,2
7478,77,116,98,74,110,87,115,91,70,73,103,119,117,105,8,48,93,37,109,44,104,78,112,99
7479,77,98,73,102,113,86,75,111,74,107,61,1,110,76,28,106,79,62,94,112,96
7480,98,112,99,80,88,109,118,103,104,116,113,5,90,94,102,87,92,86,83,76
7481,106,88,77,80,119,76,78,101,109,73
7482,91,101,96,75,113,99,104,115,100,117,94,73,78,79,35,106,92,44,118,107,82,81,26,110,119,108
7483,76,111,78,73,107,117,77,113,74,108,85,115,109,103,104,96,75,29,106,2,91
7484,119,104,113,74,73,76,70,102,92,64,116,110,88,51,80,111,101,86
7485,57,111,101,99,85,109,73,92,58,88,76,78,5,79,110,22,86,42,116,46,98
7486,103,106,109,107,74,98,96,88,90,59,108,80,73,70,94,110
7487,99,70,117,118,76,90,119,52,86,56,87,116,108,94,33,73,111
7488,99,110,74,103,116,83,109,115,102,113,87,36,105,77,46,111,98,25,91,34
7489,109,79,107,103,78,91,92,105,118,101,119,32,113,93,98,117,77,83,87
7490,100,86,103,107,81,118,85,110,82,90,74,78,109,115,83,111,1,91,44
7491,106,98,88,78,96,90,103,111,67,12,81,113,74,97,75,91,80,92
7492,98,101,78,111,103,2,115,77,91,15,118,108,24,90,97,86,85,13,1,116,9,53,73,119,102,81,110,82,113,45,89,74,112
7493,110,86,80,98,76,85,75,73,77,103,112,88,87,91,58,107,74,116,104,95,117,78
7494,113,104,118,86,103,94,101,119,96,110,99,87,11,77,88,93
7495,92,96,86,106,117,78,99,113,90,87,109,94,79,81,104,44,101,8,108,74,107,83,24,30,72,80,88,75
7496,117,76,88,113,108,92,87,106,82,116,109,107,91,100,96,99,102,70,98,53,86,34,83
7497,118,91,80,73,112,98,107,101,96,86,90,2,77,99,75,70,106,3,119,8,34,94,108,104
7498,79,100,70,110,91,113,107,27,93,99,2,103,54,88,101,73,76,112,118,87,78
7499,109,87,118,90,112,102,106,117,98,103,73,101,70,99,92,77,100,55,105,30,107,80,21,74,76,42,82
7500,101,74,78,119,115,95,85,75,83,88,90,94,29,79,91,117,99,108
7501,85,91,109,82,116,106,87,103,79,117,98,81,31,69,96,88,80,108,73,94,63
7502,106,112,119,77,88,98,102,74,91,103,96,104,92,76,61,80,75,85,86,83,13,73,11,78,94
7503,29,97,110,116,99,117,77,95,101,108,112,87,75,119,90,81,83,79,102,74,92,96,106,94,113
7504,115,91,88,119,93,112,102,87,99,81,98,77,95,36,118,58,113,106,84,117,90,74,94,104
7505,108,110,119,106,99,118,80,103,112,73,94,116,81,45
7506,99,80,107,91,94,96,97,117,100,101,49,85,111,22,109,81
7507,79,99,108,118,74,83,85,107,86,70,88,102,113,112,101,109,28,91,104,75
7508,119,86,92,79,87,73,102,74,85,76,114,43,81,19,70,75,98,55,103,106,78
7509,118,106,99,78,92,108,111,104,73,98,109,7,115,79,82,90,12,116,87,83,102,67
7510,99,85,73,115,109,113,119,117,81,88,86,87,20,108,74,44,1,96,107
7511,87,78,88,76,98,94,91,115,108,80,113,106,111
7512,29,98,118,80,112,91,99,106,79,87,54,92,42,88
7513,87,104,113,117,107,109,112,99,118,74,101,78,115,86,75,88,85,90,12,111,67,73,108,83
7514,87,81,99,112,107,108,83,78,115,79,98,109,45,94,86,116,38,118,80,96,117
7515,98,91,94,104,86,113,109,116,78,70,102,88,79,81,100,24,117,119,107,110,83,75
7516,119,90,98,96,113,99,115,76,81,83,100,78,88,106,77,103,1,84,108,85,111,91,101,82,104
7517,101,90,85,103,99,116,80,73,88,43,76,55,52,83,5,91,75
7518,112,70,109,85,83,80,115,74,79,111,98,119,117,101,90,87,116,86,75,108,99,89,110
7519,96,101,73,75,91,111,99,77,108,83,102,94,76,98,63,104,7,85,116
7520,75,116,80,111,94,98,82,90,102,66,33,28,108,81,88,54,99,85,110,119,86,117
7521,99,116,113,101,91,92,112,108,74,87,90,97,30,55,118,75,104,8,54,102,15,73,81
7522,118,109,115,85,95,96,108,112,83,92,116,78,111,106,47,103,100,76,84,75,81,117,2,77
7523,98,88,75,107,111,110,73,86,119,85,87,99,112,108,79,81,35,80,109,94
7524,107,78,109,119,91,75,115,118,113,104,116,74,95,83,33,103,87,102,111,45,101,2
7525,75,103,110,118,88,86,109,111,83,98,108,87,52,79,96,90,112,20,44,104,76,101,57
7526,75,70,106,108,91,109,87,99,88,74,80,116,119,26,83,16,98,12,113,107
7527,98,101,115,79,100,73,104,119,87,112,78,95,91,107,90,70,116,80,24,81,82,96,18,1,88
7528,119,102,37,110,95,70,24,78,113,116,79,99,104,5,48,85,76,66,90,111,86,4,117,81,94
7529,103,86,102,15,85,94,117,101,115,81,50,77,27,116,104,11,72,62,78,90
7530,74,106,96,83,94,80,115,70,87,78,92,73,99,63,117,36,90,9,75,110,77,111
7531,108,104,96,94,73,74,88,106,85,15,70,91,92,87,75,28,84,79,109,78,77,102
7532,99,118,110,2,107,4,91,23,77,81,76,48,83,24,116,78,112,115,31,106,90,117,111,54,87
7533,116,81,117,110,96,79,74,104,118,83,89,73,115,119,86,82,78,113,109,95,98,94,80,88
7534,83,85,103,78,113,107,76,70,74,92,102,79,119,110,97,99,38,112,81,50,95,10,75,86
7535,111,99,70,83,112,106,74,73,87,85,97,75,78,24,7,101,102
7536,98,87,115,110,112,70,79,73,80,104,85,109,118,95,78,106,76,108,9,102,74,117,86
7537,81,119,112,70,96,101,78,91,107,80,86,106,28,82,115,83,4,113,94,75
7538,85,88,116,91,95,112,81,70,64,4,110,87,104,119,101,117,67,92,118,113,18
7539,74,78,119,88,115,113,76,116,106,86,96,93,79,59,109,118,111,117,73,104,107
7540,103,85,93,79,116,101,97,95,108,107,80,112,76,94,117,102,52,23,1,99,119,27,66,109,82,90,13,65,114,96
7541,103,80,118,94,117,85,113,91,74,81,93,108,78,101,109,87,2,115,112,28,100,116,111,75
7542,74,76,108,82,110,77,93,75,81,101,73,92,96,115,117,107,105,90,69,87
7543,101,30,116,119,92,86,87,98,79,115,76,57,105,96,113,10,102,74,95,82,107
7544,82,86,90,117,119,92,98,102,112,74,88,94,109,118,89,115,107,80
7545,91,77,104,88,97,113,107,74,94,78,112,109,70,64,114,75,4,95,29,99,19
7546,87,78,88,109,79,94,104,90,74,116,43,111,76,34,12,9,4,102,54,107
7547,85,88,99,77,81,2,111,86,75,73,115,76,116,106,80,108,98,119,48,1
7548,82,87,115,77,98,94,88,106,118,110,102,117,33,79,70,37,8,101,91
7549,78,118,108,94,87,75,99,109,90,88,113,95,73,104,111,85,54,115,2
7550,78,119,82,2,92,57,95,116,70,60,113,4,109,1,9,68
7551,94,86,81,98,106,104,87,118,83,26,114,73,116,79,36,91,22,78,90
7552,116,110,74,78,81,80,108,75,77,113,83,115,118,101,99,102,119,87,90,33,111,71
7553,94,102,99,86,78,106,111,113,85,96,101,54,72,24,87,110
7554,86,77,108,96,106,94,81,99,115,93,91,83,98,74,73,104,22,87,24,116,38,70,26,49,64,90
7555,108,94,103,115,90,111,75,116,74,96,101,83,97,112,119,87,93,57,95,73,82,43,104,79,106
7556,80,81,99,109,92,77,111,78,15,83,70,96,74,25,87,101,106,98,64,117
7557,115,83,91,74,110,87,109,119,92,82,80,108,79,86,28,102,5,78,21,113,93,77,13
7558,94,116,73,96,103,70,118,74,75,112,115,77,92,79,91,105,24,1,109,84,55
7559,96,95,79,109,119,101,112,70,110,24,92,115,108,77,94,88,80,45,82,116,117,4,78
7560,101,110,76,108,81,74,82,102,100,113,77,78,97,119,106,93,80,94,96,91,87,17,83,92,75
7561,101,108,78,86,102,76,88,81,118,79,80,87,106,54,90,107,116,75
7562,94,116,83,77,75,92,101,2,98,63,91,115,119,106,112,96,88,113,107,85,74
7563,101,106,96,94,79,112,75,113,115,67,73,111,83,98,116,110,8,117,43,87,108,78,102
7564,86,87,91,75,99,108,119,102,116,100,81,84,97,15,101,103,111,25,77
7565,77,87,88,81,78,70,115,83,76,104,90,85,98,17,4,12,75,36,117,119
7566,116,96,75,83,82,24,104,86,87,74,78,109,42,111,118,20,52,4,8,53,101,92
7567,103,70,111,90,98,77,104,74,99,24,116,119,115,108,85,2,87,86,101,72,106
7568,108,77,90,111,98,86,119,94,79,109,115,118,88,24,107,93,92,10,55,61,113,21,23,1,83,87,47
7569,94,112,90,107,79,99,113,106,82,108,74,115,87,69,96,95,86,71,2,102,105,110
7570,30,110,90,117,101,76,113,82,93,96,77,83,119,70,80,100,73,99,5,74,88,118,115,97,14
7571,73,109,117,79,86,94,76,113,99,107,91,35,83,95,119,88,98,108,58,81,118,7,70,100
7572,90,118,92,99,103,113,2,77,116,115,22,104,85,106,102,93,86,80,55,14,81,119,66,89
7573,76,98,87,115,70,107,118,75,82,94,73,88,95,110,97,103,7,14,119,80
7574,116,77,82,79,119,115,90,100,91,101,99,80,107,108,95,102,78,89,117,86,93,74,106,81
7575,100,112,99,1,116,109,101,91,90,77,87,92,98,81,94,118,51,119,96
7576,81,29,113,70,119,107,110,109,73,74,79,15,117,104,101,91,83,106,54,77,112,90
7577,116,92,110,108,119,85,109,80,76,118,102,90,101,91,107,78,70,99,81,31,112,103,83,82
7578,115,113,90,118,78,87,92,27,106,110,98,73,99,108,70,62,109,76,54,91,19,101
7579,116,115,108,107,94,81,118,79,96,110,99,119,91,90,87,75,69,80,104,74,89
7580,57,113,92,107,98,83,70,81,82,45,79,76,51,88,103,85,104,74,90,94,77,15,86,75
7581,91,119,86,117,74,102,70,75,94,81,90,92,37,55,112,77,109,54,107,115
7582,85,4,103,96,81,88,78,75,86,116,50,80,90,100,113,118,46,74,73,92,70
7583,95,119,86,110,116,88,102,101,96,70,2,82,29,107,117,78,100,76,115,63,99
7584,103,79,82,102,110,106,81,107,78,101,108,100,90,117,96,91,109,75,65,86,85
7585,99,80,83,95,96,81,86,87,88,118,75,94,117,112,113,53,102,84,116
7586,70,78,111,99,119,116,80,104,79,98,90,106,92,102,101,88
7587,111,91,118,79,77,110,85,100,75,73,94,113,78,108,82,96,106,98,109,102,74,83,12
7588,70,88,91,98,83,115,101,73,94,74,107,95,86,100,116,84,112,110,80,87,111,92,78,106,85,90
7589,83,119,79,81,91,85,92,109,111,78,90,16,115,102,9,84,107,17,56,70,75,110
7590,28,116,109,80,85,96,119,107,81,41,106,86,105,10,20,70,7,99,87,82
7591,75,109,101,94,79,99,119,96,32,118,73,103,57,37,76,78
7592,94,91,80,112,99,77,79,98,113,119,109,88,70,90,117,78,104
7593,101,113,81,117,75,111,79,104,78,77,91,110,76,88,119,102
7594,113,74,86,49,75,44,103,110,111,77,51,106,6,87,104
7595,108,106,74,85,98,118,115,107,99,73,101,119,88,53,44,80,95,4,83,81,5,90,77,86,96,111
7596,117,93,85,96,78,115,87,109,77,2,29,86,79,91,64,75,74,106
7597,116,90,98,74,104,103,111,83,112,119,87,108,107,96,110,73,41,86,85,92,84,70
7598,106,116,107,119,77,115,117,110,70,78,81,96,88,79,75,90,5,86,104,108,24,99,101
7599,94,116,102,70,90,113,101,83,109,104,110,78,98,72,54,118,81,61,80,111
7600,117,86,83,4,112,87,99,88,96,90,70,95,78,55,103,115,97
7601,115,98,110,99,85,117,88,74,73,79,108,91,87,111,119,103,77,96
7602,106,76,78,88,77,96,75,94,116,108,1,39,73,79,102,63,112,98,19,90,115,20,104
7603,107,96,70,87,115,86,95,63,119,75,103,85,104,92,111,77,4,93,110,102
7604,76,87,85,108,112,91,73,109,90,116,102,106,86,79,47,117,101,78,99,98,97
7605,98,106,93,77,107,95,75,117,102,90,104,83,118,101,81,103,88,55,82,17,99,109,78,72,91
7606,119,80,94,108,99,78,109,91,90,102,116,74,70,42,79,101,117,2,4,72,12,1,110,24,86,85
7607,91,74,92,80,113,87,98,99,117,19,38,83,101,110,81,77,90,76,24,97,106
7608,111,98,70,108,119,74,76,101,51,29,81,73,94,83,50,90,112,77,88,69,118
7609,101,77,83,115,111,82,119,55,112,79,45,22,110,28,113,118,103,80,87,106
7610,70,117,75,113,112,86,118,87,102,94,90,111,116,79,97,108
7611,100,79,102,103,116,109,4,106,101,87,96,98,77,93,111,117,12,108,90,110,118
7612,73,118,96,111,109,69,94,60,76,115,77,99,107,92
7613,82,111,115,99,119,79,85,74,90,106,81,70,58,16,73,109
7614,87,109,106,118,73,110,78,112,75,79,70,77,113,74,103,115,92,24,96
7615,80,94,101,88,110,111,99,116,73,106,109,2,86,54,108
7616,112,103,113,118,108,83,106,4,115,101,86,80,90,14,109,105,110,85,99,31
7617,106,74,118,119,80,77,112,70,107,90,113,117,94,79,110,87,85,99,65,115,19,103
7618,74,98,79,78,5,70,77,92,99,108,75,90,110,116,102,88,28,118,109,34,86,101,2
7619,94,78,90,74,75,70,80,112,99,107,102,27,108,101,110,77,81,118,106,104,87
7620,87,74,98,83,77,106,119,108,78,79,85,116,94,110,28,70,99,111,2
7621,78,90,91,117,99,103,112,74,115,77,101,94,37,87,96,104
7622,110,90,85,98,103,91,82,70,79,62,115,109,13,111,2,72,96,38,94,119
7623,109,82,80,116,79,108,92,44,106,101,112,78,95,70,94,85,81,117,86,87,39
7624,79,110,99,87,103,75,90,78,7,83,76,94,9,52,109,108,96,70,116
7625,91,93,94,70,111,116,101,110,85,118,21,95,80,76,106,90,83,75,104,98,89,77
7626,116,113,75,77,81,118,87,99,103,80,74,109,65,85,38,94,63,107,32,112
7627,92,86,119,104,115,103,110,76,96,117,75,77,82,2,87,91,100,90,108,85,81,13,101,28,38,94
7628,95,77,117,80,118,76,75,85,79,104,81,111,102,109,119,88,70,87,116,73,20,108,115,113,93,98,74,78,110
7629,86,75,98,99,79,117,102,82,91,2,72,106,81,115,88,55,111,54,119,112,73
7630,2,79,118,111,90,99,104,94,116,76,103,113,86,98,91,117,81,110,73,61,96,109,114,70,1,19,22,4,82
7631,114,86,119,87,106,73,109,94,95,111,118,117,79,2,78,98,43
7632,88,112,101,74,117,79,92,102,109,91,85,76,70,78,118,104,6,86,97,93,113,82,50,110,55,116,114
7633,111,86,77,119,54,80,116,109,118,75,107,73,113,85,17,112,97,74
7634,94,80,73,77,115,108,101,117,87,113,83,111,81,74,79,112,109,96,78,104,28,106,107,97,118
7635,109,75,118,70,95,81,103,98,92,88,102,110,94,86,91,119,90,76,115,18,78,21,105,101
7636,78,97,118,108,109,86,116,111,91,103,96,115,110,24,73,79,11,99,112,119,85,56,81
7637,99,90,107,109,73,78,85,102,106,111,86,91,101,41,96,81
7638,92,78,94,2,82,109,85,102,106,13,80,116,75,111,88,73,60,83,96,91,99,8,19,81
7639,112,88,96,94,115,86,81,15,107,66,44,117,79,36,108
7640,90,83,91,103,115,106,119,73,80,118,92,100,87,113,79,2,4,112,81,107,99,96,29
7641,115,117,91,119,116,112,99,82,96,98,110,113,104,49,27,36,118,94,95,103
7642,78,74,85,86,94,80,75,110,73,108,118,104,79,67,70,3
7643,78,116,76,85,94,91,106,108,110,98,115,90,43,118,79,80,74,70
7644,78,79,99,75,101,111,80,109,76,88,70,82,117,94,115,110,18
7645,52,76,91,112,110,116,70,94,86,111,103,88,16,117,108,6,118,101,90
7646,29,109,117,77,107,76,112,95,92,85,75,100,80,99,78,119,108,74,83,63,21,110,114,73,66,51,116
7647,93,79,119,107,86,75,117,102,92,78,112,52,90,115,98,77,88,99,116,103,108,101,104
7648,112,109,78,87,70,101,99,91,94,81,39,17,103,85,107,76,18,118,10,97,119
7649,101,115,116,107,90,113,73,76,106,5,112,110,103,12,109,80
7650,88,111,116,108,109,119,90,87,83,79,117,78,91,50,11,118,41,52,110,105
7651,88,112,70,118,108,77,101,74,86,83,117,96,79,78,102,99,107,94,76
7652,104,110,116,118,87,115,80,78,86,94,74,91,69,119,83,117,98,103,92,76,73
7653,94,90,85,98,112,107,101,87,99,108,103,73,76,38,80,119,86,2,92,74,17
7654,87,112,82,73,116,117,92,90,119,83,35,78,96,74,110,108,39,111,44,98,94
7655,43,111,90,70,88,101,49,110,2,86,84,89,75,114,87,12
7656,94,76,108,119,78,96,74,73,101,83,99,90,80,75,87,70,4,100,114,106
7657,78,90,118,107,87,110,98,119,112,74,96,75,88,104,81
7658,90,101,106,76,87,117,73,80,116,108,98,22,113,88,28,94,46,74
7659,32,95,82,81,77,80,74,76,103,107,15,65,104,109,87,106,118,19,91,117
7660,96,119,85,91,102,75,86,103,109,74,7,116,108,104,99,110,77,115,31,73,82,113
7661,100,73,83,98,108,104,113,2,101,70,117,116,82,118,106,79,75,102,74,111,87,93
7662,113,92,115,102,94,86,99,74,104,107,33,112,109,106,77,66,98,78,110,87,70,108
7663,118,101,116,87,86,95,96,109,40,89,108,76,115,104,75,91,111,73,98
7664,113,75,116,70,112,117,86,82,74,90,107,108,76,83,111,71,104,88,2,68,98,15,77,102,100
7665,109,90,118,119,111,112,99,102,88,73,91,81,54,78,101,80,76,116,82,75,83
7666,101,94,86,88,112,117,108,103,99,110,87,104,85,83,81,107,90
7667,88,109,91,119,104,106,107,117,77,110,94,111,79,51,75,47,116,26,115
7668,118,73,83,87,74,80,113,96,103,100,116,78,112,5,48,75,30,106,101,24,70
7669,83,70,101,82,80,87,77,118,111,116,99,110,112,94,25
7670,93,76,103,110,85,94,91,111,81,99,101,83,33,78,115
7671,82,86,118,94,110,87,73,88,99,101,78,106,79,90,92,98,119,115,49,96,24
7672,98,109,75,78,102,107,77,119,87,111,76,90,116,104,96,117,94,73,43,41,84,108,92,103
7673,96,82,70,91,107,83,81,109,5,119,104,86,115,85,90,116,77,110,105,75
7674,86,110,88,103,115,101,116,112,80,108,98,117,118,81,107,97,109,111,87,27,78,65
7675,85,101,109,76,96,78,86,92,117,27,70,108,119,99,113,80,104,111,115,73,106,88,75
7676,88,115,77,80,107,102,75,117,103,86,93,104,108,99,10,101,2,89,9,106,112,18,111,24,116,91,82,109,97
7677,100,113,118,110,75,98,119,70,91,82,76,96,115,2,111,41,81,71,83
7678,73,86,112,90,113,109,115,80,10,119,64,83,108,107,99
7679,116,107,111,112,117,83,70,79,75,109,55,106,19,105,115,76,18,93,103,95,64
7680,81,92,88,110,74,98,54,70,75,112,109,85,104,118,41,117,73,107,77,108,11,22,4
7681,107,119,77,115,117,87,88,99,79,75,6,101,24,98,86,91,112,103,17,2
7682,76,73,103,96,94,77,112,85,82,111,24,91,101,79,99,83,100,102,107,78,108
7683,104,118,81,78,110,96,103,83,14,116,111,80,108,85,113,119,90,86,54,107,15,115,102,91
7684,76,118,116,82,100,75,94,77,88,96,98,80,38,87,99,117,108,73,85,103,110,111,74,11,115
7685,99,70,96,83,79,80,102,82,87,101,62,111,94,113,39,74
7686,78,75,101,74,91,118,108,116,73,110,79,88,106,58,25,80
7687,96,79,91,118,103,73,104,111,110,75,115,81,100,80,7,92,113,112,19,101,102,27,5
7688,86,118,109,99,75,80,92,81,103,113,106,112,87,74,71,96,85,77,15
7689,87,85,90,99,78,74,118,48,116,52,79,19,88,115,4
7690,78,74,96,87,119,115,101,83,80,85,67,109,8,90,14,108,118,113
7691,116,108,87,79,96,70,118,81,101,78,83,117,94,43,92,74,106,77
7692,74,117,103,112,85,106,70,63,94,77,75,109,118,91,115,113,111,86
7693,117,85,119,86,116,78,73,70,79,107,95,106,61,101,58,92,118,75,91,87
7694,86,29,106,115,91,116,83,103,109,88,118,104,107,85,113,39,117,8,90,70
7695,112,107,119,87,115,92,96,109,102,24,99,106,76,56,79,101,74,51,110,73,116,71,2,95,98
7696,111,119,118,98,74,108,81,109,107,82,75,73,96,87,92,47,114,117,83,116,25,113,55,103
7697,85,118,104,52,103,79,87,94,112,80,75,91,111,73,99,41,115,93,57,81,98
7698,96,88,112,80,73,110,86,94,91,101,98,10,115,83,78,118,87,117,75
7699,77,96,74,94,116,80,102,87,83,86,90,99,110,113,115,104,91,7,103,101,9,98
7700,83,96,106,109,85,79,113,101,78,108,118,76,88,110,91,111,99,94,115,86,41,116,117,107,73,81,95,80,75,74
7701,111,112,85,95,117,87,115,101,88,99,92,107,109,119,91,83,74,4,110,108,94,116
7702,78,92,111,106,74,108,75,117,118,116,98,102,70,86,101,90,99,27,73,79,88,63
7703,75,85,108,86,98,112,115,83,96,109,94,80,110,51,116,111,113,29,119,101,74,102,79
7704,29,109,82,83,101,104,79,57,75,112,2,73,86,1,96,88,98,24,3,30,70,51,116,100,92
7705,75,80,115,106,79,88,117,73,85,111,60,55,77,99,87,98,103,109,81,82,83,118,70,86
7706,93,90,77,85,98,75,76,108,102,103,96,111,117,79,94,78,83,87,80,58,92,27
7707,96,115,81,95,109,92,98,102,119,55,99,112,110,106,83,116,113,93,74,46,34,84,104,38,63,87,43
7708,96,103,94,108,117,88,73,107,79,2,112,118,102,85,17,92,77,98,63,99,11,104,80,64
7709,104,95,103,80,70,85,108,75,83,79,106,90,22,2,107,82,110,101,74,119
7710,101,106,115,80,78,79,73,96,109,116,90,91,112,88,75,100,92,111,118
7711,118,80,96,117,106,115,101,113,104,108,109,61,87,90,19,105
7712,91,70,111,78,29,73,115,108,98,101,113,76,86,77,79,90,87,109,85,9,96,31
7713,91,87,113,102,101,118,106,115,86,96,108,74,78,110,111,81,76,109,82,98
7714,78,99,73,86,87,115,75,119,80,36,109,85,53,91,58,108,96,43
7715,98,82,104,109,76,74,106,81,73,103,117,90,110,95,101,91,47,99,77,94,57
7716,115,80,106,96,83,86,79,82,5,113,77,78,111,70,75,102,76,81,93,10,4,107,9,117,101,2,94
7717,88,116,90,99,109,63,73,75,76,103,102,74,82,110,86,91,104,96
7718,76,100,117,109,106,118,79,108,103,98,95,116,55,80,8,78,119,99,70,64,111,115,47,81,83,92,91
7719,73,74,94,75,111,95,98,112,88,96,80,90,110,119,77,46,28,109,76,106,36,86
7720,73,80,101,91,74,99,102,98,106,4,117,112,119,78,107,96,113,116,23,109,7,36,90,8,37
7721,117,29,100,104,118,98,115,91,87,82,112,72,77,101,70,106,94,109,119,102,86,60,80
7722,92,108,87,98,104,110,116,2,91,73,95,112,113,19,115,83,80,88,67,75,103
7723,29,73,110,99,111,94,117,118,106,109,6,101,85,119,88,112,78,8,80,86
7724,103,94,91,87,106,110,79,96,73,111,118,116,4,117,108,70,86,109,88,102,93,69,8,115,12,53
7725,103,76,118,74,86,113,75,96,119,111,116,115,102,90,110,88,85,70,92,107,93,87
7726,107,109,101,99,88,90,108,98,116,75,81,73,6,76,118,85,1,103,29,87,70,26,96,110
7727,110,112,98,99,115,78,76,116,103,92,85,83,81,74,87,79,119,73,108,93,100,7,77,9,5,75,91
7728,73,108,80,94,85,119,109,56,113,104,98,65,2,106,107,116,74,88,7,115,83,77
7729,97,81,94,85,101,110,99,83,107,91,98,79,39,90,18,73,115
7730,96,93,112,111,113,74,70,109,98,80,106,104,115,88,83,73,91,97,12,76,119,6
7731,113,83,78,95,99,117,79,106,75,112,81,109,108,100,85,10,92,89,67
7732,79,106,112,78,73,80,103,86,81,91,70,114,87,88,2,90,95,94,107,118,83
7733,98,116,94,115,91,86,107,96,113,106,52,110,15,78,109,74,5,54,70,44,104
7734,88,116,70,117,80,85,78,97,113,93,81,54,109,77,74,119,40,111,73,96
7735,115,94,85,81,77,96,92,119,106,116,109,79,86,110,74,70,104,103,97,98
7736,87,112,80,77,116,70,99,119,76,74,118,90,98,73,91,106,78,114,92,101
7737,88,92,83,94,98,116,100,99,103,73,96,117,82,65,112,87,70,55,101,115
7738,87,107,6,27,65,74,109,73,118,91,88,83
7739,96,94,76,81,117,86,109,75,95,118,119,111,74,7,97,107,4,110,115,63,77,48,64,73,102
7740,87,111,70,106,80,116,88,75,73,91,109,74,115,118,37,94,92,101,104,78
7741,70,106,86,78,81,85,91,88,96,108,2,119,117,93,111,116,92
7742,76,91,101,108,79,75,111,96,116,113,112,85,103,115,87,13,73,82,117
7743,107,113,116,109,80,95,102,100,75,70,97,118,112,86,77,98,119,76,94,73,93,96,103,106
7744,83,76,88,116,101,73,4,111,107,98,75,79,90,119,94,82,85,104,118,91,2,13,80,112,102,40
7745,113,73,112,80,81,99,102,111,87,75,78,110,54,115,30,83,70,2,51,103,95,106,7,24,105
7746,83,111,76,102,79,108,70,78,109,91,104,80,87,44,119,107,73,74,85,82,94,98
7747,103,85,111,92,113,82,94,96,100,107,88,109,90,46,115,78,74,86,106,112,73,65,91,20,21,119,118,80,95,104
7748,77,87,73,91,117,74,115,94,98,103,104,107,86,83,31,92,2,1,20,82,85,88
7749,80,91,101,116,79,78,81,112,88,118,77,98,99,108,70,83,90,106,107,76
7750,77,108,101,85,73,79,111,117,88,113,103,99,109,119,74,70,98,39,80,67,107,75
7751,101,119,112,83,82,75,106,107,73,117,91,90,99,87,95,104,79,88,115,93,116
7752,81,109,103,108,86,92,88,101,83,111,114,73,78,75,80,93,77,98,74,23,90
7753,78,106,91,109,98,94,90,87,108,85,117,79,112,80,86,88,4,74,7,76,30
7754,94,79,109,91,83,78,106,101,119,113,104,115,80,118,27,14,98,77,4,100,19,75,3,117,107,2
7755,78,109,80,74,110,101,99,102,112,76,28,86,75,7,91,73,119,51,108,114,88,85,96,30,107,113
7756,70,118,119,87,94,90,82,80,78,73,98,116,91,77,84,113,110,96,99,74,112,75,81
7757,70,119,74,77,102,75,115,83,118,99,79,87,76,117,86,29,78,112,106,65,4,81,73,10
7758,112,85,81,80,101,119,79,106,77,78,118,109,108,88,90,87,117,111,82,84,70,83
7759,79,21,119,101,81,108,82,1,86,96,112,118,95,68,113,92,110,117,73,104,83,72
7760,85,77,116,83,117,108,80,82,101,81,74,107,87,91,84,106,94,31,36,111,96,75,103,76,20,66
7761,88,90,102,80,96,81,94,57,98,77,79,76,73,110,72,26,92,74,99,10,118,18,106,103
7762,108,99,106,90,85,96,118,113,97,112,104,40,98,119,115,70,116,86
7763,119,87,78,80,81,98,75,110,118,76,74,106,107,90,94,101,89,59,116,88,53,33,95,85,46,20,86
7764,76,118,102,91,100,92,96,80,88,78,86,116,113,93,73,11,99,115
7765,110,113,83,95,107,80,70,101,103,106,90,85,109,2,104,82,100,55,87,9,14,79
7766,73,113,86,88,110,83,91,108,93,103,87,23,78,117,96,118,97,85,70,68,98,77,19,90,102,26,7,46,82,92
7767,83,99,103,75,109,91,118,78,119,92,105,27,32,70,3,54,68,98
7768,113,91,99,108,106,117,86,87,101,111,119,115,100,110,73
7769,116,111,82,81,115,80,79,88,103,90,101,119,99,78,74,85,110,47,86,96,14,108,112
7770,102,85,116,73,107,94,95,86,74,119,117,96,106,82,2,97,92,76,110,81,99
7771,93,117,115,106,111,82,99,73,98,116,92,23,110,91,70,112,75,81,94,79,86,102,107,90
7772,117,111,109,106,80,108,76,75,113,119,112,41,86,73,4,116,68,95,107,78,91,21,70,94
7773,75,83,91,73,4,102,106,70,103,113,110,74,101,108,119,109,111,88,115,116,38,112,87,90,85
7774,113,80,107,117,119,101,88,98,4,77,50,108,104,73,116,96,32,86,99,51,97
7775,99,119,118,116,112,108,76,98,70,101,107,15,111,86,41
7776,79,98,111,75,99,104,90,74,85,117,78,80,119,76,103,110,95,86,94,73,1,116,107,44,91,108
7777,81,78,106,118,99,80,98,88,75,93,111,86,79,76,103,16,94,90,110,100,87,108,116,77
7778,94,87,106,99,97,88,78,96,86,104,108,85,110,115,113,83,30,90,101,34
7779,111,77,94,115,106,98,118,83,95,73,96,90,88,78,2,116,85,19,81,64,70
7780,109,101,118,93,99,110,108,86,103,81,115,96,24,73,119,100,53,95,106,2,74,82,10,79,117
7781,116,74,86,79,115,113,106,101,87,2,94,91,119,97,26,109,107,71,77,66,95,103
7782,101,83,85,102,75,70,78,104,79,103,86,33,3,76,87,117,106,77,80,56,119,22,98,114
7783,82,2,5,116,78,102,81,91,80,109,99,119,108,103,110,75,77,90,113,74,118,1,96
7784,110,103,92,74,118,101,111,112,73,79,99,81,87,88,119,78,108,95,1,80,98,104,65,113,86
7785,92,109,74,111,99,113,88,77,91,102,90,83,80,82,39,78,66,2,89,97,38,86
7786,104,111,118,109,91,99,98,90,73,83,116,76,70,85,94,64,88,114,80,107
7787,92,107,94,74,119,77,101,110,70,113,83,108,103,88,91,47,98,109,115,65,117,58,112,73,69,99
7788,115,94,85,87,102,78,101,74,111,81,112,79,107,20,103,104,116,7,118,73,90,119,110
7789,101,107,99,98,73,81,115,96,74,102,116,23,83,118,37,110,67,78,70,117,80
7790,29,87,103,90,96,113,88,106,119,104,117,118,98,75,112,77,49,116,78,108,54,81,70
7791,102,82,93,103,98,91,111,74,80,79,104,78,24,47,16,21,76,46,109,55,115,108,117
7792,78,108,74,85,107,106,104,79,87,75,111,119,113,99,64,42,80,76
7793,99,76,96,78,110,102,87,86,77,118,116,106,109,112,90,85,82,115,81,94,75,9,10,83
7794,80,101,112,78,110,76,70,57,91,99,12,86,113,9
7795,94,85,112,96,113,90,99,107,111,83,119,87,88,117,108,82,21,118,95,67,110,80,86,74,103,48
7796,113,2,93,97,109,106,98,104,103,19,115,101,117,77,23,74,76,38,78,118,37,99,96,119
7797,112,109,81,106,113,108,92,111,87,118,119,110,105,90,86
7798,98,79,119,86,116,74,73,94,83,80,103,88,85,78,106,113,93,112
7799,100,106,76,83,93,98,75,95,103,86,74,109,20,92,78,64,105,2,24,77,61
7800,117,109,94,88,90,113,92,17,81,106,70,6,112,77,103,87,46,55,107,74,82,91
7801,83,82,108,102,87,79,88,91,113,99,112,109,110,90,116,98,80,75,78,118,86,74
7802,108,77,106,78,117,75,104,83,109,94,113,82,95,111,102,80,88,103,15,73,110,70,119,115,91,112,74,93
7803,116,75,106,110,109,113,103,82,87,73,91,94,83,74,118,96,111,92,80,76,99
7804,108,109,85,94,78,99,77,112,110,90,66,119,98,74,7,105,111,21,117
7805,87,91,79,109,85,75,96,119,82,58,29,73,104,105,98,65,88,89
7806,86,98,73,87,82,96,76,119,110,113,102,74,91,46,115,106,117,99,83
7807,101,85,81,96,92,99,82,102,110,111,1,57,87,30,83,107,79,95,74,91,117,77
7808,113,96,117,118,98,109,73,90,91,94,106,74,86,87,88,116,111,110,101,81,75,115,79,119,82
7809,70,116,90,75,118,1,79,85,74,112,115,101,73,119,94,56,82,113,13,110,77
7810,77,2,107,54,98,92,73,96,111,82,108,118,76,39,115,101,6,117,109,26,110,63,85
7811,110,101,85,118,90,119,83,113,81,115,70,78,111,2,106,74,116,68,77,104,86,96,82,15,79,73
7812,108,81,112,91,82,95,73,118,75,79,92,111,86,41,70,101,93,119,115,67,74
7813,109,87,114,86,90,91,75,115,79,101,85,78,107,83,118,73,7,2,77,21,106,13,95,9,81,100,88,112
7814,90,116,79,91,113,112,78,111,108,96,75,77,110,98,99,88,109,20,10,38,92,24,22,4,115
7815,87,91,75,108,96,86,98,1,99,85,71,101,119,102
7816,116,98,74,111,70,85,101,104,91,107,99,94,96,109,119,2,112,95,1,21,3,87
7817,78,117,80,83,106,70,88,104,95,87,110,99,119,98,30,27,108,74,52
7818,93,104,94,101,81,95,28,102,103,46,75,62,79,86,63,115,73,100,88,82,83,112,107,67,60,117,98,111,21,2,30,119
7819,81,110,74,102,104,78,73,99,94,117,87,91,4,83,23,92,76,75,111,98,5,2,97,28,106,96,116
7820,75,85,80,94,82,107,111,93,24,4,116,104,90,86,115,41,101,54,102,11,63,98,83,92,99,88,119,91
7821,75,118,79,93,83,111,78,4,90,96,48,115,110,80,91,63,117,68,95,57,77,98
7822,88,18,90,79,119,112,86,87,71,75,96,5,74,99,47
7823,116,110,92,111,118,90,74,99,103,91,117,79,115,73,85,101,17,87,113
7824,94,101,98,79,104,110,116,102,74,75,10,73,99,95,109,115,78,80,58,118,113,106,57
7825,101,115,70,85,88,116,15,94,109,75,106,112,74,63,73,98,36,86,108,58,90,96
7826,86,85,94,99,91,90,87,81,118,113,83,100,42,107,106,34,103,76,80,116
7827,99,74,110,111,106,75,90,118,73,108,115,67,119,98,79,6,66,70,94,77,2,113,104,10,85,103
7828,107,92,116,91,104,118,83,110,79,87,96,115,40,80,94,78,95,10
7829,115,96,81,77,83,79,110,103,92,119,108,102,116,86,36,75,73,107,82,104,113,101,88,85
7830,79,7,75,78,80,111,81,94,90,83,87,108,97,86
7831,112,96,110,92,75,118,88,79,109,93,103,81,86,73,90,2,116,104,87
7832,88,106,108,112,119,98,76,70,118,80,52,73,77,95,101,85,99,54,4,75,115,94,81,7,116
7833,74,102,111,77,100,101,94,103,116,107,24,23,70,110,87,82,109,63,99,85,86,104
7834,2,92,99,111,96,103,119,107,102,98,100,86,112,77,70,106,104,28,81,114,87,83
7835,86,77,111,73,81,90,88,117,107,85,116,79,108,115,110,109,93,96,95,49,75,78,94
7836,81,104,78,82,107,110,101,106,91,75,88,79,73,42,99,80,118,113,70,96,41,4,87
7837,79,85,94,90,70,108,76,83,74,98,96,104,75,99,110,117,88
7838,118,113,91,98,111,94,87,95,75,82,88,81,101,76,106,78,99,119,27,80,53,115
7839,74,92,91,116,108,99,113,118,79,102,90,101,87,98,111,5,88,106,85,81,117,80,42,110
7840,101,99,118,113,81,109,75,87,103,82,92,78,86,93,74,77,54,23,26,104,95,83,90
7841,79,83,70,73,78,108,99,81,107,91,94,95,80,115,112,111,98,74,77,103,87,104,113
7842,102,81,79,74,87,70,82,111,76,80,85,73,115,57,88,78,104
7843,90,74,77,85,111,82,95,100,80,87,116,118,43,86,102,115,104,76,78,96,24,75,112,94
7844,96,83,119,70,91,86,81,74,43,107,29,108,109,111,106,95,75,82,58,117,104,35,100
7845,112,103,107,101,99,118,108,70,30,27,85,117,111,9,96,94,26,110,11,73,113,77
7846,87,83,108,79,102,113,103,85,73,104,118,86,74,23,98,111,101,96,42,100,119,106,82,112,77,88
7847,100,73,109,118,95,98,80,107,79,81,91,60,10,63,86,112,26,87,96
7848,104,107,79,113,85,73,116,87,94,118,110,86,115,80,77,90,99,88,119
7849,83,96,70,99,91,73,90,94,119,79,118,107,63,113,115,101,92
7850,93,106,99,113,73,88,83,85,119,103,107,94,109,102,34,92,46,110,36,112,91,117,79,78
7851,111,83,78,96,74,45,113,79,80,70,75,101,104,106,88
7852,96,114,82,80,100,101,104,75,78,87,98,99,81,88,108,5,111,48,97,54,112,118,10,91,74,9,110,116,70
7853,77,112,111,81,109,83,106,80,92,119,98,85,91,103,2,110,38,70,67,79,101
7854,83,79,109,73,74,94,85,91,99,86,88,78,98,36,80,104,34,7,103,100
7855,76,80,90,108,119,74,99,96,118,117,107,54,112,110,101,113,17,86,94,29,2
7856,93,75,92,87,117,88,77,99,54,101,110,81,79,94,85,91,90,62,4,113,102,70,46,107,106,86,43,95,98,104
7857,102,90,112,76,75,104,95,98,79,116,101,108,66,103,113,80,106,20,109,91,118,111,4,64,73,88
7858,116,99,81,108,115,79,90,15,85,109,2,87,74,76,16,98,77
7859,108,76,70,94,88,29,115,110,101,99,75,81,119,109,116,102,79,78,112,98,83
7860,91,95,118,92,74,116,75,87,102,83,98,106,110,82,80,109,94,101,77,16,84,85,111,90,5,97,79
7861,70,119,29,108,74,86,102,88,94,76,106,107,101,118,96,75,90,24,95,99,78,103
7862,91,111,112,110,94,87,74,70,108,116,76,98,109,79,10,92,115,21,39,96
7863,81,74,108,91,80,94,119,83,77,117,87,103,66,109,79,48,75,110,90,118
7864,87,116,103,112,119,79,99,117,100,75,55,31,44,78,15,110,63,74,38
7865,114,74,106,98,101,110,94,92,88,96,79,91,85,115,99,97,80,112,2,102
7866,92,80,74,90,108,53,98,88,73,94,70,96,76,85,107,113,103,19,99,78,114,109,2,48,91,75,104
7867,119,98,91,80,101,102,95,118,116,104,112,94,35,74,76,92,86,109,108
7868,117,88,75,103,108,76,78,24,82,107,112,101,73,70,96,1,3,105,7,94
7869,107,102,77,112,81,104,118,86,110,85,96,119,94,91,90,116,61,115,109,10,113,63,101,22,106,29,97
7870,73,116,96,113,115,118,82,81,32,89,87,45,108,83,100,15
7871,78,112,88,111,104,81,86,75,96,106,113,98,2,118,31,115,64,91,97
7872,81,103,94,75,77,85,86,96,91,92,31,104,113,73,63,116,106,117
7873,85,96,112,118,109,82,92,108,98,110,106,80,23,104,94,116,77,70,10,14,90,86,111
7874,70,110,91,83,108,82,86,118,19,99,88,115,73,104,116,96,78,48,114,24,98,85,87
7875,91,103,82,78,111,108,80,116,101,75,119,76,73,81,79,64,99,96,105,4,115,74
7876,114,119,109,88,70,83,75,107,94,73,91,112,99,104,79,101,116,98,92,111,110,23,56,90
7877,100,81,104,82,115,108,101,90,94,99,111,96,80,54,40,110,77
7878,91,96,88,83,85,94,79,106,76,90,111,44,86,82,99,67,112,54,117
7879,86,104,94,108,74,102,106,116,101,115,91,80,85,90,107,103,118,87,43,82,17,111,117
7880,85,86,92,98,90,111,108,117,79,87,96,113,73,99,116,93,75,95,15,8,104,36,110,106,80,50,109,102
7881,107,115,92,90,117,113,86,79,112,81,111,108,82,58,77,96,101
7882,87,97,74,85,79,83,96,86,99,80,18,76,82,78,52,110,54,117,77
7883,108,116,75,88,96,94,81,115,74,77,106,73,1,91,82
7884,117,101,70,91,113,90,111,94,77,109,98,78,37,86,95,106,2,112,22,81
7885,98,83,110,92,78,114,107,119,103,91,118,111,63,88,116,49,76,117
7886,79,82,112,76,98,90,74,81,103,85,111,109,99,88,115,87,107,100,86,91,113,106,69
7887,77,73,83,85,90,110,82,88,113,102,119,74,103,108,67,61,112,92,104,70
7888,80,94,96,117,87,70,105,73,24,17,74,79,91,92,81,106,86,102,77,109,55,116,78,119
7889,104,79,78,106,83,76,119,110,77,75,92,82,2,111,102,113,88,41,74,103,109,96,9,100,87,54
7890,75,77,112,99,76,119,70,98,79,108,72,87,74,116,78,29
7891,96,98,86,76,75,85,88,106,93,118,81,108,117,90,83,92,69,80,3,74,107,111,101,119
7892,80,101,87,112,119,98,90,110,118,78,79,108,96,104,106,109,73,102,36,75
7893,101,115,81,107,73,91,78,77,79,87,76,92,118,85,83,110,75,96,4,93,102,94,38,74,24,111,40,116
7894,114,82,97,88,108,99,112,85,101,119,87,90,107,61,76,78,79,5,6,96,2,74,38
7895,100,104,81,116,118,94,91,87,5,68,88,32,119,113,75,98,51,19,79,85
7896,101,94,80,115,108,116,103,75,85,54,113,92,119,79,74,110,78,98,109,118,23
7897,115,112,109,104,70,80,101,83,103,106,119,74,73,87,102,100,79,97,40,111,2
7898,119,96,77,85,78,94,74,103,116,101,98,73,104,60,63,80,50,107,87
7899,109,98,87,94,91,107,70,111,83,116,79,96,119,77,37,104,50,75,99,54,85
7900,24,79,87,74,118,94,91,81,103,110,1,2,90,98,92,93,117,5
7901,117,111,96,104,118,113,103,110,77,115,76,81,106,102,2,4,101,5,94,107,109,88,85,36,87
7902,90,94,81,96,108,4,101,97,107,118,24,87,103,98,99,68,111,74,76
7903,116,79,96,91,77,104,98,106,100,109,76,117,112,95,108,97,23,15,5,102
7904,94,103,106,111,70,116,102,109,87,80,81,92,107,28,73,91,46,86,83,13
7905,106,77,119,75,82,116,113,117,73,94,105,83,12,39,86,112
7906,99,94,90,98,91,108,81,85,104,77,86,78,107,95,83,96,74,87,116,97,103,114,2,15
7907,73,78,91,98,83,108,80,99,74,112,4,111,33,113,39,70,12,90
7908,75,80,85,96,101,91,107,94,110,90,78,77,112,109,92,83,102,76,74,98,86
7909,90,101,74,1,111,118,86,106,88,98,85,103,81,79,4,2,7,65,75,38,33,87
7910,101,74,119,118,79,111,106,110,87,81,113,2,24,78,89,7,10,75,21,77,112,16
7911,91,87,74,98,96,116,110,99,25,78,119,90,43,66,85,106,118,80
7912,85,70,79,86,87,112,76,95,115,98,91,71,113,20,90,102
7913,73,87,85,112,86,90,80,113,74,77,106,98,114,81,117,83
7914,112,98,92,109,100,40,88,107,99,86,110,96,115,69,116,91,117
7915,91,116,101,86,111,102,104,106,90,109,70,94,112,92,87,73,99,78
7916,74,81,95,99,88,83,117,76,96,70,115,87,118,4,109,47,29,82,97,90,10,80,52,19,107,104,102
7917,116,106,109,88,78,96,79,94,47,90,115,73,91,81,2,102,74,83,119
7918,113,94,76,116,99,119,96,85,24,86,90,111,70,79,109,82,81,83,2,10,102,91,92,75,87
7919,119,85,88,86,80,77,87,118,108,35,23,43
7920,110,76,111,82,96,78,105,94,75,116,69,98,118,85,91,103,113,74,70,117
7921,103,104,88,117,75,94,116,110,79,87,91,70,112,109,98,76,42,23,74,97,81,92
7922,118,91,81,7,76,96,94,90,107,109,108,47,103,58,32,77,45,92,73,104,87,106
7923,75,94,106,112,91,99,77,104,109,102,101,85,119,111,78,64,117,48,66,108,97,12,79,88
7924,112,101,91,88,79,74,113,82,90,117,78,76,2,119,116,29,77,92,94,24,111
7925,73,85,96,109,98,108,110,99,113,70,76,75,106,82,95,119,78,116,23,20
7926,77,104,109,76,101,102,115,103,113,110,75,87,6,73,119,86,18,112,78,29,117
7927,111,85,106,115,77,70,113,110,87,81,94,79,112,100,98,19,108
7928,88,2,79,106,82,70,110,81,86,78,90,111,85,108,107,118,54,119,102,113,103,87,5,115,75
7929,116,115,91,88,54,82,85,99,106,107,94,84,109,74,81,112,104,92,97,90
7930,88,91,115,79,117,102,106,116,73,112,71,41,103,76,96,101,86,82,111,108
7931,111,119,118,106,108,77,98,96,10,78,101,79,2,74,54,107,83,80,89,71,116
7932,75,118,86,73,94,102,78,109,81,111,79,101,104,21,88,107,74,67,80,70,77,119,106,56,91,113,90
7933,109,99,81,90,88,94,113,86,108,78,79,107,106,12,33,119,57,80
7934,112,97,101,87,76,63,73,85,119,110,74,90,94,81,115,95,80,118,111,96,75,61
7935,107,90,88,75,77,81,19,83,2,80,108,91,87,104,99,85,103,10,106
7936,108,111,119,90,83,101,87,70,91,94,81,46,79,102,12,96,115
7937,117,108,112,109,100,118,101,102,94,115,96,93,106,7,2,88,19,75,91,1,103,80,95,8,77,21
7938,100,70,112,29,103,115,104,78,96,11,85,90,110,80
7939,104,2,87,108,113,81,107,95,115,73,102,109,80,88,119,68,10,91,77,110
7940,94,87,98,73,78,115,83,76,96,116,85,103,111,91,119,82,107,53,104,77,99,102,80
7941,107,80,73,101,76,98,119,94,95,54,82,74,111,103,91,78,99,113
7942,70,88,112,77,75,78,95,79,108,90,20,92,73,103,86,76,87,102,99,82,25,81,115
7943,88,118,80,75,109,87,117,73,91,106,101,74,98,94,78,49,113,63,85,86,81,76
7944,117,10,104,111,79,24,80,78,70,98,110,12,82,109,115,85,76,75,6,116,106,102,83,29,96,19,93,86,30,107
7945,92,109,78,91,70,93,90,99,46,98,119,95,87,94,106,101,67,88,117,118
7946,78,83,109,99,104,88,82,101,110,73,107,115,119,93,85,111,105,106,118,116,113,108,94,70
7947,104,24,98,110,70,77,94,97,88,76,2,115,83,108,56,48,118,31,87,42,33,80,78,60
7948,79,94,119,77,103,99,117,106,112,98,118,76,115,90,96,93,102,83,81,80,55,108
7949,102,87,90,116,73,70,96,76,110,83,113,115,75,80,111,108,54,99,92,43,109,86
7950,107,92,111,81,109,75,88,87,103,90,113,112,53,108,73,118,93,85,94,116
7951,104,98,87,74,106,81,118,86,79,82,85,107,95,115,54,88,64,101,99,100,103,75,94,117,116
7952,118,115,77,116,101,92,97,54,100,12,33,2,50,18,79,119,114,19,85,112
7953,91,2,92,110,70,119,107,102,108,80,116,94,112,75,73,111,29,90,96,113,117,12,93,77,98,100
7954,96,118,116,95,107,99,119,117,106,79,82,103,110,92,74,20,64,70,76,34,7,101,111
7955,90,116,107,81,102,110,75,86,85,119,82,79,91,96,73,106,118,70,111,87,101,94,98
7956,106,92,104,76,107,117,82,90,75,112,54,78,97,88,17,113,116,26,6,94,65,79
7957,81,94,77,115,85,80,101,76,111,116,87,82,102,118,73,106,112,78,83,113,109,108
7958,116,106,81,78,83,82,88,87,107,75,118,111,113,86,96,103,101,102,98,110,119,89,70,95,77,85
7959,110,98,99,96,107,111,97,76,79,103,115,80,56,108,12,1,118,75,117,116
7960,83,110,80,118,85,107,79,88,102,117,77,111,119,112,70,87,101,108,104,98,36,34,74
7961,102,94,82,98,107,74,113,76,83,90,101,87,115,88,91,73,103,79,119,62,80,117,32,112
7962,91,115,73,99,110,88,98,75,109,85,83,119,74,94,96,90,117,86,81,38,24,106
7963,75,108,97,85,119,80,87,77,91,110,109,78,95,76,113,101,92,107,116,43,49,112,82,35
7964,70,86,74,111,116,92,95,87,91,90,101,81,119,107,35,83,30,5,106,115,61
7965,57,29,118,80,90,81,79,115,76,98,107,100,108,50,37,87,20,86,101,70
7966,80,74,108,87,112,79,107,94,111,117,104,98,86,35,20,109,19,116,119
7967,99,112,88,107,91,78,94,115,104,118,103,73,83,74,109,80,85,11,75,111,92,102,81
7968,103,85,117,113,78,92,108,101,88,119,102,109,107,111,112,76,98,50,106,41,2,46,74,66,91
7969,85,87,108,86,74,23,111,101,78,109,102,115,112,75,106,66,98,81,73,104
7970,115,111,108,116,85,90,106,86,79,78,113,101,91,119,99,75,87,83,107,110,112
7971,118,86,76,119,99,83,108,95,117,110,73,106,107,81,112,98,82,115
7972,98,81,106,108,75,104,2,117,118,116,96,76,26,79,86,92,78,73,85
7973,77,74,86,78,94,110,90,119,73,88,83,67,80,112,82,70,108,116,37,75
7974,86,106,92,85,75,113,77,119,82,118,88,81,109,5,3,57,96,95,73,80,108,101,31
7975,74,110,81,104,79,109,112,87,90,88,119,99,115,113,37,108,92,80,77,117,118,98
7976,91,86,108,109,103,100,76,106,112,88,98,79,80,99,94,116,102,110,65
7977,119,113,104,110,87,74,108,101,112,98,92,106,79,80,78,77,41,76,29,115,88,35,54,99
7978,115,99,98,119,78,111,108,87,101,117,102,51,103,56,73,79,106
7979,94,76,74,80,116,99,115,92,113,117,102,107,97,2,81,108,111,93,110,87,82,28,112,89
7980,73,101,113,75,107,108,83,115,118,70,96,78,95,119,106,112,87,24,117,103,94
7981,78,96,109,119,115,108,73,111,76,99,110,75,103,85,98,88,80,17,2,9,29
7982,110,83,102,101,75,109,118,98,103,53,85,94,63,80,44,117,86,104,88
7983,102,108,95,74,113,73,70,106,107,91,88,77,24,96,90,79,111,85,81,78,25,100,61,117
7984,94,104,81,87,96,79,102,76,88,86,116,80,115,78,91,112,103,109,119,117,15,108,63,99,97,26
7985,76,92,73,113,118,99,75,88,4,94,116,96,83,104,24,112,106,74,55,119,80,110,78,111
7986,110,109,116,85,106,73,74,107,76,90,96,88,77,111,119,101,24,48,117,114,99
7987,111,76,90,112,116,82,107,83,101,78,91,75,80,49,77,7,118,46,73,119,88,74,117,98,110
7988,116,108,99,75,96,76,100,85,87,48,106,50,101,119,115,2,109,63,90
7989,96,111,116,87,118,115,91,94,103,79,75,86,73,101,77,104,117,119,80,69,18,95,97,78,107
7990,112,117,75,87,110,74,106,82,91,118,86,103,105,44,78,107,88,64,111
7991,91,117,81,86,70,80,104,85,94,119,96,90,109,99,112,22,115,118,116,17,101,12,110
7992,93,82,112,101,111,116,110,80,119,79,91,104,102,83,55,26,99,32,94,61,100,85,86,81
7993,81,112,90,110,78,94,99,83,109,115,85,113,98,118,35,30,92,73
7994,113,29,86,96,98,107,117,94,79,99,109,80,88,102,75,2,92,101,74,87,55,73,23,115,91
7995,96,86,117,80,76,118,112,4,63,70,113,85,73,75,82,55,111,107,99,62,106,105
7996,113,102,75,104,98,88,81,76,77,73,90,107,99,24,86,85,78,84,94,55,117,97
7997,86,98,109,70,119,113,105,112,76,97,118,85,91,116,92,104,111,90,78,73,81
7998,103,83,75,112,98,116,88,110,95,109,78,118,86,82,93,32,77,100,30,102,97,24,96,26,92,106
7999,96,106,91,119,102,109,117,112,80,85,31,44,116,101,73,39,76,29,14,97,111,25,88
8000,77,100,91,118,88,85,87,81,73,76,116,113,74,117,12,105,112,109,83,119,96,95,78
8001,83,78,88,87,91,116,106,85,74,113,90,109,117,94,110,62,103,1,98
8002,103,116,81,73,86,78,70,85,108,106,113,118,104,83,96,101,75,98,107,38,79,4,82,102
8003,73,70,95,77,98,103,83,99,101,85,116,36,113,88,115,118,94,57,4,76,24,50,111,91
8004,103,112,88,113,111,70,109,101,83,107,115,81,106,73,92,119,85,104,79,98,54,86,77
8005,106,115,85,109,83,102,118,82,119,94,78,117,88,103,4,2,36,62,41,81,77,18,74,7,30,58,3,110,19
8006,81,86,94,96,107,109,98,106,91,113,116,119,102,88,80,43,118,112,110,85,74
8007,104,112,86,107,75,98,85,77,106,83,81,87,92,109,94,70,114,76,113,91,97,54,90,43,46,119,108,31,101
8008,75,103,96,115,108,78,104,99,95,57,82,81,111,102,77,101,1,105,73,83,80,88,76,100,113,112,97,74,92,119,116
8009,115,103,104,82,111,112,83,74,76,106,95,80,85,11,2,73,70,90,75,109
8010,29,115,100,88,87,116,117,107,81,108,80,78,106,75,82,118,103,76,92,73,119,74,38,85
8011,95,106,74,108,73,80,79,112,78,6,116,24,90,75,119,88,97,111,103,86,113,81,2,96,77,115,76
8012,86,91,83,70,117,82,119,102,109,92,9,74,77,115,99,24,85,100,15,96,76,107,108,19,5,98
8013,75,83,81,104,86,88,111,76,99,92,95,118,94,106,96,100,31,82,115,78,67,110
8014,70,111,85,79,104,95,99,116,112,115,50,23,18,20,96,73,87,28,80,98
8015,77,29,79,74,102,78,35,110,54,86,85,118,88,95,91,75,101,112,98,117,2
8016,109,76,78,95,115,101,90,87,74,85,82,75,114,88,73,86,118,93,119,15,70,22,110,113,102
8017,99,113,91,111,79,76,88,115,101,107,98,74,75,58,112,95,45,104,116,59,6,102,103,35,100,80,114
8018,85,110,112,107,117,70,29,101,30,74,79,90,115,119,94,95,78,109,57,5,38,96,108,75,39,41,73,98
8019,94,118,110,108,70,115,87,116,83,91,73,109,67,93,85,79,97,107,24,81
8020,109,92,113,111,108,95,115,107,81,118,102,78,91,83,82,94,101
8021,115,83,86,117,88,82,77,94,103,111,116,101,81,109,87,85,5
8022,87,115,73,76,74,75,2,94,112,90,110,98,91,35,24,15,89,108
8023,96,108,85,117,88,81,119,87,29,78,109,103,94,43,75,74,104
8024,118,73,110,91,86,79,102,74,98,107,85,101,116,66,80,96,90,12
8025,87,94,86,96,90,116,109,80,115,106,16,119,75,108,15,110
8026,75,77,87,73,88,54,83,98,107,91,70,90,113,24,119,115,108,12,117,100,78,5,96,81
8027,111,116,101,85,102,118,117,99,78,103,88,74,79,108,58,113,112,98,107,75,80,70,104
8028,85,87,92,90,116,94,111,86,81,108,80,70,101,40,78,115,66,2,13,110,109
8029,98,116,96,77,117,103,108,109,81,82,70,78,54,100,106,55,83
8030,75,77,78,110,81,98,119,83,118,63,87,109,92,112,70,55,24,91,117,106,88
8031,113,110,81,118,86,117,106,96,101,85,94,103,58,75,74,108,98,17,112,63
8032,2,22,108,115,79,83,82,9,113,90,102,101,104,19,100,6,73,7,92,111,93,10,27,86,89,74,63,70,18,85,94,4
8033,96,70,86,101,87,98,77,94,119,21,108,76,116,38,1,22,78,91
8034,75,82,80,100,113,101,109,77,78,116,91,86,95,118,111,65,92,88,24
8035,91,77,118,109,104,75,96,92,95,116,2,115,86,103,106,66,18,105,88,113,70,107,108,76
8036,75,96,24,95,112,90,81,86,98,119,118,94,88,76,79,2,103,87,106,85,28,73,80
8037,109,112,70,90,116,95,73,80,103,88,108,107,87,83,92,75,91,94,110
8038,111,78,80,118,30,77,88,79,75,119,109,110,106,73,108,87,101,107,98,105,86,116
8039,113,96,80,93,79,76,75,112,109,85,73,83,92,4,99,74,10,115,65,87,94,86,98,54,111,37,107,81
8040,75,96,107,101,2,86,110,91,94,98,92,74,109,113,116,85,111,77,115,53,118,73
8041,109,73,110,82,102,83,91,100,75,74,79,96,103,88,77,44,115,48,76,118,90,107,111,119
8042,80,103,107,73,74,94,92,93,112,91,117,24,40,85,13,81,23,66,99,98,95,75,110
8043,81,87,79,80,107,85,118,82,96,74,38,78,86,98,9,106,83,90,46,104,89,101,111
8044,98,81,119,79,101,75,73,118,115,52,32,111,109,91,54
8045,77,108,75,87,79,82,83,102,78,110,88,91,90,94,100,67,107,119,74,37,76
8046,92,75,119,73,102,113,70,94,81,78,108,118,91,107,17,76,115,4,88,99,83,41,95,111,33,110
8047,70,94,87,111,108,74,115,118,49,35,75,98,95,57,99,116,60,97,73,109,80
8048,116,112,113,81,79,119,76,108,118,75,4,77,95,99,39,91,87,83,96,88
8049,99,107,113,77,103,70,95,73,2,90,109,74,79,94,102,108,106,88,75,83,118
8050,79,73,111,107,80,70,115,76,103,118,7,82,119,116,83,81,104,19,110,94,49,95,117,86,113,91,63
8051,106,101,110,86,108,113,80,104,96,46,74,118
8052,109,98,101,86,107,106,70,73,110,96,116,99,85,76,1,94,108,33,78
8053,85,80,114,101,86,119,106,88,104,83,17,115,113,2,110,62,25,18,70,14,76
8054,99,119,70,109,106,90,76,118,112,91,16,75,110,19,80,73,111,107,103,102,116,81
8055,74,88,80,107,99,75,102,94,106,113,92,111,90,115,91,64,70,116,101,112
8056,74,94,80,75,86,76,115,83,70,99,73,85,82,35,104,118,109,81,78,116,77,101
8057,93,113,73,85,118,116,88,110,81,119,75,4,82,76,103,100,61,106,59,111,87,41,117,95,101,90,94
8058,73,116,94,95,74,80,111,99,70,113,4,93,89,13,75,92,91,2,97,59,110,42,106,15
8059,73,108,101,81,113,118,4,100,79,85,116,105,111,107,115,98,110,82,102,106,32,80,112,1,96,77,92,19,62
8060,88,119,115,77,75,93,82,100,24,98,76,87,101,109,103,78,92,85,107,10,111,108,114,73,116,118,95
8061,80,74,70,78,113,108,73,86,115,99,87,85,119,106,88
8062,91,94,115,117,70,87,110,108,104,102,79,88,83,81,109,113,86,80,93,107,92,116,73,85,82,7,112,76,2
8063,117,100,115,75,77,96,119,70,97,116,79,94,86,102,91,88,10,24,44,114,111,103,108,106,99
8064,96,110,75,115,108,85,95,80,88,4,101,98,104,112,111,99,119,79,83,57,102,7,74,91,116
8065,109,80,101,104,90,110,116,95,118,96,74,76,86,87,114,106,47,15,9,24,52,107,93,91
8066,99,92,109,112,85,80,83,111,81,77,104,88,74,4,30,29,89,106,118,86,101,94,15
8067,94,111,98,107,99,102,119,75,101,110,87,78,73,81,105,58,28,91
8068,88,79,98,80,106,75,91,102,92,85,117,81,19,113,87,111,83,103,101,62,118,109
8069,116,79,86,74,115,87,96,81,113,102,82,88,90,119,77,106,99,91,100,73
8070,85,99,91,118,104,110,96,74,109,115,98,92,72,87,80,88,63,26,4,111,1,77,25,22,76
8071,77,92,113,79,78,91,85,110,108,93,101,88,119,111,116,76,118,73,81,70,96,86
8072,94,92,78,81,87,90,75,112,73,70,76,104,111,119,85,84,57,117,106,107,96
8073,83,119,116,81,88,117,110,99,115,102,108,27,94,38,85,103
8074,78,76,108,91,109,106,80,98,102,88,82,118,38,115,22,107,112,96
8075,63,79,90,77,98,81,110,91,76,109,88,70,117,118,1,86,38,116,106,95,105,108,73,9,101,92,14,19,104,107,80
8076,73,91,111,94,108,103,96,119,87,4,86,117,99,34,70,109,115
8077,87,109,77,91,101,85,107,98,119,117,111,92,118,74,12,104,99,112,75
8078,85,83,75,118,94,87,110,95,116,102,99,100,113,56,92,80,77,106,115
8079,76,113,81,117,85,82,118,96,80,101,103,86,119,2,94,77,106,21,109,108,111
8080,78,77,88,102,54,95,99,103,79,116,107,94,31,86,73,80,118,83,76,113,109,112
