0,1,18,22,10,23,2,114,8,97,58,12,46,11,66,15,70,3,89
1,18,12,7,11,14,24,1,84,15,10,20,2,4,54,9,118,34
2,7,46,11,23,89,114,25,14,97,24,9,104,43,3,1,34,19,84,2,16,18,77,12,26
3,1,24,97,13,5,114,15,25,14,19,84,3,100,23,31,18,51,6,20
4,20,11,117,43,107,13,12,95,92,55,84,46,25,100,30,72,22,74,63,71,21,114,97,116,5
5,12,16,97,5,18,15,3,19,8,63,6,1,46,25,13,11,104
6,24,21,9,4,114,46,19,26,84,39,17,14,6,12,5,18,10,97,43
7,97,24,28,46,26,13,9,84,11,4,23,89,7,8,62,22,47,17,63,5,20,3,12,21,2
8,2,18,8,10,21,23,5,24,66,15,14,20,34,84,16,12,6,11
9,16,21,97,10,8,24,20,11,25,43,6,117,22,92,28,46,33,95,15,26
10,13,9,26,1,84,23,11,22,21,54,58,42,27,74,17,97,69,117,14,46,3,20,92
11,97,19,22,34,2,25,1,92,16,7,58,17,8,46
12,15,8,16,3,1,10,114,5,20,6,34
13,17,1,8,26,4,14,66,63,24,34,15,22,113,2,117,44,89,11,23,75,87,13,12
14,21,89,9,22,15,66,10,95,5,19,24,18,26,25,3,17,4,53,34,20,11,27
15,15,114,14,10,24,23,89,103,63,11,66,20,95,97,55,12,8,28,6,25,3
16,5,2,3,8,24,84,34,16,97,1,23,14,20,25,22,95,28,46,12,7,11,63,21,18
17,22,66,9,4,12,84,95,16,24,23,20,5,89,15,104,10,118,19,17,43,18,117
18,25,97,28,55,34,33,15,2,17,11,46,20,8,16,7,1,6,18
19,14,34,21,16,114,84,17,9,97,2,117,19,25,1,92,39,13,5,8,7,69,20,62,11,66
20,3,12,17,102,46,43,4,13,2,21,63,8,66,19,10,31,34,20,5
21,6,19,9,1,14,58,18,23,12,95,24,89,103,84,17,114,73,34
22,7,23,16,20,14,25,13,10,104,6,34,2,46,4,77,12
23,26,24,66,22,2,25,46,11,17,12,5,70,6,16,3,75,13
24,46,16,22,89,114,23,8,5,6,7,17,24,18,15,11,21,9,20
25,14,17,25,2,13,23,1,5,7,84,12,4,63,11,6,3,97,28,16,26
26,7,19,4,6,14,9,16,13,114,5,3,11,25,24
27,21,15,7,20,8,3,114,66,1,24,10,5,16,14,6,13,9,97,25
28,11,63,89,24,54,84,2,3,15,92,114,19,22,26,97,18,1,107,51,20,43,23,6,34
29,18,15,6,25,114,23,14,9,20,92,12,11,46,24,84,7
30,114,6,20,24,25,12,89,2,97,13,104,117,26,34,17,18,43,1,84,54,92,95,3
31,25,34,2,114,63,66,5,20,23,22,21,9,4,16,53,11,15,55,10,19,95,3
32,6,66,15,1,17,10,84,14,2,46,3,21,95,23,34,117,89,97,61,16,19,9
33,2,11,15,89,12,43,26,97,92,19,25,21,104,5,16,63,7,55
34,17,114,3,10,44,2,15,46,25,84,89,19,9,18,16,24,95
35,46,18,97,21,19,25,22,6,10,26,7,23,2,114,16,11,5
36,7,5,21,63,95,3,15,14,18,25,92,71,113,9,10,1,83,84
37,26,9,10,16,46,5,7,63,6,22,89,69,1,11,58,71,24,14,23,18,2,8
38,24,1,23,15,12,2,26,13,55,16,104,41,73,69,20,114,84,11,7,22,4,95
39,1,8,114,89,13,6,24,46,21,98,86,14,44,25,17,2,20
40,21,24,34,3,12,97,42,52,17,11,89,16,18,43
41,5,66,21,16,26,14,46,114,23,13,3,6,19,54,15,101,84,20,17,22,4
42,12,5,19,20,4,21,7,8,25,64,97,6,22,11,1,66
43,13,12,9,25,15,24,55,46,4,17,38,28,63,11,103,8,62,54,5,26,114,34,10
44,6,1,15,97,5,21,117,28,10,17,20,16,14,55,119,95,62,38,12,50,84,11,34,22
45,21,11,1,2,25,18,89,6,20,17,4,8,13,34,7,12,19,5,117,16
46,26,1,63,13,25,6,92,66,5,46,14,7,24,28,34,105,84,3,89,77,53,21
47,6,17,23,13,18,25,2,14,21,22,63,5,95,64,11,26,9,46,92,19,58,53,4,67,97,43,34
48,11,18,34,10,17,24,13,23,97,54,58,26,15,43,92,84,25,21,7,4,8,35,12,69,9
49,1,21,18,16,5,66,26,95,4,12,17,24,58,46,11,14,20,117,62,28,43,92
50,2,8,10,1,14,20,6,97,9,89,46,66,4
51,10,21,1,84,5,2,20,67,24,8,95,22,75,34,89
52,10,18,11,16,13,89,4,20,104,107,114,19,53,21,8,23,43,15,3,1
53,14,46,6,18,16,11,84,34,1,89,63,4,95,7,66,114,21,9,25,20,26
54,34,28,23,18,26,15,12,14,11,10,95,58,64,6,54,114,5,24
55,18,21,6,22,89,95,5,19,92,28,10,3,2,78,97,55,25,43
56,26,114,24,34,19,5,25,8,1,95,43,20,18,104,7,12,22,49,16,44,53,46,58,15,89
57,89,12,34,14,21,22,16,20,6,107,95,24
58,3,103,6,66,55,10,9,114,16,8,26,92,20,25,11,18,4,28,58,22
59,114,92,14,19,23,76,97,62,89,27,13,8,34,6,63
60,114,9,63,89,22,34,26,25,55,6,92,8,14,13,116,43,111,113,66,74,20
61,114,15,10,28,25,13,2,17,1,88,14,16,9,24,3,85,6,23,26,92
62,13,95,23,25,6,66,117,15,18,97,84,54,21,55,9,2,63,20,14,50,5,10,12,114,46
63,21,3,1,89,114,97,10,84,7,5,80,20,6,25,14,88,17,12
64,15,1,95,92,13,16,26,31,97,11,21,74,86,34,84,104,100,8,63,5,43
65,25,21,97,8,46,9,2,85,84,17,12,3,16,11
66,15,97,12,6,11,28,14,16,24,114,13,1,23,115,2,41,26,33,3,34,8
67,9,46,4,15,95,18,6,3,114,26,20,17,19,63,22
68,8,2,16,95,24,92,117,97,46,20,114,12,89,43,72,13,18,3,11,5,58,19
69,6,1,19,34,11,3,17,26,21,13,2,85,10,46,25,84,43,9
70,20,15,6,12,19,26,25,3,2,84,24,62,1,63,58,17
71,46,97,3,17,26,20,11,21,2,9,10,13,15,19,4,66,84,7,6,91,63,58,43
72,89,46,1,23,13,26,7,58,16,97,8,95,18,19,63,24,10,9,5,22,25
73,21,63,15,23,17,5,62,114,20,66,43,18,11,10,4,72,107,9,60,2,22
74,97,7,8,20,34,2,63,4,1,16,25,22,28,12,14,6,11,17,23,10,104,114,26
75,6,46,21,2,7,95,55,80,24,10,8,89,114,12,9,23,17,16,97
76,3,6,24,10,14,26,16,95,23,12,63,20,22,21,54,66,46,7,9,109,34
77,12,34,15,25,26,89,57,113,109,1,7,84,8,24,21,10
78,3,16,34,13,97,11,84,20,24,12,10,5,9,112,26,22,17,8,19,14,25
79,16,20,8,114,89,3,2,23,95,34,28,97,113,25,19,55,11,62,43,84,46
80,25,22,7,16,21,66,26,23,6,10,119,20,18,34,4,8,1
81,6,15,5,114,2,20,26,7,4,16,11,18,25,9,8,17,12,3,84,58
82,7,21,13,2,17,27,84,11,28,25,14,38,9,34,18,20
83,25,11,34,95,21,114,17,7,6,42,93,1,71,23,46,70
84,2,18,3,17,89,15,11,67,25,26,7,20,6,31,34,21,8
85,26,19,24,9,15,3,13,4,65,17,2,28,5,10,12,114,89,18,95,55
86,13,66,9,22,5,84,16,23,17,10,91,8,56,2,18,38,20,1,24,4
87,10,17,113,21,84,114,1,5,22,25,20,11,46,97,13,12,6,14
88,46,24,4,16,12,7,22,84,26,1,25,85,10,18,17,20
89,17,26,3,4,16,5,63,22,25,7,114,11,1,2,95,62,12,89,46,52,13
90,21,46,19,89,26,14,1,2,6,15,20,16,109,104,4
91,34,13,21,63,14,92,8,18,66,23,97,114,46,12,24,54,16,89,22,43,10,73,17,96,6
92,14,2,17,7,15,92,16,56,20,12,24,10,103,97,13,34
93,17,34,5,22,10,4,66,3,58,46,13,2,89,19,6,14,9,20,114,92,21
94,9,7,26,2,25,24,16,50,77,23,89,97,13,6
95,20,7,13,89,15,21,9,66,95,8,54,6,84,24,114,16,4,26,22,17,55
96,89,18,84,2,8,11,95,17,9,74,58,7,22,13,34,5
97,3,46,26,5,16,7,95,4,14,17,28,8,43,6,30,56,11,92,114,104,97,24
98,8,14,16,10,9,3,97,27,20,25,2,43,22,21,1,52,92,13
99,17,4,6,21,66,12,95,8,11,10,22,97,114,24,112,103,86,13,5,2,82,15,117,40,55,54
100,26,20,25,84,7,95,14,3,1,97,112,119,21,104,49
101,84,43,23,26,55,25,18,4,36,3,94,11,20,85,2,13,89,16
102,46,26,16,1,20,18,114,17,6,66,3,2,51,95,4,14,7,24
103,84,66,34,3,6,12,17,1,23,97,2,16,15,104,89,107,25,36,63,85,94,9
104,3,97,46,15,22,91,38,21,35,16,6,95,104
105,15,22,7,11,5,17,14,63,18,8,89,92,2,1,60,20,13,25,16,26,34
106,11,20,24,28,18,2,95,9,22,3,57,16,13,117,15,23,63,35,83,7,43
107,34,6,95,13,26,97,66,46,7,18,105,3,24,115,63,5
108,26,14,10,2,16,20,22,13,7,9,95,3,1,12,66,6,114,5
109,7,25,3,9,2,18,4,6,20,26,11,114,8,21,14,23
110,5,17,22,89,6,16,8,13,12,18,3,84,19,66,7,9,21
111,10,12,13,26,17,7,5,46,15,9,14,100,55,75,117,2,92,21
112,2,15,1,95,34,12,21,13,46,18,16,62,20,28,7,58,6,114,54
113,97,19,13,12,9,25,84,75,7,11,3,6,46
114,12,20,95,19,11,18,15,25,14,17,23,8,34,81,10,60
115,6,24,25,114,20,97,18,19,15,46,26,9,11,3,14,43,84,2,5,62,89
116,20,21,3,2,10,12,97,8,9,1,11,89,84,95,92,25,104,66,23
117,10,1,21,13,11,81,23,7,63,87,84,6,8,97,18,20,19,66,2
118,9,66,46,4,95,84,89,16,2,43,38,13,26,92,6,25,7,17,10,93,18,20
119,16,12,19,7,26,4,10,11,58,2,28,6,17,13,97,104,3,34,1,93,5,15
120,16,34,12,7,13,4,89,5,3,6,17,32,95,46,20,24
121,26,8,7,22,15,34,92,1,20,84,19,95,5,9,65,67,16,17,3,6,13
122,8,5,89,18,19,11,3,20,43,1,59,2,9,14,12
123,14,95,10,5,8,17,23,84,55,97,20,89,18,16,6,26,7,46,92
124,1,84,10,43,13,26,24,92,22,8,46,2,3,25,68
125,10,21,23,84,16,46,34,8,5,20,115,7,66,12,11,77,63,2,28,17,43,18
126,18,12,84,22,3,9,17,1,98
127,25,7,14,24,1,11,28,26,18,5,89,84,2,97,92,13,17,9,40,34
128,5,26,3,9,20,84,22,24,25,23,112,16,1,21,7,11,114
129,82,46,17,26,13,89,11,22,19,114,97,8,20,4,95,21,25
130,46,84,13,10,4,102,16,97,8,23,11,21,98,3,6
131,15,25,19,24,2,58,4,63,20,28,23,34,12,33,10,109,3,51,9,97,89
132,9,34,19,97,14,114,12,17,46,1,70,69,26,15,5,4,24,63,110,43,21
133,2,14,5,34,58,63,19,103,97,95,15,22,21,11,73,60,1,92,44,20
134,34,10,7,11,3,21,17,97,23,14,26,114,35,16,100,22,6
135,19,1,7,11,89,13,22,97,26,28,10,104,23,113,61,20,17,46,34,24,63
136,20,5,17,1,21,22,92,11,89,25,26,95,14,78,2,91,19,7,70,15,62,55,4
137,89,7,16,46,34,84,17,24,12,19,95,49,10,1,14,11
138,38,8,15,3,84,16,24,25,9,34,2,21,12,97,13,11,109,58,66,10,95,20
139,24,13,58,104,7,17,92,31,23,43,8,84,11,12,5,22,114
140,23,11,2,5,24,4,92,34,7,14,97,114,17,62,16,43,13,20,1,26
141,15,89,18,28,4,114,25,3,59,20,16,62,19,58,24,95,1,14,34,104,10
142,7,4,46,58,8,22,54,17,114,83,80,6,1,26,13,66,55,101,18,2,5,89,97
143,20,18,6,15,13,24,28,5,9,55,97,95,76,89,85,1,4,26,42,25,41,3
144,1,22,9,23,14,25,46,12,89,26
145,84,19,3,23,15,6,43,9,34,1,107,46,12,5,17,16,18,54,77,7,10,32
146,34,18,89,24,6,97,13,15,2,46,25,102,11,9,3,23,37,12
147,84,1,103,11,43,34,62,13,5,22,3,20,58,18,42,9,55,21,16,114,54,81,97
148,22,6,25,13,7,3,17,24,2,16,34,21,84,5,26
149,7,97,9,89,24,19,16,1,25,4,21,2,13,11,84,14,3,15,95,6,10
150,16,46,7,4,114,33,34,55,18,22,8,13,1,25,12,64,9,10
151,20,2,23,15,19,21,97,1,114,63,4,22,91,58,13,10,17,89,3,95,71,9,54
152,8,17,11,2,5,97,114,6,7,18,19,84,12,23,15,1,13,96,34
153,22,20,1,84,66,18,7,89,3,2,13,46,92,23,12,43,26,25
154,15,23,10,43,19,97,92,102,103,18,26,35,50,9,22,93,6
155,26,43,34,10,95,17,21,8,6,20,2,12,24,68,37
156,3,9,23,114,16,26,92,12,17,25,8,97,21,7,19,14,6,103,34,50,107,11,89
157,114,24,7,10,3,14,21,63,92,5,2,34,1,95,43,97,55,86,74
158,9,24,19,117,104,8,20,17,95,1,12,103,16,15,114,74
159,12,18,46,22,63,97,10,7,89,114,24,26,8,2
160,13,25,22,15,6,16,2,84,12,20,34,97,66,4,11,7,8,21,113,5
161,2,13,23,79,22,14,18,97,6,26,17,43,10,15,25,5,102,16,19,21,89,46,92
162,12,9,16,14,1,7,89,54,63,19,15,25,46,117,99,84,10,8,5,28
163,26,22,5,92,114,20,14,19,3,89,1,25,43,13,9,21,62,66,79,38
164,13,63,89,22,11,21,24,26,16,10,61
165,3,24,12,16,18,2,6,10,1,15,8,46,23,100,13,25,34,17
166,25,5,46,2,97,92,4,1,10,55,20,14,24,16,3,12,6,26,17,63,22
167,46,84,8,11,55,95,26,97,1,20,62,18,34,2,28,7,9,77,87,63,15,66
168,114,15,19,6,12,3,18,8,17,7,2,77,106,13,95,25,9
169,8,114,58,3,28,7,43,5,66,53,70,18,38,92,24,22,40,4,25,63
170,21,18,14,114,25,23,63,10,8,15,7,1,54,17,84,95,16,85,19,2,66
171,10,34,20,28,8,23,17,6,58,84,97,9,54,2,69,95,1,83,16
172,1,18,2,46,24,19,81,16,97,14,69,113
173,8,66,84,46,3,60,98,89,14,9,21,2,16
174,3,13,58,66,15,117,1,46,18,4,30,20,92,51,14,98,5,2,34,97,28,11
175,34,89,8,24,4,7,14,10,47,12,11,43,69,18,5
176,14,12,8,24,7,17,26,4,25,60,11,20,89,21,34,91,63,95
177,26,2,55,6,18,24,15,10,3,1,9,92,104,25,107,19,4,74,98
178,12,24,3,1,95,16,14,66,25,18,20,34,15,11,27,6,17
179,15,114,9,104,2,84,17,11,10,73,16,95,58,12,46
180,23,2,18,114,7,24,97,22,66,9,3,16,43,6,96,13
181,89,9,3,1,21,23,12,17,6,13,107,34,80,62,18,68,14,95
182,5,15,34,14,12,24,58,20,9,89,26,66,97,68,2,10,11,103
183,8,11,18,3,16,46,63,66,7,24,12,6,25,26,19,27,95,10,15
184,7,25,33,84,89,14,9,8,103,92,3,12,34,10,55,114,72,13
185,7,46,26,14,24,16,117,12,54,1,60,59,21,23,17,62,32,66,97
186,25,1,11,26,34,5,12,103,114,14,8,2,84,17,7,19,58,46,23,52
187,114,3,5,22,8,34,95,66,20,10,37,68
188,10,89,18,17,22,16,3,114,25,6,24,23,84,34,12,63,13,97
189,16,2,92,7,43,20,34,19,14,3,6,26,17,5,1,41,94,110,114,117
190,26,5,10,15,13,119,18,8,33,25,12,1,43,114
191,5,22,97,89,13,8,11,28,34,95,6,114,24,16,17,42,25,21,4,10,47
192,63,7,5,19,6,12,92,89,58,21,20,114,59,95,54,24,104,25,10,42,110,117
193,21,20,1,14,63,25,11,95,28,10,18,27,64,67,5,58,9
194,15,34,18,111,1
195,14,84,19,63,1,25,82,11,92,114,17,4,22,12,5,46,16,7,54,49,119,44,42,35
196,24,34,8,11,22,9,7,26,13,20,6,21,66,95,43,97,58,46,55,93,103,64,75
197,66,34,12,15,7,63,18,13,14,89,92,5,84,23,17,97,57,8
198,9,10,63,15,55,46,18,16,12,14,66,22,43,11,64,1,23,13,20,2
199,16,22,25,2,7,5,63,28,84,12,19,21,9,11,95,13,58,57,114
200,66,10,24,46,12,25,16,1,19,6,23,114,9,14,17,13,26,5,58
201,5,1,21,46,20,22,12,23,19,98,11,9,42,7,34,35,26,119
202,8,5,97,95,34,11,58,62,19,7,24,28,17,84,35,10,102,66,20,43,57,26,15
203,12,3,2,84,89,24,19,14,23,1,15,6,43,10,95,20,16,108,28,58,97,17,55,64
204,82,11,12,21,14,22,77,3,8,20,63,34,72,23,6,92
205,22,21,3,2,13,15,14,84,10,34,54,46,7,18,55
206,1,25,17,10,14,11,18,6,22,113,8,89,12,23,19
207,8,114,75,23,89,63,18,72,13,5,97,10,26,3,60
208,24,22,8,10,25,20,15,19,92,34,23,103,63,9,21,67
209,1,11,18,84,17,12,16,13,3,89,24,19,20,23,63,9,2,34,7,4
210,97,11,51,6,19,26,12,117,9,4,1,17,85,115,14,2
211,13,92,117,5,20,14,9,62,100,4,58,46,89,114,43,63,95,34,104,3,30
212,17,9,103,8,13,89,24,34,20,16,22,4,29,23,27
213,46,8,18,3,114,4,23,15,11,13,1,55,26,2,43,16,100,6,29,63,17,34
214,18,6,26,3,7,30,19,95,97,14,21,9
215,24,28,10,46,8,7,114,55,100,2,15,3,1,16,84,11,89,12,5,97
216,82,13,16,15,26,84,4,9,10,5,18,117,1,24,95,58,34,17,41,22,46,103
217,24,11,19,23,17,54,9,22,3,7,5,4,76,114,14,25,20,8,10,28,92,34,115,46,21,16,12
218,11,20,46,24,10,89,84,63,3,114,97,95,117,22,87,13,4,103,79,16,15,6
219,16,8,66,19,25,89,12,11,55,4,20,58,18,62,15,84,34,17,38
220,34,20,114,3,26,4,14,43,92,117,79,17,11,95,85,66,35,15,97,8,46,2
221,97,63,3,26,11,95,1,6,12,28,13,22,42,19,114,2,91,104
222,10,11,2,63,13,43,95,84,22,46,16,19,5,69,27,83,114,34,92,6
223,21,97,25,114,18,15,17,103,24,5,11,22,31,92,12,10,33,34,23,67,36,105,8,6
224,25,14,15,19,21,5,18,3,8,13,23,10,64,24,22,54,92,46,4
225,2,1,10,21,22,6,12,13,14,89,9,58,11,66,15,18,20
226,1,20,17,25,18,8,23,6,95,22,15,11,98,2,26,114,14,21,12,76,34,13,24,16,97
227,2,8,6,14,23,21,9,46,66,5,16,92,55,7,95,26,34,43,22,13
228,21,16,15,9,92,114,24,23,8,104,13,18,20,89,12,3,34,55,58,10,14
229,25,13,14,8,16,17,23,19,22,21,11,58,104,95,34,84,1,44,5,18,63,24
230,26,2,114,22,3,46,89,20,17,18,19,11,1,13
231,114,26,84,6,24,1,9,25,55,107,22,12,95,21,7,8,23,11
232,21,20,14,10,24,12,9,2,3,95,15,58,55,31,7,84,40,77,16,114,30,13
233,15,26,5,19,25,14,66,114,34,3,1,9,12,97,2,13,6,54
234,34,14,7,13,1,16,97,5,18,12,22,17
235,21,34,22,1,23,12,46,25,114,95,15,16,8,11,43,3,26,50,9
236,9,24,19,25,13,4,14,46,81,97,21,10,43,58,5,11,17,16,8,34,6
237,89,20,8,9,10,11,12,13,43,5,4,84,7,25,23,6,69,34,1,117,3,66,27,14,19
238,12,17,66,7,3,92,13,24,20,18,84,55,1,43,63,114,58,65,15,2,22
239,2,19,4,8,10,55,21,114,9,11,13,12,1,63,16,18,64,22,84
240,12,46,22,7,14,97,25,16,4,9,62,24,55,17,36,41,66,107,6,113,13,18
241,63,13,2,25,46,7,8,26,14,92,15,65,11,104,17
242,2,46,9,10,13,5,84,24,17,11,20,19,3,12,8,1,89,78,14
243,4,97,28,15,92,58,22,2,89,13,19,66,26,17,9,1,7,84,43
244,21,18,114,11,34,10,13,66,5,28,6,46,26,16,92,87,3,116,1,113,24,25,58
245,10,97,46,79,22,15,43,1,19,8,92,3,73,20,89,6
246,3,11,117,2,28,26,23,43,55,1,34,22,62,8,104,68,81,15,84
247,15,26,1,66,13,92,22,12,4,23,39,40,114,10
248,114,97,26,15,24,19,23,20,21,61,46,11,1,12,79,5,6,2
249,114,26,9,25,63,54,11,10,55,5,12,46,8,43,103,21,58,51,22,19,24,34
250,84,2,18,17,22,97,5,4,3,26,95,14,92,11,7,16,89,66,34,8,46,24,62,96,20,55,9
251,8,13,12,114,9,22,5,23,19,6,66,24,10,11,2,36
252,16,1,18,12,11,6,15,13,7,4,63,23,3,25,24,65
253,24,15,5,2,7,9,16,14,89,22,20,10,11,18,104,13,1,25
254,24,14,22,34,21,6,15,28,11,95,66,12,1,8,2,16,89,57,117,5,84,17
255,22,89,9,21,11,114,10,3,2,4,16,14,54,66,15,5,33,84
256,17,1,26,19,4,22,97,34,15,46,24,12,20,23,36,93,74,9,47,5
257,46,22,16,21,114,17,3,1,20,66,18,26,97,84,15,8,5,7,14,34,11
258,10,24,19,114,97,15,22,5,20,92,8,16,13,112,89,25
259,24,16,22,89,14,20,6,4,2,13,11,28,21,9,46,12,34
260,63,43,13,10,85,104,21,12,8,107,95,24,14,46,34,66,96,19,50,6,4,103,62,17,3,2,15
261,20,3,22,15,97,66,9,2,4,63,23,18,13,25,117,8,12,17
262,18,21,63,46,95,25,16,17,66,1,43,8,92,83,10,19,6,7,20
263,24,89,22,92,1,18,5,9,46,95,13,19,6,4,16,11,2,7,25,34,33
264,15,84,3,18,55,23,25,26,19,8,2,24,14,95,89,7,10,34,21,46,16,4
265,11,114,84,12,97,1,6,23,25,63,5,20,66,14
266,19,3,92,46,84,97,12,95,23,18,15,9,17,38,11,21,2,1,4,34,7,106,40,26,89
267,24,17,97,11,3,89,15,16,54,46,2,55,4,67,43,9,58,114,41,59,22,47,8,28,52,12,25,5
268,97,46,84,24,92,1,5,25,13,22,28,7,9,34,35,20,6,41,21,18
269,114,6,55,14,97,104,19,12,84,20,10,25,17,3,92,33,43,18,99,9,16
270,2,5,46,17,89,34,22,4,62,1,35,97,10,3,54,19,23
271,13,5,28,104,10,4,1,9,95,6,24,2,114,34,83,55
272,9,15,26,11,4,3,7,6,28,24,22,20,12,25,2,17,21,16,10,91,14
273,34,9,16,15,7,25,1,21,3,83,12,23,84,33,63,5
274,9,26,12,11,15,21,24,22,3,89,8,10,20,4,84,114,2,7
275,24,10,16,84,17,1,12,9,22,8,15,26,6,35,3,23,97,92
276,8,6,97,4,22,5,7,16,10,14,89,20,103,21,3,69,84
277,1,15,16,11,14,21,24,78,9,7,34,114,97,12
278,89,5,18,13,21,20,10,25,16,3,28,2,12,92,8,24,47,19,11,84,55
279,12,18,10,89,3,24,16,26,1,13,9,56,11,5,97,23,65,58
280,13,3,84,26,2,1,10,89,66,55,63,8,20,16,25,23,6,24,15,18,49,29,117,14,58
281,16,2,114,26,1,18,55,46,43,21,6,84,5,28,13,7,14,97,79,11,75
282,10,12,18,2,20,21,11,26,3,19,118,17,43,25,103,15,13,8,5,114,84
283,13,114,21,20,24,23,10,22,26,9,89,34,46,7,92,83,19,3,38
284,9,114,16,63,34,10,84,26,4,17,46,12,18,8,22,13,25,89,19,1
285,28,1,13,25,66,46,22,20,84,10,15,8,72,2,95,58,34,27,82,11,89,63
286,84,3,114,34,19,25,13,11,9,21,97,4,2,74,67,89,23,93,1
287,7,10,1,13,84,22,95,18,63,20,11,26,14,25,4,12,16,40,17,89,47,46,92,2,54
288,26,22,25,5,12,55,63,1,66,62,13,28,104,95,84,100,58,14,79,43,15,19,34
289,26,22,6,34,16,3,14,24,46,5,43,19,62,2,15,95,104,8,18,47
290,8,11,9,22,97,2,34,23,114,92,46,71,24,4,3,18,96
291,12,17,89,24,46,16,5,14,7,22,13,2,36,1,103,95,114,8,21
292,12,26,89,21,13,34,10,97,3,5,114,2,16,17,82,79,14,84,58
293,2,34,92,89,18,8,7,25,95,28,22,119,9,46,58,10,17,55,20,13
294,5,84,13,17,117,15,19,14,54,89,23,26,16,22,43,66,8,103,91,71,107,95,114,12,104,90
295,11,3,63,6,1,19,89,26,114,24,23,97,5,58,9,54,13,67,25,28,103,100,86,34,8
296,89,55,95,20,24,84,92,15,103,23,2,9,12,106,25,8,17,10
297,1,24,43,5,9,34,16,113,12,63,31,26,25
298,10,43,104,24,23,14,12,9,34,18,6,46,25,83,11,63,17,19,22
299,24,11,6,26,20,97,21,34,114,22,5,66,46,95,2,17,10,14,63,60,15
300,15,13,1,22,26,14,21,66,5,84,9,7,19,70
301,6,8,24,14,12,114,1,3,97,2,105,18,7,22,10,16
302,22,6,34,18,11,13,62,28,12,89,17,5,20,95,43,7,114,14,3,66,97
303,7,6,20,84,12,97,2,1,23,14,30,46,29,5,16
304,114,26,19,22,16,46,89,18,21,20,1,87,12,45,14,95,8,13,44,24
305,8,22,27,6,10,15,21,24,17,5,114,34,58,95,9,55,4,3
306,23,24,4,21,46,8,89,102,17,22,14,92,97,10,5,63,54,12,20,25,26,2,50,18,79,6,114,19,1
307,17,2,92,63,66,4,26,24,18,25,7,6,97,109,43,16,35,20,89,19
308,8,21,15,95,6,25,5,26,22,97,88,16,3,1,34,7
309,17,9,5,21,19,15,6,94,16,8,1
310,18,89,95,92,24,4,20,7,34,117,84,15,11,46,97,17,22,26,2,94,23
311,20,18,21,43,97,38,10,54,4,12,14,33,46,25,11,26,64,34,22,95,13,1
312,16,3,10,19,15,46,97,18,14,7,84,54,89,70,95,5,12,58
313,13,22,8,24,16,7,17,89,3,63,18,84,25,114,97,80,58,23,10,95,40,12,48,92,11,55,1
314,9,13,20,3,24,63,12,66,15,10,62,2,104,98,25,34,93,17,1
315,17,89,26,1,19,84,114,14,25,28,2,56,5,16,18
316,97,7,3,16,25,15,28,4,43,2,5,8,14,17,9,55,23,58,66,46,11,13,1,24,89,26,6,34
317,18,46,21,4,84,5,7,97,55,19,8,91,95,15,89,92,20,58,59,28
318,6,10,23,2,95,4,84,43,25,26,54,34,18,28,9,107,5,62,89,24,17
319,15,5,16,21,22,97,84,12,26,92,9,13,63,25,87,114,64,4,89
320,10,18,25,8,34,7,66,117,9,46,24,86,97,84,20,12,22,11,2
321,19,84,16,55,26,104,89,3,18,10,23,43,12,100,11,38,63,5,54,35,2,92,7,102,34,8,62
322,1,22,9,11,18,97,32,28,46,25
323,20,21,13,114,6,97,14,92,23,18,17,1,84,106,77
324,7,97,15,24,46,63,100,84,5,26,8,114,92,20,91,3,89,28,11,62,95,54
325,89,28,43,13,2,10,23,19,11,14,95,103,92,18,46,1,6,12,27,9,93
326,24,19,104,11,84,21,6,14,2,117,5,26,4,1,65,16,18,22,73,89,15
327,97,92,5,11,8,25,43,15,114,16,22,7,55,62,58,95,3,28,17,63,37
328,9,25,92,7,18,21,20,35,2,5,3,34,22,97,26,17,6,15,84,4,55,95
329,17,16,19,55,28,25,15,7,84,39,20,100,9,6,113,63,14,92,77,46,97,117
330,66,7,20,3,22,114,25,11,27,12,5,55,24,84,63,62,102,65,74,97,95
331,1,18,2,17,7,6,3,4,26,34,58,25,15,56,54
332,6,18,15,89,9,20,12,17,19,26,117,13,14,66,3,5,8,56,25,21,55,62,34,10,79
333,6,1,26,18,84,3,92,117,17,8,19,97,43,2,15,25,9,23,82,12,22,54,89
334,34,84,10,46,17,54,18,20,89,8,95,119,66,106,24,43
335,13,16,33,20,14,46,8,63,55,5,43,103,1,85,18,84,17,2,9,15
336,82,97,22,1,8,26,7,6,66,3,11,20,89,63,25,114,9,12,88,38
337,66,10,3,84,14,46,5,21,18,24,89,26,104,8,17,11,28,6,12,19,16,117
338,14,24,18,5,19,8,34,21,6,84,15,108,10,7,97,17,3,9,26
339,92,66,20,1,15,46,89,14,4,83,10,43,104,24,64,11,106,6,22,74,9,5,114
340,11,9,58,26,1,95,8,16,15,24,2,46,114,10,4,13,25,5
341,21,89,18,97,11,20,92,114,63,66,13,6,93,7,46,1,26,95
342,6,66,89,8,95,18,15,25,9,4,34,2,1,43,63,20
343,24,23,19,103,5,14,3,13,7,34,76,17,18,11,63,95,97
344,21,114,10,5,15,11,7,25,84,24,20,63,14,12,19,103,1,68,9
345,114,19,104,21,63,14,26,1,28,8,13,10,24,46,23,34,2,62,30,22,17,12,97
346,14,2,12,20,63,24,19,9,17,84,18,15,43,95,25,55,26,54,8,46,7
347,20,21,25,7,16,3,9,12,2,5,84,14,10,114,19,17,4,46,13,8,92,11,66
348,25,17,24,16,4,26,18,10,63,13,54,20,49,2,92,93,7,22,81,23
349,15,114,9,21,23,2,11,4,63,26,16,31,60,7,6,18,32,5,54,62
350,21,34,3,18,26,20,89,23,2,12,1,25,5,24,84,6,116,55,117,97
351,9,7,2,18,97,22,26,34,95,92,5,25,50,89,21,11,3,15
352,12,5,23,8,17,95,22,18,58,11,19,3,25,97,26,92
353,2,22,5,11,4,84,12,8,10,17,26,24,116,9,43,7,1,14,97,23,25,20
354,22,26,25,69,7,1,13,12,58,8,15,10,6,20,95
355,22,9,114,20,12,15,2,85,6,89,8,3,24,1
356,5,114,20,97,25,95,10,43,12,18,11,13,17,84,46,63,79,4,89,26,1
357,22,89,66,14,13,5,26,6,20,7,25,23,8,65,34,17
358,22,6,8,1,89,63,92,119,9,11,37,21
359,26,34,15,25,95,114,5,8,63,4,55,2,28,84,77,18,74,30,1,16,58,3,19
360,24,18,46,114,21,20,15,104,14,23,6,16,34,3,25,88,80,33,110,17
361,84,11,24,19,92,89,16,114,10,6,97,54,17,33,43,46,73,101,5,2
362,16,19,12,24,95,7,14,10,21,2,89,3,11,1,23,22,112,20,97
363,19,63,18,4,55,104,15,89,28,3,24,84,5,25,6,34,71,2
364,1,2,11,12,10,92,55,74,16,22,38,4,89,25
365,95,46,5,3,18,25,6,9,34,24,20,89,97,1,111,15,42,2,26,16
366,84,12,1,92,9,13,20,99,24,21,15,63,114,19,46,16,5,26
367,18,84,24,89,5,10,6,20,23,14,16,13,46,55
368,46,10,26,11,89,15,2,4,5,6,12,95,9,25,8,17,63,23,100,78,107,20,54,21
369,10,22,12,114,66,8,15,63,20,25,3,18,89,54,19,34,26,84,117,2
370,89,95,8,3,2,114,91,11,14,10,9,84,21,46,15,12,22,102
371,19,12,1,24,21,34,46,10,17,54,9,25,45,6,66,114,2
372,11,32,7,12,58,62,14,95,2,91,111,18,16,22
373,22,89,16,12,25,114,21,7,46,23,63,54,9,20,97,15,107,19,24
374,84,11,15,28,114,58,24,1,46,13,16,12,100,81,6,63,97,43,5,78,10,25,7
375,21,18,13,16,25,9,17,114,2,95,22,89,66,97,43,6,14,20,46,7,63,12
376,6,63,15,28,1,24,26,13,10,20,43,84,18,16,14,7,19,17,85,46,5,34
377,9,92,1,7,10,2,34,18,12,114,5,55,97,35,24,15,89
378,63,10,26,46,21,17,117,2,20,66,94,13,1,8,4,79,43,5,18,16,22
379,25,26,11,15,89,14,8,22,3,9,84,107,7,34,116,43,5,12,1
380,89,19,20,9,4,92,18,22,8,21,11,46,17,84,12,30,16,103,15
381,9,84,7,16,13,43,23,15,114,34,6,24,2,35,117,21,55,78,1,5,26
382,114,6,26,28,24,3,97,103,66,79,56,75,8
383,1,15,17,14,24,92,21,12,8,46,10,18,40,2,13,23,3
384,17,3,46,5,97,6,11,16,20,12,9,25,89,15,1,14,8,18
385,34,15,14,11,5,43,9,19,18,17,21,10,35,46,66,33,92,62,8,40,58,24,89
386,26,9,2,20,18,1,14,95,89,16,59,10,34,79,11,17
387,11,2,22,9,1,19,5,6,7,92,16,10,34,89,74,63,54,18,84,4
388,84,13,8,5,20,3,25,12,34,58,63,21,15,71,10,16,68,17,26
389,17,6,15,9,95,25,118,18,16,24,11,46,7
390,7,3,22,21,2,13,114,66,18,82,5,62
391,84,114,24,95,18,92,15,5,22,89,12,2,34,103,63
392,5,14,17,1,84,89,22,33,13,114,10,95,117,28,26,103,2,93,54,15,4,83,92,30,102,6,104,91,62,66,43,18
393,17,21,66,10,95,2,28,1,12,4,89,19,117,9,82,97,43,13,63,15
394,17,19,21,14,25,6,24,92,23,4,10,22,16,5
395,66,26,2,34,18,43,114,22,1,13,89,19,92,28,8,11,64
396,6,66,22,18,19,3,8,10,77,5,90,20
397,28,84,3,19,103,46,15,114,26,10,14,43,25,34,117,24,85,86,13,97,54,8,67,4,23,66,1,12,95
398,114,24,66,58,3,4,19,23,10,14,13,34,20,17,9,21,28,62,5,46,12,88,11,89,103
399,15,6,26,18,8,17,11,34,58,1,5,63,84,22,2,9,40,46,24,25,13,54
400,34,24,16,84,28,6,97,5,8,9,19,12,18,25,17,66,13,14,114,26
401,89,21,2,15,28,10,12,114,17,16,58,25,4,8,99,5,7,13,63
402,89,17,23,103,22,46,15,2,19,92,55,43,26,9,66,7,95,91,28,97,73,1,34,41,8
403,12,34,19,55,64,104,41,114,84,11,3,6,1,89,100,92,4,43,8,31,93,95,17,63,91,7,16
404,3,21,1,95,2,4,19,18,17,13,37,89,97,58
405,18,1,11,15,3,26,66,5,24,34,55,28,35,13,58,16,114,25,6,22,97,45
406,66,9,89,58,7,22,10,105,20,4,95,12,1,72,34,91,63,13
407,5,11,43,114,17,14,18,63,26,3,22,12,10,25,46,21,19,16,6,9
408,84,15,14,63,5,10,25,11,16,58,46,17,23,43,3,114,8,50,20,1,54,62,61,6,24,12
409,46,1,7,5,114,13,10,21,22,66,63,92,17,2,4,6,84,25,18,14
410,12,3,9,84,17,7,77,55,16,5,43,25,2,97,116,8
411,16,89,13,22,10,18,5,46,3,2,14,66,91,15,63,8
412,17,11,6,89,21,2,95,19,13,5,8,46,84,1,29,20,42,10
413,25,13,15,18,7,11,22,46,8,66,14,34,61,97,59,9,43,87,117,20,95,3,24
414,46,95,3,11,10,7,21,89,13,92,8,9,102,2,97,28,55,58
415,9,89,114,11,16,4,13,18,22,84,17,42,10,96,34,104,92,19,62,43
416,9,1,16,24,14,26,21,22,103,92,85,10,8,13,28,95
417,1,23,11,92,3,24,97,9,22,55,115,20,62,38,7,119,10,106
418,35,63,26,19,20,5,14,92,12,22,7,21,2
419,13,20,84,26,23,1,16,97,19,21,12,66,43,2,15,58,8,10,24,5,34,114,3,6
420,18,89,2,12,8,16,95,6,21,17,9,4,28,99,119,55,15,14,1,102
421,1,66,8,20,104,92,21,97,4,16,95,26,114,17,13,25,7,18,63,15,9,64,24
422,24,66,92,55,9,3,114,104,6,25,4,89,13,22,59,28,16,15,14,12
423,13,25,21,84,4,8,97,26,10,24,19,66,114,17,9,7,28,22
424,20,25,1,11,97,8,9,92,95,14,117,46,12,114,19,34,87,83,101,62,53,89,21
425,5,10,21,2,23,89,34,13,24,14,3,28,67,1,97,17,16,20
426,18,5,46,7,89,104,8,92,62,21,63,26,3,4,1,28,25,50,22
427,89,6,15,21,26,12,10,4,46,97,16,66,7,114,63,76,54,14,102,3,18
428,17,12,25,13,92,3,2,14,23,19,58,89,8,26,104,16,66,1,84,57,107,97,46
429,19,21,8,114,46,2,12,14,34,110,5,18,58,89,11,118,97,38,16
430,26,5,97,13,51,18,15,43,25,4,34,16,46,3,55,58,22
431,25,10,6,89,1,84,95,5,9,101,23,14,24,19,7
432,10,4,7,16,2,1,8,18,13,69,77,6,3,94
433,20,6,84,24,1,7,19,13,58,95,4,23,92,114,17,15,63,54,97,2,70,11
434,11,26,8,2,12,22,104,20,117,92,23,96,1,95,3,57,89,9,7,5,4,97,35,63
435,3,63,89,20,1,7,22,18,92,2,74,12,15,99,16,50,102,46,84,13,21
436,25,18,7,2,26,17,8,15,14,95,24,21,9,97,92,3,77,16
437,4,114,19,97,13,34,11,55,23,25,84,28,20,103,8,62,2,26,6,63,1,21,5
438,1,24,6,3,12,22,8,18,15,10,21,46,4,114,97,31,11,5
439,12,3,84,66,8,63,97,14,92,2,23,5,20,28,15,22,7
440,25,14,9,84,66,46,7,8,15,18,28,22,13,48,12,92,42,10,23,5,24
441,1,14,2,46,21,10,16,24,73,7,23,17,12,15
442,84,14,16,20,63,24,49,5,19,12,89,67,66,6,26,74,46
443,1,22,117,34,3,84,24,12,28,6,25,63,8,13,9,54,46,33,76,16,38,89
444,16,89,17,114,10,46,90,113,21,31,25,12,5,78,22,19,14,2
445,5,7,46,14,18,34,3,26,1,51,12,115,89,84
446,15,17,23,7,8,25,24,9,46,10,19,20,84,3,37,28,117,5,26
447,21,9,89,1,25,20,11,17,3,4,34,97,46,10,22,119,2,81
448,20,114,11,63,10,17,8,91,24,9,6,100,26,33,15,13,117,21
449,1,3,34,19,46,18,21,14,11,10,42,30,114,17
450,9,19,3,24,34,21,97,92,18,4,10,38,77,23,5,17,58,16,6,2,89
451,46,15,3,84,114,19,5,13,18,66,25,89,96,14,63,53
452,97,14,26,20,114,63,28,4,84,9,10,18,24,15,34,3,92,13,69,87,21,55,2
453,20,114,22,7,63,18,95,19,15,5,26,1,55,2,37,6,24
454,89,3,114,63,43,46,97,5,8,95,9,21,34,15,16,1,25,14,20,12,117,2,99
455,1,7,6,17,19,21,114,11,46,3,9,58,104,102,61,34
456,1,26,16,20,12,21,24,22,63,8,115,98,6,97,34,11
457,8,12,18,25,26,3,22,20,97,56,14,9,84,23,2,5
458,24,89,8,55,25,10,19,20,26,28,84,63,72,15,6,118,14,4,23
459,22,24,17,9,15,20,6,2,19,21,14,10,8,13,38,54
460,11,2,4,26,14,21,22,19,5,1,15,18,95,47,6,81,7,17,8
461,9,6,14,26,43,5,16,63,18,34,24,11,114,2,73,40,67,1,3
462,2,9,6,89,23,13,46,12,15,7,50,18,17,26,19,97,64,16,22
463,22,92,9,1,114,8,3,7,2,84,20,24,34,15,97,19,21,63,43,105,16,6,18,100,13,11
464,4,5,22,13,21,8,24,114,19,58,16,17,25,15,89,28,26,55,3,46,37
465,26,6,3,12,16,9,23,4,46,13,114,11,25,97,17,39
466,14,1,15,2,43,18,22,7,63,104,53,8,11,34,86,10,4,56,17,28
467,8,7,84,92,14,2,17,18,9,104,114,20,39,21,4,100,46,28,97,12,117,23,62,3,103,26,22
468,17,25,97,19,26,20,84,9,7,13,11,3,67,23,2,95,89,24,63,12,34
469,7,9,4,114,24,54,26,62,1,10,43,92,34,84,5,15,12,16,107,6,57,28,8,55,97
470,9,84,26,46,10,43,20,12,3,89,15,58,103,114,5,4,7,119
471,84,3,5,2,12,9,11,114,4,117,13,26,24,58,63,22,7,95,43,23,10,34
472,12,114,23,6,13,9,46,17,5,1,34,24
473,46,84,19,5,6,16,63,89,21,1,18,92,114,34,12,4,25,28,13,11
474,24,14,117,2,17,5,97,3,46,22,6,7,34,100,18,4,65,89
475,6,9,25,97,117,22,16,10,20,26,39,17
476,84,1,17,14,2,118,20,7,10,26,89,5
477,22,17,92,24,95,34,43,2,63,16,114,11,14,15,55,1,23,10,107,5,20,6,26,21,9
478,12,20,89,95,1,24,46,2,16,5,17,52,22,13,10,26,43,102,8
479,14,17,18,5,19,84,16,12,58,34,11,15,112,13,8,22,1,97
480,11,34,38,46,109,65,92,75,10,18,114,103,62,19,14,15,9
481,3,22,46,25,16,84,17,114,1,2,10,4,24,19,8,7
482,11,84,5,14,12,22,89,16,2,97,114,46,9,25,19,13,3,23,18,34,66,17,4,58,7,24
483,16,6,22,2,97,23,43,28,11,3,20,24,25,54,95,7,19,66,12
484,19,8,46,14,58,13,20,23,6,92,3,9,89,63,87,12,24,5,84
485,114,26,34,17,3,9,89,6,92,25,18,23,102,11,20,14,66,13,46
486,5,12,8,22,95,104,54,24,46,17,84,3,14,49,11,6,41,10,43,23,21,18
487,9,12,97,7,114,2,1,89,34,22,17,15,20,46
488,20,46,84,14,2,23,17,22,34,8,25,18,86,55,26,24,95
489,89,13,21,11,34,18,95,16,24,117,7,14,114,19,60,22,23,84,63,15,104,28,4,5,115,2,10,25,64
490,8,63,5,18,16,21,15,1,46,3,92,19,4,9,22,95,34,31,20,2,14,35,114
491,17,16,114,9,1,7,3,10,18,66,25,55,4,23,48,2,46,22
492,8,5,14,10,19,13,12,16,84,66,46,58,1,28,3,63,20,4,7,39,23,117,17,62
493,15,84,11,4,25,22,26,18,29,92,8,114,5,19,54,13
494,10,18,17,114,89,22,11,1,13,14,93,41,23,97,92,16,2,3,62
495,1,16,89,20,25,26,15,92,11,14,10,114,95,81,5,22,3
496,11,8,14,22,89,12,25,24,19,66,23,28,13,117,97,95,114,103,17
497,1,34,11,26,46,14,24,58,104,4,9,63,89,8,22,43,35,53,62,84,12,41,15,54,17,20,16
498,22,66,84,3,21,34,16,7,97,9,24,26,28,19,11,89,23,2,8,17,13,1,92
499,18,8,7,3,2,34,95,63,43,97,24,16,89,58,22,73,5,10
500,12,6,97,26,89,22,74,43,17,114,25,8,46
501,12,4,13,6,10,14,5,3,2,8,1,28,34,9,54,7,22
502,13,14,97,8,5,6,34,19,24,43,114,16,56,10,58,21,12,63,17,54,18,84,22
503,25,12,2,8,6,9,21,22,13,66,5,15,24,84,79,18,97,10,69,113,19,1,23
504,3,21,1,46,18,16,92,95,69,8,43,110,7,12,9,34
505,21,24,97,5,18,46,3,13,84,6,11,1,7,19
506,16,114,92,63,89,5,19,97,8,28,55,25,6,11,54,62,15,17,24,13,103,23
507,14,28,1,15,9,34,10,2,46,68,19,21,8,13,84,91,54
508,26,10,89,12,25,17,34,28,11,1,97,66,27,9,46,15,22,13,84,3,5,18
509,1,16,46,92,3,12,11,21,97,89,6,38,4,7,63,26
510,3,97,22,9,1,20,7,6,34,104,117,63,46,95,77,92,103,10,72,19,8
511,17,13,20,22,34,46,16,6,66,114,97,15,89,25,10,63,5,3,21,12,92,24,1
512,46,12,15,11,43,58,2,95,117,7,34,24,25,1,103,10,119,6,20,31,3,50,114,22,18,23,84,17
513,11,63,89,26,2,23,10,14,117,18,20,112,62,19,83,54,34,5,43,66,17,25,21,114
514,26,95,18,14,24,46,84,16,89,1,7,92,97,43,67,8,22,45,20,69,54,62,4,11
515,24,97,89,46,15,5,12,95,10,102,34,54,3,61,67,11,19
516,2,14,95,46,22,25,36,40,15,87,10,32,16
517,11,18,13,15,3,12,34,97,91,2,66,4,46,43,6,21,103
518,20,22,14,9,25,15,24,5,17,46,16,11,21,97,18,43,84,104,115,26,66,62,67
519,21,34,5,19,89,63,16,46,43,2,17,14,81,47,3,25,53,13,95,12,66,23,65
520,12,22,11,66,8,2,13,97,25,1,55,104,10,33,26,95,20,54,4,6,43,19,24,7
521,43,16,2,17,22,66,46,6,11,114,24,89,20,34,55,97,9,72,7,30,8,35
522,89,17,10,25,46,6,95,9,13,24,12,26,11,15,60,34,5,21,92,7
523,7,18,14,11,5,10,101,9,89,17,114,12
524,14,97,1,22,15,12,21,20,25,66,28,18,34,2,27,69,24,87,10
525,20,12,95,5,114,9,84,28,16,6,17,63,43,15,22,55,19,92,10,47,18,1
526,25,6,18,66,24,15,22,7,63,16,5,23,8,19,11,9,97,26,21,12
527,26,25,22,3,21,8,84,1,97,16,104,10,13,11,14,55,24
528,8,58,20,18,2,24,9,22,5,3,16,63,13
529,25,43,114,11,84,19,12,2,6,89,54,1,26,46,24,9,18,28,34,66
530,46,10,97,3,34,9,13,21,25,23,18,2,4,84,55,92,26,28,45,43
531,15,26,114,12,25,27,92,13,119,3,9,5,95,24,16,117,6
532,3,14,15,8,89,63,9,13,12,114,10,26,28,16,5,92,6,66,1
533,25,22,7,1,3,9,34,28,12,23,8,15,14,55,24,89,11,64
534,92,18,25,23,63,11,55,3,13,84,17,5,109,6,2,1,22,104,60,12,93,9
535,20,24,15,28,7,3,6,12,23,17,8,89,35,21,10,1,19,9
536,22,2,1,12,11,26,3,21,89,71,10,17,6
537,25,34,16,1,84,22,26,15,2,6,17,44,23,90,4,3,95
538,24,46,17,3,11,114,95,10,14,97,58,20,29,23,18,92,6,19,45,15,7,119
539,8,114,12,9,66,89,14,95,26,6,19,16,24,117,18,3,30,7,2
540,92,63,103,9,1,8,114,26,117,84,21,43,62,13,97,20,22,66,11,18,16,89,24,7
541,68,16,11,114,22,14,25,24,92,20,36,63,97,4,8,6,12,51,2,46,3
542,14,21,1,89,63,84,5,20,6,97,3,23,114
543,10,34,21,46,28,89,53,5,24,4,22,12,9,58,14,8,17,110,2,25
544,17,22,2,9,97,10,21,92,26,103,19,24,117,79,11,66,16,57,12,13,18,113,4
545,18,46,15,6,114,2,20,19,3,117,24,97,95,28,16,13,34,26,1,7,8
546,3,14,26,20,8,12,86,10,11,95,6,13,24,7,89,4,22,114
547,7,13,16,6,10,24,8,34,1,11,5,102,21,14,9,98,20
548,1,26,5,17,66,97,23,9,11,18,12,24,16,10,38,46,28,21
549,1,22,2,10,11,9,19,20,34,95,103,15,55,46,25,5,84,23,63,12,56,16,21
550,21,8,46,92,12,1,89,4,10,5,24,43,23,3,17,63,15,114,6,13,112,38,28,62,9,72,113,2
551,14,114,26,34,63,89,97,21,6,56,11,16,22,92,1,62,95,7,4,66,17
552,9,7,89,25,2,52,10,19,15,14,23,82,11,13,92,6,17
553,16,34,24,63,8,114,15,4,14,117,10,104,23,28,98,20,53,97,13,46,2
554,89,26,22,13,19,9,16,10,114,20,15,17,12,25,27,3
555,11,34,20,2,46,55,92,89,19,26,6,5,33,108,7,60,12,97,66
556,63,84,1,24,11,14,13,2,7,65,21,46,96,26,19,54,12,97,16
557,16,9,11,18,8,5,114,20,17,13,55,2,4,62,92,10,58,63,15,66,7,3
558,9,12,97,2,24,3,7,25,114,8,43,113,62,18,95,89,56,5,15,58,45
559,26,3,10,22,4,8,34,116,11,14,33,2,13
560,14,21,5,18,3,66,16,25,97,8,2,20,24,117,12,89,19,62,50,95,54,13,103
561,11,3,14,12,114,17,19,84,22,21,113
562,22,19,26,92,34,46,6,20,18,11,17,25,9,16,21,114,15,89
563,8,114,7,1,14,43,21,26,20,23,84,11,55,89,13,9,95,24,2
564,9,114,11,13,26,6,25,17,5,18,3,10,34,65,92,49,46,103,8,4
565,15,25,92,13,95,19,9,6,66,11,4,10,38,7,84,78,102,20,3,117
566,17,6,2,22,108,70,10,7,74
567,1,17,13,25,5,14,4,66,11,6,92,34,2,18,22,82,9,30,20
568,17,13,25,97,34,9,16,14,12,92,11,1,23,43,18,24,2,89,7,48,62,21,19,6,66,15,46,22
569,17,15,6,89,25,22,20,21,10,9,16,12,114,18,24,11,67,13,27,14
570,26,16,3,84,19,18,66,10,114,22,117,31,9,46
571,34,63,43,46,19,58,3,4,25,12,61,2,18,23,16,14,62
572,11,22,21,3,15,26,16,46,23,5,97,66,13,43,14,95,6,9,55,8,58
573,25,66,95,34,84,7,43,23,46,3,16,2,11,6,89,105,14,17,1,5
574,25,66,21,17,14,3,13,12,63,19,20,34,10,114
575,6,26,9,7,46,15,5,95,89,43,3,97,34,103,21,4,119,12,25,16,20
576,15,16,14,13,3,17,4,89,63,9,33,24,12,19,1,95,75
577,97,17,18,16,22,19,23,63,21,34,84,13,8,20,7,10,24,106,25,3,105,12,9
578,114,9,3,92,5,84,18,14,66,24,10,4,13,23,77,25,8,95,1,34,86,6,119,15,43
579,7,84,24,25,92,2,20,34,17,3,11,13,21,58,23,18,97,46,12
580,92,24,7,20,13,9,14,18
581,34,2,84,23,18,11,26,22,114,95,20,38,8,15,55,7,97
582,14,15,21,6,8,7,11,34,10,95,24,69,23,26
583,13,66,10,16,97,1,21,63,9,22,14,43,89,26,20
584,26,89,4,5,8,28,14,63,24,21,25,16,58,55,9,12,11,1,66,31,52,84,19,92,97
585,20,55,13,26,22,63,54,8,6,89,24,43,92,2,4,114,91,84,9,11,16
586,16,12,25,15,95,7,2,19,8,84,14,55,114,73,21,18,78,17,46,26
587,114,1,3,8,20,95,89,2,4,25,19,13,92,71,69,115,9
588,15,34,28,84,12,5,66,9,19,8,89,4,43,20,114,97,62,53,74,17,30,25,33,24
589,3,26,14,114,18,34,84,63,20,15,33,113,46,5,89,95,29,55,97,2,54,1,92,32,11
590,89,6,34,10,25,21,14,13,7,3,26
591,18,6,34,14,3,7,22,23,66,62,15,21,20,97,24,95,11,26,63
592,12,25,70,21,11,3,8,9,17,10,16,28,92,4,1,14,89,43
593,3,16,7,2,4,15,25,20,95,5,23,89,18,8,34
594,15,10,19,6,43,34,103,7,11,9,16,8,20,2,17,97,21,26,98,25,28,46
595,24,20,6,114,43,1,3,63,5,18,35,15,97,28,7,12,29,46,54,87,66,81,89,13
596,14,58,11,2,25,23,21,18,95,34,22,12,84,9,116,5
597,66,23,25,3,92,21,20,97,15,19,6,10,12,84,43,72,95,16,8,7,62,100,2,24,22,63,114
598,20,18,11,97,8,34,114,6,5,16,104,9,2,95,7,26,36,92,118,31,17,19,10,15,67,3
599,84,92,15,21,89,66,9,97,25,26,114,20,8,17,6,95,1,10,43,34,14
600,14,84,8,7,34,10,46,15,3,114,13,97,11,17,95
601,3,11,6,15,14,114,97,117,9,18,37,26,24,78,10,12,7
602,6,84,46,18,26,4,10,23,3,5,2,52,114,63,9
603,84,3,9,34,25,19,95,10,55,12,8,24,5,58,13,23,61,21,14,18,104,2
604,22,89,63,8,20,25,4,5,2,46,58,23,97,1,96,38,48,16,35
605,66,16,6,25,26,10,1,34,19,92,22,97,3,8,4,114,18,9,55,17,13,84
606,6,3,13,23,9,46,24,11,55,66,84,26,114,18,21,17,10,63,92,19,108
607,9,12,10,1,114,15,89,7,20,22,16,34,19,55,3,14,97,24
608,97,26,7,18,6,20,34,24,19,9,103,21,1,43,5,104,25,8
609,34,8,84,66,3,12,95,97,25,63,13,7,43,28,18,20,55,21,85,1,15
610,24,34,2,9,83,22,89,16,14,18,114,11,25,97,7
611,13,46,14,26,114,7,4,21,19,88,6,3,18,97,11,78,9,15,56,25,75,34
612,2,1,11,23,12,15,21,16,34,14,19,25,33,20,55,10
613,92,13,24,7,95,25,22,114,34,10,8,66,89,6,47,2,28,113,9
614,22,7,10,114,1,11,25,5,15,89,63,26,21
615,10,34,84,26,17,1,9,95,22,20,114,2,8,16,15,18,92,6,53,25,102,13
616,8,3,34,11,22,26,114,65,7,14,117,6,13,25,66
617,22,11,9,13,21,5,14,97,63,25,18,7,17,96,55,12,24,26
618,66,97,3,63,4,8,34,43,15,26,28,23,2,6,24,5,1,102,16,54,21,64,22,38,17
619,13,34,20,16,46,21,89,66,97,17,6,15,9,114
620,2,22,19,10,12,11,14,24,3,92,31,23,26,28,50
621,13,114,7,12,20,9,22,11,84,97,15,34,46,68,95,5,8,1,66,26,47,28,36,17
622,97,63,89,46,2,84,5,18,43,6,13,25,22,26,24,66,10,17,95,21,94,11
623,26,11,13,17,114,95,18,66,5,46,63,2,89,119,58,1,16,92,52,9
624,21,7,6,15,2,12,84,20,26,114,17,65,13,9,25,102,97,22,19
625,97,19,9,25,103,20,7,8,114,34,24,95,10,88,54,52,26,92,2,18,16,14,15
626,2,26,97,3,14,9,23,95,12,21,8,24
627,18,84,1,19,5,6,26,95,12,97,66,80,34,21,114,56,92,24,46,9,58
628,3,19,4,6,20,2,11,24,1,16,5,9,17,25,34,62,43,8
629,97,21,25,3,24,114,84,20,7,46,8,34,43,17,9,5,92,39,26,16
630,15,92,89,46,84,13,26,35,11,38,24,19,9,16,10
631,21,22,18,1,25,6,46,43,66,34,104,58,10,13,47,7,117,87,97,14
632,26,92,21,20,15,6,34,2,13,53,102,12
633,89,24,4,26,14,7,13,12,43,95,97,48,1,104,46,55,25,76,17,2
634,114,10,26,8,9,22,18,63,14,20,25,23,5
635,46,24,7,5,2,43,15,8,4,92,18,14,26,23,97,9,84,13,76,40,81,54,20,66,83,117,22,11
636,10,89,22,3,21,97,1,6,9,26,8,92,35,7,43,63,4,12
637,5,16,21,89,43,6,10,34,63,13,14,117,19,104,62,28,46,7,17,92,115,3
638,7,92,21,11,24,14,1,16,84,114,9,66,10,8
639,20,9,26,10,24,6,7,38,17,97,85,15,92,60,16
640,2,14,26,22,11,6,21,20,117,34,97,93,109,18,72,25,71,63
641,34,16,5,12,6,11,14,114,22,19,46,4,26,97,1,15
642,97,14,114,63,21,19,2,17,28,8,5,16,24,15,25,95,11
643,26,89,11,15,16,2,9,19,13,22,7,6,14,34,3,23,25,117,1,87,8,104
644,34,11,46,28,62,13,18,12,114,7,26,103,20,5,54,3,14,8,1,22
645,10,7,5,24,20,55,21,15,62,95,11,8,46,58,9,12,16,63,26,18,33
646,25,63,95,97,12,58,24,19,10,28,16,53,2,6,46,66,21,13,26,1,54
647,13,12,10,21,6,92,3,22,7,16,11,20,15,58,77,97,2,84
648,25,13,11,28,14,23,17,26,9,62,10,6,19,89,84,92,115,3,81,20,7,24
649,14,1,7,23,13,16,89,54,115,34,81,4,48,109,92
650,17,15,4,114,11,1,8,58,20,22,14,2,24,103,12,18,25,3
651,17,25,114,14,23,20,33,63,11,95,54,4,19,55,102,6,26,16,8,15,35,84,9,64,46
652,8,24,22,3,17,25,1,89,11,10,19,112,34,7,4,13,23,12,28,46
653,114,10,92,97,63,13,66,58,8,101,75,19,46,93,39,14,28,22
654,1,16,115,26,14,4,49,68,10,6,12,25,22
655,21,34,18,12,97,6,13,20,26,89,15,14,22,117,1,19
656,14,21,97,17,114,5,9,7,12,13,2,58,3,24,25,4,46
657,18,46,97,17,16,10,20,12,5,25,26,6,13,114,89,92,55,32,19
658,6,1,14,16,24,3,18,114,15,2,97,46,5,86,20
659,5,14,46,97,25,84,63,6,23,7,56,92,8,57,2,24,15,89,65
660,13,114,8,12,3,16,17,11,1,48,34,20,15,97,14,18
661,18,21,22,20,7,10,16,84,5,89,46,97,14,12,24,26,11,102
662,10,92,24,3,19,15,7,46,34,25,55,26,18,23,20,58,91
663,114,34,19,46,17,13,97,84,21,20,10,9,18,26,8,23,5
664,18,17,26,7,63,46,10,4,13,12,1,93,33,97,34,23,66,72,2,104,24
665,16,10,15,12,25,42,46,11,22,6,48,34,1,43
666,10,85,13,11,84,24,28,42,18,44,97,4,54,56,89,46,47,38,77,67,5,40,23,114
667,66,82,62,46,55,24,84,11,117,18,89,19,20,13,12,21,97,58,48,54,92,95,27,78,103,34,4
668,89,26,22,34,18,8,23,63,25,114,27,33,1,46,20,24,21,9,19
669,92,6,16,17,46,13,24,31,21,19,15,25,34,58,11,3,89
670,89,1,5,18,17,15,9,6,46,11,92,95,63,56,84,97
671,66,92,34,9,5,89,18,6,21,82,43,85,83,17,7,94,25,104,103
672,10,81,21,13,114,9,11,16,63,19,5,3,7,4,39
673,46,13,6,34,5,26,16,97,63,8,17,1,2,23,20,25,43,14
674,9,97,10,19,13,16,22,95,1,89,21,114,8,6,23,5,63,104,64,3,2
675,12,21,5,3,16,6,22,8,15,2,19,33,18,91,97,117,10,23
676,66,34,25,6,46,17,31,9,119,14,114,97,2,10,63,18
677,9,6,89,16,104,21,46,11,95,12,25,8,7,24,18,15,34,13,10,88,3,55,84,22,2,43,14
678,17,6,11,18,12,2,92,93,9,13,43,25,84,7,14,104
679,17,1,95,15,25,19,10,7,20,84,24,6,12,92,64,4,58,23,87,67,43,63,18,104,16
680,21,13,12,11,16,4,114,97,7,77,26,24,19,15,9,1,10,5
681,10,11,21,24,16,9,89,62,95,23,13,28,70,1,26,92,46,108,114,2,17,20,3,8,7,55
682,22,89,13,9,23,16,11,12,3,58,4,18,55,7,17,35,2,26,1,25,70,10,46
683,46,18,16,20,63,95,12,103,84,92,1,5,54,7,13,15,89,19,88,58,26,30
684,17,19,92,10,46,95,16,26,3,22,23,9,43,5
685,26,3,14,103,22,24,28,21,25,114,12,9,89,85,46,84,2,13,10,16,7,8,56,102,23,6
686,15,33,6,16,24,20,17,3,104,19,114,92,79,1,60,12,5,10,89,93,54,13
687,10,26,22,51,2,17,7,1,18,104,11,84,34,6,5
688,8,9,3,89,23,7,24,114,13,25,2,34,43,98,79,22
689,9,10,6,25,8,19,14,2,4,12,84,20,81,34,97,1,114,95,119,13,7,21
690,97,25,66,9,5,16,10,3,17,34,7,115,95,12,21
691,25,2,18,8,14,26,34,84,9,6,1,98,7,24,10
692,16,2,1,89,63,25,92,17,95,84,6,21,20,46,106,12,10,11,8,34,79,66
693,24,28,8,89,25,2,3,11,13,6,117,10,92,54,7,34,114
694,8,1,114,18,19,46,15,6,21,9,5,7,2,55,10,22,40,20,53,58,24,89
695,3,34,22,1,70,10,114,28,95,89,13,7,6,66,16
696,25,11,4,34,16,12,17,114,6,26,7,63,9,19,112,67,92,43,46
697,1,19,9,4,22,25,16,2,15,23,10,46,24,55,94,89
698,18,11,114,26,10,1,34,97,95,22,20,6,14,106,63,8,2
699,3,21,9,24,23,7,12,15,6,20,63,18,26,14,34
700,24,13,11,18,1,14,92,43,6,12,26,84,34,28,15,8,70,7,86,21,33,89,9
701,15,19,24,92,66,9,107,20,1,84,114,104,55,12,2,46,95,8,6,117
702,9,18,84,20,14,34,12,21,13,24,46,7,22,66,56,26
703,24,1,26,11,15,84,10,23,55,93,14,2,104,19,21,13,3,6
704,25,26,17,16,19,1,12,89,22,66,54,20,68,10,14,62,6,5,9
705,5,46,1,4,8,21,20,63,97,7,17,104,66,22,18,84,89,15
706,26,6,13,5,9,63,34,17,89,19,4,15,28,14,71,21,114,1,54,58,119,97,65,10
707,11,19,2,1,8,4,6,17,21,94,73,113,33,25,58,43,34
708,18,12,34,6,17,89,92,9,95,14,22,11,16,23,100,83,97,56,5,60,115,54,13,55
709,20,97,58,25,13,92,33,66,15,18,16,24,9,2,82,53,88,10,14,84,26
710,11,15,1,92,13,66,7,23,8,63,17,21,62,14,19,4,34,26,117,54,22,24,118,46,20,103,89,114
711,8,25,13,114,17,16,11,23,5,6,95,15,20,14,3,34,21,4,97,98,9,63
712,22,16,25,17,46,12,89,10,8,106,97,20,21,67,6,2,15,18
713,84,11,114,34,46,43,20,89,5,97,17,2,12,9,19,8,15,26,104,6
714,18,46,24,14,3,22,114,13,95,15,17,84,91,25,16,55,89,54,64,51,1,7,21
715,19,16,92,95,25,8,3,21,114,111,6,13,17,34,46,31,7
716,9,16,3,97,5,22,25,12,15,14,89,2,17,34,19,36,21,24,29
717,89,46,12,15,34,22,63,8,17,43,2,6,18,7,114,9,25,11,23,95,14,16
718,89,84,18,14,26,46,97,5,8,20,4,3,22,17,13,95,24
719,5,1,24,8,6,7,22,25,14,63,20,3,16
720,5,3,21,19,16,12,9,23,46,97,11,63,104,1,18,89,66,75,114
721,24,63,22,12,54,4,1,8,19,15,5,64,80,40,34,11,117,7,33,62,16
722,6,18,21,46,1,10,3,14,89,92,104,8,34,9,2,5,17,15,25
723,19,5,24,16,3,13,34,10,14,6,114,18,84,113,50,2,17,9
724,46,1,21,15,4,14,24,22,58,54,97,63,11,17,39,9,3,12
725,21,7,63,15,23,89,46,17,95,55,22,84,10,81,20,73,3,78
726,2,11,55,84,21,10,13,22,114,15,95,1,46,20,66,23,3,28,7
727,18,97,7,95,16,2,46,89,23,25,21,58,20,13,34,10,24
728,13,46,26,89,22,63,20,104,23,14,3,28,117,55,91,66,96,34,5,24,62,95,41,4,11,38,15
729,21,18,14,7,20,6,25,19,11,97,84,15,66,4,64,5,117,2,12,26
730,18,114,46,17,28,58,42,97,16,10,8,14,4,21,9,19,20,2,94,34,61,47,25
731,11,26,9,89,58,16,14,12,20,15,13,59,5,114,25,7,6,8
732,21,23,2,13,17,18,81,65,12,42,84,11,97,20,9
733,11,66,63,46,8,25,54,4,97,26,24,7,21,1,84,17,92,19,114,20,12,55,67,43
734,25,34,66,24,20,21,13,55,114,3,95,117,92,89,39,9,6,26,1,84
735,10,18,89,8,66,95,22,46,11,24,20,13,7,103,85,102,4,6,39,9,44,12,5
736,12,84,63,9,16,21,46,11,28,3,114,97,1,4,42,2,92,7,15,55,8,18,30,86,34
737,12,34,21,18,14,20,17,24,6,7,19,2,13,84,8,43,31,1
738,9,25,89,6,20,5,17,19,15,97,3,87,31,95,114
739,114,9,20,22,15,16,63,66,89,24,6,12,83,1,34,5
740,21,63,55,19,22,46,18,97,98,9,25,104,84,12,5,20,118,24,92,16,2,23
741,13,18,22,26,24,21,17,1,23,20,59,15,6,2,16,10,11,14,97
742,34,26,46,114,25,58,5,9,19,20,1,95,15,17,92,107,2,109,87,16,13
743,22,18,7,2,5,17,9,34,66,13,104,8,21,49,97,23,26
744,13,8,19,34,24,115,55,10,66,26,97,46,17,3,20,16,63,95,14
745,26,15,18,23,9,22,63,2,37,24,89,14,21,13,82,10,84,19,114,91
746,14,23,97,20,4,15,34,5,95,16,7,2,24,68,18,111
747,21,24,25,97,63,12,4,11,18,22,84,5,43,46,55,3,17,15,19
748,114,66,4,55,8,43,20,63,6,62,34,25,24,30,7,92,104,2,39,9,15
749,2,14,3,7,46,18,97,25,95,107,105,89,21,9,84,4,12,62
750,12,66,46,2,14,25,11,15,21,114,63,89,16,50,5,34,92,7
751,10,114,16,6,7,8,84,63,2,26,95,34,12,22,14,24,13,1
752,16,114,84,3,11,71,6,20,111,4,19
753,5,63,25,26,6,18,7,34,24,21,20,3,100
754,84,25,23,89,22,11,5,104,13,46,43,63,72,20,93,4,58,95,21,9,77,92,10,3
755,3,22,97,66,9,26,21,1,10,89,6,100,107,2,53,49,14,63
756,8,26,22,1,12,11,3,58,13,6,14,25,21
757,11,7,5,26,14,34,20,12,114,22,84,17,79,2
758,12,46,1,28,97,3,25,6,16,54,20,15,84,95,17,104,26,8
759,55,26,7,58,16,95,114,63,104,20,14,9,89,84,17,8,106,103,2
760,10,11,19,7,114,22,6,34,17,23,87,92,4,117
761,1,28,46,15,25,84,6,16,9,117,7,34,32,5,20,19,8
762,17,18,6,5,3,15,20,89,1,4,97,12,16,7,21
763,20,25,2,21,17,7,66,95,6,26,11,8,16,114,89,34,35,5
764,2,19,89,13,26,18,6,22,20,10,12,15,51,7,8,23,97,43,79
765,3,25,46,17,18,26,19,21,24,97,12,114,7,1,20,9,55,14,4
766,46,114,14,2,13,11,7,9,26,25,19,6,22,5,34,16,58,15
767,10,24,89,34,97,17,9,25,95,58,28,16,20,84,23,15,66,42,114,104,40,2,46,98,1
768,7,18,34,5,46,26,1,2,14,9,55,63,12,97,89,21,52,112,115,30,16,13
769,63,26,13,18,5,66,17,14,89,95,7,84,20,3,117,76,24,1,23,54,104,114
770,21,18,34,20,63,11,95,26,9,58,84,25,8,10,5,46,1
771,17,89,3,95,19,97,58,92,66,28,25,20,62,18,84,55,93,43,114,109,63,11
772,19,20,12,63,11,95,6,92,84,5,21,26,8,3,114,24,14,22
773,14,46,20,9,21,84,18,25,12,4,10,97,107,89,8
774,34,8,18,9,97,95,55,6,84,65,1,11,43,14,102,15,37,3,66,20,2,13,89
775,26,97,84,1,2,3,14,10,22,6,114,17,8,24,4,25,20,9,58
776,21,3,95,9,4,89,34,24,5,19,17,14,66,46,113,58,8,20,117
777,6,3,20,4,92,9,10,21,97,14,16,28,12,18,84,26,24,114,17,22
778,114,9,97,22,3,15,10,7,13,4,55,92,36,16,14,102,26
779,13,6,14,84,63,5,19,55,8,26,43,46,28,103,1,21,11,23,106
780,46,11,19,114,18,13,84,2,24,87,22,10,3,95,7,36
781,15,16,18,21,25,46,12,9,63,34,13,24,84,38,23,37,10,5,58,20,66
782,2,5,21,25,13,66,10,114,97,89,12,11,18,9,1,85,15,14,24,7,34,117,92
783,11,16,19,18,3,92,26,95,4,107,1,22,7,34,89,9,13,48,55,84
784,26,18,24,114,6,5,13,8,12,4,10,60
785,3,6,114,21,17,46,92,12,20,25,89,97,7,2,34,5,9,24,19
786,114,1,16,26,24,11,19,17,4,91,34,6,63,21,3,15
787,12,22,5,97,89,3,21,4,51,25,17,95,6,18,23,58,20,26,9
788,17,18,114,21,1,15,5,97,92,22,34,14,38,26,12,3,4,43,86
789,6,22,4,9,14,5,17,2,21,12,10,23,109,11
790,22,12,16,10,25,2,18,20,84,66,7,46,26,34,95,14,4,6
791,13,10,34,16,4,24,15,7,63,114,19,84,26,92,5,22,28,54,1,17
792,2,84,15,63,7,1,21,58,10,4,55,6,5,20,9,92,91,17,16,8,101
793,12,16,18,34,15,63,3,11,20,46,24,92,9,95,58,43,6,72,8
794,15,13,27,25,26,21,23,35,8,37,1
795,24,9,34,13,15,6,10,63,8,7,5,95,114,84,97,22,71
796,2,7,1,16,13,15,6,22,84,4,5,89,23,114,17,20,14,3,19
797,21,20,3,19,17,34,25,5,92,26,89,62,13,12,18,8,55,84,23
798,13,10,19,22,63,18,7,89,2,16,15,68,25,24,5,34,61,114,28
799,9,8,16,6,33,13,22,19,11,2,18,10,20,15,4,5,46,34,26,23,114,25,89
800,114,7,9,8,21,13,2,5,6,14,17,1,79,25,18,22,23,50,34,89,16
801,7,89,97,15,4,34,58,1,24,12,55,16,13,26,114
802,21,89,58,26,92,2,23,6,5,15,114
803,17,15,26,4,28,58,14,3,51,10,97,21,23,11
804,7,3,25,10,24,95,89,46,11,2,20,51,18,26,84
805,46,1,5,95,10,21,63,97,9,4,6,85,7,8,64,18
806,22,3,18,34,19,4,89,10,6,14,13,7,15,20,9,16,46,103,113,5
807,26,9,4,14,2,22,55,1,6,17,106,95,18,97,62
808,25,13,16,46,18,22,10,14,2,84,1,17,58,92,105,95
809,18,1,10,25,12,5,6,114,92,103,89,33,8,13,24,97,4,9,11
810,34,22,46,15,21,16,8,84,7,1,19,4,92,24,13,14,97,95,89,104
811,84,11,5,26,18,7,3,14,78,22,80,43,34,114
812,3,43,11,15,13,28,66,104,1,4,2,77,102,25,22,119
813,1,20,34,7,16,23,97,4,104,22,103,5,63,95,9,25,24,100,26,14,18,89,10,17,119,21,13
814,24,22,43,95,10,1,7,25,97,34,12,21,3,9,84,114,17,31,23,37,16,14
815,22,2,114,77,89,18,17,16,11,13,14,5,20,1,21,19
816,24,8,3,58,9,114,84,22,10,1,66,25,14,19,11,63,6,46,59,37,26,7,34
817,7,8,84,89,26,20,1,46,14,6,63,43,114,12,23,16,15,19,2,94
818,17,20,43,114,5,9,11,89,28,25,95,6,33,110,52,58,23,21,24
819,16,8,20,95,34,9,43,63,89,46,23,1,14,25,11,6,62,103,13,2
820,18,10,14,95,17,8,12,46,66,15,11,54,26,21,92,97,34,1,23,24,7,63,58,28
821,5,2,18,10,20,15,104,55,1,6,19,25,8,114,85,28,14,65,16,26,17,7,21,46
822,46,22,20,17,95,6,7,4,21,114,16,11,14,12
823,8,25,23,20,21,63,28,114,19,46,17,89,84,6,97,5,3,87,58,104,9
824,34,46,7,8,6,26,21,17,28,16,43,84,3,114,5,10,36,15,22,52,4
825,114,14,21,2,13,89,34,66,62,3,97,24,18
826,66,5,92,16,85,6,46,114,40,55,84,9,4
827,23,8,33,117,16,25,104,89,13,66,18,26,97,92,114,22,34,78,9,40,84,43,19,15,11,62
828,25,34,58,63,84,14,5,61,20,95,46,19,45,6,15,26,7,22,33,11
829,10,3,114,12,18,15,17,34,7,20,97,91,66,36,117,95,1,19,105,23
830,114,19,25,46,21,43,5,9,11,26,103,2,117,58,17,59,28,92,47,22,18
831,8,24,9,95,84,19,89,17,62,43,93,97,18,4,77,54,25,34,5,58,12
832,16,7,5,10,19,11,97,17,34,3,46,89,95,114,39,101,2,102
833,46,114,34,18,63,66,25,43,54,21,14,15,12,26,28,9,92,17,13,4,19,6,50,2,1
834,20,26,25,97,17,9,46,12,3,7,89,2,21,114,84,11,24,15,55
835,24,26,22,97,14,12,18,10,34,2,6,67,5
836,13,107,46,97,21,18,66,58,16,25,14,2,63,91,74,3,72,12,9,61,22
837,26,9,92,25,66,63,18,4,6,97,3,2,1,17,106,15,10,8
838,10,19,97,20,5,46,12,14,100,117,26,9,50,43,54,30
839,9,13,3,66,17,18,15,24,20,25,11,6,1,92
840,14,21,13,16,15,24,114,38,11,10,95,8,12,1,4,25,3,6,7,89,66
841,13,15,46,84,9,12,63,102,92,95,112,7,114,34,8,28
842,6,15,66,34,89,12,19,14,26,24,11,1,114,8,92,13,28,63,58,97,10,84,20
843,92,95,5,2,18,34,13,22,43,117,111,25,7
844,10,14,16,46,25,89,5,95,20,15,34,88,12,17,7
845,2,21,84,14,8,12,34,23,103,97,89,17,69,72,10,19,22
846,25,46,15,12,24,3,84,10,92,16,18,85,8,21,2,47,77,38,104,95,11,116,27,1
847,22,89,58,15,34,2,19,46,43,25,3,109,20,6,114,4,11,7
848,18,26,4,3,24,63,46,34,16,20,66,22,15,9,73,31,108,97,55,11,17
849,21,89,15,33,34,43,5,2,17,18,24,114,104,13,92,59,97,14,10,31,16,20,79,93,6
850,22,1,25,97,13,26,4,43,6,104,15,3,5,17,14
851,17,21,24,22,34,89,10,3,55,84
852,24,8,26,84,89,117,15,7,97,63,10,11,1,19,92,34,54
853,18,97,34,15,14,5,7,3,59,25,2,1,104,12,23,26,13
854,25,89,43,21,6,54,19,13,97,7,18,46,95,17,96,23,84,4
855,24,8,13,15,10,55,17,25,14,3,1,116,5,7,66,46,84,2,43,93,97
856,24,6,12,84,19,46,1,3,20,2,43,21,13,9,23,39,15,55,104
857,12,16,15,13,92,19,3,24,14,7,2,89,9,104,1,22,30,10
858,10,13,34,15,66,25,12,18,92,3,6,7,117,24,8,97,5,118,55,98,20
859,13,11,22,7,117,17,5,2,16,97,43,19,12,26,82,15,25,84,63
860,14,5,18,21,6,22,1,24,11,25,8,97,17,78,3,114,39,106,89,34
861,18,7,24,4,8,20,97,9,17,15,43,3,92,2,1,81,25,19,34
862,46,34,9,7,63,6,1,11,89,10,20,97,17,3,107,84
863,17,18,34,9,8,84,95,114,24,99,29,63,46,1,45,100,5,13,3,21,94,12,19
864,89,7,1,58,26,23,25,10,11,24,104,16,55,76,9,15,6
865,114,12,18,34,23,58,16,9,28,84,6,89,24,2,22,104,46,7,5,19
866,66,55,62,7,24,19,10,18,1,114,9,80,97,25
867,84,66,25,13,26,92,20,114,34,79,5,11,18,2,8,7,9,6,16,113,10
868,46,89,12,84,19,24,55,6,92,21,18,4,73,10,9,1,16,11,17
869,21,17,16,84,18,1,3,8,13,104,89,15,11,97,46,108,114,95
870,15,1,84,103,7,9,24,28,12,11,43,22,26,10,25,16,2
871,24,25,34,89,46,21,11,9,12,95,114,26,10,5,6,23,107,2,18
872,20,3,92,16,6,114,85,65,4,14,1,34,103,13,2,19,63,8,95
873,26,11,25,16,58,21,19,10,89,22,92,110,97,20,1
874,9,97,22,89,5,54,1,20,11,68,12,3,28,34,26,13,43,21,18,16,14
875,16,20,114,9,22,6,18,85,12,46,14,15,89,8
876,15,26,21,20,95,97,7,2,13,89,38,43,12,84,114,63,3
877,12,22,7,14,89,10,34,25,5,15,66,18,35,4,26
878,22,13,16,2,34,17,10,14,97,1,11,104,46,62,107,93,113,91,3,54,5,66
879,84,19,23,89,25,34,17,18,59,97,114,22,92,12,10,91,3,63,7
880,92,46,5,1,4,114,17,30,10,8,55,19,23,34,73,7,112,77,25
881,8,9,19,23,43,15,10,114,25,20,95,72,11,21,7,92,63,102,71,17,18,24,30,89,28
882,15,12,23,24,18,63,20,89,5,22,6,10,2,13,114,14,3,16,17,8,55,43
883,26,16,18,12,97,13,9,114,22,46,7,99,20,34,89
884,114,66,15,9,28,34,26,55,10,16,17,23,1,2,91,92,65,84,25,14,19,89,18,63
885,26,92,2,95,5,1,18,16,11,22,34,46,24,19,6
886,19,1,26,4,8,22,13,25,2,7,14,89,20,114,3,9,85
887,82,3,27,7,97,17,114,20,43,54,46,25,12,89,92,117,1,9,21,2,10,15,6,24,50,62
888,8,2,10,6,21,18,114,45,24,12,16,9,11,23
889,2,28,103,10,54,26,46,6,95,14,21,58,18,23,104,88,27,94,62,85,5,114,89,19
890,5,22,13,3,14,25,11,114,46,6,16,19,4,89,8,12,21
891,66,46,3,12,92,2,34,14,97,5,58,22,10,24,6,38,55,17,54,47,21,13,7,4
892,9,15,24,20,43,21,84,5,97,13,16,1,19,48,92,2,17,25,46,59,54,7,6,26,3,22
893,18,22,2,3,13,7,95,1,4,8,9,38,14,28,34,5,11
894,7,16,26,66,1,5,15,12,114,9,11,25,8,24,30,6,23,4,95
895,16,2,3,25,20,21,95,117,55,13,17,15,97,49
896,84,89,6,20,46,13,34,12,63,26,47,24,21,23,2,119,92
897,17,5,16,6,14,92,9,76,70,97,104,2,20,114,25,13,23,11,58,48
898,97,92,17,62,22,104,43,58,12,13,28,55,19,24,25,7,85,1,15,46,18,103,21,45,84
899,34,11,13,21,4,18,2,89,3,97,27
900,26,11,3,92,17,24,16,4,31,15,89,55,42,13,5,97,6,8,18
901,21,14,16,18,11,1,26,84,25,51,24,46,118,5
902,14,11,3,58,21,26,46,15,22,12,101,99,41,8,119,25,34,95,92,66
903,8,20,11,92,15,84,95,1,14,25,21,46,2,9,34,54,16,104,18,5,23,12,3,7,6
904,89,6,24,9,46,73,7,34,18,10,5,114,12,59,20,15,2,104,3
905,22,28,10,25,2,14,17,63,6,26,58,43,18,8,9,21,97
906,24,4,7,19,3,22,46,84,58,92,1,21,18,17,66,97,9,14,53,20,63,6
907,26,15,13,22,16,74,17,6,58,20,91,2,73,3,31,46
908,15,84,9,16,95,1,26,11,82,63,10,20,4,89,98,14,104
909,15,3,84,2,114,43,4,46,35,17,13,92,25,22,21
910,1,6,14,17,3,16,114,22,11,7,13,10,15,97,19,2,25,34,20
911,20,12,5,84,34,103,24,14,66,11,1,10,63,9,97,61,19,23,46,26,101,93,114,7,82
912,34,24,10,2,58,6,18,46,95,14,22,55,19,9,8,25,97,106,89,114,103,1
913,6,8,114,63,16,34,3,89,23,7,46,21,9,42,12,11,2,104,5,18,92,95,17
914,12,89,22,34,24,10,66,19,21,5,95,17,3,18,55,14,11,20,2,4,46
915,89,114,25,22,9,5,8,7,11,21,3,14,13,86,18,23,2,95,26
916,23,46,26,3,22,95,11,19,24,21,13,16,8,114,18,110,6,17,25,54,2
917,8,20,58,13,2,6,5,18,10,117,47,4,9,3,89,21,97,41,1,22
918,16,15,2,21,89,12,5,34,6,8,20,18,84,4,50,22
919,15,14,89,66,84,24,21,95,11,54,2,34,8,6,12,22,7,3
920,2,15,26,43,8,114,17,34,14,19,1,22,10,112,13,20,18,89
921,12,20,26,1,6,66,92,24,9,16,11,62,30,10,4,93,3,21
922,24,14,34,10,92,46,66,11,89,20,43,7,9,2,82,114,22,15,84,63,50,104,17
923,1,92,34,25,43,15,2,18,17,28,14,72,5,8,21,7
924,12,38,20,10,17,25,9,14,3,84,34,24,46,112,4,21,13
925,9,21,14,43,1,6,59,8,118,23,25,46,10,117,18
926,89,19,17,22,2,9,23,21,114,18,47,12,16
927,22,66,14,4,3,11,26,89,19,25,95,5,10,6,21,92,115,101,114,78,96,9
928,19,4,54,15,8,16,6,46,9,11,26,97,89,12,20,17,84,25,59,63,2
929,82,24,46,25,92,63,23,4,6,85,107,16,53,21,10,43,22,103,102,19,55,15,18,13
930,11,19,103,95,3,13,24,63,12,84,23,55,8,91,4,5,43,97,26,25
931,5,92,20,114,84,103,34,14,17,1,66,2,21,28,19,26,9,89,10,23,13,111,8
932,97,34,114,1,25,17,12,22,89,7,15,26,9,63,66
933,9,26,10,6,114,17,22,8,18,25,117,16,4,89,57,3
934,84,25,92,63,95,21,20,19,4,28,13,17,1,22,66,3,2,97,6,54,26,10,18,12,64,58
935,25,92,4,55,20,24,34,19,2,14,23,97,21,114,58,107,103,88,93,6
936,1,6,14,10,25,12,13,26,66,2,55,92,5,11,24,114,81,17,16,7,18
937,22,89,16,9,19,12,11,6,97,8,10,25,15,3,44,46,2,63
938,22,15,114,12,7,19,4,23,3,55,24,8,92,26,5,11,17,89,94,21,66,18,36
939,89,18,15,9,17,10,13,26,14,16,2,34,22,92,3,46,21
940,7,14,25,24,12,15,89,26,5,23,21,22,2,97,109,20,19,72,4,11,8,34,18
941,15,3,89,22,14,17,7,9,20,13,97,10,23,26,34,2,12,5
942,7,8,11,5,24,2,17,114,18,15,9,13,16,23,22,6,21
943,8,7,13,10,9,26,5,16,11,6,92,43,34,1,4,15,21,72,91,64
944,34,15,55,104,5,114,12,3,20,28,10,43,21,18,1,84,95,54,46,2
945,34,15,7,10,3,11,8,16,26,14,84,9,111,30,92,25,33,6,23
946,1,21,16,6,12,22,18,8,92,15,9,11,89,97,43,66,2,108,4,38,95
947,11,6,22,2,34,17,25,7,16,23,1,68,9,84,24
948,1,8,21,5,2,89,9,11,19,66,14,28,34,114,95,43,58,26,29,16,33,12,80,54,30
949,17,18,114,12,1,25,24,34,40,16,6,77,9,20
950,21,10,3,24,25,20,6,5,114,2,13,46,84,12,17,18,48,22
951,34,9,17,24,6,3,46,16,15,8,18,95,25,19,23,63,89,114,64,28,47,1,43,21,119,97
952,22,84,20,18,3,92,46,25,1,34,8,11,16,86,13,26,74,107,45,37,21,32,17
953,11,17,9,24,66,42,63,23,114,19,92,62,5,84,25,59,12,16,20,97
954,5,55,15,13,114,100,22,12,95,19,8,2,34,84,33,91,63,16,17,36,89,66,58,9
955,6,5,3,1,11,12,89,97,7,8,17,13,28,84,75,21,34,114,26,92,18,103,14
956,6,9,19,43,104,16,17,28,114,7,45,24,26,5,12,54,3,63,66,18,100
957,20,24,114,46,18,11,25,13,62,23,17,34,1,84,8,78,2,12,95,117,21,22,14
958,17,6,28,66,89,7,20,84,11,4,70,58,46,80,12,26,22,14,21,13
959,25,6,92,9,11,19,3,23,17,97,63,46,28,10,15,21,117,26,55,1,91,84
960,28,11,7,97,2,25,46,104,63,26,10,13,19,21,82,4,55,109,16,35,1
961,7,25,3,114,23,15,10,17,8,97,18,104,24,21,12,5,2,4,26
962,5,14,103,16,84,9,26,3,25,67,7,85,10,24,88,15,57
963,5,1,46,63,2,55,24,10,17,4,6,23,95,66,34,3
964,26,17,55,8,19,2,11,38,24,21,1,97,94,46,87,12,95,15,14
965,25,24,3,5,22,8,10,95,2,84,9,15,89,40,43,46,21,6,50,92,16,7,26
966,8,114,97,7,1,84,17,12,13,22,20,103,35,6,21,26
967,10,89,46,12,16,6,1,19,84,26,2,7,8,22
968,92,26,11,5,24,15,63,4,66,43,103,16,106,100,31,89,2,104,84
969,21,63,20,11,8,26,92,16,15,2,84,43,116,19,93,12,9,89
970,5,97,10,3,13,12,114,4,25,89,58,16,73,2,21,15
971,10,16,2,24,14,26,97,54,15,5,22,65,84,17,25,92,11,95,62,64,89,56,3
972,3,25,1,99,17,21,20,22,114,16,34,95,46,79,15,5,10,70,9,8
973,25,21,20,18,24,15,11,95,14,80,4,3,12,79,17,8,34
974,9,8,26,14,114,12,15,66,40,19,101,13,63,2,10,6,84,117,5,22,23,28,21,11,89
975,14,13,22,16,114,25,69,8,2,19,11,46,117,6,4,63,7
976,9,13,63,43,114,104,7,89,54,25,19,113,3,117,82,22,23,1,15
977,8,14,24,23,21,12,34,22,13,66,6,58,38,2,86,10,55,105,7
978,63,17,21,9,104,7,3,11,34,33,22,4,25,12,19,6,84,95,55,14,26
979,22,114,1,23,89,19,3,21,4,24,64,13,10,30,28,92,14,35,43,2,15,106,26,38,82
980,13,20,9,17,3,63,22,51,46,58,18,108,84,114,10
981,24,1,25,20,12,16,101,14,21,94,10,97,71,5,19,59,30,89,34,11,23
982,9,63,12,17,55,5,54,26,8,3,4,7,89,84,95,18,23,97,62,69,61,1,30
983,8,14,46,89,3,9,92,25,1,24,114,20,6,18,95,15,23,102,2
984,11,5,12,20,16,84,114,1,17,2,6,22,25,95,14,8,23,7,24
985,8,26,17,13,7,25,117,103,3,24,58,18,95,21,43,46,114
986,21,13,15,9,67,89,95,19,23,47,14,58,39,22,63,28,45,17,100,3,12,92,53,36,25,38
987,13,62,22,34,114,25,3,19,46,20,23,17,12,97,8,66,43,14,4,84,9,10,72,41
988,25,22,9,10,7,24,34,26,3,15,79,77,12,17,5,85
989,16,12,1,3,20,22,17,9,24,89,7
990,25,24,89,12,4,95,22,2,26,15,9,10,16,46,7,92
991,66,17,23,46,55,9,19,3,25,26,15,28,56,16,112,20,4,50,58,114,95
992,28,14,114,92,9,103,1,19,4,5,107,89,41,15,16,34,25,6,106,11,18
993,2,22,19,16,26,8,6,20,21,63,10,15,92,1,17,14,11,3
994,82,8,14,6,3,18,15,22,7,13,5,24,25,119,117,10,89,21,26,46
995,25,10,34,114,7,5,22,97,26,6,8,16,11,12,23,19,103,55,35,64
996,1,84,25,23,11,24,17,89,18,5,112,95,3,28,34
997,3,117,17,11,20,33,13,34,4,14,23,18,114,22,2,46,8,65,9,43
998,15,6,114,34,9,5,8,20,46,80,63,12,53,37,14,18,21
999,7,12,46,43,6,24,20,92,16,4,21,38,89,117,103,15,5
1000,6,2,21,114,26,25,16,14,1,3,12,15,5,98,89,17
1001,17,22,14,117,13,8,3,26,9,44,63,1,88,2
1002,16,84,18,46,8,97,17,7,5,20,63,89,114,13,4,104,1,23,21,12
1003,15,22,11,66,1,8,19,20,35,21,5,46,23,102,12
1004,12,89,23,4,34,95,21,46,2,1,114,15,40,22,115
1005,89,15,22,84,2,63,5,114,46,12,9,8,91,4
1006,20,13,16,117,1,84,15,95,97,22,24,8,11,5,104,4,23,21,26,69,10,18,3
1007,24,3,18,9,84,21,13,92,26,34,4,58,2,43,12,15,41,46,10,7
1008,14,66,25,95,6,12,24,22,46,2,84,5,11,17,114,16,58,23,34,63,55,104,33
1009,22,21,20,14,7,17,66,95,84,8,3,11,2,49,63,72,92,18,54,89
1010,103,46,20,7,97,63,89,95,9,17,22,21,3,5,13
1011,26,34,82,5,9,97,66,33,12,58,13,6,21,10,89,20,17,39,92,7,102,95,11,72,117,22,55
1012,89,46,27,10,34,17,13,26,85,43,62,72,5,23,77,97,3,11
1013,18,21,104,6,63,97,43,19,5,16,20,23,17,13,66,54,82,14,84,117
1014,13,53,46,10,17,8,11,16,2,12,106,9
1015,12,11,22,25,14,1,24,10,43,26,16,107,27,46,97,49,117,3,84,2
1016,6,18,8,10,12,63,3,89,19,97,26,24,17,7,13,5,14
1017,1,13,20,16,97,34,9,8,18,81,12,91,112
1018,26,46,6,114,20,2,5,22,7,34,24,17,15,1,55,23,16
1019,26,92,55,14,104,117,46,13,103,16,22,28,1,63,24,54,11,3,10,7,25
1020,5,97,1,21,19,6,114,24,34,7,20,16,8
1021,3,1,34,5,15,58,18,7,84,12,26,114,10,40,103,6,11,25,20,66,95
1022,1,114,2,5,17,34,11,116,108,14,3,6,22,9,107,10
1023,34,66,11,17,89,95,7,10,114,1,12,13,21,23,16,55,6,63,19,58,8,88
1024,3,20,16,6,84,95,14,17,34,114,8,26,63,25,9,89,10,11
1025,14,8,6,20,18,114,89,84,46,9,95,109,7,34,16,24,77,10
1026,1,15,104,84,11,22,17,16,55,3,24,58,21,63,43,42,46,6,20,10,18,2,19
1027,34,6,24,2,9,14,19,97,13,12,17,58,55,23,3,25,15,21,1,5,89
1028,15,14,89,34,5,2,21,63,12,58,46,6,13,97,10,3
1029,11,22,7,19,66,55,41,17,63,62,68,20,45,33,1,26,82,6,28,101,61,4,14,23,50,69,24,12,21
1030,14,11,26,97,24,1,89,10,17,25,54,104,21,84,22,9,8,16,64,12,34,18,60
1031,46,84,2,5,23,26,95,12,11,15,34,48,51,66,25,100,10,21
1032,12,89,23,26,14,24,18,6,25,7,13,63,57,9,46
1033,15,25,17,13,34,63,84,114,16,28,11,91,3,66,18,65,14,58
1034,12,17,114,15,89,4,58,103,34,11,97,35,8,104,36,80,92,116,16,63
1035,25,34,12,114,24,28,21,1,18,97,5,14,113,10,17,7,58,6,3
1036,11,25,19,92,95,3,103,55,89,117,97,77,6,37,81,20,10,29,7
1037,3,8,114,19,20,21,26,97,18,10,4,13,1,5,7
1038,76,21,25,6,63,84,117,11,5,17,1,64,18,7,2,22,9,43
1039,66,63,46,18,14,10,26,8,89,24,2,25,23,103,114,12,15,20,84
1040,84,20,13,95,43,46,9,97,4,54,10,3,6,14,55,22,12,86,17,8,28,114,102,21,1
1041,34,9,19,97,3,43,7,24,117,23,46,20,13,95,35,25,5,89
1042,3,20,15,8,22,7,114,2,9,1,5,13,63,54,23,97,21,16
1043,14,34,7,10,1,5,8,13,114,11,55,33,15,46,4,62,2,28,84,45,92,18,9,16,54,23,66
1044,24,3,34,11,12,14,8,115,4,22,17,91,89,54
1045,14,114,24,6,34,97,8,104,18,22,55,25,20,117,11,10,30,13,73,89,46,7
1046,3,7,19,26,95,17,34,20,117,8,43,25,116,38,114,9,21,24,78,89,1
1047,12,9,24,114,46,20,16,110,14,7,89,15,3
1048,17,89,22,11,9,34,95,97,15,16,84,28,46,51,13,1,38,20,62,4
1049,19,2,21,18,1,5,9,26,3,10,11,114,15,25,20,72
1050,34,13,8,22,17,66,84,25,23,91,90,114,3,97,89,18,20
1051,63,114,28,22,95,92,97,55,9,17,89,11,103,54,46,14,25,8,1,66,3,16,7,4,104,18
1052,19,58,3,10,89,24,18,34,20,14,12,97,46
1053,26,13,97,3,11,95,4,20,5,12,8,49,2,62,46
1054,2,114,14,22,3,21,18,7,13,17,15,84,4,8,43,16,26,92,25,6,34,89,10
1055,16,20,84,1,89,22,12,21,17,25,6,19,7,34
1056,18,17,84,46,114,92,26,1,3,11,23,24,89,4,10
1057,17,18,89,21,22,8,34,23,13,12,11,43,46,19,93,114
1058,24,89,63,16,12,28,10,54,62,118,5,91,9,92,14,18,17,7,25
1059,13,25,20,84,15,17,3,114,63,2,34,8,7,26,46,6,24,97,58,16,9,66,11
1060,25,10,46,114,14,2,19,17,7,34,16,15,80,20,62,84,95,119,18,35,26,92,43,24,12
1061,9,15,22,26,21,1,46,16,117,3,7,5,25,114,23,17,65,34,6,24,18
1062,14,17,18,11,97,46,24,20,23,10,15,92,66,26,25,13,8
1063,21,5,12,84,15,14,55,6,11,16,20,66,26,7,36,13,23,117
1064,12,20,5,21,81,89,22,14,114,46,11,1,24,71,25,116,42
1065,17,16,14,15,92,34,63,58,7,46,62,1,3,9,6,12,13,97
1066,5,3,15,20,17,95,46,11,1,50,12,26,16,88,22,77
1067,15,46,13,18,12,25,9,70,23,17,58,97,22,115
1068,19,8,17,22,9,10,26,5,46,15,85,89,34,24
1069,1,3,23,12,20,7,4,13,14,15,8,95,84,17,26,114,10,19,40,88,89,43
1070,11,13,12,4,15,2,24,23,8,89,5,9,1,14,96,7
1071,8,114,2,19,18,26,23,46,92,25,6,89,5,55,21,84,34,52,4,97
1072,34,19,95,22,4,21,103,15,63,114,46,86,12,7,8,84,23,89,80,14,43,62,25,20
1073,97,34,3,2,84,22,4,7,10,9,58,89,46,24,12,19,21,43,5,114,117
1074,3,13,8,25,28,10,23,20,18,84,95,58,12,5,97,53,63,21,11,6,15,34,66,2,9
1075,5,7,18,17,10,21,97,15,89,84,114,95,6,3,88,16,46,63
1076,26,22,6,84,92,114,95,43,63,3,7,46,55,11,66,13,10,89,12,61,60,21,48
1077,25,66,7,22,13,15,43,3,8,114,84,12,9,26,58,23
1078,10,55,9,12,66,21,14,20,26,15,4,97,11,3,83,34,25,8,18,84,7,5,2
1079,10,34,13,17,24,18,95,12,114,74,15,33,21,84,104,27,103,28,16
1080,97,6,26,21,9,19,34,23,2,89,95,7,3,105,111,25,22
1081,83,20,22,4,95,13,43,23,7,2,8,5,14,18,84,24,89,54,21,34,15,25
1082,7,3,8,6,20,34,1,104,23,5,24,16,14,52,99,55,10
1083,17,21,8,6,18,9,19,22,64,3,14,25,13,24,7,84
1084,25,10,16,2,34,8,9,12,18,24,89,6,22,15,71,55,114
1085,11,10,1,21,97,25,15,12,13,7,84,3,2,23,9,20,22,17,89,103,18
1086,25,14,26,21,84,9,89,16,3,63,11,8,46,20,24,97,6,18,55,43,114,5,2
1087,13,63,2,15,23,26,9,28,89,17,11,55,111,8,3,95,73,24,25,97
1088,46,1,95,7,20,6,13,23,15,10,40,8,104,11
1089,11,95,22,25,84,10,9,7,55,24,54,89,97,21,114,26,34,14,3,17,8,5,20
1090,22,97,9,14,2,1,10,26,23,34,6,16,13,95,63,7,24,18
1091,34,95,63,19,58,89,28,21,114,43,29,97,9,11,66,5,12,84,1,46
1092,84,13,89,7,95,2,18,9,24,1,17,114,3,20,15,11
1093,14,34,11,8,26,2,7,6,73,25,57,1,9,21,19,89,3,63,17,16
1094,12,19,34,26,7,62,55,17,84,20,23,15,67,97
1095,15,6,1,12,7,46,17,94,39,21
1096,24,2,9,6,34,114,11,5,15,117,7,13,96,46,95
1097,16,46,18,8,66,84,89,15,20,14,43,58,55,13,99,10,95,17,22,117,62
1098,26,2,63,3,1,25,18,4,91,51,27,72,12
1099,12,84,114,6,19,25,46,83,64,8,89,97,7,17,10,44,26,9,16
1100,84,3,24,89,23,97,10,55,43,16,9,46,5,19,2,12,21,22,79,117,13
1101,84,25,97,2,8,18,11,54,92,34,117,20,21,3,19,16,5,1,95,101,24,28,38,4,63
1102,46,97,11,114,24,2,25,21,12,13,19,23,27,89,17,9,49,1,34,3
1103,15,7,97,22,16,17,63,95,114,20,4,38,2
1104,46,9,16,18,15,25,21,84,66,89,6,23,104,4,14
1105,6,89,97,22,95,14,17,1,58,114,11,46,34,2,25,20,53,19,92,10,82,7,15,13
1106,84,4,1,11,12,24,19,55,7,13,22,104,18,21,5
1107,46,15,34,18,9,12,17,22,115,26,13,10,111,7,25,114
1108,12,5,19,95,1,18,114,3,66,20,10,26,15,13,54,16
1109,25,114,16,9,18,3,14,28,24,43,55,1,12,19,46,97,26,21,23
1110,89,5,22,20,84,1,24,25,21
1111,12,26,16,14,92,63,104,24,20,114,18,101,13,8,95,7,38,34,2,103,84
1112,34,11,15,95,17,55,2,114,14,28,10,62,43,24,3,7,54,4,84,26,8,38,97,25,117
1113,3,15,2,26,11,114,117,46,58,17,43,104,95,5,23,7,55,92,45,10,18,34
1114,89,8,6,46,14,55,23,91,114,25,18,22,17,21,15,66,12,3,117,1,63
1115,1,3,18,23,63,7,46,66,16,104,17,24,25,6,26,5
1116,5,10,21,16,15,8,13,34,84,25,1,66,7,58,22,24,2,89,4
1117,25,21,8,1,19,4,3,34,55,114,43,5,9,15,2,13,26,92,24,64,101,37,89
1118,34,3,7,20,15,6,14,43,98,4,13,58,10,11,19
1119,20,21,3,11,17,2,7,95,18,6,29,34,63,25,97
1120,97,19,8,1,24,103,43,54,12,11,34,17,95,13,89,25,84,9,6,14,92,18,23,5,28,104,62
1121,17,22,95,20,16,6,1,84,14,2,12,18,89,34,72,77,103
1122,9,21,12,20,10,11,43,24,33,89,15,3,62,14,102,4,18
1123,89,43,14,10,6,4,95,92,12,97,26,20,24,2,63,17,18,100
1124,12,66,25,16,97,13,89,21,15,4,18,104,2,46,107,62,26,11,3,78,8,5,7
1125,46,16,12,10,55,62,19,89,97,26,23,84,5,21,1,63,13,92,15
1126,22,9,13,15,46,6,1,14,95,5,16,20,26,88,21,66,19,43,72,23,18,55
1127,3,20,19,10,18,17,5,2,26,15,9,24,80,57,16,13
1128,14,46,117,26,55,19,12,92,63,62,6,84,3,54,24,25
1129,15,5,24,97,6,92,103,1,13,12,63,34,76,16,10,114,19,8,93
1130,4,10,114,89,97,17,22,95,32,53,66,13,21,18
1131,1,7,58,10,6,20,12,15,18,87,34,97,70,66,114,16,107,11,28,9,8,21,4
1132,12,46,43,114,21,97,9,92,55,5,2,45,11,17,4,1,26,15,58
1133,10,16,25,60,107,24,13,114,3,20,15,14,109,89,84,22,17,12,23,117
1134,21,8,114,84,9,58,89,26,46,15,25,52,18,3,28,6
1135,10,8,34,11,5,22,9,3,89,20,92,7,26,2,90,95,17,14,84
1136,5,89,9,2,84,10,3,25,21,15,8,97,28,34,26,58,22,55
1137,18,24,20,63,5,84,23,2,26,46,97,16,4,52,11,85,95,87,25,41,7,54
1138,19,12,3,63,1,58,17,11,6,7,92,16,18,26,114,15,14,21,28
1139,97,66,18,104,34,26,95,84,111,35,6,7,23,12,15,102,24
1140,8,97,3,117,90,17,21,15,114,39,26,80,5,46,14,7
1141,24,103,95,20,117,6,15,5,7,92,16,13,14,2,26,28,62
1142,10,8,1,11,19,34,16,46,18,20,53,7,43,89,26
1143,113,2,18,25,46,12,19,15,43,97,3,114,13,7,24,21,17,20,6
1144,89,20,8,2,1,22,12,23,3,92,84,26,15,19,16,9,17,114,14
1145,10,34,3,84,46,23,97,17,43,55,95,15,63,103,12,20,18,66,8,16,13
1146,4,15,103,95,9,5,20,12,17,114,3,2,16,23,8,84,1,97,112,89,34
1147,19,28,84,20,16,46,89,42,14,104,15,51,6,10,12,8,115,11,4,1
1148,13,97,66,46,89,14,17,25,12,28,20,1,21,18,16,10,54,2,84
1149,19,8,2,18,15,92,26,25,5,21,23,95,14,34,28,51,9,58,79,46,97
1150,5,24,15,34,12,58,8,3,26,92,114,1,84,10,21,98,66,25,77,105,75,29,102
1151,46,18,84,4,9,19,20,1,21,66,43,89,11,22,48,114,97,42,63,92,12,17,30,25,95
1152,18,5,84,12,114,8,63,15,4,14,11,95,66,21,82,9,3,92,2,16,13,58
1153,92,46,66,24,20,34,22,114,23,84,31,26,61,6,25,12,3,36
1154,34,14,46,12,9,97,10,84,20,92,6,5,26,19,11,43,1,7,13,63,18
1155,16,14,84,106,24,15,13,7,46,8,23,25,3,85,26
1156,21,1,2,15,11,5,10,46,26,35,20,24,7,8
1157,8,1,12,10,60,34,93,21,6,11
1158,24,16,9,18,46,26,7,21,20,14,55,19,34,25,104,36,106,17,10
1159,20,84,14,97,5,43,24,55,95,16,35,13,21,91,108,3,11,93,46
1160,8,25,19,5,84,24,3,11,2,6,16,93,15,21,34,14,77,9,97,99,58
1161,84,9,12,16,10,95,5,44,22,2,97,3,89,23
1162,24,97,89,5,2,15,25,84,95,88,92,114,99,60,7,17
1163,5,18,2,12,25,92,1,19,43,102,14,21,117,72,11,38,103,22,13,104,62,10
1164,13,16,22,5,23,9,3,34,24,10,20,84,89,26,63,43,1,7,82,11,103,25
1165,58,28,95,6,97,63,54,1,13,20,62,26,35,10,64,89,43,17,117,25,5,18,23,22,103
1166,13,34,92,114,19,6,12,3,9,14,28,10,17,25,106,7,95
1167,10,15,11,1,14,12,46,6,26,21,66,25,33,24,16,7,19,63,9,13
1168,12,114,25,18,11,117,95,1,104,9,92,21,20,24,113,17,8
1169,38,19,5,23,9,89,2,46,10,16,21,114,66,4,95,17,43,15,20
1170,2,12,21,18,46,10,34,17,9,20,84,23,5,13,89,97,25,119,11,79,1
1171,26,5,66,114,63,55,25,117,4,92,16,22,12,7,89,24,19,94,93,21
1172,46,19,5,103,55,14,34,6,104,63,4,21,8,23,28,39,89,11,97,26
1173,3,16,2,1,46,28,14,10,23,43,84,26,11,9,54,22,12,6,62,13
1174,12,7,1,13,6,34,9,22,79,18
1175,66,46,4,18,95,63,3,92,7,43,97,28,89,12,6,80,15,16
1176,84,34,13,2,14,63,46,22,16,10,4,17,92,7,43,25,74,11,18,58,21,97,89
1177,12,97,3,20,95,15,21,5,46,11,7,31,19,79,10,13,77,103,1,6,22
1178,22,114,2,13,16,8,11,24,19,1,95,26,25,14,10,62,5,79
1179,9,13,84,12,63,5,15,25,2,20,38,24,55,6,11,65,26,89
1180,11,10,46,20,63,15,9,8,2,84,89,78,26,5,17,19,4,14,12,25
1181,3,18,15,89,114,6,25,10,84,19,9,103,7,54,97,1,95,24,5,118,46
1182,12,17,10,114,46,14,34,89,19,5,27,97,95,16,29,6,58,9,2,22,21
1183,20,92,6,19,46,9,7,1,95,48,91,11,66,97,114,24,22,25,58,16,34
1184,34,114,89,43,66,2,25,84,19,92,55,24,7,95,5,4,20,6,46
1185,88,16,8,19,6,89,1,15,10,18,20,25,63,11,7,73,12
1186,46,3,9,26,84,25,104,7,63,1,19,23,2,21,42,58,15,11,53,24,62,36,16,98,80,22,13
1187,17,89,12,34,46,22,23,10,2,18,3,26,92,4,16,21
1188,8,89,24,10,20,2,14,21,55,12,5,114,1,17,97,18,117,26,23,95,16,43
1189,13,3,97,11,5,15,24,9,55,2,100,18,62,106,17,33,19
1190,12,97,7,24,2,114,18,119,14,63,20,5,66,72,11,41,15,1
1191,4,7,13,22,25,46,55,15,92,72,19,14,18,84,43,12,89,26,95
1192,3,114,21,2,97,19,17,7,11,24,44,54,6,20
1193,82,18,63,114,34,117,25,16,15,95,24,92,3,10,20,96,13,6,17,5,55,21
1194,1,24,46,26,11,23,9,95,13,7,106,5,8,6,64,10,4,114,89,3,84,18
1195,5,10,1,8,11,18,97,22,20,23,12,28,62,13,89,9,19,14,24,114,54,103,104,52,4
1196,3,21,23,1,26,9,12,19,5,89,15,34,18,6,47,8,13,4,14
1197,1,18,84,14,22,4,20,21,28,3,46,94,58,13,16,7,115,24,117,25,89,50,11,44,55,23
1198,18,63,95,6,17,22,24,21,16,12,23,84,61,92,76,8,117
1199,22,114,12,14,6,7,89,50,18,10,1,113,58
1200,89,84,92,13,95,24,34,103,46,1,117,21,97,26,14
1201,19,97,2,13,10,21,20,46,26,1,16,11
1202,66,9,58,92,97,20,6,95,14,22,23,5,63,3,46,44
1203,22,25,34,43,92,55,23,19,66,6,15,63,67,45,13,7,24,54,62,95,58,28,17,1,42
1204,2,11,66,92,63,19,7,21,28,20,1,84,24,34,12,4,110,109,23,43,64,6,8
1205,22,66,11,21,1,20,2,114,95,8,14,3,43,5,31,7,10,13,64
1206,6,17,103,3,14,92,13,5,21,25,20,84,108,1,33,8
1207,18,114,6,21,13,5,11,2,22,14,17,4,89,34,16,79,1
1208,97,89,8,7,23,117,20,4,2,14,12,21,5,84,10,43,15,11,111,25,77
1209,5,7,10,116,100,12,20,9,95,89,104,21
1210,5,24,22,63,15,13,23,25,16,7,10,1,99,21,97,4,89,117
1211,20,97,13,14,18,9,6,19,8,95,114,16,15,86,22,34,53,36,11,23,46,25,84,58,104,66
1212,1,16,63,2,97,14,23,92,7,22,43,17,12,54,11,73,59,26,13,15,95
1213,17,5,3,84,20,2,104,11,119,113,95,1,23,55,54,24,12
1214,14,34,24,10,7,8,15,84,89,23,95,93,22,81,91,11,25,104,1,28,66,16,114
1215,21,92,11,14,7,66,26,4,16,1,95,91,24,38,28,85,34,43,17,18,5,100,3,83,25,97
1216,20,92,84,25,104,12,4,24,10,13,28,17,93,62,66,97,8,58,117,114,6,7,23,95
1217,1,11,2,63,7,97,19,21,4,8,89,23,12,25,16,46,18
1218,26,5,12,6,97,13,7,11,63,3,84,46,14,19,66,8,15,9,16,92
1219,15,34,1,21,17,10,46,9,63,89,97,12,84,66,13,93,19,52,117,26,6
1220,114,68,16,3,5,21,8,89,67,6,29,10,95,26,2,13,24,34,20,7
1221,3,16,34,26,28,22,12,114,1,17,92,19,55,97,21,27,24,89,100,88,13
1222,14,22,114,3,7,4,89,20,63,34,1,46,23,12,117
1223,114,25,5,55,97,62,89,16,1,95,11,84,90,14,48,92,20,35,23,12,91,54,116,2,31,36,22
1224,12,66,89,22,11,84,55,6,18,114,92,8,17,54,63,9,58,14,97,52,100,7,31,13
1225,92,25,95,54,84,58,8,2,22,24,13,4,17,83,10,76,21,100,16,34,26
1226,3,8,24,20,58,46,10,117,25,55,97,5,26,12,4,92,61,23
1227,13,16,10,26,15,25,1,19,55,2,6,9,43,7,18,66,22,34,29,11,20
1228,11,26,3,15,2,20,23,22,58,10,43,66,55,1,5,6,54,13,14,100
1229,14,13,33,8,103,5,114,21,12,19,66,2,58,62,95,11,97,89,23
1230,46,66,95,5,7,22,2,114,4,16,97,26,20,92,11
1231,14,89,24,23,17,66,10,19,4,92,87,62,2,16,8,22,46,114,25,34,74,20
1232,5,24,26,55,17,25,3,97,10,8,43,20,84,4,19,28,114,21,9,53,7,2,119,54,87,22,16,18
1233,5,7,11,63,28,21,24,26,6,67,64,44,2,92,8,23,25
1234,7,8,19,18,11,89,1,63,34,13,17,58,95,117,10,28,23,114,20,45,69,6,26
1235,114,20,13,95,15,22,11,5,24,38,26,6,14,54,1,18,10,63,74,17,89,92
1236,89,9,63,23,107,97,26,104,11,16,18,71,65,13,22,15,55,3,56,2,7
1237,15,23,26,55,84,43,66,91,16,19,34,1,11,14,21,20,103,18,5,58,63,2,8,6
1238,34,26,17,15,22,66,19,16,58,24,9,38,84,14,3,43,97
1239,3,66,43,95,11,5,16,7,1,28,92,117,23,100,63,91,46,14,17,8,85,22,86,19,104
1240,5,1,8,89,84,11,43,7,19,9,18,15,32,13,63,2,3,21,14,58,6
1241,6,14,63,43,46,92,15,84,11,26,97,68,114,45,7,28,34,36,9,20,54,5
1242,11,8,114,95,84,77,21,97,2,88,7,103,1,10,16,5,26,24,15,43,6,4,55
1243,25,15,9,20,63,34,16,18,3,97,62,58,17,2,28
1244,46,18,2,5,3,6,23,25,26,11,14,20,106,78,66,63,7
1245,46,9,92,6,89,24,18,63,104,7,21,48,55,25,83
1246,6,11,23,63,95,20,21,18,25,43,114,66,84,9,1,16,108,5,58
1247,46,58,1,14,16,12,22,84,13,2,5,11,10,104,7,19,23,17,92,24
1248,22,8,14,25,24,2,16,4,6,21,23,43,9,13,11,18,5,118,66
1249,5,2,16,95,3,12,13,84,18,7,14,115,10,34,62,55,66,89,114,33,23,6
1250,12,25,10,24,14,6,5,63,114,46,20,26,69,81,19,74,22,13
1251,25,8,5,95,23,18,66,2,24,9,46,6,114,7,12,11,10,55
1252,14,4,6,1,7,15,26,92,12,9,43,25,17,102,63,70,103,11,97
1253,2,20,6,25,8,12,26,97,15,14,11,104,52,5,43
1254,114,2,9,15,23,46,14,63,19,18,7,17,13,58,21
1255,1,92,95,84,21,43,10,4,13,114,5,104,3,25,97,62,24,14,74,53,19,6,94,26
1256,1,12,46,15,6,7,114,18,100,24,5,71,14,26
1257,14,11,97,1,15,28,104,17,19,25,21,24,7,13,20,54,58,79,3
1258,13,21,14,8,16,43,19,22,46,12,24,7,5,55,77,23,84,17,96,4,56,1
1259,3,11,63,21,6,89,103,9,2,84,34,43,92,97,17,54,8,22,25,12
1260,11,46,43,58,26,14,13,22,34,66,23,3,62,95,6,12,117,17,92,25
1261,16,3,18,20,5,1,92,62,97,4,104,103,28,13,27,84,95,117
1262,104,26,22,13,3,114,34,17,16,8,14,18,58,7,61,25,55,21,46,95
1263,92,104,114,13,7,62,66,8,6,63,117,54,15,11,18,22,43,4
1264,20,21,34,10,6,17,8,89,97,2,11,15,25,7,22,5
1265,9,4,23,34,28,24,2,15,93,66,3,21,20,22
1266,6,1,16,114,46,14,89,65,15,97,5,23,26,34,8,22,7,3,11
1267,24,19,2,23,18,10,55,97,20,46,63,16,34,26,64,11,95,13,4,8,89
1268,8,12,17,97,23,10,24,20,46,11,14,117,89,1,13,114,95,25,28,45,92
1269,89,55,21,8,92,63,7,34,20,12,103,107,5,28,117,64,95,2,17
1270,5,3,21,34,7,26,9,95,15,22,25,10,6,23,17,43
1271,16,17,89,26,11,9,18,116,58,73,2,107,103,15,46
1272,2,13,114,84,14,24,46,15,26,38,8,17,95,6,63,4,7,101,1,43
1273,3,46,15,22,66,20,25,14,26,103,55,12,97,9,62,8,16,4,117,5,114,6,18,34,23,1,89,24
1274,18,3,10,7,22,1,114,5,17,8,26,21,16
1275,3,24,10,14,9,13,2,46,34,28,92,114,54,94,7,79,19,38,5
1276,14,46,15,34,21,5,63,3,17,12,28,2,64,95,26,24,45,55
1277,19,9,15,8,92,11,18,34,17,7,54,14,26,1,75,87,10
1278,3,9,16,1,46,10,24,18,21,12,26,25,11
1279,10,17,63,15,34,95,19,28,18,48,97,46,26,22,7,58,43,66,21
1280,22,6,21,10,2,11,20,58,7,114,66,8,19,34,95,15,9,24,63,5
1281,5,17,23,3,19,26,14,7,8,22,10,13,54,55,62,58,11,37,92,95,15,83,82
1282,2,14,15,34,23,7,25,21,24,58,22,97,37,9,1,6,95,114,62,12,20
1283,24,89,17,7,15,84,19,46,1,25,55,23,4,114,13,54,34,11,33,8
1284,1,3,9,2,11,46,95,12,16,70,19,48,8
1285,25,1,15,10,3,114,7,6,2,24,12,19,16,85,11,46,4,14
1286,24,34,1,22,15,7,46,21,66,8,16,72,2,23,48,89,86
1287,22,25,46,10,13,40,104,84,50,5,17,89,7,35,15,16,118
1288,13,19,6,4,63,1,3,22,8,92,23,62,34,5,2,58,21,84,16,50
1289,16,12,21,34,2,114,89,7,15,19,24,26,72,13,43,6,14,55,5
1290,8,21,16,10,34,95,25,89,26,4,5,3,48,17,24,80,42,12,73,18
1291,8,9,21,89,92,17,11,84,7,14,117,25,6,34,19,118,1,72,18,23
1292,7,2,22,46,114,19,3,17,63,89,108,49,20,95,12,92
1293,8,34,89,9,15,14,12,18,3,112,93,46,11,20,7,1,97,22,61,24
1294,17,20,43,13,1,5,21,12,84,8,2,26,15,46,10,22,69,35,6,9,14,11,7,95,34
1295,22,3,1,95,8,2,43,6,18,84,55,20,9,103
1296,20,46,66,7,25,16,63,95,4,15,97,18,19,88,3,11,17,54,69,10,89
1297,3,7,12,66,10,18,11,9,89,25,34,13,95,21,114,2,15,97,8
1298,14,24,5,17,10,66,89,20,12,13,19,34,4,15,22,1,64,6,54,3,25
1299,12,15,19,3,23,2,20,5,46,38,6,114,1,22,16
1300,12,1,46,34,4,13,20,89,17,66,114,56,21,95,24,11,26,18,6
1301,12,11,25,8,17,92,15,28,9,24,34,6,104,7,85,2,109,100,105
1302,97,21,46,2,95,63,24,114,25,14,18,16,66,10,103,6,117,5,23,54,8,55
1303,13,14,15,1,34,25,8,20,6,19,5,12,117,24,46,21
1304,10,12,66,15,7,2,24,8,21,18,20,114,50,26,79,19,89
1305,11,20,97,13,23,26,34,9,7,114,17,22,104,6,24,2,84,5,19,55,8
1306,12,66,34,55,62,18,21,8,6,24,14,43,4,5,46,39,13,19,114,10,26
1307,7,25,17,1,10,66,114,19,26,34,58,24,23,15,62,89,9,64,55,29,4,14
1308,3,14,46,24,25,89,20,9,103,2,15,11,16,28,55,65,79,114,58
1309,2,14,25,11,18,26,55,10,16,95,84,23,63,43,19,24
1310,3,18,11,24,19,63,20,77,66,15,58,10,26,23,5,1,16,84,100,9,22
1311,26,34,22,6,114,11,66,9,21,23,12,81,46,73,72,8,42,13,92,84,18,95
1312,3,20,46,28,95,54,26,15,34,2,114,7,10,17,12,66,14,4
1313,8,89,26,17,6,92,13,22,3,2,5,1,58,21,12,19,25
1314,11,89,9,24,4,8,7,15,84,92,10,13,6,19,63,37,22,20,18,34,66
1315,49,46,117,104,114,7,56,4,21,9,23,10,95,32,1,100,2,12,55,45,17,8,19
1316,5,55,34,25,12,114,89,21,8,47,24,16,6,19,81,15,43,10
1317,22,24,9,117,7,23,43,17,54,46,19,103,89,14,2,33,34
1318,16,17,20,89,25,22,114,2,63,39,34,54,80,110,12,3,66,4
1319,24,28,65,19,95,92,7,117,38,50,10,25,17,114,89,66,84
1320,26,17,34,23,63,12,89,92,16,19,1,114,54,43,7,55,102,11,66,25,5,68
1321,24,1,97,114,11,89,26,34,5,9,21,54,41,2,15
1322,17,18,1,3,9,21,84,92,25,26,8,23,24,114,95,14,58,16,6,43
1323,17,89,13,10,66,25,26,21,58,18,34,7,4,22,6,84,5,55,117,38
1324,15,7,16,17,20,63,84,6,25,18,66,26,3,114,89,9,2,105,117,8,1,34
1325,114,12,24,46,16,19,14,1,13,104,7,3,34,5,89,42
1326,22,14,63,26,19,10,21,25,114,34,62,7,103,46,13,55,4,8,11,24,104,58
1327,24,46,25,3,11,15,34,117,16,92,60,17,61,14,104,97,13
1328,10,97,1,19,79,63,117,22,18,9,114,12,6,44,5,8,11
1329,8,84,12,66,20,6,46,15,89,54,3,24,2,114,18,10,23,26,4,9
1330,2,9,6,26,20,43,7,18,22,11,89,28,13,24,97,63,108,3,92,15,25,95
1331,17,8,1,9,89,16,97,2,7,22,104,15,12,20,21
1332,6,34,5,14,3,20,26,84,16,66,24,12,28,25
1333,2,15,16,1,21,63,22,34,54,95,38,23,17,31,117,20,92,24,89
1334,11,17,14,6,46,2,114,23,84,97,8,15,61,56,4
1335,6,10,15,3,92,5,18,7,26,25,16,20,35,97,8,13,89,23,11
1336,22,17,23,66,20,25,16,92,12,15,14,1,46,11,10,83,2,5,13,36,55,43
1337,82,89,7,66,12,19,3,15,17,6,10,84,102,52,2,91,21,97,47,92
1338,1,84,4,21,5,14,95,114,10,6,46,8
1339,18,17,25,5,63,16,2,7,84,10,89,13,1,92,118,31,20,3,23,107,4
1340,5,25,1,17,11,19,4,97,26,6,24,58,63,23,87,95,9,91,18,35,16
1341,15,1,103,5,21,89,2,6,12,34,19,3,46,84,14,114,25,16,53,26
1342,22,8,21,114,34,19,25,23,13,3,4,18,20,16,12,17
1343,16,2,26,11,8,21,84,3,17,6,7,114,28,5,1,24,12,9
1344,22,104,1,97,3,12,2,23,8,10,46,9,21,106,11,15,34,24,19,117
1345,16,6,10,114,20,2,13,97,63,25,43,7,18,28,46,93,1,70,100,15,62
1346,1,23,34,10,104,8,89,3,18,9,95,22,11,63,13,17,14,107
1347,16,97,8,114,4,63,5,92,9,24,42,46,25,89
1348,7,6,21,66,17,12,14,107,23,91,16,46,11,22,113,43
1349,14,7,66,9,20,3,6,97,25,13,46,17,11,10,16,21,4,5,24,1,53,12,95
1350,2,1,16,46,9,7,89,21,66,63,26,14,95,24,97,99,10,43
1351,21,24,84,97,22,46,6,8,15,92,7,63,26,25,23,114,16,19,5,14,17,4,10
1352,6,2,84,95,15,13,14,21,46,1,9,4,19,26,12,25
1353,97,104,25,6,9,8,17,34,16,23,54,26,3,14,63
1354,20,21,63,97,34,1,10,8,46,18,9,3,17,23,24,7,2,64,41,12
1355,11,16,89,12,19,26,25,97,8,4,1,7
1356,18,14,97,16,15,84,9,17,22,46,11,83,23,12,95,34
1357,6,1,22,16,63,34,54,10,11,5,12,92,58,21,13,18,8,2,19,25,70,89
1358,7,89,23,3,25,95,92,117,21,43,15,1,91,114,11,2,44,19,18,16
1359,17,22,2,26,7,8,12,24,95,46,58,25,13,104,85,107,92,1,4,27,9,76,23,5
1360,14,9,13,16,84,117,8,5,20,23,58,3,62,35,78,60,19,4,66,55,26,43,97,95,44
1361,15,1,13,9,89,7,34,95,104,24,2,33,46,25,113,20,12,21
1362,8,13,36,92,104,17,41,63,20,6,11,79,46,110,28,34,22,21,106,5
1363,84,17,6,12,25,13,22,107,21,3,19,80,24,117,37,16,102,2,9,46,18,10,23
1364,21,7,114,92,20,97,4,89,63,26,18,95,84,15,8,19,28,16,43,58,1,10
1365,15,63,66,42,26,10,24,34,8,13,54,43,20,21,22,51,9,14,114,5
1366,20,16,14,1,21,6,8,7,63,18,15,13,97,11,23,84,46
1367,89,16,22,19,11,26,5,92,23,10,84,46,17,13,9,1
1368,91,89,16,15,43,97,19,79,5,24,34,32,35,109,13
1369,16,23,10,46,1,15,34,6,21,13,4,2,5,57
1370,10,9,17,19,20,6,8,92,13,5,3,21,89,24,34,114,84,14,22,26,25,117
1371,1,15,9,11,2,23,22,8,65,10,3,18,63,16
1372,14,12,28,20,43,25,92,55,3,16,7,6,9,35,17,84
1373,6,15,10,9,18,21,5,67,1,87,2,89,43,25,16
1374,24,84,63,12,11,9,95,17,13,22,2,54,4,14,8,16,10,89,46,114
1375,8,15,95,10,20,14,97,16,92,17,22,34,5,26,58,21,23,69,89
1376,5,1,114,21,55,20,17,104,15,24,14,2,26,3,66,63,79,4,37,89,101,43,19,25,28,103,16,92
1377,97,12,24,26,63,89,20,84,34,95,25,2,15,55,3,118,6,10
1378,26,89,66,9,18,3,95,19,16,21,15,92,8,6,34,4,10,13,2
1379,16,5,21,11,18,13,14,9,66,10,26,1,2,84,89
1380,89,15,22,21,13,24,4,25,95,55,2,23,12,8,19,17
1381,82,89,6,114,14,7,17,21,18,20,2,40,12,84,9
1382,25,84,14,34,12,23,9,7,1,4,16,97,13,63,5,72,62,31,8,19,33,29,95
1383,66,10,7,3,63,84,16,46,20,17,21,92,22,74,50,8,105,12,23,95,89
1384,84,20,22,2,19,6,55,43,23,5,3,66,14,25,12,7,9,26,21,85,16,34
1385,24,8,7,95,6,34,28,117,12,84,55,13,97,17,22,63,14,46,5,23,3,26
1386,13,11,96,23,46,92,25,95,89,14,7,4,22,115,10,21,2,1,114
1387,14,20,34,7,18,114,92,73,11,5,17,76,111,1,3,89
1388,3,97,18,4,10,55,12,1,21,114,5,92,34,26,19,14,104,20,16,23
1389,46,25,10,21,84,18,114,66,26,9,55,63,6,89,5,22
1390,11,5,14,12,24,13,18,55,92,6,63,114,3,34,89,62,79,26
1391,1,46,11,17,54,13,24,10,22,84,92,15,113,66,56,3,14,77,97,20
1392,12,7,17,1,63,10,26,21,24,18,62,4,15,22,5,97,14,66,20,104,89,13,6,46
1393,14,17,15,117,92,21,6,5,3,55,8,11,39,46,16,89,23,103,4,28,13
1394,46,8,12,13,10,9,15,2,84,6,97,14,7,4,11,1
1395,4,7,17,9,6,1,34,48,26,43,99,10,55,60,111,66,13,63,11
1396,17,6,92,97,7,66,13,63,5,1,43,14,12,61,11,51,36,4,24
1397,12,2,21,13,3,63,6,97,114,89,16,5,14,79,11,66,18,20,22
1398,18,12,22,8,11,19,7,23,2,24,4,89,9,69,30,10,63
1399,15,20,19,84,92,28,8,6,95,63,25,21,22,89,34,5,23,37,26,114,1,10,12,13
1400,25,95,15,18,5,1,16,26,21,6,9,17,7,89,46,66,106,3,101,34,20,19
1401,13,26,7,92,22,17,25,14,8,114,19,95,58,27,63,6,97,62,16,34,55,94,18,46,20
1402,6,2,114,13,14,7,20,17,22,46,50,28,4,21,8,15
1403,3,21,43,114,14,2,23,9,13,22,1,15,7,89,10
1404,13,97,17,117,8,11,12,43,89,7,25,18,10,26,115,63,1,104,46,22
1405,114,13,18,17,28,11,62,14,9,89,24,97,8,1,63,6,2,58,84,25
1406,16,6,89,5,7,22,12,34,24,8,17,2,3
1407,2,46,3,15,8,19,11,18,20,34,5,22,25,92,24,14,116,4,17,10
1408,5,97,6,34,84,8,46,11,26,23,18,1,37,93,22,2,20,25,28,66,9,12
1409,114,25,92,9,6,18,89,2,14,3,16,5,12,11,13,115,71
1410,16,3,84,7,46,5,63,114,92,22,6,95,15,19,20,4,43,87,50,25
1411,97,24,18,84,14,2,16,11,9,56,3,8,46
1412,34,66,95,7,92,3,25,20,21,24,15,8,28,17,46,104,84,54,12,58,11,53,41,19,9
1413,14,8,95,12,1,66,21,15,25,17,7,89,19,97,92,16,2,5
1414,20,7,24,66,21,114,2,6,19,25,22,116,9,3,10,104,11,84,14,1,15
1415,18,16,7,63,19,20,34,10,24,46,17,12,28,84,1,97,92,8,25
1416,28,6,84,97,8,7,63,16,11,92,4,25,82,20,1,3,95,46,62,5,22,18
1417,6,14,7,16,22,25,86,43,95,83,10,55,5,11,4,15,96,106,23
1418,84,63,11,22,2,5,9,26,46,10,15,114,13,18,64,20,24,92,53,73,65,97,12
1419,25,34,63,95,54,13,6,1,23,66,24,84,58,19,17,92,8,41,96,20,89,18
1420,6,8,97,43,12,92,4,19,33,34,114,63,1,17,5,18,95,84,9
1421,22,3,6,97,21,92,95,1,54,26,25,23,4,89,24,84,16,58,34,50,63,10,102
1422,9,7,11,95,92,20,46,66,22,23,13,43,97,34,87,58,108,84,8
1423,9,18,12,89,6,5,10,11,114,13,2,8,21,3,4,14,97,43
1424,26,11,97,1,7,58,42,55,95,21,10,18,53,19,61
1425,12,21,13,97,22,14,34,38,10,1,46,18,11,20,58,8,65,3,64,37,7
1426,46,95,22,21,7,17,9,6,19,10,20,18,73,14,52
1427,9,19,55,92,4,114,26,43,62,13,15,100,97,22,17,84,58,115,18,80,63
1428,12,97,1,6,63,22,46,10,114,11,7,69,24
1429,12,1,17,9,4,7,11,5,8,16,97,34,114,66
1430,92,5,89,13,19,15,2,114,20,4,6,26,11,34
1431,2,92,55,24,10,23,54,20,43,22,6,8,95,63,5,84,114,25,107,117,15,62,14
1432,21,12,2,19,56,23,25,16,72,4,43,89,6,46,26,115,14,114
1433,6,18,2,7,89,14,21,22,8,10,5,13,12,57,95,15,24,34
1434,34,46,84,95,1,43,15,4,89,18,17,12,63,54,20,23,7,16,13,97,38,11,25,21
1435,25,3,97,43,9,92,46,17,66,21,23,13,58,117,20,99,22,10,89,15,95
1436,19,17,25,21,5,22,16,6,13,2,26,46,63,24,7,15,14,114
1437,11,16,13,63,19,4,2,5,58,12,23,3,119,34,66,89,6,54
1438,15,92,24,63,10,1,46,84,114,26,20,2,34,61,13,102,58,3,22
1439,18,89,34,6,8,117,22,13,114,15,10,92,66,5,77,23,40,2,95
1440,20,21,3,14,10,11,17,12,18,9,15,7,63,46,6,52,8,114,92,48,19,34
1441,10,6,9,13,3,5,1,12,18,114,2,15,95,89,20
1442,16,13,1,15,3,12,11,20,8,25,14,9,89
1443,9,7,14,12,16,114,21,15,17,25,20,26,34,10,84,89,55
1444,46,9,8,11,4,2,118,27,24,15,10,19,26,34,12
1445,12,7,4,2,39,9,97,5,46,63,22,10,15,44,19,104,108,43,6,53,11,34
1446,15,17,23,25,66,19,43,46,53,74,26,24,9,63,33,2,12,36,84,58
1447,11,9,1,6,66,17,26,19,8,89,21,12,95,3,46,97,38,13,64,84,16,30,14,55,7,4
1448,11,15,82,17,9,7,2,89,114,8,107,104,4,83,73,66,24,43,23,34,1
1449,10,22,24,21,18,9,19,5,23,16,14,17,28,15,62,57,61,55
1450,17,9,22,3,8,89,97,46,14,95,21,23,25,66,4,104,96,11,1,15,31,87,18,7
1451,89,26,8,13,25,43,117,46,16,21,62,7,6,5,85,19,33,97,95,4,114
1452,10,55,14,97,5,46,11,19,103,3,117,63,62,23,58,114,28,7,20,50,43,74,95
1453,17,10,46,16,3,97,43,22,4,6,2,63,23,24,92,15,89,25,34,84
1454,5,114,8,24,103,21,9,6,17,12,2,15,10,25,26,97,36,7
1455,14,13,20,3,89,112,36,114,62,9,46,34,92,11,84,24,19,22
1456,63,22,97,10,17,34,43,58,28,46,24,26,64,55,6,38,21,109,2,60,23,85,9
1457,25,20,17,89,95,2,16,97,84,7,3,65,9,66,54,99,10,69,15,22,1,63
1458,11,84,97,46,26,23,16,2,9,79,22,89,17,51,92,21,24,25,18,66,95
1459,10,6,66,97,15,24,12,11,114,8,42,34,86,89,3
1460,16,11,2,34,7,26,9,25,95,5,66,28,12,15,92,97,35,23,14,6
1461,22,6,109,14,89,43,1,26,3,54,13,95,103,2,90,8,50,11
1462,97,1,103,95,20,104,9,3,25,6,7,11,4,34,89,117,21,43,14
1463,17,11,22,13,14,24,114,95,20,97,7,18,25,79,84,19,15,117,6,78,5
1464,24,16,7,89,13,28,34,63,58,6,10,49,55,114,25,66,15,108,35,12,119,5,95,21,39
1465,97,26,18,14,2,34,13,15,27,47,92,22
1466,7,11,9,24,12,92,63,66,97,37,10,19,75,119,3,89,4,17
1467,21,89,9,12,26,18,19,46,24,20,7,63,43,15,103,117,5,2
1468,15,26,18,8,34,114,89,3,13,20,5,97,24,9,2,71,16,6
1469,34,25,114,84,13,21,12,92,9,20,10,66,72,95,22,51,14,17,46,97,11,82
1470,15,91,66,24,21,3,97,2,6,22,11,8,105,14,63,103,89,7,25
1471,22,1,17,23,19,25,15,12,13,97,114,104,34,103,92,10,63,6
1472,34,46,18,2,10,9,14,84,89,103,20,114,17,25,43,15,16,26,11,71,6
1473,6,8,11,19,26,92,46,89,66,62,20,5,16,43,17,14,44,78,77
1474,5,66,92,10,43,4,11,13,26,21,12,55,114,84,14,2,16,46,18,7
1475,34,8,22,20,21,46,17,91,9,24,89,117,95,11,26,12,58,37,2,5,3,7
1476,84,92,9,21,14,15,95,33,19,1,8,104,12,23,3,5,7,58,6,13,114,66,26,103
1477,2,1,26,22,16,97,14,84,8,63,25,11,100,21,5,20
1478,34,20,4,3,12,114,24,25,6,43,19,15,21,14,1
1479,22,11,6,9,97,14,25,66,18,41,24,20,89,1,4
1480,9,46,22,20,1,11,63,95,24,2,14,16,92,7,6,33,61,97,23
1481,25,12,4,55,21,34,26,62,15,114,8,2,46,82,6,11,31,117,38,35,50,74,97
1482,15,18,6,26,22,10,25,34,7,2,23,54,1,17,24,97
1483,12,66,84,24,6,13,26,89,2,3,1,58,22,46,63,114
1484,15,12,14,13,66,43,23,34,1,3,19,28,10,2,89,11
1485,11,20,26,3,18,7,68,89,25,6,92,116
1486,14,34,1,19,17,2,84,66,95,18,6,26,92,22
1487,9,25,11,97,24,12,16,10,20,17,95,89,46,13,8,70,18,7,62,23,6,92,14,38
1488,5,9,3,8,66,55,92,10,20,1,6,24,12,19,15,25,18,84,114,22
1489,20,5,2,46,34,95,6,15,119,17,63,41,88,16,35
1490,11,12,24,8,3,92,46,25,34,54,84,27,19,14,33,23,60,6,58,5,36,17,63
1491,89,14,13,3,5,66,17,24,26,34,7,23,2,46,12,114,9,18,92
1492,12,14,8,63,19,4,17,23,3,18,114,5,58,46,13,11,117,22,9,15,7
1493,15,3,97,2,5,43,114,58,22,4,63,7,24,1,9,46,84
1494,114,1,89,22,16,97,34,2,10,3,13,7,28,43,15,46,14,84,26,63,6
1495,34,25,13,95,46,33,117,93,61,114,20,57,84,92,47,42,68,62,63,54
1496,20,84,9,10,18,8,17,16,7,25,14,66,23,11,95,2,13,22
1497,19,34,114,9,16,22,46,25,8,95,11,97,1,36,17
1498,9,89,26,22,97,114,11,2,8,6
1499,25,6,10,8,11,16,4,84,103,21,57,2,23,13,1,46,15,3,9,5,20
1500,1,12,21,46,63,18,6,24,39,9,17,15,36,26,59,87
1501,13,15,3,92,97,22,18,16,23,20,46,28,34,63,95,68,58,5,43,17,64,100,21,1,19,50,66
1502,10,25,22,7,18,26,8,2,17,19,4,24,34,66,63,6,3,23,1,38,14,92,117
1503,10,24,22,7,20,114,8,2,63,25,5,84,58,95,23,14,28,6,53,34
1504,14,12,1,16,18,26,63,2,6,13,92,22,53,11,5
1505,14,21,12,15,26,1,11,7,74,10,18,24,9,55,34,25,58
1506,12,21,24,95,6,11,84,89,26,10,1,25,14,13,8,97,80,46
1507,24,63,89,20,16,9,114,25,34,66,5,54,11,59,84,46,15,62,14
1508,114,12,6,21,24,3,63,5,20,46,26,4,18,16,2,84,97
1509,16,5,15,19,97,55,22,66,2,4,31,84,7,24,17,114,11,62,63
1510,15,46,7,21,89,22,2,11,10,8,95,26,14,24,97,104,5,16,43
1511,20,1,15,25,97,22,7,19,63,3,114,9,46,23,43,84,107,31,10,38,24,103
1512,5,20,26,2,15,55,63,46,58,22,43,14,84,34,25,8,12,54,92,21,27,89
1513,7,26,3,114,89,1,46,2,24,10,34,17,102,117,97,19
1514,9,24,92,14,89,8,11,5,7,10,104,30,17,84,1,81,29,21
1515,84,103,58,63,16,92,1,26,12,43,6,14,54,2,46,25,8,102,5,10,7
1516,20,18,10,21,11,13,15,46,28,22,1,16,84,12,8,17,34,50,58,66,114,24,6,104,35,92,55
1517,22,34,20,18,11,14,2,15,12,6,7,46,16
1518,24,26,25,34,66,6,21,17,23,45,114,79,18,7,3,14,22,63,19,110,50,9,10
1519,20,28,11,19,114,97,13,9,16,46,15,95,63,41,117,24,26,27,4,91,10,103
1520,5,95,26,12,7,3,8,34,11,24,49,9,19,79,114,57,46,59
1521,2,43,25,11,64,4,38,37,46,10,33,55,58,92,1,21,62,53,24,103,18,14,13,12,3,50,89,28,84
1522,18,84,22,15,63,11,12,34,9,14,2,75,19,111,26,25,23,7
1523,7,8,9,26,97,34,24,84,18,6,14,46,16,117,63
1524,25,92,10,26,62,4,14,34,28,22,9,19,84,63,47,15,118,24,75,27,95,8,12,11,17
1525,84,15,3,16,14,5,11,26,24,29,20,22,43,17,8,34
1526,46,17,7,23,25,89,10,22,16,9,3,95,73,86,11,20,64,114,8
1527,114,16,23,20,63,4,15,12,95,8,2,109,34,24,89,46,117,19,5
1528,20,3,114,7,16,43,19,12,22,66,63,6,15,11
1529,18,2,22,15,103,17,10,21,114,7,25,14,28,84,9,12,3,30,8
1530,22,11,12,66,24,89,10,6,58,79,34,87,25,45,15,55,62,114,26,20
1531,34,13,97,10,46,84,16,24,12,15,2,18,114,11,33,95,107
1532,97,17,24,46,58,71,59,104,42,63,34,8,95
1533,66,1,7,84,3,4,114,20,18,95,2,103,26,97,44,35,16,19,25,34,58,92,117,5,23,55
1534,25,20,12,13,33,66,92,26,17,19,7,84,45,89,3,28,85,2,43,11,62,15,4,119,97,23
1535,34,58,63,54,1,9,95,20,21,52,61,5,35,6,66,4,7,89,11,84,13,92,12
1536,5,46,12,84,20,2,89,92,8,15,26,24,4,19,63,113,97,1,25,16,17,21,34,98,114
1537,46,13,16,15,95,92,78,24,22,6,14,48,5,9
1538,12,92,22,97,6,104,95,4,8,31,3,103,117,7,18,114,116,63,19,89,24
1539,89,13,22,16,7,66,8,1,26,84,95,97,10,41,91,17,20,11,18
1540,14,16,89,25,8,1,24,6,46,21,84,19,11,17,114,91
1541,7,66,9,18,11,5,13,26,63,17,97,8,16,25,20,15,10
1542,6,46,12,15,23,97,26,24,3,17,19,18,7,13,8,84,10,58,1,20,5,103
1543,89,114,25,12,16,26,7,8,6,84,65,66,2,46,92,27,95,14,55,1,34,5,104
1544,8,14,24,19,18,23,12,26,5,15,114,11,4,50,1,9,17
1545,89,13,10,21,5,114,25,16,19,20,14,63,69,109,23,9,91,95,4,12,2
1546,2,24,1,15,11,17,12,34,114,100,7,26,92,97,22,89,21,16
1547,12,19,95,7,23,10,13,17,18,1,114,43,34,73,4,92,22
1548,21,8,12,16,15,14,25,84,57,46,17,22,5,18,95,27
1549,20,6,3,12,18,46,26,84,25,58,114,19,93,24,15
1550,92,66,24,7,46,58,2,17,4,6,63,117,95,23,30,115,27,10,93
1551,9,46,24,6,3,16,1,20,114,97,23,22,43,84,55,17
1552,22,3,24,6,5,63,13,46,12,114,45,9,1,87,14,84,58,97,92,79
1553,6,5,97,8,12,2,14,10,17,18,43,62,114,46,16,25,4,112,98,35,87
1554,6,1,16,5,14,10,25,24,9,2,17,26,51,39,92
1555,5,15,22,1,34,114,23,119,87,14,8,89
1556,24,16,34,89,3,18,92,83,8,25,14,7
1557,18,84,89,5,92,15,114,97,46,4,1,7,119,68
1558,6,18,84,20,10,114,15,46,2,21,34,14,7,1,104,13
1559,12,20,7,11,40,92,10,3,55,26,23,1,14
1560,21,15,114,20,11,84,22,10,5,6,14,3
1561,14,16,8,6,2,84,19,25,23,26,114,18,17,12,9,79,24,106,5
1562,8,11,17,1,97,63,14,95,4,20,12,54,5,46,24,19,84,7,28,2,62,106,58,10,23
1563,7,1,114,26,11,24,15,92,20,63,8,89,3,10,18,5,22,54,47,23,21,34,28,115,55,103,6
1564,34,28,1,14,6,22,20,16,10,26,9,46,7,4,24,54,12
1565,19,20,34,17,97,21,26,10,25,2,43,117,12,103,14,7,95,15
1566,70,21,7,2,4,11,92,18,75,89,80
1567,14,1,46,34,97,10,18,114,92,9,95,20,102,106,15,63,11,21,6,112,79,7
1568,22,114,1,63,23,55,34,5,13,12,14,8,20,89,24,100,95,27,21,102,46,11,73,97,84
1569,11,14,13,4,9,104,62,66,114,22,43,46,41,17,89,95,105,19,10,100
1570,11,114,97,23,6,3,25,14,24,8,62,18,104,26,72,10,33,29,117,20,59,16
1571,16,10,24,17,12,114,3,95,117,43,92,25,97,28,63,66,55,21,29,89,13,84
1572,66,103,12,20,7,18,2,5,15,9,8,64,113,22,25,17
1573,16,11,13,7,89,43,18,21,20,5,78,9,38,17,22,34
1574,34,24,22,43,11,66,21,16,20,8,19,18,84,6,79,26,15,46
1575,6,8,9,26,4,114,16,84,95,34,66,17,24,11,58,1,18,47,19,10,5,14,13,28
1576,89,8,34,63,19,92,104,14,23,117,22,101,11,43,48,1,91
1577,22,13,46,25,15,21,9,17,97,24,89,23,5,95,92,27,2
1578,21,46,1,13,22,20,89,26,92,3,16,79,12,19,40,15,91,84,14,18,97
1579,11,8,16,84,19,15,13,14,24,25,89,7,12,62,66,46,52,10,35,114,1,103
1580,13,89,2,117,3,12,95,114,17,11,26,22,15,24,18,97,109,21,8
1581,8,9,14,34,2,18,12,10,92,59,24,6,17,95,19,26,91
1582,17,16,26,9,84,7,12,97,11,46,15,55,114,1,63,87,57,22,74,23,37,35,54,6,72
1583,84,12,15,21,28,2,117,92,22,23,7,110,34,63,46,16,13,97
1584,18,26,14,1,9,20,7,28,13,3,77,88,11,63,30,34,79,44
1585,89,24,17,20,9,66,84,7,19,25,16,92,10,23,50,34,11,5,2,55,12
1586,21,1,84,46,13,25,3,22,6,15,10,63,97,95,55,34
1587,21,18,7,114,84,89,10,26,5,12,15,6,22,41,25,17,46,14
1588,84,12,25,114,17,1,16,11,6,62,2,3,13,82,95,20
1589,5,21,114,25,8,24,7,89,11,14,38,13,2
1590,6,18,9,46,26,13,7,22,8,97,11,12,63,15,89,48,119,3,84,24,92
1591,92,21,1,28,46,97,14,84,24,63,89,25,106,11,9,19,90,12,58,62
1592,20,12,24,23,11,15,34,8,9,58,63,6,5,91,1,89,17,2
1593,20,7,8,18,13,16,3,17,2,84,58,15,6,9,28,25,92,5,23,95
1594,14,103,95,104,20,6,92,114,9,12,22,18,1,38,3,84,25,13
1595,12,14,95,9,20,10,4,11,23,7,84,21,54,114,86,58,82,104,19,13,61,63
1596,21,14,1,23,9,8,24,95,13,10,16,97
1597,19,21,1,24,17,9,8,84,7,66,114,97,46,25,2,14
1598,7,1,16,17,25,104,22,4,28,3,21,95,23,55,58,14,44,84,2,11,97,20,62,10,9
1599,25,7,13,20,84,14,8,10,19,24,3,17,80,11,79,55,34,114,26,9,22,97,75,47
1600,5,15,19,7,11,46,10,17,16,24,6,22,89,47,64,2,18,61
1601,26,19,97,114,4,3,25,10,22,34,89,46,12,17,7,76,9,39,32,86
1602,7,2,84,95,15,28,114,46,26,17,63,106,6,66,12,97,8,10,5,23,24,13,16
1603,34,9,11,95,25,67,85,2,4,20,104,3,14,15,19,5
1604,19,24,7,25,92,20,28,4,10,84,21,12,8,1,46,117,45,53,22,26
1605,84,11,7,6,23,26,13,17,10,63,91,20,64,2,24,28,5,22,104,18,3
1606,97,63,17,23,15,95,19,26,9,34,46,92,44,20,7,5,8,89,3
1607,28,97,20,63,26,43,16,34,10,9,6,5,15,23,21,114,19,54,4
1608,9,14,25,23,20,24,103,2,55,114,93,10,3,69,6
1609,95,23,8,7,46,24,26,117,1,63,107,73,10,34,5,82,14,25,89,13,16
1610,5,66,6,13,18,63,1,3,34,22,9,23,106,92,15,89,51,19,97,17,2,29,10,84
1611,84,16,21,46,4,18,3,114,22,19,9,35,2,20
1612,22,2,20,63,9,7,26,55,16,1,84,3,21,25,14,48,4
1613,114,26,97,5,34,15,11,92,66,9,117,8,13
1614,1,2,89,10,17,84,34,21,16,15,12,97,63,9,26,22,46,23,114,47
1615,34,114,16,95,26,46,92,13,63,89,43,14,70,21,10,20,1,25,82,6
1616,16,22,8,104,117,4,54,28,92,63,114,13,2,1,24,20,26
1617,10,1,14,12,21,3,7,42,97,46,16,5,49,11,84,9
1618,25,9,17,6,5,84,11,43,22,19,14,46,18,97,7,1,15,55
1619,8,114,34,4,24,16,19,22,17
1620,25,66,16,24,23,43,28,9,19,15,12,3,42,70,10,108,77,7,34,65,26
1621,89,17,66,2,12,5,7,34,15,13,86,16,114,24,11
1622,13,11,20,8,95,7,17,22,16,26,84,10,15,4,96,21,19,103,3
1623,16,114,46,89,1,24,10,14,26,92,20,2,13,84,33,4,6,9,50,18,22
1624,21,8,25,17,26,10,3,22,9,84,7,58,92,18,15,1
1625,84,8,7,1,114,9,4,3,58,17,85,5,11,26,63,10,16,34,97,25,81
1626,10,63,34,103,5,114,8,23,95,1,15,92,97,14,106,22,58,2,24,17
1627,46,6,20,28,19,3,14,16,8,89,55,11,51,2,25,117,95,97,80,114,26,113,22,13,12
1628,114,19,97,55,25,12,9,66,54,5,91,62,88,1,117,42,15,24,26,13,104
1629,14,95,20,6,18,4,25,21,46,97,58,16,84,93,5
1630,8,34,22,23,16,84,43,17,19,89,24,58,4,77,114,26,46,15,50,21,5,7,12,100
1631,66,24,34,92,43,16,26,20,97,25,8,15,11,2,6,89,116,114,23,117,19,21
1632,22,14,17,24,84,2,114,8,3,55,15,58,63,43,38,51,82,21,1,4,97,62,66,23
1633,114,5,6,95,92,14,97,89,4,55,1,18,20,13,103,15,19,28
1634,9,10,63,3,26,17,34,25,97,8,11,19,21,5,28,12,70,22,66,58,95,54,15,33,1,2
1635,7,103,1,4,34,10,28,95,13,97,11,8,104,14,89,17,58,63,9,23,117,24,46
1636,20,13,33,89,15,34,43,22,14,5,6,18,114,58,26,11,2
1637,9,6,18,12,114,17,95,4,28,5,8,11,10,63,46,26,25,15,89,19,16,58
1638,18,34,15,13,103,19,22,23,2,10,25,20,1,9,5,95,14,7,4,3
1639,89,25,114,66,8,6,15,2,17,21,95,97,16,52,19,26
1640,114,89,16,20,14,26,19,43,3,7,2,63,46,6,15,17,66,58,1,27,25,97,62
1641,97,84,6,15,95,25,92,104,62,18,24,8,11,46,3,13,34,61,1
1642,11,9,55,2,103,19,14,62,95,4,22,117,16,46,43,6
1643,1,8,7,30,113,11,9,5,10,2,25,20,21,26,18,55,16,12
1644,26,92,84,5,46,19,13,89,97,4,6,24,3,117,11,107,55,9,36
1645,24,21,84,8,34,19,25,2,70,20,114,37,22,32,15,3,18,26
1646,8,21,24,46,20,84,5,25,17,7,18,47,61
1647,6,34,84,46,97,1,4,93,94,110,40,5,2
1648,2,9,3,55,92,1,34,21,15,11,28,22,58,64,24,4,62,17
1649,25,17,97,9,26,8,114,22,7,1,6,66,3,11,4,63,89,12,76,19,41
1650,89,7,97,5,18,14,92,46,11,13,24,28,66,26,45,21,12,77,100,9,104,17,6,35
1651,16,26,14,34,46,18,7,1,22,2,12,17,23,10,19,21,11,6
1652,17,25,28,89,1,9,20,26,63,21,92,34,4,46,97,84,103,114,11,58,13
1653,22,14,26,13,7,24,113,19,117,4,89,9,6
1654,9,10,18,12,14,16,26,13,3,6,21,8,15,4
1655,22,15,12,92,6,21,16,25,66,1,19,34,114,24,58,62,3,26
1656,3,89,13,26,84,25,103,114,10,11,95,16,19,43,58,5,97,15,46,91,18,9
1657,2,23,16,20,84,18,9,28,8,13,1,14,4,62,92,47,22,66,21,46,33,104,89,34,25,97
1658,7,11,46,17,2,19,34,6,63,18,114,84,23,16,104,5,9,66
1659,21,5,84,22,25,6,17,2,12,46,99,10,8,34,95,3,90
1660,22,15,13,17,28,92,21,20,84,5,112,35,87,62,8,97,6,11,95
1661,20,16,3,5,28,21,11,25,1,15,7,4,12,92,22,2,23,98,13,14,97
1662,89,18,34,9,7,13,20,1,5,14,55,92,28,16,100,21,66,58,4,97,114,43
1663,3,6,9,2,25,13,11,24,8,34,89,58,97,23,21,63,94,5,26
1664,9,1,3,20,97,95,63,15,13,7,8,87,14,22,17,21,114,34,103,25,26,19
1665,11,14,58,2,10,23,3,84,5,60,113,1,43,24,6,83,55,18,28,54
1666,7,22,8,34,46,2,17,6,9,89,26,4,83,16,104
1667,3,22,66,46,11,1,100,92,95,26,15,8,115,33,71,58,17,28,19,4
1668,114,10,46,55,1,18,15,66,9,21,13,7,8,3,14,11,12,34,92,28,2,5,43
1669,21,84,18,25,26,11,22,14,23,78,9,20,97,55,34,102,8,62,19
1670,5,58,34,9,20,2,13,95,11,22,25,17,16,50,110,104
1671,1,26,20,10,18,97,3,22,14,7,46,84,16,90,71,115,25,117,24,114,5,6
1672,14,18,11,114,1,92,25,95,4,15,28,16,84,34,26,3,7,13,89,66,9,22
1673,114,19,8,2,66,26,21,13,43,46,5,1,22,92,12,95,97,83,24,14,3
1674,20,7,95,14,10,114,6,63,97,9,1,22,21,12,85,24
1675,6,92,14,15,5,1,13,103,19,55,43,23,24,89,12,9,114,46,10,20,11
1676,13,21,84,23,20,19,6,5,18,17,66,15,10,14,30,26,38,2
1677,12,22,66,5,63,18,16,25,7,9,24,92,2,114,10,89,20,26
1678,34,17,15,8,24,46,12,11,95,2,104,25,23,14,84,22,119,7,61
1679,1,17,15,92,6,7,19,24,16,95,58,9,22,11,13,89,5,2,3
1680,1,22,97,23,5,2,12,25,14,15,20,62,104,16,9,117,84,7,26
1681,20,16,17,21,25,9,18,13,97,117,24,22,46
1682,12,13,26,15,46,92,3,6,22,2,23,74,21,18,17,55,1,20,84
1683,114,20,97,34,92,95,24,32,21,10,25,5,19,15,58,104,89
1684,7,15,46,92,22,97,11,20,1,51,17,28,111,19,118
1685,5,103,9,1,20,7,21,17,92,84,11,119,18,8,25,14,22,10,34
1686,18,21,26,46,22,13,17,114,1,12,66,10,23,55,24,63,3,34,9,84
1687,18,84,3,1,19,22,7,6,55,43,66,8,23,114,104,100,14,25,68,46,118,16,62,13
1688,26,34,2,1,19,4,18,10,43,114,95,22,89,104,23,84,25,46,6,56,9
1689,8,89,13,46,26,114,7,14,92,15,10,66,20,95,21,43,2,3,63,18,34
1690,46,23,2,34,22,6,5,95,1,89,97,4,21,3,13,64,63,11,15,84
1691,89,84,12,6,1,11,25,5,14,33,8,95,19,3,43,58,40,16,21,106,54,22,34,18,13,2
1692,2,66,16,34,8,5,92,9,95,22,10,111,6,21
1693,25,8,10,84,26,1,20,3,24,97,2,15,22,67,114,72
1694,18,19,8,12,55,7,114,11,20,92,15,9,34,103,74,16
1695,13,92,24,17,19,46,104,8,84,1,25,18,10,26,22,6,114,64,89,15,4,63,16
1696,13,89,117,14,46,26,23,21,11,10,24,6,18,7,34,58,16,66,28
1697,12,64,4,46,19,22,63,2,14,13,26,111,8,54,6,20,23,78
1698,114,97,55,18,25,66,43,12,3,8,92,13,58,15,89,2,86,7,24,38,21,84
1699,11,97,4,24,9,117,19,2,62,1,25,95,46,67,8,3,34,55,6
1700,6,8,11,12,1,17,13,21,10,85,18,20
1701,34,15,18,3,25,97,66,12,46,13,7,5,24,112,89,54,4,17,9,23,20,19,52,21,114,22
1702,15,6,92,22,34,25,3,2,89,10,14,21,9,4,46,24,19,7
1703,20,33,15,46,11,3,6,25,66,17,97,21,81,113,19,32,7,5,13,55,45,16,26,8
1704,89,46,3,11,28,26,9,8,13,25,15,79,82,58,7,59,24,12
1705,24,7,97,89,8,17,12,22,10,6,26,114,19,63,20,46,9,21,43,54,66,65,2
1706,84,16,15,18,63,54,95,19,20,34,17,14,5,26,108,6,114,10,93,90,43,3
1707,8,34,12,46,25,58,5,17,42,54,26,14,20,13,84,38,31,18,104,28,60,89,91,16,6
1708,10,16,9,46,84,2,22,89,1,97,21,25,24,66,13,12,4,43,7
1709,89,14,84,3,97,18,11,5,16,20,65,17,7,13,2,15,63,6,12
1710,8,22,66,46,89,17,48,26,97,16,21,12,13,19,3,114
1711,15,114,26,9,4,2,13,17,95,3,7,18,10,19,82,8,1,101,11,14,89
1712,7,9,26,89,13,20,95,8,63,97,5,114,2,17,43,15,24,11,1,28,16,23
1713,18,2,15,34,14,28,24,22,7,21,3,16,8,58,5,61,17,90,33,26,79,4
1714,8,25,6,11,95,89,20,13,46,16,98,58,24,9
1715,21,25,46,66,63,23,45,9,10,2,6,114,65,19,5,58,18,101,16,62
1716,12,6,21,25,24,13,15,66,14,20,43,84,63,89,37,18,5,74,17,28,16,9
1717,114,17,26,9,4,23,21,46,6,24,73,7,19
1718,5,20,92,63,93,115,95,46,55,26,43,16,104,15,96,89,53,98,11,113,7,103,17,23,33,91,12
1719,2,55,3,84,17,23,99,24,93,5,6,12,34,15,22,7,26,54,13
1720,10,7,63,34,66,28,25,13,20,89,117,46,2,6,18,23,24
1721,18,114,9,8,11,96,46,16,17,89
1722,92,46,15,55,58,7,11,18,10,1,13,63,16,9,2,34
1723,1,97,7,25,10,84,28,117,12,92,24,33,6,22,23,34,56,4,11,19,114,104,46,21
1724,19,89,20,34,13,49,54,95,114,84,14,28,3,18,25,5,104,1
1725,1,114,10,7,2,16,25,84,14,26,8,21,97,34,22,9,95,3,68,18
1726,4,25,92,20,10,15,23,12,3,24,114,13,63,21,100,115,84,103,2,54,97,30,117,5,22,17,104,43,6
1727,2,14,21,24,13,84,6,11,4,26,25,43,95,38,22,50,5,23,70,17,97,77,62,89
1728,1,34,28,16,14,62,11,18,97,15,92,13,4,33,2,54,21,17,19,24,84,22
1729,89,10,16,97,18,63,55,25,84,6,117,28,23,13,92,103,45,19,95,46
1730,10,24,20,4,97,13,25,63,8,34,66,2,105,14,19
1731,89,7,16,20,18,92,1,55,63,54,33,43,15,13,34,97,3,90,25,38,17,28,26,103
1732,3,21,1,24,2,11,23,114,25,22,19,6,10,20,9
1733,6,2,84,17,66,3,19,18,4,12,49,92,16,15,23,26,24
1734,2,20,63,14,3,21,26,13,43,18,89,46,111,8,12,28,23
1735,13,26,5,11,84,34,95,117,1,43,15,99,79,114,112,96,62,28
1736,24,95,114,46,18,25,6,16,23,15,12,13,2,63,7,5,9,89,17
1737,66,84,46,10,1,4,20,11,63,89,55,6,16,18,54,3,21,19,24
1738,6,34,89,19,1,21,114,2,25,43,7,26,18,12,16,13,28,5,118,11,10
1739,15,3,46,66,14,18,5,89,104,43,10,22,24,12,17,2,11,58,84,62,19,21
1740,9,114,18,1,97,6,15,63,3,23,16,92,98,20,5
1741,34,26,2,14,1,15,21,3,7,6,13,9
1742,15,16,9,46,1,6,114,34,5,23,2,97,26,22,110,7,4,10,55,8
1743,15,95,6,22,12,13,84,34,17,26,89,8,58,25,4,18,109
1744,12,26,4,25,7,16,65,9,117,37,46,5,18,3,114
1745,25,18,3,66,84,11,89,95,21,46,22,114,13,9,4,1,16,44,92,24,14,43
1746,34,55,66,6,23,43,20,13,84,11,1,12,25,5,15,8,54,10,4,87,95,102,24
1747,46,84,26,24,13,4,9,117,92,17,89,22,5,23,2,95,12,11,34,25,16
1748,3,5,46,89,21,7,16,2,8,13,62,6,66,114,22,97
1749,12,66,97,6,14,13,11,5,46,20,24,18,108,110,3
1750,58,95,34,17,20,1,22,18,4,10,63,65,7,12,11,25,54,73,5
1751,97,117,7,28,5,11,23,17,2,25,1,63,24,36,15,54,13,26,18,16,19,8,114,21
1752,34,10,63,13,18,43,20,58,7,16,24,28,2,67,12,17,39,4,11,19
1753,15,26,13,12,16,34,95,24,66,6,22,104,58,91,7,18,10
1754,7,14,10,89,11,18,19,46,2,13,8,63,114,3,25,20,55,26,22,4,12,64
1755,5,17,11,97,20,114,15,12,4,66,28,23,13,92,22,73,89
1756,22,97,20,8,18,2,12,84,10,114,13,24,14,95,89,35,66,6,21,64,63,16
1757,21,5,84,14,17,9,7,11,25,8,18,13,63,66,87,22,34,33,62,92,26,28
1758,8,25,5,6,46,21,13,34,18,89,17,19,80,2,10,4
1759,6,1,7,114,10,34,21,84,17,95,4,46,89,11,64,18,8,15,12
1760,18,46,19,84,22,3,89,114,92,34,6,17,42,103,5,15,64,10,9,104,94,12,97,43
1761,15,17,25,84,9,63,114,95,85,7,20,1,92,103,50,6,19,16,28,38,76,29,58
1762,63,1,10,13,8,114,22,23,97,16,46,24,19,3,25,15,9,6
1763,21,92,17,14,11,66,89,8,46,4,23,20,7,25,56,24,34
1764,9,15,8,11,34,14,2,89,26,114,10,71,64,1,55,103,95,19
1765,22,8,7,5,14,46,26,21,16,9,6,68,34,18,114
1766,19,21,1,20,15,43,16,6,95,3,84,24,117,25,13,18,63,37,97
1767,11,103,5,1,35,7,20,21,16,4,18,12,2,43,34,66,10,17,25
1768,89,24,21,11,34,14,43,84,15,55,114,58,20,6,4,113,3,22,17,92,1,26,95
1769,25,10,11,12,23,3,21,20,13,5,18,19,95,64,16,9,43,22
1770,11,18,20,10,16,23,7,4,43,114,95,34,103,17,2,1,104,28,89,22,5,66,63,15
1771,14,12,16,8,25,69,10,2,1,20,58,63,15,84,46,95,17,6,5,53,79
1772,8,15,10,7,3,14,4,16,63,84,12,6,25,66,30,5,81,95,1,107,100,20
1773,11,5,92,95,97,3,65,18,26,8,21,20,107,17,22
1774,24,5,21,15,63,66,17,58,8,20,12,28,114,26,25,82,6,2,90,9,16,7,19,18
1775,25,103,11,15,10,22,7,1,5,3,114,6,34,26,62,23,9,18
1776,15,63,34,14,28,6,5,12,8,22,25,20,92,97,46,64,9,3,10,107,13
1777,3,9,8,10,114,14,95,16,97,6,19,4,13,58,25
1778,26,12,114,8,6,63,21,34,92,55,14,117,15,7,18,24
1779,12,1,18,21,3,34,5,6,114,63,11,8,43,2,9,10
1780,9,11,17,13,21,1,34,10,67,82,64,89,25,26,84,76,55,22
1781,19,22,24,2,92,4,14,21,84,11,25,20,30,9,8
1782,8,84,114,89,25,16,14,21,10,43,12,34,100,92,32,7,91,103,5,46,97,38,2
1783,6,21,13,46,8,3,97,92,11,7,20,55,84,10,12,112,2,4,22,14,23
1784,10,1,19,46,28,17,22,20,16,95,13,2,5,8,63,67,3,6,26,4,66
1785,5,11,25,6,89,95,19,18,1,20,46,84,33,13,10,2,117,38,9,4
1786,18,8,11,14,23,89,13,84,2,6,19,4,91,9,7,3,47,17,95
1787,5,13,4,23,3,18,24,17,21,2,97,8,12,34
1788,17,84,25,3,21,63,95,46,8,59,97,92,91,23,7,2,20,10,12,74,110,26,50,43
1789,7,6,34,89,2,16,3,14,20,88,15,43,25,5,97,24
1790,16,21,26,19,17,95,66,58,62,117,1,24,89,104,7,3,92,54,22,107,20,6,63,46
1791,26,22,21,24,16,89,20,8,43,28,5,97,10,18,9,11,23
1792,26,21,2,1,97,18,43,3,16,4,28,114,23,46,77,34,84,14,63,9,110,19
1793,1,19,103,16,43,104,63,2,24,114,14,23,26,46,15,7,64,21
1794,58,13,7,46,11,84,19,1,8,89,10,114,16,6,24,12,103
1795,13,26,6,7,97,8,14,89,3,25,63,28,16,10,17,46
1796,7,26,10,6,22,97,19,5,95,25,89,34,17,18,66
1797,18,66,11,9,4,1,16,13,63,84,31,6,8,17,10,26,14,2
1798,10,14,19,62,16,95,63,11,8,84,103,2,34,15,20,4,97,17,9,54,12,22,92,46,105
1799,12,34,46,114,13,19,43,28,11,8,1,21,66,62,7,95,2,20,18,14,6,55,10,4
1800,84,22,28,95,63,16,89,18,15,40,5,26,58,33,1,87,17,113,54,46,7
1801,6,92,19,7,13,63,84,43,26,50,97,34,25,66,4,11,21,12,17,5,109,10,14,15
1802,13,69,63,19,97,9,46,55,15,7,10,20,18,89,45,6,24
1803,3,10,22,15,24,2,25,46,17,97,14,11,21,117,55,62,111,9,20,114,66
1804,82,55,66,60,71,46,84,92,34,14,47,26,100,63,31,28,104,61,17,4,37,83,7,15,67,51,11,33
1805,15,84,21,6,114,25,8,1,4,64,16,17,2,20,66
1806,14,5,17,22,7,34,95,20,24,54,1,68,84,61,114,92,6,10,25,16,23,18,89
1807,20,3,63,11,17,95,5,24,21,89,13,12,46,9,23,10,114,55,34,4
1808,3,84,19,24,23,15,6,11,66,9,62,103,10,4,109,63,14,7,2,1,58
1809,20,2,89,19,4,16,28,97,46,11,1,95,91,10,25
1810,82,66,8,95,114,2,24,1,18,50,16,43,7,74,34,4,9,46,19,97,51,22,45,115
1811,11,12,63,10,43,16,55,17,103,100,19,114,28,88,21,72,46,74,116,104,13,26,8,20,5
1812,14,1,7,103,89,16,63,58,95,26,8,54,114,92,20,66,15,84,18,5,10,17,9
1813,80,17,11,7,13,2,12,8,25,34,4,97,63,16,83,46
1814,114,18,46,11,12,89,14,22,78,10,1,25,9
1815,11,10,25,24,3,55,7,18,5,34,20,33,15,43,46,84,26,8,4,13,23,114
1816,12,20,21,92,26,84,10,1,8,25,13,46,3,15,103,5
1817,114,1,19,20,34,95,6,11,48,16,8,22
1818,9,20,10,8,2,21,11,63,24,23,12,66,25,58,17,4,46,108,93,54
1819,2,103,18,95,117,20,22,4,104,25,12,100,9,89,6,63,17,15,1,43,112,91,54,80,62
1820,8,11,84,63,24,10,4,89,16,54,18,23,6,114,55,117,21,20,34,22,25,104,5,3
1821,20,11,24,4,25,114,22,63,5,84,81,6,40,71
1822,66,28,21,26,25,114,6,7,46,89,97,95,11,23,22
1823,22,16,97,26,95,19,18,24,5,23,7,3,1,66,78,15,6,14,13,77,92,117
1824,20,28,26,21,14,19,66,84,11,46,9,12,22,114,6,97,24,15,29,115,17,8,89
1825,3,21,8,63,5,11,9,92,15,22,2,97,89,73,25,34,13
1826,10,7,92,3,21,9,46,84,12,20,11,17,14,2,51,55,112,15,33,13,89,18
1827,15,18,84,26,89,20,10,58,17,4,14,7,88,13,114,25,8,46,104
1828,2,3,97,10,18,16,78,14,77,4,89,19,15,21
1829,7,2,22,5,26,23,25,12,3,43,17,28,15,11,56,20
1830,46,10,9,22,8,4,24,18,3,55,104,23,84,7,66,12,35,95,14,59,89,37,21,20,15
1831,13,24,2,15,23,20,89,34,10,5,97,41,42,84,26,8,22
1832,5,19,7,92,21,15,6,16,22,89,58,26,66,25,24,8,49
1833,22,26,8,95,34,10,15,24,16,9,43,55,21,54,85,20,99,14,104,46,117,11,84,5,23
1834,89,43,46,97,25,7,42,84,12,95,45,10,17,34,15,23,4,117,61,65,63
1835,89,17,24,9,28,5,25,84,3,26,1,22,97,14,12,10,20,46,19,16,27,15,21
1836,10,14,21,26,16,22,15,3,34,92,9,25,20,119
1837,1,26,10,46,4,25,61,11,6,24,32,12,22,60,97,20,43
1838,14,66,21,84,9,114,13,8,34,43,16,7,24,17,6,89,15,12
1839,10,1,8,12,22,14,15,13,114,5,55,31,2,25,40,87,9
1840,11,21,7,2,46,20,97,114,4,29,23,63,15,18,101,16,13,92,10
1841,10,15,24,25,34,23,8,84,63,13,20,3,9,16,4,12,114,29,7,95,77,105,5,71,92
1842,17,92,21,12,84,16,25,1,20,5,26,62,65,10,6,8,9
1843,12,10,7,20,46,25,17,9,114,95,26,97,16,19,64,6,63
1844,20,7,26,43,84,19,10,13,12,63,97,46,92,4,24
1845,34,2,23,97,95,25,46,22,4,24,17,13,65,10,63,43,9,54,11,20,114
1846,11,97,10,63,6,34,42,46,89,95,4,25,84,18,92,2,8,26
1847,23,12,26,58,53,15,8,34,43,1,55,114,16,2,66,7,6,24,19,54,97,95,11,21,41
1848,15,21,9,3,92,25,2,26,19,20,24,13,38,87,16,63,22,17,34,46
1849,46,1,23,89,7,4,18,24,26,95,15,14,10,13,9,63,114,97,6,92
1850,114,10,7,3,46,89,2,9,17,23,16,5,43,19,63,14
1851,89,114,97,4,23,21,8,3,7,18,13,20,24,93,22,66,2,16,6
1852,7,97,4,117,9,62,11,23,24,19,92,63,1,89,68,6,54,13,22,73,3
1853,10,12,17,46,84,20,95,58,117,22,114,16,24,4,25,1,34
1854,7,95,66,20,5,26,40,89,14,2,107,17,63
1855,19,4,26,25,18,2,6,46,95,63,44,24,84,13,10,22,83,17,5
1856,1,14,10,22,3,66,26,17,34,84,4,21,15,92,74,16,43,18,75,33,40,7,24
1857,8,22,114,7,13,43,33,15,62,58,42,24,63,89,2,12,48,11,20,26,28,19,10,37,34,95
1858,16,13,8,114,10,26,97,17,89,1,63,43,25,66,6,24,7,11,54,19
1859,7,16,24,97,26,114,9,13,89,2,17,3,63,6,4
1860,1,114,97,63,10,7,46,40,6,15,5,77,36,16,8
1861,89,13,11,17,34,20,2,23,3,22,97,6,8,84,46,5,21,95,73,9,16,15,7
1862,11,7,10,14,8,34,55,2,16,48,21,63,95,12,89,108,24,13
1863,114,3,9,97,24,92,7,95,18,8,12,66,46,23,1,104,100,77,32,2,34,89,19,11,4
1864,14,8,92,95,84,11,34,17,103,89,26,13,19,46,117,6,18,20,16,97
1865,18,11,3,2,46,84,15,1,7,17,114,6,4,19,86,89,97,9,106,5
1866,22,92,63,24,15,97,1,11,117,7,55,16,3,83,14,43,46,91,20,17,104,13
1867,25,3,12,9,22,18,82,84,23,31,92,26,46,15,8
1868,17,7,1,114,14,46,66,18,13,16,84,34,10,95,26,8,25,102,92,4
1869,89,92,11,14,17,63,13,16,95,54,12,1,34,7,4,19,15,8,6,24,55
1870,17,20,6,12,7,114,5,95,18,21,16,8,92,1,10,9,26,3,15,13
1871,15,89,3,5,46,63,95,58,97,105,9,22,106,55,25,21,92,18,14,17,24
1872,10,23,16,92,8,84,55,20,5,18,24,13,25,11,114,19,6,66,95
1873,92,84,97,6,13,8,14,114,63,16,22,15,54,61,21,46,88,48,11,18,23,20,3
1874,11,84,18,26,19,12,17,3,86,89,63,13,91,16,1
1875,46,13,7,2,24,114,18,55,11,3,5,26,58,84,14,4,22,1,97,80,15,38,89,6,8,12,10,37
1876,12,18,5,46,84,21,63,26,7,95,15,43,55,6,34,20,11,60,104,17,97,33,28,2,24
1877,6,34,22,17,95,7,97,58,3,16,12,84,114,63,37,70,11,23
1878,89,22,18,2,97,114,66,15,10,6,23,95,61,88,16,4,7
1879,10,28,13,3,5,26,89,18,114,55,9,4,117,2,20,63,7,104,25,24
1880,15,25,9,12,97,20,22,7,26,11,18,63,17,43,27,24,19,21
1881,17,8,89,84,34,3,5,21,95,102,58,10,99,19,18,103,14,13
1882,20,24,92,13,11,2,43,6,106,3,22,66,12,4,84,47,34
1883,11,10,6,15,97,19,43,9,20,58,17,13,25,63,3,62,24,66,12,114,18,89,7,2,54
1884,11,18,6,97,4,24,34,104,1,58,20,7,16,26,114,63,19,25,17,13,5
1885,89,92,25,24,14,63,23,22,3,16,9,43,87,8,114,15,5,55,84,4,34
1886,15,9,13,14,114,8,2,17,16,46,30,71,19
1887,6,12,18,8,66,21,26,17,20,50,52,95,19,46
1888,20,114,97,15,84,55,21,95,24,14,46,8,3,77,16,63,2,36,19,9
1889,15,10,55,97,13,19,95,114,21,1,28,43,8,20,62,9,33,89,25,5,26,41
1890,2,21,26,46,22,58,15,10,13,23,20,9,4,18,43,81,8,5,89,24,84
1891,15,97,89,34,2,20,103,9,86,24,18,11,23,5,3,84
1892,17,20,10,12,95,97,34,6,14,89,66,21,117,48,3,84,115,2,15,13,25,18,16
1893,26,5,84,6,66,46,12,17,2,10,28,3,23,22,16,21,15,24,25,11,9,34,97,1
1894,20,7,12,18,22,92,25,16,63,34,21,95,116,2,24,89,3,29,8
1895,82,92,22,15,9,26,5,23,8,16,12,21,24,47,104,4,99,106,3,25,114,89
1896,7,18,25,15,14,46,6,1,97,17,22,84,78,5,11
1897,10,14,34,20,2,24,4,55,23,8,21,12,35,7,95,1,3,97,89,25
1898,2,12,9,114,22,24,18,34,70,16,1,5,93,17,55,14,23,84
1899,66,19,6,13,20,84,114,2,1,11,89,63,43,58,34,8,46,14
1900,18,6,1,11,22,21,15,17,39,23,13,2,10,3
1901,8,114,97,5,43,2,63,95,55,16,28,92,1,34,13,75,11,38,31,7
1902,2,26,95,1,63,89,34,12,23,6,15,97,3,8,17,18,51,117,4,19,25,60
1903,18,11,5,7,16,23,9,20,21,8,15,92,22,58,24,25,55,14,89,3
1904,14,9,8,16,55,6,3,24,26,92,95,67,34,84,1,23,13,20,10,38
1905,11,59,26,19,9,46,10,55,31,16,18,45,79,7
1906,84,89,8,15,24,13,117,28,20,5,6,57,3,64,41,1
1907,46,84,10,20,34,6,28,63,58,114,4,62,12,103,50,55,11,5,9,3,19,32,94,17,24,26
1908,84,20,5,28,6,95,2,117,9,105,4,18,49,11,97,15,65,8,17,23
1909,2,15,21,17,11,18,8,10,34,3,97,6,4,114,22,24,13,95,25,5,23,43
1910,9,84,17,3,22,15,8,10,6,18,7,26,95,37,11,12,2
1911,15,19,24,103,93,54,66,114,8,23,84,55,100,28,12,9,21,1,34,14,58,46,7,90
1912,34,26,58,27,10,63,21,114,38,14,20,3,97,9,101,8,54,18,42,17
1913,12,92,84,95,63,4,3,104,13,14,114,112,78,46,9,64,24,26,89,10
1914,12,3,17,16,13,58,25,14,89,19,95,79,22,10,1,11,97,46,54,92,114,66
1915,89,19,13,4,20,95,1,55,107,34,10,22,15,92,84,104,18,17,63,9,36
1916,15,21,7,17,46,8,16,13,114,4,20,43,64,96,84
1917,8,7,19,66,16,5,3,95,24,52,2,25,97,10,12,18,26
1918,20,22,97,25,8,2,117,95,17,4,43,18,34,16,28,39,26,14,58,89,72,62
1919,1,114,55,34,92,62,95,8,25,18,89,79,84,26,9,43,28,3,22,5,24,13,16
1920,24,3,97,23,26,20,21,19,22,10,46,15,5,79,13,92,1,4,66,14
1921,84,95,43,22,8,15,4,97,23,11,24,7,46,1,10,14,64,89,92,12,54,3,34,33
1922,8,19,58,11,22,3,26,28,6,66,7,84,1,12,5,16,35,107
1923,6,14,24,2,63,34,28,58,16,66,51,46,95,26,5,9
1924,11,19,24,21,16,10,92,5,34,2,46,17,22,4,98,6,13,77,31
1925,1,16,12,5,95,26,84,21,10,24,4,114,36,15,89,2,6,76,9,19
1926,2,92,46,16,12,11,17,24,14,34,114,89,3,100,5,30,86,95,13,65
1927,114,84,24,7,12,97,63,13,17,95,16,9,104,21,92,8,22,2,117
1928,8,34,7,21,92,22,9,12,13,16,25,19,84,66,23,11,4,116,17,89
1929,20,114,9,19,1,22,14,10,34,89,24,18,25,28,8,95,4,2,87,46,7,100,55
1930,3,28,18,6,5,84,17,20,58,63,47,94,22,21,26,85,114,97,43,15,55,1
1931,17,16,15,95,5,97,1,92,66,34,21,8,63,93,2,6,114,43
1932,2,97,92,5,104,18,43,81,118,84,54,12,19,98,24,114,6,20,26,13,15,63,8
1933,24,20,26,14,8,3,5,6,13,66,114,17,84,89,43,97,2,23
1934,14,19,13,63,10,6,12,66,24,20,3,92,97,18,22,54,9,15,5,114
1935,3,1,10,26,84,114,19,12,11,95,23,34,7,18,8,6,39,21,16
1936,2,18,11,24,25,6,114,22,9,26,16,17,4,10
1937,1,63,5,9,23,107,34,43,18,92,8,6,26,46,11,24,14,55,3,21,95
1938,13,22,15,21,25,97,2,6,5,8,23,96
1939,22,9,11,19,24,17,114,15,89,6,1,16,46,21,34,18,3,95,10,66
1940,16,114,3,89,97,19,23,26,24,4,13,95,17,46,14,18
1941,5,8,11,95,84,10,13,19,20,24,89,92,113,85,7,43,33,2
1942,114,63,28,20,21,95,3,6,11,55,12,24,16,92,45,8,43,1,64,100,48,52,9
1943,7,8,16,9,18,95,13,10,3,6,1,15,84,19,20,12,34
1944,16,8,3,15,97,20,10,25,102,33,63,24,54,1,46,34,45,55,21,17,62,92,100
1945,66,10,21,23,24,46,58,7,20,18,22,89,6,114,12,17,15,35,63,3,1,26,25,117
1946,7,17,25,114,2,1,26,18,84,21,5,19,14,20,87,13,6
1947,1,13,12,34,15,63,114,17,43,66,5,89,4,21,97,24,91,72,58
1948,12,22,6,43,46,97,26,9,7,11,19,23,24,3,58,15,21,103,18,20,114,84,16,5,63
1949,5,114,7,9,11,55,54,89,19,95,62,16,15,20,87,6,56,68,43,24,60,113,2
1950,26,22,11,13,12,7,15,3,84,89,21,25,5,16,2
1951,6,5,7,84,25,22,19,114,92,21,12,15,13,35,20,1,43,23,26
1952,9,1,24,16,66,89,12,17,22,23,26,7,6,97,43,46,51,8,10,19,63
1953,89,34,5,16,18,1,12,22,7,114,25,3,14,104,2,92
1954,3,2,84,20,63,43,11,117,24,17,46,5,89,23,16,9,58,64,75,104,92,10,69,13
1955,66,17,20,14,19,10,18,9,55,2,77,3,89,8,13,7,21,15
1956,25,22,89,34,17,13,58,84,20,6,18,12,1,5,113,15,2
1957,19,1,24,14,25,21,89,12,16,6,15,22,18,23,5,102,26,95
1958,26,114,9,6,19,20,2,95,25,1,66,3,5,15,23,62,89,13,72,97,79,99,52,93,10,28
1959,21,11,34,89,18,28,58,4,3,84,95,16,114,25,13,41,50,43
1960,7,25,18,2,13,84,97,8,10,26,46,4,91,24,16,5,3,118,12
1961,12,2,89,20,10,7,1,15,5,16,22,25,14,117,17,114
1962,18,1,6,16,9,34,17,4,7,3,19,23,8,24,12,2,99,26
1963,114,15,13,84,54,11,7,66,26,6,25,10,89,106,95,109,100,93,43,24,3,67,55,62
1964,114,66,21,83,18,1,9,84,22,26,25,23,14,92,13,12,85,89
1965,10,14,66,2,103,18,1,24,84,97,13,58,28,92,4,85,25,89,12
1966,11,4,2,7,21,17,89,25,106,24,6,5,3,13,1,18
1967,34,19,22,46,9,92,109,5,20,24,103,17,96
1968,34,46,5,13,7,9,43,89,20,6,28,97,17
1969,20,6,13,16,21,14,72,95,10,101,8,34,17,43
1970,17,63,8,97,117,92,12,7,9,54,84,19,16,2,58,24,1,14,43,26,3
1971,7,8,114,11,63,58,10,92,15,13,14,26,21,46,54
1972,2,19,18,46,22,6,3,8,34,84,20,16,5,40,9
1973,10,1,6,25,17,18,24,66,43,114,2,15,84,26,19,35,97,89,58,4,95,46
1974,8,5,24,15,97,21,19,6,2,25,49,23,46,55,117,13
1975,13,11,18,15,8,22,58,26,17,23,12,6,84,34,59,3,7,82,24,104,42,36,97,28
1976,46,5,23,8,26,84,19,24,12,97,11,13,20,79,1,55,2,66,69,15
1977,25,89,17,1,33,18,26,9,95,3,8,23,56,13,19,62,101,10,5,43,6
1978,24,23,19,103,5,14,3,13,7,34,6,17,18,11,95,97
1979,21,114,10,5,15,11,7,25,24,20,63,14,12,19,103,1,68,9,111
1980,114,19,104,85,21,63,14,26,1,28,8,13,109,10,24,46,23,34,2,62,9,22,115,17,12,97
1981,14,2,12,20,63,104,24,19,9,17,84,18,15,43,95,55,26,29,46,58,7,114
1982,20,21,25,7,16,3,9,12,2,5,84,14,10,114,19,17,4,46,13,8,73,11
1983,25,24,107,16,4,26,18,10,63,13,102,20,65,2,92,32,19,93,7,22,73,23
1984,15,114,9,21,23,2,11,4,63,26,16,85,25,60,7,6,18,32,5,3,54,62,1
1985,21,34,3,18,26,20,89,2,12,1,25,5,24,6,116,117
1986,9,7,2,18,22,26,34,95,92,5,104,20,25,50,89,21,11,3,15
1987,12,5,23,8,17,95,22,18,11,60,19,32,3,25,97,26,92
1988,2,22,5,11,4,12,8,10,26,24,116,43,7,1,14,97,52,23,20
1989,22,26,25,23,7,1,13,12,8,3,15,10,20,95
1990,97,22,9,114,4,20,88,102,12,15,2,85,6,90,63,89,94,8,3,27,62,24,1
1991,5,114,20,97,25,95,10,43,12,18,11,13,17,84,46,38,63,79,54,4,89,26,1
1992,22,89,66,14,95,13,103,5,26,28,6,88,20,7,25,23,8,65,24,111,34,91
1993,22,6,8,1,89,63,25,92,26,9,11,45,37,79,21
1994,26,34,15,25,95,114,5,8,65,4,55,2,28,84,18,86,30,1,16,58,3,19
1995,24,18,46,114,21,20,15,104,14,23,6,16,34,3,25,8,110
1996,84,11,24,19,92,89,16,114,10,6,97,54,90,17,43,46,73,34,5,2
1997,16,19,12,24,95,7,14,10,21,2,89,3,11,1,23,22,20,97,74,92
1998,19,63,18,4,103,55,104,15,89,111,112,28,3,74,24,84,106,5,25,85,6,34,88,11,102,2,70,90,75,109
1999,1,2,11,12,10,92,55,16,5,77,4,89,25
2000,95,46,5,3,18,25,6,9,34,24,20,89,97,1,15,2,26,16
2001,12,1,92,9,13,20,24,21,15,81,114,19,46,31,26
2002,18,24,104,89,5,88,111,99,92,95,10,6,20,23,14,28,16,13
2003,111,46,10,26,11,89,15,2,79,4,5,6,12,95,9,25,8,17,23,16,78,18,20,73,21
2004,10,22,12,114,66,8,15,63,20,25,3,18,89,54,19,34,26,84,117,2
2005,89,95,8,3,75,2,114,91,11,14,10,9,58,49,21,46,67,70,12,22,102
2006,19,12,1,24,21,34,46,10,17,107,9,25,45,104,6,103,43,114,2
2007,11,32,112,12,14,95,2,111,38,18,16,54
2008,22,89,16,12,4,25,114,21,7,46,23,63,91,54,9,20,97,15,38,19,24
2009,84,11,15,28,114,24,1,46,13,16,12,110,2,6,79,23,97,43,5,78,10,25,7
2010,21,18,13,16,25,9,114,2,95,22,89,66,43,6,14,20,46,91,7,70,63,12
2011,6,63,15,28,1,24,26,13,10,20,43,103,111,84,18,16,14,7,101,23,19,17,85,46,5,34
2012,9,19,92,1,7,10,2,34,18,12,114,5,55,97,6,24,15,89
2013,63,10,26,46,21,17,2,20,66,93,1,8,4,79,43,5,18,16,22,104
2014,25,26,11,15,89,14,8,22,3,9,84,107,7,34,5,90,12,1
2015,89,19,104,20,9,4,92,18,22,8,21,11,46,17,84,12,30,16,103,15
2016,9,84,7,16,13,43,23,15,114,34,6,24,2,117,21,55,78,1,5,26
2017,114,6,26,24,3,97,103,79,56,98,2,8
2018,1,15,17,14,24,92,56,101,12,8,46,10,18,9,2,13,23,3
2019,17,3,46,5,97,6,11,16,20,12,9,25,89,15,1,14,53,18
2020,34,15,4,14,11,5,43,9,19,18,17,21,10,103,63,46,66,92,112,62,8,55,40,24,91,117,28,88,89
2021,26,9,2,20,18,1,14,95,89,16,59,10,34,79,64,11,17
2022,11,2,22,9,1,19,5,6,7,92,111,10,34,89,74,63,54,18,4
2023,13,8,103,5,20,3,25,12,34,63,21,15,71,10,16,17,26
2024,17,63,6,15,23,9,95,10,25,26,12,18,88,16,24,11,46,7
2025,7,3,92,22,21,95,2,13,114,66,18,82,5
2026,114,24,95,18,92,15,5,22,89,12,2,34,103
2027,5,14,1,89,22,13,114,10,95,28,26,103,2,15,4,87,83,92,55,102,6,104,91,43,18
2028,21,66,10,2,1,12,4,19,9,97,51,63,15
2029,17,19,21,14,25,6,85,24,43,92,23,4,10,22,16,107,5
2030,66,26,2,34,18,43,114,22,1,13,89,29,92,28,8,11,77,64
2031,6,66,22,18,19,3,8,10,5,25,20
2032,28,84,3,19,103,107,46,73,15,33,114,26,74,94,62,10,92,93,14,43,25,34,91,117,24,104,85,6,86,13,97,56,54,81,8,67,4,51,63,23,66,99,98,1,12,72,95,75,110
2033,114,24,66,3,19,23,10,14,13,34,20,17,9,21,28,62,106,46,12,88,100,11,89,103
2034,15,6,26,18,8,17,11,34,1,5,63,84,22,2,9,40,46,24,90,25,13,54
2035,34,24,16,84,28,6,97,5,8,9,19,12,18,25,81,66,72,13,14,74
2036,89,21,2,15,10,12,114,17,16,58,25,4,8,5,7,13,41,104,63
2037,89,17,23,103,22,46,15,2,19,92,55,43,26,9,7,119,95,91,28,97,73,1,34,41,8
2038,12,34,19,104,114,84,11,3,6,1,89,92,4,43,8,93,17,63,91,7,88,16
2039,3,21,1,95,2,19,18,17,13,37,89,97
2040,18,1,11,15,3,26,66,5,24,34,55,28,13,58,42,57,114,25,6,22,97
2041,66,9,89,103,7,22,10,20,4,95,12,117,34,63,13
2042,5,23,11,114,17,14,18,63,26,3,96,22,12,10,25,46,21,19,4,16,41,6,9
2043,84,15,14,95,5,10,25,11,16,46,17,23,3,114,8,20,1,62,61,6,24,100
2044,46,1,7,5,114,13,10,21,22,66,63,92,23,17,2,4,6,84,25,18,14
2045,12,3,9,17,7,77,55,16,5,25,2,97,116,8
2046,16,89,13,22,10,18,5,46,3,2,92,14,45,20,91,64,15,63,8
2047,17,11,6,89,21,2,95,19,13,5,8,46,84,1,20,10
2048,25,13,15,18,7,11,22,46,8,14,34,61,106,9,5,117,20,95,3,24
2049,46,19,95,3,11,10,7,21,4,89,13,92,8,9,102,2,97,28,55,15
2050,9,89,114,11,16,4,13,18,22,84,17,12,10,32,1,45,34,77,104,92,19,62,43
2051,9,1,16,24,14,26,21,101,22,103,78,92,85,107,10,8,13,28,73,95
2052,1,23,11,92,3,24,97,9,22,55,43,20,62,38,7,119,10,88
2053,95,16,26,19,20,5,107,14,92,22,7,21,2
2054,13,20,84,26,1,16,97,19,21,12,66,2,15,8,10,24,5,34,114,3,6
2055,18,89,2,12,8,16,95,6,21,17,9,4,28,99,119,84,55,15,14,1,102,7
2056,1,8,20,104,92,21,97,4,16,38,95,26,114,17,13,25,7,18,63,15,9,64,10,52,93,91
2057,24,92,55,9,83,3,114,104,6,25,4,89,13,22,59,28,16,15,14,12
2058,92,13,107,25,21,84,4,8,97,26,10,24,19,66,114,5,15,17,9,7,96,22
2059,20,25,1,11,97,8,9,92,95,14,117,46,12,114,19,34,111,58,101,62,89,109,21
2060,5,10,21,2,23,89,34,13,24,14,3,67,1,92,97,17,16,20
2061,18,5,46,7,89,104,8,92,21,26,3,4,1,28,25,22
2062,89,6,15,21,26,12,10,4,46,97,16,7,114,102,3,18
2063,17,12,95,25,13,92,3,2,14,90,23,19,89,8,26,104,16,66,85,84,57,117,68,96,97,46
2064,19,21,8,95,114,46,2,12,14,34,110,5,18,58,89,67,54,11,118,97,16,85
2065,95,26,5,97,13,18,15,25,4,34,16,46,82,3,55,115,22
2066,25,10,88,6,89,1,95,5,9,92,23,14,24,19,107,7
2067,10,7,16,2,1,8,18,13,69,77,6,3
2068,20,6,84,24,1,7,19,13,95,4,23,92,114,17,15,63,54,117,97,2,34,70,11
2069,11,26,8,2,12,22,104,20,117,92,17,23,58,1,95,3,57,89,9,7,5,4,97,63
2070,3,63,89,20,1,7,22,18,32,92,2,66,12,104,15,34,16,5,46,84,13,21
2071,19,25,18,7,2,26,17,8,15,14,95,24,21,96,60,97,56,92,3,77,16
2072,114,19,97,13,34,11,55,23,25,84,28,20,103,72,62,119,94,26,6,63,1,21,107,5,111
2073,12,3,84,66,8,63,102,104,97,14,107,67,92,2,91,101,23,5,20,28,15,22,41,109,7
2074,25,14,9,84,46,7,8,15,18,28,88,22,13,48,92,42,23,5,24
2075,1,14,2,46,21,10,16,24,73,7,23,17,12,43,92,15
2076,14,16,20,63,24,49,5,19,12,89,67,66,6,26,43,46
2077,95,1,22,117,34,3,84,24,12,28,6,25,63,8,13,9,54,46,114,92,90,16,119,38,89
2078,104,16,89,92,17,119,114,117,10,74,109,46,43,115,45,67,73,98,90,113,21,3,25,12,5,78,22,19,14,2,101,69,103
2079,5,7,46,107,18,34,3,26,1,51,20,12,89,84,11
2080,15,23,7,8,40,25,24,9,46,106,10,19,20,92,3,37,28,55,117,34,5,26
2081,21,9,89,1,104,25,20,11,17,3,4,34,97,46,10,22,119,2,87,81,33
2082,103,20,114,11,63,43,10,17,8,24,9,93,6,100,26,33,15,13,21
2083,1,3,34,19,46,18,21,14,11,10,42,114,17
2084,9,19,3,24,34,21,97,92,18,4,10,38,77,23,5,17,58,16,6,2,89
2085,46,92,15,3,84,114,85,19,5,13,18,25,89,34,119,96,75,14,63
2086,97,103,14,26,20,114,63,28,4,64,84,100,76,9,10,18,24,81,74,101,15,62,34,3,92,13,102,85,69,98,86,87,21,110,55,2
2087,20,97,114,22,7,63,18,95,19,15,5,26,1,36,2,6,24,103
2088,89,3,114,19,63,43,46,97,5,8,95,88,96,101,9,103,21,34,15,16,1,25,14,20,12,117,11,2
2089,1,7,6,17,19,21,114,11,46,3,9,43,104,102,61,34
2090,1,26,16,20,12,21,24,22,63,8,115,4,98,79,97,34,11
2091,8,12,18,25,26,3,22,20,97,56,14,9,84,23,2,104,5
2092,24,89,8,55,25,10,19,20,26,84,3,72,15,6,14,4,23
2093,22,4,24,92,17,9,15,20,101,6,2,19,21,14,10,112,38
2094,11,2,4,26,14,21,22,19,5,1,15,18,87,47,6,94,7,17,8
2095,9,6,14,26,43,5,16,63,18,34,113,24,11,114,4,2,62,73,89,17,1,61,3,81,111
2096,2,9,6,89,23,13,46,12,15,7,111,18,17,26,19,97,47,16,22
2097,22,92,9,1,114,8,3,7,2,84,20,24,34,15,97,19,21,63,43,12,30,16,51,6,18,100,13,11
2098,4,5,22,13,21,8,24,114,19,16,17,25,15,89,92,94,81,55,3,46,34
2099,104,26,6,3,12,92,118,16,106,9,23,73,4,46,116,13,103,99,88,95,27,55,70,11,25,81,86,68,97,17,43,34
2100,14,1,15,2,18,22,7,63,37,85,92,11,34,103,10,4,17
2101,8,7,84,92,14,2,17,18,9,104,114,90,20,21,100,46,28,97,12,117,23,62,103,93,22
2102,17,25,97,103,19,26,117,20,84,9,7,79,13,11,1,3,23,2,95,85,89,24,63,12,111,96,81,104,34
2103,7,9,4,114,24,26,1,10,92,34,5,15,12,16,95,6,25,8,55,97
2104,9,84,26,46,10,20,12,3,89,111,15,14,114,5,4,7,119
2105,84,3,5,2,12,9,11,114,4,117,79,13,26,24,63,55,74,37,7,95,43,23,10,34
2106,95,103,12,102,114,23,117,55,6,13,107,100,9,46,106,17,28,5,1,34,24,54,116
2107,46,19,5,6,16,89,21,1,18,15,92,114,34,56,30,25,28,13,101,11
2108,24,14,117,2,79,5,97,3,46,55,22,6,7,34,12,18,4,65,11,89,62
2109,6,63,19,9,25,103,97,22,16,10,20,114,26,39,17
2110,1,14,2,67,79,78,10,99,26,89,5
2111,22,17,92,24,95,34,2,63,104,16,114,11,14,15,111,1,23,10,5,20,6,26,25,9
2112,12,20,89,95,1,24,4,46,2,16,19,5,17,114,22,13,100,10,26,57,102,8
2113,14,17,18,5,19,84,16,12,34,11,15,117,112,13,8,116,22,103,1,97
2114,11,27,34,38,46,17,92,10,18,114,7,103,50,19,14,15,9
2115,3,92,103,22,46,25,16,84,17,114,1,2,10,117,4,24,19,8,7
2116,11,84,5,14,12,22,89,16,2,97,114,46,9,25,19,13,3,23,18,34,66,17,4,7,111,24
2117,16,6,4,22,2,97,23,117,43,28,11,3,93,20,24,25,95,27,7,19,107,12
2118,19,8,46,14,13,20,23,6,92,3,48,89,63,12,24,5
2119,114,26,34,17,107,3,90,9,89,6,47,92,25,18,23,102,95,11,20,14,66,13,99,46
2120,5,12,8,103,22,95,104,54,24,46,17,84,3,14,11,90,6,41,10,43,23,21,18
2121,9,12,97,7,114,2,1,89,34,22,17,15,20,46
2122,20,46,84,14,2,23,17,22,34,54,25,18,3,86,98,48,95
2123,89,13,21,11,34,18,79,95,16,24,117,7,14,114,19,22,23,84,63,15,104,28,4,5,115,2,77,10,113,81
2124,8,63,5,18,16,21,15,1,46,3,92,19,4,9,22,95,34,31,20,29,2,14,66,114,79
2125,17,63,39,16,114,9,1,7,3,10,18,25,55,28,4,23,11,2,46,60,22
2126,8,5,14,10,19,13,12,16,84,66,46,1,3,63,20,4,7,74,39,23,102,83,17,62
2127,23,15,84,11,4,25,22,26,18,29,83,92,8,114,5,19,54,13
2128,10,18,17,114,89,22,11,1,19,13,14,41,23,44,97,77,29,16,2,3
2129,1,16,104,89,23,20,25,26,15,92,11,14,10,106,117,24,95,5,22,43,3
2130,11,8,14,22,89,12,25,24,90,19,23,28,13,79,117,97,100,95,69,114,103
2131,1,34,11,26,46,14,24,104,4,9,63,89,8,22,43,53,62,84,12,15,54,21,56,20,16
2132,22,66,3,21,34,16,7,97,9,24,26,28,19,11,89,23,2,8,17,13,1,92
2133,18,8,7,92,3,104,34,96,95,63,43,97,24,4,62,16,89,46,107,22,88,114,73,5,10
2134,12,6,97,26,89,22,74,43,17,114,25,8,46
2135,12,13,6,10,14,5,3,2,8,1,34,9,104,11,54,7,57,22
2136,18,6,11,22,84,92,63,104,34,99,106,95,43,7,4,1,27,119,51,24,17,113,21,109,98,23,66
2137,13,14,97,8,5,6,34,19,24,43,114,16,104,56,10,58,21,12,63,87,18,84,22
2138,25,12,2,8,6,9,21,22,13,5,15,24,84,79,39,97,30,111,69,113,19,1,23
2139,3,21,1,46,18,16,92,95,26,8,17,7,12,9,34
2140,21,24,97,5,18,46,55,3,13,84,6,11,90,101,1,7,19,88,62
2141,16,114,92,79,63,89,5,19,97,8,28,55,25,6,11,91,15,17,24,13,68,33,103,23
2142,14,82,1,15,9,34,10,2,46,63,19,21,8,79,55,62,102,13,84,25,54
2143,26,10,89,12,25,19,17,34,104,28,11,1,97,27,102,46,15,22,79,13,3,5,103,117,74,18
2144,1,16,46,92,3,23,12,11,21,97,89,38,104,4,72,7,37,63,26
2145,3,97,22,9,1,20,7,6,34,104,63,46,95,13,92,10,19,8,23
2146,17,13,20,22,34,46,16,6,114,97,15,19,89,25,10,63,5,3,111,21,12,92,24,1
2147,46,12,15,11,2,95,7,34,24,25,1,10,119,6,20,3,114,22,18,23
2148,11,63,89,26,2,23,10,65,96,14,104,117,18,61,20,62,83,54,34,43,17,90,25,21,114
2149,26,95,18,14,24,46,84,16,89,1,90,7,92,88,97,43,100,74,67,8,22,45,69,54,59,62,4,96,11
2150,24,23,97,89,46,15,5,12,95,10,102,34,3,61,2,11,19
2151,2,14,95,92,46,43,22,25,88,19,36,7,97,50,5,87,39,32,16
2152,11,18,68,13,28,15,3,12,34,97,91,2,104,4,48,46,43,6,64,21,103
2153,20,22,14,9,25,15,24,5,17,46,93,86,16,11,21,97,18,92,43,73,84,104,8,115,29,66,62,7,28
2154,21,34,19,89,63,16,46,2,17,14,8,3,25,13,95,12,23,99,88
2155,12,22,11,66,8,2,13,97,25,1,55,104,10,26,95,20,4,6,118,43,19,24,7
2156,16,2,22,46,6,11,114,24,89,20,34,55,97,9,72,30,35,19
2157,89,17,10,25,46,6,95,9,13,24,12,26,11,45,34,5,21,92,19,7,79
2158,7,18,14,11,5,19,10,101,20,9,111,89,17,114,96,12
2159,14,97,1,22,85,15,12,21,20,25,66,18,34,2,27,69,87,10
2160,20,12,95,5,114,9,84,16,6,17,15,22,55,19,92,10,47,18,1
2161,25,6,18,66,24,15,55,22,7,63,16,5,23,8,19,11,43,9,97,26,21,12
2162,26,25,22,3,21,8,4,84,1,107,97,16,10,101,13,11,14,55,24
2163,8,87,18,2,4,24,9,22,5,92,3,16,11,13
2164,25,114,11,84,19,12,2,6,89,79,27,112,1,26,46,24,9,18,28,37
2165,46,10,3,34,9,13,21,25,23,18,2,4,84,92,26
2166,15,79,26,114,12,25,27,92,69,13,91,3,9,5,95,24,16,113,117,6
2167,3,14,30,15,8,89,63,9,13,12,114,111,26,28,16,5,92,99,6,1
2168,103,25,22,7,1,3,9,34,28,12,23,8,15,14,55,24,89,11,64
2169,92,18,25,23,63,11,3,13,84,17,5,109,15,6,2,1,22,104,46,12,93,77,9
2170,20,24,95,15,28,85,7,3,6,12,23,17,8,89,35,21,10,1,102,19,9
2171,22,2,1,12,11,26,3,92,21,71,10,17,6
2172,25,34,16,1,22,26,15,2,6,17,13,23,11,33,3,95
2173,24,46,17,3,11,114,95,10,14,97,20,29,23,18,92,94,6,19,43,15,7,119
2174,8,114,12,9,66,28,103,89,14,95,26,6,19,16,24,117,18,3,30,7,2,116,87
2175,92,63,9,1,8,114,26,117,79,21,90,62,13,97,40,87,22,11,18,16,89,24,7
2176,68,16,11,114,22,14,25,24,92,20,117,97,104,4,33,6,12,51,2,46,3
2177,14,21,1,89,63,84,5,20,6,72,97,43,3,23,85,114
2178,10,34,21,46,28,89,5,24,4,22,12,9,103,58,14,8,17,110,2,54,25
2179,17,22,2,9,97,10,21,92,26,103,19,24,104,79,11,16,51,12,13,18,113
2180,18,46,15,6,114,2,23,20,19,3,37,24,97,116,90,95,16,13,104,74,34,59,1,7,8
2181,3,14,26,20,8,12,5,10,11,6,13,24,7,89,4,22,114
2182,7,13,16,6,10,24,47,8,34,1,11,5,21,14,9,2,38,20
2183,1,26,5,17,97,23,9,11,18,12,24,95,16,10,38,46,28,21
2184,1,22,2,10,11,9,19,20,34,95,103,15,46,25,5,84,63,72,12,16,21
2185,21,8,46,92,88,12,1,89,10,5,24,43,23,3,17,63,15,104,114,6,13,103,55,28,62,9,49,113,2
2186,14,114,26,34,63,107,89,97,21,6,11,16,22,92,1,95,7,59,73,17
2187,9,7,89,104,25,2,52,10,19,15,94,23,82,11,13,92,6,17
2188,16,34,24,63,8,114,15,4,103,14,117,10,104,23,28,98,20,88,97,36,13,46,2
2189,89,26,22,13,19,9,16,10,95,114,20,15,17,12,46,25,27,3
2190,11,34,20,2,46,55,92,89,19,26,6,5,13,71,7,60,100,66,104,85,103
2191,1,24,11,14,13,2,7,21,15,96,36,54,80,97,16
2192,16,9,11,18,8,5,114,20,17,13,2,83,4,62,92,74,10,63,15,66,7,3,97
2193,9,12,97,2,24,3,7,25,114,8,117,43,18,88,95,92,89,102,57,5,15,81
2194,26,3,10,4,8,34,116,11,14,2,13
2195,14,21,5,18,3,16,25,97,8,2,20,24,117,12,89,19,93,95,119,13,103
2196,11,3,14,12,114,104,17,19,84,22,21,113,9,71
2197,22,19,26,92,34,46,6,20,18,67,11,17,25,31,9,16,21,114,15,89
2198,8,114,7,1,14,43,21,26,20,23,11,89,19,13,9,95,24,2
2199,9,114,11,13,26,6,25,17,5,18,3,10,34,65,92,49,46,103,85,4
2200,15,25,92,13,95,19,9,6,11,4,10,38,7,84,78,20,117
2201,17,6,2,22,92,23,12,9,10,74
2202,1,17,13,25,5,14,4,11,81,92,34,2,18,22,82,9,30,20
2203,17,13,25,97,34,9,16,14,12,92,11,1,23,72,24,2,89,7,62,21,19,6,15,46,22
2204,34,63,103,46,19,3,4,25,12,20,2,18,23,16,119,14
2205,11,22,21,3,15,26,16,46,23,5,97,13,43,14,95,6,9,55,8
2206,25,66,95,34,84,7,43,23,46,3,16,2,11,6,89,105,14,17,1,5
2207,102,97,25,66,21,17,14,3,13,84,12,19,20,34,81,10,113
2208,6,26,9,7,46,15,5,95,89,43,3,97,34,103,21,4,119,12,25,16,20
2209,15,16,14,13,3,17,4,89,63,9,24,12,19,1,95,51,20
2210,97,17,18,16,22,19,104,23,63,21,34,84,13,20,7,10,24,25,3,12,9
2211,114,9,3,92,5,18,14,24,10,4,13,23,77,25,8,95,1,34,90,75,113,6,119,7,15
2212,7,84,24,25,92,2,20,90,34,17,3,11,13,21,23,18,97,46,12
2213,92,24,88,7,79,20,108,13,43,9,14,28,118,18
2214,34,2,84,23,18,11,28,26,22,114,95,20,38,8,15,55,54,97
2215,14,15,21,6,8,7,11,34,10,95,24,116,23,26
2216,13,10,16,97,1,21,63,9,22,14,43,89,36,20,116
2217,26,89,5,8,28,14,24,21,25,16,9,12,11,1,52,84,19,92,91,97
2218,102,20,55,13,26,22,63,96,54,8,62,107,6,101,89,104,24,27,43,118,77,92,2,70,4,115,114,91,19,85,84,52,9,11,16,117,100
2219,16,12,25,15,95,7,2,19,8,84,14,55,117,114,21,18,17,46,26
2220,114,1,3,8,20,95,89,2,4,25,104,19,13,108,92,105,86,69,12,9
2221,15,34,28,12,5,9,19,8,89,4,43,20,114,97,62,53,74,67,33,24
2222,3,26,14,114,18,34,84,20,15,25,46,5,89,95,79,97,2,54,1,92,11
2223,89,6,92,23,85,34,10,25,21,43,77,63,14,13,96,115,74,4,18,53,7,3,26
2224,18,6,34,14,3,7,22,23,15,21,20,97,24,95,11,26,63
2225,12,25,70,21,11,3,8,9,17,10,16,28,4,1,14,89,43
2226,3,16,7,97,2,4,15,25,20,95,5,23,89,98,24,45,34,117
2227,15,106,19,6,43,34,7,11,9,16,8,20,2,97,61,65,25,28,46
2228,24,20,95,6,114,43,1,3,63,5,18,104,15,97,113,7,12,29,46,54,14,89,77,13
2229,66,23,25,3,92,21,20,97,15,79,19,6,10,12,84,43,95,16,102,39,86,8,7,61,2,24,22,27,90,114
2230,20,18,11,97,8,34,114,6,5,117,16,54,104,9,2,95,7,26,63,110,46,17,101,19,10,3
2231,84,92,15,21,89,62,9,97,25,26,23,114,20,8,17,6,95,1,10,43,34,14
2232,14,84,8,7,34,10,46,15,3,114,13,97,102,11,17,87
2233,3,11,6,15,14,88,114,103,97,117,31,18,37,4,24,10,95,115,7
2234,6,84,46,18,26,4,10,23,3,5,2,29,40,114,9
2235,3,9,34,25,19,95,10,12,8,24,92,5,13,23,114,61,21,14,18,104,2
2236,22,89,63,8,20,25,4,5,2,46,23,52,1,38,48,16,35
2237,66,16,6,25,26,10,1,34,19,92,22,97,3,8,4,114,18,9,23,74,101,17,13,84
2238,6,3,13,23,9,46,24,11,84,26,114,18,21,17,10,92,19,1
2239,9,12,10,1,114,15,89,7,22,16,34,19,3,39,97,24
2240,97,26,7,18,6,20,66,34,24,19,9,103,21,1,5,104,25,8
2241,34,8,3,12,95,97,25,63,13,7,43,18,20,55,21,1,15
2242,24,63,34,2,9,83,22,89,14,18,90,11,25,13,97,7
2243,13,46,14,26,114,7,4,21,19,6,3,18,97,11,86,9,15,25,34
2244,2,1,11,23,12,15,21,16,34,14,19,25,20,49
2245,92,13,24,7,95,110,25,102,22,114,96,10,8,66,89,6,47,2,38,11,9,48
2246,22,7,10,114,1,11,25,5,15,89,63,54,26,21,90
2247,10,34,84,26,17,1,9,95,22,20,114,2,8,16,15,18,61,36,6,38,110,102,13
2248,8,3,34,23,11,31,26,114,17,7,14,117,6,13,119,25
2249,22,11,9,13,21,5,14,97,63,25,18,7,17,96,55,12,79,24,26
2250,3,4,8,34,43,15,26,28,23,2,6,24,5,1,102,16,78,21,64,22,38,17
2251,13,34,111,103,95,20,12,16,21,51,89,66,97,17,6,15,9,88,92
2252,2,22,19,10,12,11,14,24,3,92,31,23,55,50,101
2253,13,114,7,12,20,9,22,11,97,15,34,46,68,95,5,8,1,66,26,28,17
2254,97,63,89,46,2,5,18,6,13,25,22,26,54,10,57,17,95,21,94
2255,26,11,13,17,114,95,18,66,5,46,63,2,89,119,58,1,16,51,92
2256,21,7,6,85,15,2,12,84,28,20,26,114,117,74,17,65,13,62,78,9,31,102,97,64,22,96,19,104
2257,97,19,9,25,103,20,7,8,114,34,24,95,10,52,22,26,92,2,18,16,32,14,15
2258,2,26,97,3,14,9,23,111,102,12,104,8,73,46,24
2259,18,1,19,5,6,26,95,12,97,66,80,34,21,114,56,92,24,46,9,107
2260,3,19,4,6,20,2,11,24,1,16,5,9,25,34,104,8
2261,97,21,25,3,24,114,107,84,20,7,46,8,34,116,9,92,39,26,16
2262,15,92,89,46,84,13,26,35,11,107,24,19,85,9,16,10
2263,21,22,18,1,25,6,46,26,34,104,10,13,47,7,117,28,97,14,79
2264,26,91,19,92,9,21,20,15,6,34,2,13,16,55,84,38,95,62,79,94,10,102,12,1
2265,89,24,26,14,7,13,12,43,95,97,1,104,46,119,17,2
2266,114,10,26,8,9,22,18,104,14,20,25,79,23,5,75,24
2267,46,24,7,5,2,43,15,8,4,92,18,14,26,23,97,9,86,13,76,40,81,54,66,83,117,22,11
2268,10,89,22,3,21,97,1,6,9,26,8,90,92,104,7,43,63,4,12,24
2269,5,16,21,89,6,10,34,63,13,14,117,19,104,62,28,46,7,94,92,41
2270,7,92,21,11,69,24,14,1,16,84,113,55,10,8
2271,20,95,19,9,26,10,24,6,7,38,17,97,85,22,15,92,60,73,16
2272,2,95,14,26,22,11,6,21,78,117,34,97,93,109,18,72,25,71,16,27
2273,34,16,5,12,85,6,11,14,28,114,22,19,31,4,26,62,116,97,1,15
2274,114,13,18,12,5,6,117,22,17,28,15,16,3,95,26,29,7,19,104,80,63
2275,97,14,107,114,63,23,21,101,79,19,2,17,28,8,5,16,24,15,25,95,11
2276,26,89,11,15,16,2,9,19,13,22,7,6,14,34,3,23,25,117,61,54,1,87,8,104
2277,34,11,95,46,28,62,13,18,12,114,7,26,20,5,54,3,14,8,1,22
2278,10,7,5,24,54,20,55,21,15,117,62,95,11,8,46,102,9,115,28,63,26,18,107
2279,25,63,95,97,12,24,19,10,16,53,2,6,46,21,13,26,1,54
2280,13,12,10,21,6,92,3,22,7,16,11,20,15,58,77,97,2,90,84
2281,16,2,19,17,14,5,114,11,18,3,13,58,89,12,21,4,117,97
2282,25,13,11,14,23,17,26,9,54,10,6,19,29,89,84,92,103,115,3,114,20,7,24
2283,14,1,7,23,28,13,16,89,119,115,9,34,104,4,79,26,92
2284,15,114,11,1,8,20,22,14,2,24,12,99,25,3
2285,17,25,114,14,23,20,33,63,11,95,4,19,55,102,6,26,16,62,8,85,15,84,9,73,46
2286,8,24,22,3,17,25,1,89,11,10,19,112,34,88,7,4,13,23,107,28
2287,114,10,92,97,63,13,8,101,7,19,46,93,89,102,14,28,22,90
2288,1,16,8,104,26,14,4,97,95,114,66,10,6,12,25,22
2289,21,95,34,23,18,12,97,6,13,20,26,89,15,14,22,117,1,19,4,104
2290,14,21,97,17,114,103,90,5,9,7,12,13,2,73,107,3,44,111,24,25,113,4,108
2291,18,46,97,16,10,20,12,5,25,26,6,13,114,91,89,92,32,19
2292,6,1,14,16,24,3,18,114,15,2,97,46,5,86,20
2293,5,14,46,97,25,63,6,23,7,31,21,115,92,8,2,24,15,89,111
2294,13,114,8,12,3,16,17,11,1,48,34,20,43,15,97,56,18
2295,18,21,22,20,7,10,16,84,5,79,89,46,97,14,12,24,26,11,88
2296,97,10,92,24,3,19,15,7,46,34,25,55,26,18,23,20,96
2297,4,95,63,114,34,19,46,102,17,13,117,97,84,21,20,55,10,9,18,26,8,100,23,5
2298,18,26,7,63,46,10,4,13,12,1,31,21,95,97,34,23,66,72,90,104,24
2299,16,10,15,12,25,42,46,11,74,6,66,49,77,43
2300,10,85,13,11,84,24,28,18,55,97,4,54,56,89,46,47,77,5,40,23,114
2301,66,82,46,24,84,11,18,89,19,20,13,12,21,97,112,92,95,78,103,34,79
2302,89,26,22,34,18,8,23,25,114,2,13,33,1,86,20,24,21,9,19
2303,92,6,16,17,46,13,24,102,21,19,15,25,34,114,11,3,89,104
2304,1,11,34,24,55,74,4,22,43,5,8,25,7,17,95,53,46,88,92,91,103,62,15,119
2305,89,1,103,5,18,15,9,6,46,11,92,95,63,19,84,97
2306,66,92,34,9,5,89,18,6,21,82,43,85,83,50,7,94,25,104,103
2307,10,92,6,21,13,114,9,11,16,63,19,100,88,3,7,102,4
2308,46,13,6,34,5,26,16,97,63,8,17,88,1,2,23,20,25,43,14
2309,9,97,10,19,13,16,22,95,1,89,21,114,8,6,23,5,63,104,3,2,74
2310,12,21,5,3,16,6,22,8,15,2,19,33,92,91,88,69,117,10,23
2311,34,25,6,46,17,31,95,9,119,14,114,97,70,2,10,63,18
2312,9,6,89,16,104,21,46,11,95,12,25,8,7,24,18,15,34,13,10,88,3,55,84,22,2,14
2313,17,6,11,18,12,2,92,9,82,95,101,25,7,14,104,19
2314,97,17,1,95,15,25,19,10,7,20,24,6,12,92,58,23,11,98,63,18,27,110,104,16
2315,21,13,12,11,16,4,114,97,7,77,26,24,19,15,9,1,10,5
2316,10,11,97,104,63,21,24,16,9,89,62,95,23,13,28,1,26,92,115,108,114,2,17,20,3,8,7,55
2317,22,89,13,9,23,16,11,12,3,58,4,18,55,7,17,2,26,1,25,10
2318,46,18,16,20,63,95,12,84,92,1,5,7,13,15,89,19,88,28,26,25,104
2319,17,19,92,10,46,95,16,26,3,104,91,22,23,9,43,5,112
2320,26,3,14,103,22,24,90,74,28,21,25,107,114,12,9,88,89,112,85,46,84,48,2,68,13,10,16,7,8,102,23,6,5,91
2321,15,28,6,16,24,20,17,3,104,19,88,114,56,92,22,1,12,5,10,89,8,13
2322,10,26,22,114,2,17,7,1,18,104,11,84,34,6,5
2323,8,9,29,54,89,23,7,24,114,13,25,2,111,34,119,83
2324,9,10,6,25,8,19,14,2,4,12,84,20,3,34,97,1,114,95,117,119,13,7,21
2325,97,25,92,9,5,16,10,3,17,34,7,79,56,95,47,12,21
2326,25,2,18,8,14,26,32,30,84,9,6,1,98,7,24,10
2327,16,2,1,89,63,103,25,92,17,95,84,6,107,21,20,46,9,33,12,10,11,8,34,79
2328,24,28,8,89,25,2,3,11,13,6,117,22,10,92,54,7,34,114
2329,8,1,114,18,19,46,15,6,21,9,7,2,10,22,40,20,24,89
2330,3,92,84,34,22,1,70,10,114,90,95,69,12,89,117,13,7,6,116,111,16,109
2331,25,11,4,34,16,12,17,114,95,6,26,7,63,55,82,19,112,2,58,46
2332,1,92,19,9,4,22,25,16,2,15,23,10,46,24,55,11,89
2333,18,11,114,26,10,1,34,97,95,22,101,20,6,14,106,111,74,8,2
2334,3,21,9,24,23,7,12,15,6,20,18,26,14,34
2335,24,13,95,11,19,18,1,14,92,43,12,26,84,34,28,15,8,7,114,21,103,89,9
2336,15,19,24,92,9,107,20,1,84,114,104,55,12,2,46,95,8,6
2337,9,18,84,20,99,14,34,12,106,21,13,67,24,46,89,102,103,7,22,66,15,26
2338,24,1,26,11,15,103,84,10,23,55,87,2,104,19,21,13,90,6
2339,25,26,17,16,19,1,12,89,22,66,20,31,96,68,10,14,56,6,5,49
2340,5,46,1,4,8,21,20,63,97,7,17,104,22,18,84,89,15
2341,26,6,13,5,9,63,34,104,17,89,19,4,15,14,21,114,1,103,54,58,119,97,65,10
2342,11,19,2,1,88,8,4,6,17,21,23,89,25,34
2343,18,12,34,6,89,92,9,95,14,22,11,16,23,83,97,20,5,115,54,49,111
2344,20,97,25,13,92,15,18,16,24,9,103,2,19,98,10,14,26
2345,11,15,1,92,13,7,23,8,63,17,21,62,14,93,4,34,26,117,90,22,24,118,46,20,103,89,114
2346,8,25,13,114,17,16,11,23,5,6,95,15,20,14,3,34,21,4,38,97,98,9,63
2347,23,22,16,25,17,46,12,89,10,8,106,97,20,21,6,2,15,18
2348,11,114,34,46,107,20,89,101,115,77,5,93,97,17,2,12,9,19,113,88,55,62,8,15,26,104,116,106,6
2349,18,46,24,14,3,22,114,13,95,15,17,113,16,38,89,104,54,101,1,7,21
2350,19,16,107,88,92,95,25,8,3,21,114,111,22,6,13,17,34,46,31,24,7
2351,9,16,3,97,5,22,25,12,15,14,89,69,2,90,17,34,19,65,21,24
2352,89,46,12,15,34,116,63,8,17,117,2,6,18,7,114,9,25,11,23,101,95,14,16
2353,89,19,92,18,14,26,46,43,117,97,5,8,90,20,4,3,113,22,17,85,13,95,24
2354,5,1,24,8,6,7,22,25,14,63,20,3,16
2355,5,3,21,19,16,12,9,107,46,97,11,63,104,1,18,89,33,66,101,106,75,90,114
2356,24,63,22,12,1,8,19,15,5,34,11,7,62
2357,6,18,21,46,1,10,3,14,89,92,104,8,34,9,2,5,17,15,25
2358,19,5,24,16,3,13,34,10,14,6,114,18,93,84,62,55,96,111,75,70,17,9
2359,46,1,21,15,66,24,22,11,17,9,3,38,12
2360,21,7,63,15,23,89,46,17,58,22,10,34,20,73,26,3,69
2361,2,11,55,84,19,21,10,13,22,114,15,95,1,46,20,104,23,3,9,7
2362,18,63,97,7,95,16,2,46,89,23,25,21,20,13,34,10,24
2363,13,46,26,89,22,63,20,79,104,23,14,3,28,93,117,55,106,94,73,96,34,5,86,24,62,95,103,4,100,11,107,15
2364,21,18,14,7,20,6,25,19,11,97,84,15,66,4,64,34,5,117,2,12,26
2365,18,114,46,17,28,108,116,97,16,10,8,104,62,14,4,21,9,83,19,20,2,84,24,34,61,47,102,25
2366,19,11,26,9,89,16,14,12,20,92,15,13,5,114,103,25,7,6,8
2367,21,19,40,23,2,13,17,18,90,65,46,12,104,84,88,97,25,87,20,9
2368,11,63,46,8,25,4,97,26,24,7,21,1,17,92,19,82,20,12,43
2369,25,34,24,20,21,13,55,114,3,102,95,117,79,68,92,89,39,38,6,26,1,17,42,84
2370,10,18,89,8,66,95,22,46,11,24,20,13,7,103,4,82,6,54,9,12,5
2371,12,84,63,9,16,117,21,46,11,28,3,114,97,1,4,42,2,92,7,15,55,8,18,51,25,34
2372,12,34,92,21,18,14,20,17,24,6,7,2,13,98,84,43,31,1
2373,9,25,89,6,20,5,17,19,15,97,3,87,31,95,114
2374,114,9,20,22,15,16,63,66,89,24,6,12,83,1,34,5
2375,21,63,55,19,22,46,18,97,9,25,104,84,12,5,96,20,7,24,92,16,2,23
2376,13,18,22,26,24,21,17,1,23,20,59,90,15,6,2,16,10,11,14,97
2377,34,26,46,114,25,5,9,19,20,1,95,91,15,17,100,92,2,89,16,13
2378,22,18,46,7,2,5,17,9,103,34,13,104,8,54,21,23,65,26
2379,13,23,8,4,19,34,24,88,115,33,55,10,66,26,92,97,46,17,3,102,20,16,63,95,14
2380,26,15,18,23,9,22,2,24,47,1,21,13,82,10,19,114
2381,14,23,97,20,4,15,34,5,95,16,7,2,24,68,40,18,103,63,104
2382,21,24,25,97,63,12,4,11,18,90,22,54,35,38,46,69,3,17,15,19
2383,114,8,90,20,63,6,111,34,25,24,30,7,92,104,41,2,39,9,15
2384,2,14,3,7,46,18,97,25,95,17,89,21,9,84,4,12,62
2385,12,66,46,2,14,25,11,15,21,114,63,89,16,5,34,92,7
2386,10,114,16,6,7,8,84,104,63,90,88,2,26,100,111,62,34,12,57,22,119,106,24,78,87,13,1
2387,16,114,84,3,11,12,63,1,71,6,20,4,19
2388,5,95,44,25,26,6,18,7,34,24,21,20,3
2389,84,25,23,89,22,11,5,13,46,43,63,20,4,55,65,95,21,9,81,92,10,3
2390,3,22,97,66,9,26,21,1,10,15,89,6,100,2,49,14,63
2391,8,26,22,1,12,11,92,63,3,13,6,14,25,21
2392,11,7,5,26,14,34,20,12,68,22,84,17,79,2
2393,12,46,1,97,3,25,6,16,54,20,15,84,95,17,104,26,8
2394,55,22,26,7,16,95,114,63,104,66,20,14,9,89,84,79,17,8,103
2395,10,11,19,7,114,22,6,34,17,23,87,92,32,69,14,103
2396,1,46,15,25,84,6,16,101,9,117,7,34,5,20,107,8
2397,18,6,5,3,15,20,89,1,4,97,12,16,7,21
2398,20,25,2,21,17,7,95,6,26,11,8,16,114,58,89,34,79,5
2399,2,19,89,13,26,18,6,22,20,10,12,15,51,7,8,23,97,43,79
2400,3,25,46,17,18,26,19,21,24,97,12,23,7,1,20,9,99,55,14,4
2401,46,114,14,2,13,11,7,9,26,25,19,6,22,5,34,16,15
2402,10,24,89,34,97,17,9,25,95,28,16,20,84,23,15,114,104,40,2,46,26,1,11
2403,7,18,34,5,46,26,1,2,14,9,12,97,89,21,84,91,30,16,13
2404,63,26,13,18,5,17,14,89,95,7,84,20,3,76,24,1,23,54,104,8,114
2405,21,18,34,20,23,63,11,95,26,9,25,8,10,5,46,1
2406,17,89,3,95,19,97,92,25,20,62,18,84,55,43,91,11,82
2407,19,20,12,63,11,95,6,92,82,77,5,21,26,8,3,114,24,14,22
2408,14,46,20,9,21,57,18,12,10,97,108,89,8
2409,34,8,18,9,97,95,55,6,92,84,65,1,11,43,14,102,10,15,37,3,66,20,2,89
2410,95,26,97,84,1,2,3,14,10,22,6,114,17,8,24,4,25,20,9,104
2411,21,3,95,9,4,89,34,24,5,73,19,17,66,46,113,58,8,20,117
2412,6,3,20,4,92,9,10,21,97,48,35,14,16,12,18,84,26,24,114,17,22
2413,114,103,23,9,97,22,43,3,15,10,7,117,13,4,55,36,98,32,14,102,26,54
2414,13,6,14,84,63,5,19,55,8,26,43,46,104,103,79,1,102,21,11,23,106
2415,46,11,19,114,18,107,13,2,24,1,104,22,10,3,95,7,36
2416,15,16,18,21,25,46,12,9,63,34,13,24,84,23,37,111,5,74,20,66,6
2417,2,5,21,25,13,66,10,114,97,89,12,11,18,9,1,85,15,104,14,24,7,34,117,92
2418,11,16,19,18,3,92,100,26,85,95,82,4,107,1,22,7,34,90,89,104,9,13,74,15,115,84
2419,26,36,18,24,114,95,6,5,13,8,12,39,4,10
2420,3,6,114,21,95,17,46,92,12,20,25,89,97,7,2,106,5,9,24,19
2421,114,1,16,26,24,11,104,19,113,17,96,95,91,34,6,103,21,3,15
2422,12,22,5,97,89,3,21,4,84,51,92,25,17,95,6,107,19,18,23,42,20,26,9
2423,107,17,18,114,21,1,15,5,97,92,22,34,112,14,38,26,12,3,4,43,66,10
2424,6,22,9,14,5,92,2,21,12,10,23,25,89,11
2425,22,12,16,10,25,2,18,20,84,7,46,26,34,95,14,4,6
2426,13,103,10,34,16,104,4,24,43,15,7,63,114,19,84,26,92,5,22,28,54,1,17,118
2427,2,15,75,80,7,1,21,10,43,4,6,5,20,9,92,91,16,8,11
2428,12,16,18,34,15,63,3,11,20,46,24,92,9,95,58,6,1,8
2429,15,13,104,97,26,21,73,35,8,37,1
2430,24,9,34,13,15,6,10,63,79,54,104,8,7,110,5,25,95,49,43,114,97,22,71
2431,2,92,7,1,16,13,15,6,22,84,4,5,89,23,114,17,20,14,3,19
2432,21,20,3,19,17,34,25,5,92,26,89,62,13,12,18,8,55,51,63,113,23,43
2433,13,107,10,19,22,63,18,7,89,2,59,16,15,68,25,24,5,34,114,117,28
2434,9,8,16,6,103,33,13,82,22,19,11,2,18,10,20,15,62,4,5,46,117,34,26,23,114,25,89
2435,114,7,104,9,8,21,13,2,5,6,14,1,79,25,18,22,23,97,34,59,90,89,16
2436,7,89,97,4,34,103,1,24,12,16,13,26,114
2437,21,89,26,92,2,23,6,5,46,85,15,69,114
2438,17,15,26,14,3,10,97,119,102,21,23,11
2439,7,3,25,10,24,95,89,11,2,42,21,20,51,18,63
2440,46,1,5,95,10,21,63,97,9,4,6,85,7,8,64,18
2441,22,3,18,34,19,4,89,10,88,6,14,13,7,15,20,9,16,46,113,5,85
2442,26,9,28,14,2,22,1,6,17,106,95,18,97
2443,25,13,16,46,18,22,10,14,2,1,17,86,3,42
2444,18,1,10,25,12,5,104,6,114,92,15,89,33,8,13,88,4,9,11
2445,34,22,46,15,21,16,8,7,1,19,4,99,24,13,14,97,95,100,89,104
2446,84,104,11,5,26,103,28,18,7,90,3,14,97,78,22,1,17,117,29,43,2,114
2447,3,26,11,15,13,66,104,1,4,2,67,77,114,25,22,119
2448,1,20,34,7,16,22,5,63,95,9,25,24,26,14,18,89,10,17,119,21,13
2449,24,22,43,95,10,1,7,25,97,34,12,21,3,9,84,114,17,37,16,62,14,55
2450,22,2,114,4,7,89,18,17,16,11,104,13,103,14,5,40,20,50,41,53,35,21,19,78,115
2451,24,8,3,9,114,84,22,10,1,90,25,14,19,11,6,16,26,7,34
2452,7,8,92,84,89,26,90,20,1,46,14,6,63,5,43,114,87,12,23,62,16,15,19,2
2453,17,20,43,114,5,39,115,11,89,28,25,95,90,6,46,14,58,23,21,24
2454,16,8,20,95,34,9,63,89,46,23,1,14,94,90,25,11,50,6,103,13,33,2
2455,18,10,14,95,17,8,12,46,103,15,11,26,60,21,92,106,59,24,7,77
2456,5,2,18,10,20,15,104,55,1,6,19,25,8,114,28,14,65,16,26,17,7,21,107,46
2457,46,23,22,20,17,95,6,7,118,31,114,16,11,14,12
2458,8,25,23,20,21,63,28,114,19,46,17,89,84,6,97,62,5,38,3,85,58,104,9,14
2459,34,46,7,8,6,26,21,17,16,84,3,114,5,10,36,15,22,104
2460,114,14,21,2,13,89,34,3,90,107,119,97,88,18,17
2461,5,103,92,7,16,85,6,46,114,15,43,3,55,84,9,4,104
2462,23,8,16,25,104,91,89,13,18,26,97,92,114,22,34,10,78,9,90,43,19,15,11,62
2463,25,34,84,14,5,20,95,46,19,6,15,26,7,22,11
2464,10,3,114,12,18,15,17,34,111,116,7,73,20,97,14,65,13,101,24,117,95,74,1,115,19,23,21
2465,114,19,25,46,21,43,5,9,11,26,103,41,107,91,7,17,96,92,47,22,18
2466,92,8,23,24,9,95,84,19,89,17,62,43,93,97,18,4,90,28,25,34,5,12
2467,16,7,5,10,19,11,97,17,34,3,46,89,95,114,62,23,101
2468,46,114,34,18,63,66,25,43,21,14,15,12,26,9,92,17,13,4,19,6,2,1
2469,20,26,25,97,17,104,9,46,12,3,7,89,2,21,114,109,11,24,15
2470,24,79,22,97,14,12,18,10,56,84,2,98,6,117,46,5,107
2471,13,107,46,97,21,18,16,25,14,2,63,67,3,104,9,22
2472,26,9,92,25,90,63,18,4,6,97,3,2,1,17,106,7,15,10,8,103
2473,23,92,104,10,19,97,20,85,5,46,12,14,100,114,109,15,26,38,22,9,74,43,54,41
2474,9,13,3,8,17,18,15,95,24,11,86,75,6,1,92
2475,14,21,13,16,15,24,114,38,11,10,95,8,12,1,4,25,3,6,7,89
2476,13,15,46,84,9,12,63,115,92,95,7,114,34,50,107,8,28
2477,6,15,66,34,89,12,19,14,26,24,11,1,114,8,92,13,28,63,97,10,20
2478,92,95,5,2,18,34,13,22,106,82,7,17
2479,99,14,16,46,25,89,5,95,20,15,34,12,7
2480,2,21,84,14,8,12,34,23,97,90,17,7,72,10,19,22
2481,25,46,15,12,24,3,84,10,19,92,16,18,8,21,90,53,2,88,77,9,104,95,11,89,27
2482,22,89,58,15,34,2,19,46,25,3,20,108,67,114,4,11
2483,18,26,4,3,62,24,63,46,107,93,34,16,103,20,77,22,15,9,82,31,19,43,97,55,11,17
2484,21,89,15,34,5,88,2,18,24,114,104,80,92,97,103,14,10,31,20,75,113,93,26,6
2485,22,1,25,23,103,97,13,26,88,107,57,4,102,6,53,104,15,3,91,17,101,14
2486,17,21,103,24,22,4,34,89,10,3,55
2487,95,23,4,24,8,26,89,117,15,7,97,63,10,11,1,102,91,19,109,92,3,34,54
2488,18,34,15,14,5,7,3,10,2,1,104,56,23,13
2489,25,89,21,6,54,19,13,97,7,85,92,18,46,17,23,99,90,79
2490,24,8,13,15,10,55,17,25,14,92,3,1,116,5,7,46,84,2,43,28,97
2491,24,6,12,19,46,1,3,20,2,4,43,21,13,111,9,23,39,15,86,91,55,104,116
2492,12,23,16,15,13,92,19,102,3,28,77,24,14,7,2,89,67,85,9,93,11,104,87,62,1,22,10,103,86
2493,10,13,34,15,66,25,4,86,12,92,3,6,7,117,24,8,97,5,98,21,20
2494,13,11,22,7,117,79,17,42,5,113,2,16,97,43,19,12,26,1,15,25,84,63,111
2495,14,5,18,21,6,22,1,24,11,25,48,8,97,78,3,89,34
2496,18,7,24,8,20,97,9,17,15,43,3,92,2,1,25,61,19,34,64
2497,46,34,9,7,63,6,1,11,104,89,10,20,97,17,3,95,107,88,84
2498,17,18,34,9,8,84,95,114,24,89,28,63,46,1,117,5,13,3,21,94,12,15,19
2499,89,7,1,26,23,25,10,11,24,104,16,55,61,9,15,6
2500,114,12,18,34,23,16,9,6,89,24,2,86,22,46,7,5,19
2501,66,55,62,7,24,19,10,18,1,114,95,54,9,80,111,97,94,25
2502,25,13,26,92,20,114,34,79,29,11,18,2,74,7,9,6,16,10,28
2503,46,89,103,62,12,84,19,88,24,55,6,92,79,18,4,87,73,10,9,85,117,16,11,17,64
2504,21,17,16,84,18,1,3,8,13,89,15,11,97,46,108,114,95
2505,23,15,1,7,9,24,28,12,11,43,22,26,10,25,16,2
2506,25,34,89,46,21,11,9,12,95,114,26,10,5,103,6,23,107,2,18
2507,20,3,92,16,6,114,85,25,115,4,14,1,34,103,13,2,28,19,63,8,95
2508,26,11,25,91,21,19,10,89,22,110,69,20,1
2509,9,97,22,107,89,5,4,54,1,20,11,68,12,3,28,34,117,13,43,21,18,16,14
2510,16,20,114,9,22,6,103,18,12,46,32,15,89,43,23,8
2511,15,26,21,20,95,97,7,2,13,89,32,12,84,114,63,3,11
2512,12,103,22,7,95,14,89,10,34,117,25,111,15,66,18,83,35,33,26
2513,22,13,16,2,34,17,10,14,97,1,11,104,46,62,107,93,113,91,3,54,5
2514,84,19,23,89,25,34,85,17,18,59,97,22,92,12,10,96,91,3,6,79,7,73
2515,92,46,5,1,4,114,74,17,103,12,104,10,19,54,23,34,7,112,77,25,65,88
2516,8,9,19,23,43,117,15,10,114,25,20,95,11,94,88,7,92,83,63,102,71,41,18,89,28
2517,15,12,23,24,18,63,20,89,5,22,6,10,2,13,114,49,90,3,16,17,55,43
2518,26,16,18,12,97,13,9,94,114,22,46,7,63,20,34,89
2519,114,66,15,9,28,34,26,55,10,16,17,23,1,2,36,22,92,84,25,14,19,89,18,63
2520,26,92,80,2,95,5,85,1,18,16,11,22,34,46,48,24,19,6
2521,19,1,75,8,107,22,13,25,2,7,14,20,114,3,9,85
2522,3,107,7,97,17,114,20,101,43,84,54,46,25,12,89,92,117,1,9,21,2,41,10,15,91,6,24,62
2523,8,104,2,111,10,103,6,95,21,18,114,63,45,24,12,16,78,9,23
2524,2,28,103,10,26,46,6,95,107,14,21,18,23,104,16,88,27,94,92,62,5,114,91,89,19,74
2525,5,104,95,22,23,107,13,3,14,25,11,114,46,6,16,19,87,113,4,79,12,32,21
2526,66,46,3,12,92,2,34,14,97,5,103,22,10,24,79,6,75,55,17,54,21,13,7,4
2527,9,15,24,20,43,21,5,97,13,16,1,19,48,92,2,17,25,46,59,54,7,6,26,22
2528,86,18,22,2,63,3,104,13,7,95,1,17,4,8,9,38,14,28,34,5,11
2529,7,16,26,1,5,15,12,114,9,11,25,8,30,6,23,4,95
2530,16,2,3,25,119,20,21,95,102,117,80,99,17,88,15,97,49,64
2531,89,6,20,46,13,34,12,63,26,47,90,24,103,21,23,2,119,92
2532,17,5,16,6,14,79,92,9,76,70,97,84,104,89,2,20,114,25,13,23,11,48,55
2533,97,92,17,22,104,43,12,13,28,19,24,25,98,73,7,88,1,15,46,18,103,21,90
2534,34,85,11,13,103,74,21,111,43,4,88,101,18,2,89,98,96,3,49,91,97
2535,26,11,3,92,17,24,16,4,31,115,15,89,55,7,13,5,97,6,8,18
2536,21,14,16,18,11,3,1,26,84,25,51,30,24,46,2,92,5
2537,14,11,3,21,26,15,22,12,101,19,8,25,34,95,92
2538,8,20,11,92,15,103,84,95,1,14,90,88,25,21,46,2,9,34,54,16,104,18,5,87,12,73,3,7,6
2539,89,6,24,9,46,7,34,54,18,10,5,12,59,26,20,15,2,104,3
2540,22,28,12,92,84,10,25,2,14,59,17,63,6,26,43,19,18,8,9,21,97
2541,24,4,7,19,3,22,46,84,92,1,21,18,17,115,97,9,14,20,63,6
2542,97,23,26,15,13,22,16,74,17,6,111,20,63,2,73,1,101,3,46
2543,15,84,9,16,95,103,1,26,11,82,25,63,10,20,4,89,98,14,13,104
2544,15,19,3,84,2,114,4,58,46,7,17,13,92,25,22,21
2545,1,6,14,17,3,16,114,22,11,7,13,10,15,97,19,89,2,25,34,36
2546,20,12,5,4,84,34,103,24,96,14,107,66,11,1,10,63,9,97,61,113,19,23,89,46,90,26,62,101,114,7
2547,34,24,10,2,6,18,46,95,14,22,19,9,8,25,97,106,89,76,103,85
2548,6,8,114,63,16,34,3,89,23,7,88,21,9,15,12,11,2,79,104,5,18,95,17
2549,12,89,22,34,24,10,19,21,5,95,17,3,18,14,11,20,2,117,4,46
2550,89,92,114,25,22,9,5,8,7,11,65,27,3,14,13,18,104,44,2,95,26
2551,46,104,26,3,22,95,43,11,19,24,21,13,16,8,114,18,1,6,17,25,54,2
2552,8,20,58,13,2,6,104,5,18,10,30,12,103,4,9,3,89,67,21,68,41,1,22
2553,16,15,2,21,89,12,92,5,34,6,8,20,18,84,104,4,24,74,22
2554,15,14,89,21,11,2,34,8,6,12,22,7,3
2555,2,15,26,8,114,17,34,14,19,1,22,10,112,13,20,18,89
2556,12,20,104,26,1,6,92,24,9,16,11,32,10,4,93,46,3,21,39
2557,24,87,14,34,41,10,92,46,66,11,89,28,20,43,107,7,9,2,114,48,15,72,84,63,86,118,104,116,17
2558,1,92,34,25,43,90,104,55,15,2,18,17,77,28,14,114,107,94,5,21,7
2559,12,38,20,79,10,17,25,9,14,3,84,34,24,23,18,4,21,13
2560,9,21,14,55,43,1,6,13,95,8,23,25,46,47,10,117,18
2561,89,19,17,22,2,9,23,21,114,18,8,12,16
2562,22,66,14,4,3,11,26,89,19,25,95,5,10,6,51,28,92,61,78,23,107,117,9
2563,19,15,8,16,6,46,9,11,26,97,12,36,20,17,84,23,25,2
2564,24,46,25,92,63,23,4,6,85,107,16,53,21,10,43,22,103,102,19,55,15,18,13
2565,11,19,95,3,13,24,63,12,84,23,55,8,91,4,5,43,37,26,25
2566,5,92,20,114,84,34,14,17,1,66,2,21,28,19,26,9,89,10,23,13,8
2567,97,34,114,1,25,17,12,22,89,7,15,26,9,107,63,20
2568,19,9,26,10,6,114,22,8,18,25,16,89,23,3
2569,25,63,95,21,20,19,4,28,13,17,1,22,3,2,97,6,59,26,10,18,12
2570,25,92,4,55,20,24,34,19,2,14,23,97,21,48,114,89,58,74,57,103,46,29,93,6
2571,103,1,6,14,10,25,12,13,26,2,55,5,54,11,24,114,9,17,16,7,18,42
2572,22,89,16,9,19,12,11,6,97,8,10,25,74,15,44,46,2
2573,22,15,114,12,7,19,4,90,23,3,55,24,8,92,78,82,5,11,17,89,79,62,80,31,100,21,83,66,18
2574,7,14,25,24,12,15,89,26,5,23,21,22,2,97,20,19,72,4,11,34,18
2575,15,3,89,22,14,17,7,9,20,13,97,10,23,53,26,34,2,12,86,5
2576,7,8,11,5,24,2,17,92,114,18,104,15,9,13,16,23,22,41,6,113
2577,8,7,19,13,10,9,26,5,16,11,6,92,34,1,4,15,21,103
2578,34,15,104,102,5,114,12,119,90,3,20,28,10,43,21,18,1,47,84,95,46,2
2579,34,15,7,10,3,11,8,16,26,14,84,9,111,30,92,25,6,117,23
2580,1,21,16,6,12,22,18,8,92,15,9,11,89,97,43,66,2,108,72,4,95
2581,40,6,97,22,2,34,17,25,7,16,23,114,1,19,68,70,103,9,24
2582,1,8,21,5,2,89,9,11,19,14,28,34,114,95,26,90,29,16,33,12,80
2583,17,18,5,114,12,1,25,24,34,13,2,33,16,77,9,20
2584,21,10,3,24,25,20,6,5,2,13,46,84,12,17,18,22,95
2585,34,9,17,24,6,3,46,16,15,8,18,95,25,19,23,63,89,64,47,110,1,96,43,21,119,97
2586,22,20,18,3,92,46,25,1,34,8,79,11,16,85,86,13,26,55,2,107,14,10,99,94,32,109
2587,11,17,9,24,23,80,92,5,25,59,12,16,20,97
2588,5,15,13,114,104,22,12,95,19,8,2,34,84,33,63,16,17,89,9
2589,118,6,5,3,1,11,12,89,97,7,8,17,13,84,78,21,31,34,114,90,26,92,85,115,18,103,14
2590,6,9,19,43,104,16,17,28,114,7,24,26,5,12,54,92,105,3,63,69,18
2591,20,24,114,46,18,11,25,13,62,23,17,34,1,84,8,78,2,12,95,119,21,22,14
2592,17,6,28,66,89,7,19,103,20,84,62,108,11,4,70,114,79,69,46,80,36,83,12,26,107,22,14,21,93,13
2593,25,111,6,74,87,92,106,99,9,76,11,19,116,3,119,23,17,77,97,63,46,28,10,83,85,15,118,21,117,26,73,55,79,1,90,91,81
2594,11,7,97,2,25,46,104,63,26,10,13,19,21,4,55,109,16,1
2595,7,25,3,95,114,23,15,10,17,8,97,18,103,111,104,92,24,21,12,85,2,4,62,26,63
2596,14,103,16,84,102,9,26,3,25,95,28,117,92,7,46,10,24,47,88,15,100
2597,5,1,46,63,2,24,74,10,17,4,54,23,52,34,3
2598,26,17,55,103,79,43,4,8,19,2,107,117,11,38,24,21,1,97,84,63,46,22,33,12,95,15,14
2599,25,24,114,3,5,22,8,10,2,84,9,15,89,40,93,46,21,6,92,16,101,7,26
2600,8,114,97,7,1,84,17,12,13,22,20,103,35,111,6,21,26
2601,10,63,23,89,46,12,16,6,1,19,84,26,2,7,8,97,92,29,28
2602,92,26,11,5,24,15,4,16,10,46,31,89,2,6,104
2603,21,63,20,11,8,26,92,16,47,2,84,96,116,19,93,111,12,9,89
2604,5,97,10,3,13,12,114,92,4,25,89,61,112,2,21,15
2605,10,16,19,2,24,14,26,97,54,15,5,22,84,17,25,92,79,35,11,95,62,64,87,112,3
2606,3,25,1,17,21,20,22,114,16,34,95,46,40,15,5,10,89,9,24,8
2607,97,25,63,21,20,18,103,24,15,11,117,95,14,82,85,62,4,107,3,12,79,17,88,8,34,55
2608,9,8,26,14,114,12,15,66,40,19,101,13,63,2,10,6,84,5,22,110,28,21,11,89
2609,14,13,55,22,16,114,25,69,8,2,19,11,92,46,29,117,6,83,63,7
2610,9,13,63,114,7,89,25,19,113,3,117,82,22,23,1,15
2611,8,14,24,23,21,12,34,22,13,66,79,38,2,86,10,105,7
2612,17,21,9,7,3,11,34,22,4,25,12,19,6,95,30,14,26
2613,22,114,1,89,3,21,24,13,10,28,92,14,79,15,106,26
2614,13,20,9,17,3,63,22,24,46,95,18,84,114,10
2615,24,63,1,25,20,12,54,16,7,55,14,21,10,97,5,19,59,30,89,34,11,23
2616,9,63,12,17,55,5,54,26,8,3,4,7,89,84,95,18,97,69,61
2617,8,14,46,89,3,9,4,92,25,1,24,114,115,20,6,18,95,28,15,90,23,2
2618,11,111,5,12,20,97,84,114,1,88,2,6,104,22,25,95,14,8,23,7,24
2619,8,26,17,13,7,25,92,97,79,16,103,3,24,58,42,95,21,43,114
2620,21,13,15,9,89,95,19,23,14,58,22,63,17,3,12,92,117,36,38
2621,13,22,34,114,25,3,19,46,20,23,17,12,97,8,66,14,4,84,9,37,10,117,41
2622,25,22,9,10,7,24,34,26,3,15,104,4,12,17,5,85
2623,16,12,103,1,3,20,22,17,66,62,9,24,89,43,7
2624,25,24,89,12,4,95,22,2,26,15,90,9,86,83,16,46,7,13,103
2625,9,19,3,25,26,15,56,112,10,42,20,114,95
2626,14,114,92,9,103,1,19,4,5,107,89,41,15,16,34,25,6,106,11,18
2627,2,22,19,16,26,8,6,20,21,63,10,86,108,92,1,103,70,17,14,11,3
2628,82,8,14,6,3,18,15,22,7,13,5,24,25,119,95,117,103,45,89,21,43,26,79,46
2629,25,10,34,114,7,92,5,22,97,26,6,8,16,11,115,12,23,107,19,103,117,55,3,64
2630,1,25,23,11,24,89,18,48,14,95,3,34
2631,3,117,17,11,20,13,34,4,14,23,18,114,22,92,104,28,2,90,88,8,65,9,43,24
2632,15,6,114,34,9,5,8,20,80,63,53,37,14,18,21
2633,7,23,12,46,6,24,20,92,88,16,4,96,21,114,54,117,73,15,41,5
2634,6,2,21,114,26,25,16,14,1,3,12,88,47,37,70,95,67,24,10,89
2635,17,22,14,13,8,3,26,9,44,63,1,79,104,19,88,2,111
2636,16,84,18,46,8,97,17,7,5,107,88,20,63,89,114,13,4,104,1,23,117,21,12
2637,15,22,11,1,8,19,20,35,21,5,79,104,46,23,102,12
2638,12,89,4,34,95,107,93,46,2,1,114,15,40,111,20
2639,89,15,22,84,2,63,5,114,46,12,9,8,7,111,54,24
2640,20,13,16,1,15,95,97,22,24,8,11,107,5,104,4,23,21,26,69,119,18,3
2641,24,3,18,9,19,84,21,13,92,26,34,4,104,2,43,12,15,68,99,20,46,10,7,23,88
2642,14,66,25,95,6,12,24,22,46,2,84,5,11,17,114,16,62,23,34,63,55,104,8
2643,22,21,20,14,7,17,95,84,8,3,11,2,49,90,63,72,92,18,89,111
2644,23,103,46,4,20,7,97,63,89,95,9,107,115,79,17,22,69,3,39,90,74,5,13,37,60
2645,26,34,82,5,9,97,107,12,91,13,6,21,116,10,62,110,83,101,89,20,17,98,92,7,70,104,102,95,11,72,117,16,22,29,55,109
2646,89,46,24,10,34,17,19,13,63,107,26,110,23,77,97,3,11
2647,18,21,104,6,63,97,43,19,5,16,20,23,17,13,66,103,46,87
2648,13,53,95,46,10,17,8,11,16,2,12,63,106,96,9
2649,12,11,22,25,14,1,24,10,26,16,58,46,97,3,84,2,15,110,92,95
2650,6,18,8,10,12,63,3,89,19,97,26,24,7,13,5,14
2651,1,13,20,16,97,34,9,8,18,81,26
2652,26,46,6,114,20,2,5,22,7,34,24,17,15,1,23,16
2653,26,92,55,14,104,117,46,13,103,16,22,90,1,63,24,33,11,3,10,7,25
2654,5,97,67,1,21,103,19,6,114,4,92,24,63,34,74,7,20,79,117,118,16,8,107
2655,3,1,34,5,15,18,7,84,12,26,114,10,40,103,6,74,11,111,25,20,95
2656,1,114,2,5,17,34,11,103,116,14,3,6,22,9,107,21,37
2657,34,11,17,89,95,7,10,114,1,12,13,21,23,16,55,6,63,19,92,94
2658,3,20,16,6,103,84,95,14,17,34,114,62,8,26,63,25,74,9,89,10,11
2659,14,8,6,20,18,114,89,84,46,19,9,95,88,109,7,34,16,24,10
2660,1,15,104,84,11,22,17,16,103,3,24,21,43,81,90,6,20,52,10,18,2,19
2661,111,88,34,6,24,101,73,2,9,14,19,97,13,12,17,55,23,3,25,15,21,1,5,89
2662,15,14,89,34,5,2,21,63,12,59,6,30,97,10,3
2663,11,22,7,19,66,55,17,63,62,20,1,26,8,6,28,4,14,23,69,24,12,21
2664,14,11,26,97,24,1,89,10,17,25,104,21,84,22,9,8,16,12,34,18
2665,46,84,2,5,104,23,26,95,103,12,11,41,106,15,34,9,20,66,25,100,10,21
2666,42,12,89,23,26,14,24,18,6,25,7,13,85,57,16,46
2667,15,25,17,13,34,63,54,84,114,16,28,11,22,12,3,96,18,14
2668,12,17,88,114,107,15,89,103,34,62,11,97,117,25,94,8,104,36,80,14,90,92,41,73,116,16,63
2669,25,34,12,114,24,28,21,1,18,97,5,49,111,14,10,17,7,54,6,3
2670,11,25,19,92,95,3,103,55,89,117,97,6,37,81,20,10,29,7
2671,3,8,114,19,20,51,21,26,100,18,10,9,4,13,1,5,7
2672,76,21,25,6,63,117,11,5,17,1,64,18,7,2,22,9
2673,66,63,46,18,14,10,26,8,89,24,2,25,23,103,114,12,15,20,84
2674,20,13,95,46,9,97,4,10,3,6,14,22,12,48,28,114,102,21,1
2675,34,9,19,97,3,43,7,24,117,23,46,20,13,95,112,35,16,5,89
2676,3,20,15,8,22,7,55,4,114,102,2,119,9,1,5,13,63,23,97,105,21,16
2677,14,34,7,10,1,5,8,13,114,11,55,15,46,4,62,2,28,84,83,115,92,18,9,104,32,88,54,23
2678,24,119,3,34,11,12,116,14,8,4,22,17,91,90,103,89
2679,14,114,24,6,34,97,8,104,18,22,55,25,20,117,11,10,13,73,89,46,7
2680,3,7,19,104,26,62,102,85,95,17,34,20,117,8,43,25,116,97,114,9,21,113,24,89,1,108,73
2681,12,9,24,114,46,20,16,63,11,14,7,89,15,92,3
2682,89,22,11,9,34,95,97,15,16,84,8,1,56,20,4
2683,19,46,2,21,18,1,5,9,26,92,3,10,38,11,114,15,30,25,20
2684,34,13,8,22,17,117,84,25,23,102,1,114,3,96,37,116,18,105
2685,114,22,95,92,9,17,89,11,46,14,25,8,1,66,3,16,7,4,18
2686,19,31,3,10,89,92,95,24,63,85,18,23,34,20,43,91,12,88,90,107,97,46
2687,26,6,103,13,97,3,11,95,4,20,5,12,8,2,62,104,46
2688,2,114,14,22,3,21,18,79,7,13,17,15,84,4,35,8,43,54,16,26,92,25,6,34,89,10,104
2689,16,20,1,89,22,12,21,17,25,6,19,7,34
2690,18,114,92,26,1,3,11,23,24,89,10
2691,17,18,89,119,21,22,8,34,13,12,11,95,46,33,19,94,114
2692,24,89,63,16,12,10,118,5,91,9,92,14,18,17,7,25
2693,13,25,20,84,15,17,3,114,63,2,34,8,7,26,46,6,24,97,58,16,9,11,88,102,65
2694,25,10,46,114,14,2,19,17,7,34,16,79,103,15,3,20,62,84,95,85,119,18,35,92,52,43,24,12
2695,97,63,9,15,22,26,21,1,46,95,16,117,3,7,5,25,114,23,17,34,6,24,18
2696,14,17,18,11,97,46,24,20,23,10,15,92,66,25,99,13
2697,21,5,12,84,15,14,6,11,16,20,92,54,8,26,7,50,113,13,23,95,34
2698,12,20,5,21,81,85,22,14,114,46,11,1,24,103,25,116,10,111
2699,17,16,14,15,19,92,34,63,79,7,46,1,3,9,6,104,54,13,97
2700,3,15,20,17,95,46,11,1,50,12,26,16,106,13,104,22
2701,15,46,13,18,12,38,25,9,70,23,17,103,68,97,115,60,96
2702,19,8,17,22,9,10,26,5,46,15,85,89,34,24
2703,5,1,3,23,12,20,7,4,13,14,15,8,95,11,84,96,17,83,114,10,19,40,59,89,43
2704,13,12,4,15,2,24,23,8,89,5,9,1,14,96,56,74
2705,8,104,114,2,19,18,26,23,46,101,92,25,6,89,5,55,21,84,34,112,41,4,97
2706,34,19,95,22,4,21,103,15,63,115,114,46,86,12,7,8,84,23,89,107,14,43,62,91,25,20
2707,97,34,3,2,90,103,22,4,7,36,9,58,89,46,24,12,19,21,43,5,104,51,114,117
2708,3,13,8,25,28,10,23,20,18,84,104,95,12,5,97,53,21,11,6,15,34,66,2,9
2709,5,7,18,17,10,21,97,15,89,84,111,6,88,33,16,46,63
2710,26,22,6,84,92,114,95,43,63,3,7,46,55,11,13,10,89,12,8,60,21
2711,25,103,7,22,13,15,43,3,8,114,100,55,104,84,12,9,26,58
2712,10,9,12,21,14,20,26,15,4,97,11,3,34,25,8,18,84,7,5,2
2713,10,34,13,17,24,19,23,18,90,95,12,114,97,15,21,84,104,76,101,96,61,103,85,16
2714,97,6,26,21,9,19,34,2,89,95,7,3,90,107,12,63,25,22
2715,83,20,22,4,95,13,43,23,7,35,2,8,5,14,84,24,89,21,15,25
2716,7,3,8,6,20,34,1,104,23,5,24,16,14,52,99,55,10
2717,92,17,21,8,6,18,9,19,90,22,5,31,3,14,25,13,24,7,84
2718,25,95,10,16,19,2,34,8,9,12,18,24,79,89,23,6,22,15,117,5,54,114
2719,11,10,1,21,97,25,15,12,13,7,3,2,23,9,35,4,20,22,93,17,103,18
2720,25,14,26,21,84,9,89,16,3,63,11,8,46,20,24,97,6,18,55,43,114,5,2
2721,19,13,63,2,15,23,26,9,28,89,17,62,11,55,30,5,8,3,95,14,73,24,25,97
2722,46,1,95,16,7,20,6,13,23,15,10,8,104,11
2723,11,95,22,25,84,10,9,7,28,55,24,61,54,89,21,114,26,34,14,3,116,90,17,70,8,112,20
2724,22,97,19,9,14,2,1,10,26,23,34,42,6,54,16,107,13,95,63,7,24,18
2725,34,95,63,19,100,89,28,82,21,114,43,29,9,93,11,12,88,79,1,46,101
2726,84,13,89,7,19,95,2,18,9,24,1,17,3,20,15,23,11
2727,14,95,34,11,8,26,2,7,6,25,10,5,1,9,21,19,89,3,39,63,17,16
2728,12,19,34,26,7,8,52,84,20,23,39,15,67,97
2729,15,6,1,12,7,46,17,104,14,2,89,43,21
2730,24,2,9,6,34,114,11,5,15,7,13,96,66,95
2731,16,46,18,8,84,89,15,20,14,43,103,13,99,42,10,95,17,22,117,62
2732,26,92,2,63,3,1,25,18,4,91,94,21,72
2733,12,114,6,19,25,46,83,8,89,97,7,17,100,95,90,10,26,9,16
2734,84,3,24,89,23,97,10,55,43,16,9,46,88,5,92,74,19,2,12,21,22,79,63,117,13
2735,25,97,2,8,18,11,92,34,117,20,21,3,90,5,95,101,15,24,96,4,63
2736,46,97,11,114,24,2,25,21,12,63,13,19,23,89,56,9,49,1,34,3
2737,15,7,97,22,16,17,63,95,114,20,107,4,38,2
2738,46,9,16,95,18,15,25,21,66,89,6,23,104,4,14
2739,6,89,97,22,95,14,17,1,114,11,34,2,25,20,53,92,10,7,15,13
2740,1,11,12,24,19,7,54,13,22,104,18,21
2741,46,95,15,34,18,9,12,17,84,22,13,10,19,104,7,25,114
2742,12,5,19,95,85,1,18,114,3,66,20,10,26,8,39,15,13,54,16,104,107
2743,25,114,16,9,18,3,14,24,43,90,55,1,12,19,46,97,26,96,21,23
2744,89,5,22,20,104,8,90,4,1,24,25,21
2745,12,26,97,16,14,92,63,104,24,20,114,18,101,13,8,95,108,38,117,34,2,103,84
2746,34,11,15,95,17,2,114,14,28,10,43,104,24,3,7,4,84,26,8,38,97,25
2747,3,15,2,26,11,114,117,46,17,95,5,23,79,7,55,47,103,10,18,34
2748,89,8,6,46,14,55,107,101,100,23,91,114,25,18,95,22,17,73,21,103,93,15,66,12,43,80,3,118,85,26,117,102,116,1,113,63,16
2749,1,3,18,23,63,7,46,16,104,17,83,24,25,6,26,5
2750,5,10,21,16,15,8,13,34,84,25,1,95,66,7,27,22,24,2,89,4
2751,25,21,8,1,19,3,34,114,5,9,15,2,13,26,92,24,87,10,89
2752,34,3,23,7,20,63,15,6,14,43,103,4,13,55,58,10,11,93,19
2753,20,21,3,11,17,2,7,18,6,34,25,97,104
2754,97,19,8,1,24,103,12,11,34,17,95,13,89,25,84,6,14,92,18,114,23,5,104,62
2755,9,21,12,20,10,11,24,33,89,15,3,14,17,102,18
2756,89,43,117,14,10,6,84,4,95,92,12,97,26,20,24,2,63,17,18
2757,12,25,16,97,13,89,21,15,4,18,104,2,46,101,95,88,26,11,3,116,8,5,7
2758,46,16,12,10,19,89,97,26,23,84,5,21,1,63,13,31,92,79,15
2759,22,9,13,15,46,6,1,14,95,5,16,20,26,88,21,117,19,43,111,62,23,18,55,86
2760,3,20,19,10,18,17,5,2,26,15,33,9,24,80,57,16,13
2761,14,46,117,26,55,19,12,92,63,62,6,103,54,111,65,25
2762,15,5,24,97,6,92,103,1,13,12,63,34,76,16,10,105,114,104,19,8,93,22
2763,4,10,114,89,97,17,22,95,39,7,66,13,21,18
2764,1,7,10,6,20,12,95,15,18,14,34,97,114,113,16,11,28,9,8,21,4
2765,12,46,114,21,97,9,92,5,2,11,17,44,1,26,15
2766,10,16,25,63,4,8,24,13,114,3,20,15,14,89,84,68,22,92,17,12,23,117
2767,21,8,114,84,9,89,26,46,15,25,52,3,28,6
2768,10,8,34,11,5,22,9,3,89,20,92,7,26,2,117,46,95,17,14,84
2769,19,5,89,9,2,84,10,3,25,21,15,8,97,28,24,34,26,92,29,55
2770,18,24,20,63,5,84,23,2,26,46,97,16,45,11,85,95,90,25,10,7,82
2771,19,12,3,63,1,17,11,6,7,92,16,18,26,108,114,15,14,21,28
2772,97,18,51,26,95,84,101,69,25,35,7,23,32,15,71,102,99
2773,84,15,103,46,23,14,24,11,100,89,16,2,74,12,43,114,18,86,104,92,55,97,83,62,19,5,101
2774,8,97,3,117,10,17,21,104,15,114,79,26,34,5,46,14,7,88
2775,24,103,95,20,117,6,15,5,7,16,13,14,2,26,28,62
2776,10,8,1,11,19,34,16,46,18,3,53,7,89,26
2777,113,2,9,18,25,46,12,95,19,15,97,90,3,114,13,112,4,24,21,48,20
2778,89,20,8,107,2,1,22,12,23,3,69,84,26,15,38,28,19,16,9,17,114,14
2779,10,34,3,84,46,97,17,43,104,55,95,64,15,63,88,103,110,12,20,18,66,8,16,13
2780,4,15,103,74,95,28,88,9,5,20,12,17,114,3,2,16,117,77,62,23,8,84,1,90,97,46,89,34
2781,19,20,16,46,89,22,90,111,104,15,51,6,10,12,86,11,1
2782,13,97,66,46,103,89,14,17,25,12,20,1,100,16,47,10,2,40
2783,19,8,2,18,15,92,26,25,5,21,23,95,14,34,51,9,79,46,97
2784,5,24,15,34,12,8,3,26,92,114,1,84,10,21,25,77,13,102
2785,46,64,18,84,4,9,19,20,1,21,43,89,11,22,114,97,63,92,12,17,30,95
2786,18,5,84,12,114,8,63,15,4,14,11,95,66,21,82,9,3,92,97,2,16,13
2787,46,24,20,34,22,114,31,26,61,6,25,12,3,17
2788,34,14,46,12,9,97,10,20,92,6,5,26,19,11,43,1,7,13,28,63,18
2789,16,14,92,95,106,15,13,7,46,8,23,25,3,29
2790,21,1,95,2,15,11,111,5,10,104,46,26,85,43,106,113,98,20,24,7,64,8
2791,8,1,12,95,63,10,97,26,107,2,21,30,6,11
2792,24,16,9,18,46,26,7,21,20,103,19,34,25,104,117,17,10
2793,20,84,14,97,5,24,95,16,35,13,21,91,17,3,11,93,46
2794,8,25,103,19,5,24,3,11,2,6,16,15,21,34,14,77,9,97
2795,84,9,12,103,104,16,10,95,5,111,119,6,22,79,2,70,31,89,73
2796,24,19,97,55,89,5,2,15,25,84,95,88,92,67,54,114,111,72,12,7,81,77,90,79,17
2797,5,18,2,12,25,92,1,19,43,102,79,14,21,117,11,77,54,103,22,67,13,104,62,10
2798,13,16,22,5,23,9,3,34,97,24,10,20,84,104,79,89,26,63,43,1,56,7,64,11,103,25
2799,6,97,63,1,13,20,26,10,89,43,17,117,25,5,18,23,22
2800,13,34,92,114,19,6,12,3,9,14,28,10,17,25,106,7,95
2801,10,15,11,1,74,86,14,12,90,91,46,103,6,26,21,106,66,25,24,16,7,42,99,19,9,112,13
2802,12,114,25,18,11,95,1,104,9,92,21,20,24,113,17,8
2803,38,19,5,23,9,89,2,46,10,31,16,21,114,66,4,95,17,43,15,20
2804,2,12,21,18,46,10,34,4,17,9,20,84,23,5,55,13,89,97,33,83,25,119,11,79,1
2805,26,95,43,5,114,63,25,117,4,92,16,22,12,104,7,89,24,19,21,20
2806,46,19,5,103,55,117,14,34,6,104,63,4,21,100,8,23,28,39,89,43,29,101,11,83,97,26,88
2807,3,16,2,1,46,28,14,10,23,43,84,26,11,73,54,22,42,6,33,13
2808,12,7,1,13,6,92,34,9,16,22,18
2809,18,47,103,48,97,89,12,6,15,16
2810,34,13,2,14,63,46,22,16,10,4,92,7,43,25,74,11,18,21,97,89
2811,24,12,51,97,3,20,95,55,15,21,5,46,11,7,19,63,79,10,13,104,103,1,6,22
2812,22,103,114,2,13,88,43,16,8,11,24,19,1,102,95,26,25,14,10,62,28,5,79,55,107
2813,9,13,84,12,5,15,25,2,117,20,24,6,11,65,26,89
2814,11,10,46,20,63,15,87,9,8,2,84,89,78,114,26,102,17,101,19,4,14,12,82,25
2815,3,18,15,89,114,6,25,10,23,84,19,9,103,7,97,1,95,24,78,5,46
2816,12,17,10,114,46,14,34,89,19,5,97,95,29,6,58,9,2,22,21
2817,20,92,6,19,46,9,7,1,95,91,11,43,97,114,103,24,22,62,25,16,34
2818,34,114,89,43,2,25,84,19,92,24,7,95,5,4,20,6,46
2819,16,8,19,6,89,1,15,10,18,20,25,11,7,73,12
2820,46,3,92,9,26,84,25,104,7,63,1,19,23,2,21,90,15,108,24,62,16,95,80,22,13
2821,17,89,12,34,46,22,23,10,2,18,3,26,92,4,16,21
2822,8,89,24,10,103,20,2,14,21,55,12,5,114,1,17,97,18,46,23,61,104,95,16,43
2823,13,3,97,11,5,15,104,24,9,55,58,2,43,18,89,17,19
2824,12,97,7,24,2,114,18,119,14,20,5,66,11,46,15,1
2825,4,7,13,22,25,46,55,15,92,72,19,14,63,18,43,12,89,26,117,110,95
2826,3,95,114,21,2,97,19,104,17,46,7,113,66,24,5,54,6,20
2827,18,114,34,25,16,15,95,24,92,3,47,10,20,86,13,6,17,5,55,21
2828,1,24,46,26,11,23,9,95,13,7,5,82,115,64,10,4,114,89,3,84,18
2829,5,10,1,8,11,18,97,22,20,55,23,12,28,62,13,89,9,19,14,88,51,24,119,103,104,52,4
2830,3,21,1,26,9,104,12,69,5,89,15,34,18,6,47,8,13,88,4,67
2831,1,18,14,22,20,21,28,3,46,58,13,99,16,7,24,117,25,89,50,11,55,23,88
2832,18,63,95,6,17,22,24,21,16,12,23,76,8
2833,22,114,12,14,6,7,89,23,50,18,10,113
2834,89,84,92,13,95,24,34,88,103,46,1,117,25,21,97,26,14,59
2835,19,97,4,2,13,10,21,20,46,26,1,16,11,92
2836,9,92,97,107,20,62,6,70,14,22,23,5,63,3,44,104
2837,22,25,34,92,55,23,19,6,15,63,45,13,7,24,54,73,88,52,62,95,91,17,1
2838,2,11,92,63,19,7,21,20,1,84,24,34,94,12,14,33,109,23,43,64,6
2839,22,11,21,1,20,2,114,95,8,14,3,43,5,31,7,10
2840,6,17,103,3,14,92,23,13,5,21,25,20,84,108,16,55,95,1,33,114,8
2841,18,114,6,21,13,5,92,11,2,22,14,17,4,89,34,16,79,1
2842,97,89,8,7,23,117,20,4,2,14,12,21,5,10,43,15,11,111,25
2843,5,111,7,85,10,4,6,22,18,12,90,28,9,25,89,104,21
2844,20,97,13,14,18,9,6,19,8,95,114,16,15,22,34,11,23,46,25,84,77
2845,1,16,63,2,97,14,23,92,7,22,43,17,12,11,73,26,13,15,107,95
2846,17,5,3,84,20,2,104,11,90,119,22,95,1,23,117,54,24,12,63
2847,14,34,24,10,7,8,15,84,89,103,117,102,43,62,23,95,22,17,55,11,25,104,1,28,66,107,16,114
2848,21,92,11,14,7,66,26,4,16,1,95,91,20,24,67,23,28,85,34,43,17,18,5,100,3,83,25,97,102
2849,20,92,84,25,104,12,4,24,10,13,28,17,62,66,97,8,58,117,91,114,6,7,23,95
2850,1,11,2,63,7,97,22,19,21,4,8,89,23,12,25,16,46,18
2851,26,5,12,6,97,13,7,11,3,61,84,14,19,66,8,107,15,9,32,92
2852,15,34,1,21,17,10,46,28,9,63,62,89,97,12,84,66,13,93,67,52,117,26,2,6
2853,114,68,18,16,3,5,21,8,89,19,67,29,4,10,95,26,107,2,13,24,92,34,20,7
2854,3,16,34,26,28,104,22,12,114,1,17,92,19,43,55,97,21,27,24,89,99,9,88,13
2855,14,96,22,95,55,114,3,7,52,102,89,20,116,63,119,1,62,46,23,91,12,117
2856,114,25,5,97,89,16,1,95,11,90,14,48,92,20,23,12,53,2,36,22
2857,12,66,89,22,11,84,55,6,18,114,92,8,17,78,58,88,14,97,25,7,5,31,10,13
2858,92,25,95,84,90,8,2,22,24,13,4,17,112,10,28,21,88,108,16,34,111,26
2859,3,106,24,20,46,10,117,25,55,97,5,26,12,4,92,9,23
2860,13,95,16,10,26,15,25,1,19,55,2,6,9,43,82,18,66,22,34,11,109,61,20,102
2861,11,26,3,15,2,20,23,22,10,66,27,1,5,6,54,13,14,16
2862,14,13,107,8,103,5,114,21,12,19,2,95,11,119,104,89,23
2863,46,79,95,5,7,22,2,102,28,4,16,97,60,20,92,17,11
2864,14,89,24,23,17,79,10,103,19,91,4,92,84,62,2,16,8,22,46,114,25,34,74,86
2865,5,24,26,23,17,25,3,97,10,8,43,111,20,84,4,117,19,115,114,21,9,96,106,53,70,2,119,104,99,32,87,22,16,18,103
2866,5,7,11,63,28,21,19,24,26,6,107,79,54,104,117,43,16,64,2,92,8,23,25,112
2867,7,8,19,18,11,89,1,63,34,13,17,95,107,117,10,28,64,23,114,106,42,103,119,6,26
2868,114,20,13,95,15,22,11,5,111,86,24,28,26,6,14,54,1,18,10,63,51,74,17,89,92
2869,89,9,63,23,107,97,26,104,11,16,90,18,117,115,96,13,22,15,55,3,86,56,2,7,77
2870,15,86,26,119,84,43,90,16,19,34,1,11,14,21,20,111,88,103,36,2,8,6
2871,34,26,17,15,22,19,16,117,24,9,84,14,3,97,102
2872,3,66,95,11,5,16,7,1,92,117,90,23,100,63,91,44,46,14,112,76,81,98,17,8,85,22,86,19,104,74,119,109
2873,5,1,8,89,11,43,88,7,19,103,9,113,87,74,18,15,79,13,63,50,2,3,21,70,73,6
2874,66,6,14,63,43,46,92,15,84,11,26,97,114,45,7,28,34,36,9,20,54,5,91
2875,11,8,114,95,84,79,21,97,2,107,23,7,103,14,1,10,16,5,26,24,15,104,43,102,6,4,55
2876,25,15,9,20,63,34,16,18,104,3,97,62,17,2,28,102,92
2877,46,18,2,5,3,6,23,25,26,11,14,20,92,78,66,63
2878,46,9,92,6,89,24,18,104,7,21,1,25,34,62
2879,6,11,23,63,95,20,21,18,25,43,114,66,84,9,1,16,108,5,104
2880,46,1,111,14,16,12,22,84,13,2,5,11,10,88,104,114,68,19,23,63,92,44
2881,22,8,14,25,24,2,16,4,6,21,23,74,63,11,18,5,118
2882,5,2,16,95,3,12,13,84,18,92,7,14,10,91,34,62,55,66,103,89,114,33,23,6
2883,12,25,10,24,28,90,14,6,5,62,111,63,114,46,20,26,69,81,19,74,13,31
2884,25,8,5,107,95,117,23,18,2,24,9,46,6,83,7,12,73,11,10,55
2885,14,4,6,1,7,15,26,92,12,9,25,17,63,70,111,103,11,97
2886,2,20,6,25,8,12,26,4,97,15,14,11,104,1,5,89,16
2887,114,2,9,15,46,14,63,19,18,7,17,13,21,92
2888,1,92,95,73,84,21,43,10,4,13,114,5,104,3,25,97,24,119,14,74,35,53,19,6,26
2889,1,12,46,92,15,6,7,19,114,18,4,103,113,97,100,8,24,78,5,74,26
2890,14,11,97,1,15,28,104,17,19,96,25,73,109,21,24,30,7,13,107,20,64,3,86
2891,13,21,14,8,16,22,46,12,24,7,5,1
2892,3,11,63,21,6,89,103,9,2,84,34,43,72,92,117,97,17,74,8,22,25,12
2893,19,11,46,43,104,26,14,13,22,34,23,3,62,95,6,12,17,44,92,110,25
2894,16,3,18,20,5,1,92,62,42,97,4,104,67,28,111,13,84,95,117
2895,104,26,22,13,3,114,34,17,16,8,14,18,7,25,55,21,27,95
2896,92,104,114,13,7,66,8,6,107,63,54,15,90,11,18,22,43,4
2897,20,21,34,10,6,17,89,97,2,11,117,15,25,7,22,5
2898,9,4,23,34,28,24,83,2,15,66,16,3,20,22
2899,6,1,16,114,46,14,89,65,35,97,5,92,23,26,34,8,22,7,3,11
2900,24,19,2,23,18,10,55,97,103,20,46,32,16,34,74,90,26,64,11,95,13,4,8,89,28
2901,8,12,17,97,23,10,24,20,46,11,14,117,89,1,13,114,95,25,40,92
2902,89,23,55,21,8,92,63,7,34,20,12,103,15,9,37,5,28,117,13,95,2,17
2903,5,3,21,34,7,26,9,95,15,22,25,10,6,23,17
2904,16,19,95,17,90,89,26,11,9,18,114,21,2,4,107,3,15,46
2905,2,13,114,84,14,24,102,46,15,26,79,8,17,95,6,63,4,7,101,1,53
2906,95,3,46,15,22,20,25,14,26,103,12,107,97,9,8,16,4,117,5,114,101,18,57,119,73,23,1,89,24
2907,18,3,10,104,22,1,114,5,17,26,58,21,16
2908,3,24,10,4,14,9,13,2,101,46,34,28,88,92,104,114,54,26,94,103,7,43,19,5
2909,14,46,15,34,21,5,63,3,17,12,2,64,95,26,24,45,55
2910,19,9,15,43,8,92,11,18,34,17,7,54,6,14,26,1,4,10
2911,3,9,16,1,97,46,10,24,18,21,12,26,25,11
2912,10,17,63,15,34,95,19,28,18,48,97,46,26,22,7,99,43,21
2913,22,6,21,10,2,11,84,103,20,7,114,66,46,8,104,19,34,95,15,9,113,63,5
2914,5,17,23,3,104,19,26,14,7,8,22,10,13,54,55,62,58,11,37,92,95,15,90,16,103
2915,2,14,15,34,23,7,25,21,24,22,97,37,1,6,95,114,62,12,20
2916,24,89,17,7,103,15,19,46,1,25,55,23,4,114,54,34,11,33,8
2917,1,3,9,114,2,11,112,46,95,38,12,16,4,70,78,19,48,73,8
2918,25,1,15,10,3,114,7,6,2,24,12,18,19,16,85,101,43,4,14
2919,24,34,1,22,15,7,46,21,8,16,72,23,78,48,89
2920,22,63,25,46,10,13,19,104,50,5,17,89,7,35,15,16,97,118,20
2921,13,19,6,1,3,22,8,92,23,62,34,5,2,21,97,84,16,26
2922,16,12,21,34,2,114,89,7,15,19,24,26,85,111,13,43,6,14,94,5
2923,8,21,16,10,34,95,25,89,26,23,4,5,3,107,28,17,24,102,12,47,104,18
2924,9,21,89,92,17,11,84,7,14,25,6,34,19,118,1,72,18,23
2925,7,2,22,24,46,114,19,3,17,63,89,108,9,49,95,82,31,92
2926,8,34,19,89,9,15,14,12,18,92,3,112,93,87,31,46,11,20,7,1,97,22,61
2927,17,20,13,1,5,21,12,8,2,26,15,46,10,22,4,6,9,14,11,7,95,34
2928,20,46,7,25,16,63,95,4,15,114,97,18,19,28,3,11,54,71,31,89
2929,3,7,12,66,10,18,11,23,9,92,89,25,34,13,95,21,114,2,15,97,8,24
2930,14,24,5,17,10,66,89,20,12,13,19,34,4,15,22,1,6,54,3,25
2931,12,15,19,3,23,2,20,5,46,95,38,6,67,1,22,16
2932,12,1,46,34,97,4,13,79,20,89,54,17,66,92,63,114,19,21,95,24,11,26,18,6,67,28
2933,12,11,25,8,92,15,28,9,24,34,6,37,104,7,85,2,109,99,114,108
2934,97,21,46,2,95,63,24,114,25,14,18,16,112,10,103,50,117,5,65,54,8,88,55
2935,13,14,15,92,110,104,1,34,25,8,20,6,19,5,12,59,24,100,83,46,101,55,43
2936,10,12,66,15,7,2,24,8,21,18,46,20,114,14,41,50,26,33,79,19,11,89
2937,11,20,97,13,26,34,9,7,114,17,22,104,6,24,2,74,84,5,19,8
2938,12,66,34,55,62,18,21,67,8,6,24,14,43,111,5,46,42,7,13,19,114,10,26
2939,7,25,17,1,10,66,114,19,26,34,24,23,15,62,36,89,9,12,55,16,4,14,104
2940,3,14,46,24,25,89,20,9,103,2,15,11,16,65,54
2941,2,14,25,11,18,26,55,92,10,16,95,84,23,88,63,43,53,19,24,61
2942,103,3,18,11,24,19,4,63,20,77,96,15,10,26,23,5,1,57,16,107,51,9,22
2943,26,34,22,6,114,11,4,66,9,21,23,12,81,46,73,72,8,42,77,92,84,18,95
2944,3,20,46,28,95,26,15,34,2,114,7,10,17,12,66,14,4
2945,8,89,26,6,92,13,22,3,2,90,117,5,119,1,103,43,21,51,12,19,74,25
2946,11,89,9,24,8,7,15,84,92,10,13,6,19,63,37,22,20,18,104
2947,49,46,62,117,90,104,114,7,107,4,21,9,23,115,10,95,32,5,100,2,119,64,12,55,17,8,19,93
2948,5,84,92,34,102,25,12,114,89,21,116,47,14,24,16,6,19,81,15,43,10
2949,22,24,9,7,23,17,46,19,89,14,2,34
2950,16,17,20,89,25,22,114,77,70,74,63,34,54,104,7,12,3,4
2951,24,103,28,65,19,95,92,7,117,74,6,50,88,102,33,25,17,114,89,84
2952,26,17,34,23,63,12,89,88,92,16,19,1,74,114,43,7,117,31,11,33,25,90,5,14,116
2953,24,1,97,114,11,89,26,34,5,95,37,54,118,2,15
2954,17,18,1,3,9,21,84,92,25,26,8,23,24,114,95,14,16,6,4
2955,17,89,13,10,66,25,26,21,58,18,34,7,88,107,4,22,6,5,55,117,38
2956,103,15,7,16,17,43,28,20,74,63,84,91,6,25,18,66,26,3,114,89,9,72,2,117,8,1,96,34
2957,114,12,24,46,16,19,14,1,13,104,7,3,34,5,89,42
2958,22,14,63,26,19,107,10,21,25,114,34,62,7,103,13,55,4,8,11,24,104
2959,24,46,25,3,11,15,34,16,92,60,17,61,14,104,97,13
2960,10,92,97,14,1,19,3,63,117,22,18,9,114,12,6,61,118,5,8
2961,8,12,66,20,107,6,46,15,89,54,3,24,86,2,114,103,18,10,23,26,4,88,9
2962,2,9,6,26,20,7,18,22,11,89,28,13,24,47,97,63,38,104,3,92,15,25,8,95
2963,17,8,1,9,89,16,97,2,7,22,15,12,20,21
2964,6,34,5,14,3,20,64,79,26,16,24,12,25
2965,2,15,16,1,21,63,22,64,34,54,95,38,23,17,31,79,117,20,92,24,89
2966,11,17,14,28,6,55,46,86,2,62,114,95,23,84,97,8,15,3,56,4,106,92,111
2967,6,10,104,3,92,5,18,7,26,25,16,90,20,35,97,8,13,89,23,11
2968,22,20,25,16,92,12,15,14,1,46,11,10,19,2,5,13,55,43
2969,89,7,12,19,3,95,4,15,17,6,10,84,90,102,16,26,2,21,97,92
2970,1,4,21,5,14,95,10,6,13,8
2971,103,89,20,10,5,16,21,13,22,95,9,34,46,92,71,26
2972,18,17,25,5,63,16,2,7,84,10,89,13,1,92,12,3,23,107,4
2973,5,25,55,1,90,104,96,117,17,11,19,43,94,4,107,76,97,73,77,26,6,112,24,63,23,87,95,9,91,18,45,16,103
2974,15,1,5,21,89,2,6,12,34,19,3,46,84,14,114,25,16,92,26
2975,22,8,63,104,21,114,34,54,19,25,23,13,3,4,18,20,16,12
2976,16,2,26,11,103,104,8,21,84,3,17,6,7,114,28,5,43,1,24,12,9
2977,22,104,1,97,107,3,12,2,23,8,10,46,9,21,28,11,15,34,24,52,19,117
2978,16,6,10,114,20,2,13,97,63,25,7,18,46,93,1,70,100,15
2979,1,92,84,34,10,104,8,89,3,18,9,95,22,11,63,103,13,17,60,43,79
2980,16,97,8,65,113,9,24,42,46,25,89
2981,7,6,77,88,17,12,14,23,91,16,46,11,85,43
2982,14,7,66,9,20,3,6,97,25,13,46,17,11,10,16,21,4,5,24,1,84,12,95
2983,2,1,16,46,9,7,89,21,63,26,14,104,95,24,97,99,10,92,43
2984,21,24,84,97,22,46,6,8,15,92,7,63,62,26,86,23,119,114,103,16,93,5,76,94,17,4,10
2985,6,2,84,95,15,13,90,14,21,46,40,1,82,4,19,55,79,26,12,25
2986,92,97,95,104,117,25,6,9,8,17,34,16,23,54,26,3,14,63
2987,20,21,63,97,34,1,10,8,46,18,9,3,17,23,24,7,2,64,105
2988,11,16,89,92,12,19,26,104,25,97,8,4,95,88,102,1,7,53
2989,18,92,14,97,90,16,15,84,9,17,98,22,46,11,83,23,12,95,34
2990,6,1,22,16,63,34,10,11,5,12,103,92,21,13,18,8,2,19,25,70
2991,7,89,23,3,25,95,92,117,21,43,15,1,91,13,114,11,2,19,18,16
2992,17,22,2,26,7,8,12,24,95,25,13,104,85,107,92,28,1,4,9,76,23,5
2993,14,9,13,16,84,8,5,20,23,58,3,62,60,19,4,66,55,26,43,97,85,107,73,79
2994,15,1,13,63,9,89,117,7,34,95,104,24,54,2,33,46,25,113,57,20,12,21
2995,8,13,36,92,104,17,63,20,6,11,58,46,16,28,34,22,21,89,5,62
2996,17,6,12,25,13,22,107,21,3,80,24,89,117,37,16,2,9,46,18,10,23
2997,21,7,114,92,20,97,4,89,63,26,18,95,84,15,104,8,19,79,16,91,119,1,10
2998,15,63,66,26,10,24,34,8,13,43,20,21,22,9,14,114,5
2999,20,16,14,104,88,103,1,21,6,8,55,92,107,19,7,63,18,43,15,13,97,11,23,84,95,46
3000,89,16,22,19,11,107,26,5,92,23,88,84,113,46,17,13,9,1
3001,7,89,16,15,97,19,79,5,27,34,41,12,13
3002,16,88,46,1,15,53,65,6,21,115,9,13,4,72,109
3003,10,9,43,17,19,20,6,8,92,13,5,3,21,89,24,34,114,84,14,22,26,25,117
3004,1,15,9,11,2,23,22,8,65,10,3,18,89,63,16
3005,14,69,20,25,92,3,16,7,6,9,17,84
3006,6,15,95,10,9,18,21,5,67,1,20,2,89,25,51,16
3007,24,84,12,11,9,95,17,13,22,2,4,14,67,16,10,89,41,114
3008,8,15,95,10,20,14,97,16,92,17,22,34,5,26,59,21,23,69,89
3009,5,10,25,16,14,63,11,27,1,94,97,72,12,71,2,46,111,17
3010,5,1,114,21,20,17,15,24,14,2,26,3,63,79,4,89,101,19,25,28,103,16,92
3011,97,12,24,26,63,89,20,84,79,34,95,25,2,15,111,55,3,118,6,10,99
3012,16,5,21,11,18,19,92,13,14,9,95,66,10,26,55,1,2,89
3013,46,63,6,17,20,19,21,84,7,114,15,14,11,13,37,97,26
3014,89,15,22,21,13,24,103,4,25,43,94,63,2,37,12,8,19,17
3015,82,89,6,114,14,7,17,21,18,20,2,40,12,84,9
3016,25,84,14,34,12,23,9,7,1,4,16,97,13,63,5,62,8,19,33,20,29
3017,10,7,3,63,84,16,46,20,17,28,21,92,22,25,8,104,12,23,95,89
3018,84,20,22,2,19,6,55,43,23,5,3,14,25,12,62,7,9,26,21,32,16,34
3019,24,8,7,95,6,34,28,117,12,84,55,13,97,22,63,57,46,5,82,23,3,26,102
3020,103,13,11,96,6,23,46,25,95,89,14,7,4,22,115,10,21,2,1,114
3021,14,20,34,7,18,114,92,16,10,11,5,17,2,111,1,3,37,89
3022,3,97,18,4,10,12,1,21,114,5,92,52,26,19,14,104,20,16,23
3023,46,25,10,21,103,18,114,26,9,55,16,6,89,43,5,4,22
3024,97,4,11,5,14,12,24,13,18,55,92,6,119,114,3,34,89,62,68,90
3025,1,46,11,17,13,24,10,22,92,15,89,56,3,14,77,97,20,103
3026,12,7,17,1,10,26,21,24,18,15,22,5,97,14,20,104,89,13,6,46
3027,14,17,15,117,92,21,6,5,3,8,11,46,16,89,119,4,28,13
3028,5,18,26,24,11,23,22,12,107,91,79,6,97,7,19,21,95
3029,46,8,12,13,10,9,15,2,84,6,14,7,4,11,1
3030,4,7,17,9,6,1,34,48,26,43,99,10,55,19,111,92,66,13,63,11
3031,17,6,92,97,7,66,13,63,5,1,43,14,12,62,89,61,51,36,79,4,24,116
3032,12,2,21,13,3,63,6,97,114,89,16,5,14,79,11,18,117,20,22
3033,18,12,22,8,11,19,7,83,23,2,24,4,89,9,29,30,63
3034,15,20,84,92,8,6,95,63,25,21,22,89,85,116,5,26,114,1,10,12,13
3035,25,95,15,18,5,1,16,26,21,6,9,31,7,89,46,66,106,3,101,34,20,19
3036,13,26,7,92,22,17,25,14,8,90,114,19,95,93,103,63,6,97,16,34,55,94,18,46,28,20
3037,103,92,6,107,23,2,114,13,79,14,7,20,17,74,22,85,46,12,99,5,4,43,21,15
3038,3,21,43,114,14,92,2,23,9,13,22,1,15,7,89,10
3039,13,97,17,117,55,8,11,12,43,89,7,25,18,10,107,115,78,63,1,104,46,22,15
3040,13,18,28,11,103,14,9,89,24,97,8,1,63,119,6,2,111,84,25
3041,16,6,89,5,7,22,12,34,24,8,4,95,17,2,3
3042,2,46,3,15,8,19,6,11,18,20,34,5,22,56,92,27,14,109,4,63,17,10
3043,5,97,79,6,34,84,8,46,11,26,23,18,1,17,22,2,20,25,66,9,27,88,12
3044,114,25,92,9,6,18,89,2,14,3,16,5,12,11,13,62,22
3045,16,97,3,84,7,46,5,63,114,92,22,6,95,15,19,20,4,87,25
3046,24,18,14,2,16,11,21,9,56,3,46
3047,34,66,95,7,92,3,25,4,91,20,21,24,15,8,28,17,46,104,84,54,11,88,41,19,9
3048,14,8,95,12,1,66,21,15,25,17,7,89,19,97,92,59,2,5
3049,20,7,24,66,21,114,2,43,6,19,37,39,22,12,9,3,10,104,11,102,84,72,14,1,15
3050,18,16,23,7,19,20,34,10,24,46,17,12,28,84,1,97,92,8,25
3051,6,97,8,7,63,16,11,92,4,25,82,20,1,3,95,46,62,5,22,18,78,73,113
3052,6,14,7,16,22,25,2,43,95,10,55,5,11,4,15,96,106,23
3053,84,63,11,22,95,104,2,5,9,26,46,10,15,114,13,18,64,20,24,30,53,21,73,97,85,100,12,31,83,107
3054,25,34,63,95,54,13,6,1,23,24,84,19,17,92,8,43,41,96,20,89,18
3055,6,8,97,43,12,92,4,19,103,34,114,63,1,17,108,5,95,9,25
3056,22,3,6,104,111,97,21,92,95,1,54,26,25,23,62,4,89,107,24,84,16,34,101,63,10,102
3057,9,18,12,89,104,111,6,5,10,11,114,13,2,46,8,21,3,4,14,97,43
3058,26,11,97,1,7,95,21,10,18,19
3059,12,21,13,97,22,93,14,34,10,1,46,18,115,11,20,58,8,5,3,64,37,90,7
3060,46,95,22,21,97,7,17,9,6,19,10,20,18,14,1
3061,9,19,55,92,4,114,26,62,13,15,97,22,17,118,115,18,93,28,104
3062,12,97,1,6,22,46,10,114,7,36,69,102,24
3063,12,1,17,9,37,4,7,11,92,5,8,16,106,116,114,66,58
3064,92,5,89,13,19,15,88,119,2,114,20,4,107,6,26,11,34,43
3065,2,92,24,10,23,20,22,6,8,95,5,84,114,25,15,14
3066,97,21,12,2,19,56,23,25,16,1,4,89,6,46,26,3,92,14,114
3067,6,18,2,7,4,104,89,14,21,79,22,8,55,62,10,5,13,12,57,95,15,24
3068,34,46,95,1,15,4,89,18,17,12,63,20,23,7,16,13,97,11,25,21
3069,25,3,97,43,9,92,96,46,17,21,23,13,58,117,20,62,22,10,89,15,95
3070,19,17,25,21,5,22,16,6,13,2,26,46,63,24,7,98,15,33,65,4,111
3071,11,16,13,63,19,4,2,5,12,83,23,3,40,34,61,32,6,117,54
3072,15,92,24,63,10,107,1,46,119,114,26,20,2,34,13,102,69,22
3073,18,89,34,6,8,22,13,114,15,10,92,113,71,85,23,40,2,95
3074,20,21,3,14,10,11,104,17,12,18,9,15,7,63,46,6,52,114,32,92,84,19,34
3075,10,6,97,9,13,3,5,1,12,18,114,2,15,95,92,89,20
3076,16,88,13,1,95,15,3,12,11,20,8,25,14,9,89
3077,19,97,9,7,23,14,12,77,16,114,4,21,15,17,25,20,26,34,30,10,84,89,55
3078,46,9,8,11,4,2,13,24,15,10,59,19,26,119,12
3079,12,7,103,4,2,9,97,5,46,22,90,62,10,15,19,104,64,108,6,91,11,34
3080,15,17,23,25,19,46,114,26,24,9,63,2,12,97
3081,11,9,1,6,17,26,19,8,89,21,12,95,3,46,97,13,64,84,16,54,14,55,7,87
3082,11,15,62,9,7,2,89,114,104,4,24,43,23,34,1
3083,10,22,24,85,90,21,18,9,19,5,23,16,14,17,28,62,111,97,57,8,55,79,119,88
3084,17,9,22,3,8,89,97,46,14,95,21,23,25,4,104,96,11,1,48,15,26,18,7
3085,89,26,8,13,25,46,16,21,7,6,111,19,97,95,114
3086,10,55,14,107,97,5,46,11,19,103,3,117,63,62,23,58,114,72,7,119,20,43,56,95,82,101
3087,17,10,46,16,3,97,43,22,4,6,2,63,104,23,24,92,68,15,89,25,114,34,84
3088,5,114,8,24,117,103,21,9,6,17,2,101,10,25,95,26,97,7
3089,14,13,20,3,89,106,88,112,7,36,114,62,9,46,34,92,11,93,28,24,19,85,22
3090,63,22,97,10,17,34,28,46,24,26,55,6,38,21,8,2,60,23,85,67,9
3091,25,20,17,89,95,2,16,97,84,7,3,65,9,99,27,10,69,15,22,1
3092,11,97,46,26,23,16,2,9,79,22,89,17,88,103,92,21,24,25,18,95
3093,10,6,66,97,15,24,12,11,114,8,42,67,104,17,31,34,89,3,117
3094,16,19,11,2,34,7,26,9,25,95,5,12,15,92,97,47,14,104,103
3095,22,6,109,14,89,1,26,3,13,95,103,2,58,8,11
3096,97,1,103,95,20,104,9,3,25,6,7,11,4,34,89,117,77,21,14
3097,17,11,22,13,14,24,92,114,95,20,97,7,18,25,79,88,19,102,5
3098,24,16,7,89,13,34,63,104,6,110,10,49,55,114,25,15,79,1,12,91,59,5,44,21
3099,97,95,26,18,14,2,34,13,15,117,43,8,47,92,22
3100,7,11,9,24,12,92,97,37,10,19,75,15,3,89,4,17
3101,104,21,119,89,9,12,26,18,19,46,24,20,7,63,43,15,103,117,90,5,2
3102,15,26,18,8,34,114,89,3,13,20,23,5,109,24,9,2,16,6
3103,34,25,79,114,84,13,21,12,92,9,20,10,66,95,22,51,14,17,85,109,46,97,11
3104,15,17,66,24,21,92,3,97,2,6,22,11,8,32,105,14,63,103,89,7,25
3105,22,1,17,23,19,25,15,12,13,97,114,104,117,101,34,91,119,103,92,10,63,6
3106,34,46,18,2,10,9,14,73,89,103,20,114,25,43,15,16,26,44,11,92,6
3107,6,97,8,11,19,26,63,107,92,46,89,66,62,20,5,16,43,17,14,21,117,10,56,31
3108,5,92,10,4,11,13,26,21,12,55,114,103,14,2,16,46,18,81
3109,34,8,22,20,21,46,17,9,72,24,89,95,11,26,12,58,2,103,65,5,3,7
3110,84,92,9,21,14,15,95,33,19,90,1,113,8,104,30,12,23,3,5,85,28,7,58,6,13,114,66,26,103
3111,2,1,26,22,16,97,14,84,8,63,19,23,25,11,100,21,5,20
3112,34,20,4,3,12,117,92,114,107,24,104,25,101,6,43,84,103,100,15,21,14,1
3113,22,11,6,9,14,25,66,18,41,88,24,73,20,89,1,4
3114,9,46,22,20,1,11,63,95,55,2,14,16,7,6,33,61,97
3115,15,18,6,26,95,22,43,10,25,88,92,102,79,34,66,7,2,23,82,54,1,17,24,97
3116,12,66,84,24,6,13,104,26,89,2,23,3,88,1,74,22,46,63
3117,15,12,14,13,66,43,23,79,34,1,104,88,3,19,28,10,2,89,11
3118,11,20,26,3,103,79,18,7,14,88,102,104,89,25,6,92,10
3119,14,34,1,17,82,18,6,26,92,22
3120,9,25,11,97,24,12,16,10,20,17,95,89,85,77,13,8,107,18,7,23,6,92,14
3121,5,9,3,8,55,92,10,20,1,6,24,103,12,19,15,25,18,90,114,22,107
3122,20,5,49,113,46,34,95,6,15,119,17,63,41,27,88,92,16,35,25,91,107
3123,11,12,24,8,3,92,46,25,34,54,88,62,84,19,14,23,6,58,73,5,36,17,63
3124,89,14,13,3,5,17,24,26,34,7,23,2,46,12,54,114,9,18,70,8
3125,12,14,8,19,4,23,3,18,104,114,5,46,13,11,10,22,9,88,15,7
3126,15,3,97,2,5,43,114,22,4,66,7,24,1,9,65,46,84,28,111
3127,114,1,89,22,95,16,97,34,2,10,3,13,7,28,43,15,46,84,26,62,109
3128,34,25,13,95,46,33,61,114,20,84,92,47,42,68,107,63
3129,92,20,84,9,10,18,8,17,26,16,7,25,14,66,23,11,95,2,13,22
3130,19,34,114,9,16,22,28,46,25,119,95,70,11,97,1,17
3131,9,89,26,22,97,92,114,36,11,2,104,19,82,106,90
3132,25,6,10,8,11,16,4,84,103,21,57,2,23,13,91,1,68,46,15,3,9,5,20
3133,1,12,21,46,63,18,6,24,39,9,17,15,26,16,87,23
3134,13,15,3,92,97,22,18,16,20,46,34,63,95,5,91,10,17,21,1,19
3135,10,25,22,95,7,18,26,8,2,17,19,4,24,34,63,86,3,42,1,38,14,92
3136,10,24,22,7,20,114,8,2,63,25,5,84,95,23,14,90,6,4,34
3137,103,14,12,23,1,16,18,104,26,4,2,6,13,92,22,107,79,38,88,59,5,28
3138,14,21,12,15,26,36,1,11,7,10,18,24,103,29,65,23,57,9,55,34
3139,12,21,4,43,63,24,95,6,11,84,58,89,26,28,10,1,25,14,13,8,97,92,46
3140,24,63,89,20,16,9,114,25,34,5,12,11,84,46,15,79,14
3141,114,12,6,21,24,3,63,5,20,46,26,4,18,16,106,2,97
3142,16,5,15,19,97,55,22,2,4,31,84,7,24,114,11,62
3143,15,46,7,21,89,22,2,11,10,8,95,26,96,47,97,104,5,16,43
3144,20,1,15,25,97,22,7,19,63,3,114,9,46,23,43,84,31,10,12,38,103
3145,5,20,26,2,15,63,46,22,35,14,111,25,8,12,54,92,21,89
3146,7,26,3,114,89,23,1,46,2,24,10,34,17,97,92,19
3147,9,24,117,92,14,89,88,8,11,5,7,10,38,104,26,107,101,103,102,1,81,16,21
3148,16,92,1,26,12,6,14,2,46,25,8,72,5,10,7,111
3149,20,18,10,21,11,4,23,13,15,46,28,22,1,16,96,12,8,90,17,34,66,114,24,6,30,104,92,102,55,101
3150,22,34,20,18,11,14,2,15,12,38,6,54,7,46,16
3151,24,26,25,34,6,21,17,23,114,18,7,3,14,63,91,10
3152,20,11,19,114,97,13,9,16,46,15,95,63,41,117,24,26,93,8,4,42,10,103
3153,5,95,26,12,7,3,8,92,34,11,9,19,79,114,46,16,59
3154,2,25,11,46,10,55,92,1,119,21,22,24,103,18,112,13,12,3,89,28
3155,18,22,15,11,12,34,9,14,114,2,75,19,111,26,25,23,7
3156,55,7,8,9,26,97,34,24,84,18,6,14,46,16,63
3157,25,92,10,26,62,4,14,34,28,22,9,19,84,63,93,96,15,118,24,16,27,95,8,12,11,17
3158,19,15,3,16,14,5,11,26,24,29,56,20,22,43,17,8,34
3159,46,7,23,25,89,10,22,16,9,3,95,14,84,11,20,64,114,81,8
3160,114,16,23,20,63,4,15,43,12,95,8,2,34,24,89,82,46,117,42,19,119,5
3161,20,3,114,7,16,19,12,22,63,6,15,11,62
3162,18,2,22,15,19,103,10,21,114,7,25,14,28,84,9,12,111,3,52,62,43
3163,22,11,24,89,10,6,16,34,87,25,15,55,62,26,20
3164,34,13,97,10,46,84,62,16,24,118,12,92,15,106,2,103,18,114,11,33,95,85,107,20
3165,97,17,24,46,2,92,104,90,63,34,8,95
3166,66,1,7,84,3,4,114,20,18,95,2,103,26,97,44,35,16,19,25,34,92,117,23,55
3167,25,20,12,13,33,66,92,26,17,19,7,84,96,89,3,28,103,85,2,43,11,62,15,4,119,97,23
3168,34,1,9,95,20,21,19,5,35,6,4,7,89,11,84,13,92,12
3169,5,46,12,20,2,89,92,8,15,26,24,4,19,63,113,97,1,25,16,102,17,21,34,114
3170,46,13,16,15,95,19,92,25,24,22,6,14,48,5,11,9
3171,12,92,22,97,6,104,73,107,95,4,8,31,103,117,7,118,18,114,90,116,63,19,89,24,93
3172,89,13,22,16,7,66,8,1,26,84,95,27,97,10,14,17,20,6,11,18
3173,14,16,89,25,8,1,24,6,46,21,84,103,19,11,62,17,114,7,26
3174,7,9,18,95,11,5,13,26,63,17,97,36,8,16,25,20,10
3175,89,114,25,12,16,26,7,8,6,84,2,46,92,14,1,34,5,104
3176,8,14,24,19,18,23,28,12,26,5,15,114,11,4,50,1,9,17
3177,89,13,10,21,5,114,25,16,19,20,14,63,23,9,1,95,4,12,2
3178,2,24,1,15,11,17,12,34,114,100,7,26,92,97,22,89,79,21,16
3179,12,19,95,7,23,10,13,17,18,1,40,34,73,98,22,104
3180,24,89,18,14,9,46,10,17,31,95,65,92,19,113,5,3,7,23
3181,21,8,12,16,15,14,25,84,57,46,17,48,22,18,73,95,26,104
3182,28,20,6,3,12,18,46,62,26,84,25,114,19,95,75,93,24,15
3183,92,24,7,46,88,2,54,17,4,6,63,95,90,23,30,115,83,27,10
3184,95,4,9,46,24,6,88,3,16,1,20,114,97,23,22,91,84,17
3185,22,3,24,6,5,63,13,46,12,114,45,9,1,95,14,84,119,58,97
3186,6,5,97,8,12,2,14,10,17,18,114,46,16,25,4,112,19,23,35,20
3187,6,1,16,5,14,10,25,24,9,2,26,51,39,19,92
3188,5,15,22,19,92,1,34,114,23,119,62,11,14,8,89,20
3189,24,16,43,34,89,3,18,92,83,8,25,62,14,7,74
3190,18,84,89,5,92,15,114,97,46,4,1,7,104,26
3191,19,6,18,84,20,10,114,15,43,46,2,62,21,34,14,7,1,104,13
3192,12,20,7,11,40,92,90,10,3,107,55,26,23,1,14
3193,21,15,114,20,11,23,22,72,10,5,6,14,112,3
3194,14,16,8,6,2,84,19,25,23,26,28,114,18,17,12,9,79,24,5
3195,8,11,1,97,63,14,95,4,20,12,88,79,5,77,46,24,19,84,7,28,114,2,89,34,10,23
3196,7,95,1,114,26,111,11,24,15,117,92,20,63,8,89,3,10,18,5,22,54,87,23,70,21,34,14,115,55,103,6
3197,34,1,14,6,22,20,16,10,26,9,46,7,4,19,95,72,24,12
3198,19,20,104,34,17,97,21,26,10,25,2,43,117,12,103,4,14,7,95,15,64
3199,70,21,7,2,112,11,35,26,18,89,15
3200,14,1,46,34,97,10,18,114,92,9,95,20,102,104,60,15,63,11,21,6,5,62,36,7
3201,22,114,1,23,55,34,5,13,12,14,8,20,89,93,112,110,27,21,46,11,73,97,119
3202,11,14,13,4,9,104,62,114,22,88,43,46,110,107,50,17,115,85,71,89,44,95,7,105,81,19,10,99,100,106
3203,11,114,97,23,6,3,25,14,24,8,18,104,26,10,9,33,117,20,59
3204,16,10,24,17,12,114,3,95,117,43,92,25,97,28,63,66,21,29,89,13,84
3205,66,103,12,92,19,20,7,18,2,5,15,9,8,113,25,17
3206,16,11,13,7,89,18,21,20,5,9,38,17,22,34
3207,34,24,22,43,11,21,16,107,20,61,8,19,18,84,79,104,26,15,38
3208,6,8,9,26,4,114,16,84,95,34,17,24,87,88,1,18,47,27,98,10,5,14,62
3209,89,8,34,63,19,92,104,14,23,117,110,57,11,43,107,29,1,91,88
3210,22,13,46,25,15,21,9,17,97,24,104,89,23,5,95,92,2,43
3211,21,46,1,13,22,20,89,26,92,3,16,79,12,19,40,15,91,84,14,18,97
3212,11,8,16,84,19,15,13,14,24,25,89,7,99,5,46,102,10,35,114,1,103
3213,66,13,89,2,3,12,95,17,11,26,22,24,111,18,97,21,8
3214,8,9,63,43,85,104,110,14,34,2,18,12,10,92,5,84,24,6,17,95,19,26,91,73
3215,82,16,26,9,84,7,107,88,12,97,11,46,15,55,117,114,1,63,87,103,115,22,23,54,6,79,111
3216,84,12,15,21,28,2,117,92,22,43,23,7,110,34,63,46,16,13,1,97
3217,18,26,14,1,9,20,7,13,3,77,37,63,30
3218,89,24,17,20,9,66,84,7,19,25,16,92,10,23,50,34,11,90,100,5,86,2,55
3219,21,1,46,13,19,25,3,22,103,6,85,15,10,63,89,97,95,55,34
3220,21,19,18,7,114,84,89,10,26,5,12,15,6,22,41,25,17,104,14
3221,84,12,25,114,17,1,16,11,6,2,3,13,82,95,20,27
3222,5,21,109,114,25,8,24,7,89,102,11,103,14,38,13,2
3223,6,18,9,46,26,13,7,22,8,97,11,12,63,15,89,117,62,95,119,3,84,112,24,92
3224,92,21,1,88,28,46,97,14,79,84,107,24,85,63,101,89,116,100,25,68,11,9,19,86,54,90,12,78,62,94
3225,20,12,24,23,11,15,34,8,9,63,6,5,112,41,17,2
3226,20,7,8,18,13,16,3,17,2,84,15,104,6,88,9,24,25,92,5,76,95
3227,14,103,95,104,20,6,92,114,9,12,22,46,19,74,18,1,7,3,84,117,62,55,25,13
3228,12,14,95,9,20,10,4,11,23,7,84,21,114,38,86,16,58,104,19,13,43,90,63
3229,21,14,1,23,9,8,24,95,60,115,10,83,16,97,4
3230,92,19,21,1,24,17,9,8,84,7,114,95,97,46,25,2,14,88
3231,7,1,16,25,104,22,4,3,21,95,23,55,74,110,14,84,2,11,97,20,10,9
3232,25,4,7,103,13,20,84,14,62,8,10,19,24,3,117,17,12,11,55,71,34,114,56,26,88,9,22,97,23
3233,5,95,15,19,7,11,46,10,17,16,24,6,104,65,22,89,47,64,28,18,61
3234,26,19,97,103,114,4,91,3,25,10,22,34,89,46,12,7,76,9,39,55,86,115
3235,7,2,95,15,114,46,26,17,63,11,6,88,66,81,97,107,65,5,78,24,13,16
3236,34,9,11,90,95,25,67,2,4,20,104,3,14,15,114,36,19,5
3237,19,24,7,25,92,20,28,4,10,84,21,12,8,1,46,117,45,22,26
3238,11,7,6,26,13,17,10,103,117,63,90,20,60,2,85,24,86,5,99,22,104,18,52,3
3239,97,63,17,23,15,95,19,26,9,34,46,12,80,92,20,7,5,73,8,61,89,3
3240,28,103,97,20,63,26,43,16,34,85,10,104,9,6,101,5,110,15,23,21,114,19,54,117
3241,9,14,25,23,20,24,2,55,75,10,3,69,27,6,95
3242,95,112,88,23,119,102,8,77,7,106,46,24,26,79,117,108,1,85,63,98,103,18,107,75,6,73,10,34,5,94,81,99,4,82,50,14,25,89,13,70,16,115,28
3243,5,6,103,13,18,1,3,34,22,9,23,92,15,89,4,19,97,17,2,29,10
3244,84,16,21,46,4,18,3,79,27,114,22,19,9,111,35,2,20
3245,22,2,20,63,9,7,26,55,62,43,117,16,19,107,90,1,84,77,3,119,79,21,25,113,14,87,76,94,23,93,4
3246,103,114,104,63,26,95,62,43,97,79,55,90,93,5,34,15,11,92,66,9,28,117,21,13,100
3247,1,2,19,89,10,17,84,34,21,16,15,12,97,63,9,72,26,54,22,46,23,5,47
3248,34,114,16,95,26,46,92,13,63,88,89,43,14,70,7,112,30,10,20,1,25,82,6,104
3249,16,22,8,104,4,107,92,63,114,13,2,1,24,20,26
3250,10,1,14,12,21,3,7,97,46,16,5,11,84,9
3251,25,9,17,6,5,11,62,22,19,14,46,18,97,7,15
3252,25,66,16,9,19,15,12,3,114,10,77,7,34,65,26
3253,89,17,54,2,12,5,7,34,104,15,95,13,16,14,114,24,11
3254,13,11,20,8,95,7,79,17,22,63,16,26,84,55,28,10,44,15,4,96,21,68,19,103,3
3255,16,114,46,89,1,24,10,14,26,92,20,2,13,84,4,6,9,18,22
3256,21,8,25,17,26,10,3,22,9,7,64,18,66,15,1
3257,84,8,7,1,103,107,114,9,4,3,17,85,5,11,26,63,10,16,34,97,25
3258,10,63,34,103,5,79,114,96,8,94,23,117,90,104,55,95,1,59,15,92,56,97,106,9,22,58,2,74,24,17
3259,46,6,20,28,19,3,14,16,8,77,89,55,11,51,2,25,117,95,97,80,114,26,113,22,13,12
3260,114,19,97,55,25,12,9,5,91,62,88,1,34,42,15,24,98,13,107,104
3261,14,95,20,6,111,18,4,25,69,21,61,46,97,16,59,5
3262,34,22,23,16,84,17,19,89,24,4,79,117,63,77,114,26,46,15,21,5,7,12
3263,103,24,34,55,92,43,16,26,20,97,25,8,15,11,2,6,89,1,114,23,117,17,19,21
3264,22,14,17,24,84,2,114,90,8,3,55,27,15,63,43,29,107,82,21,1,104,4,97,23
3265,114,5,6,95,92,14,97,89,4,1,18,20,13,15
3266,9,10,63,3,26,17,34,25,97,55,8,11,19,96,21,5,28,12,79,22,66,73,107,95,54,15,1,2
3267,7,103,1,74,4,34,10,28,95,13,97,11,8,104,14,89,112,17,93,9,85,23,117,83,24,46
3268,20,13,89,15,34,22,14,5,6,18,114,26,11,2
3269,9,6,18,12,114,17,95,4,88,5,8,11,10,63,46,26,25,103,15,107,89,19,16
3270,18,34,15,13,19,22,23,2,10,25,20,1,9,5,107,14,7,4
3271,89,25,104,114,66,8,28,63,6,90,15,2,17,74,21,95,97,16,82,99,19,26,111
3272,114,89,16,20,14,26,19,43,3,7,2,63,46,6,15,17,66,1,27,37,67,97,90
3273,97,84,6,15,95,102,25,92,104,62,18,24,96,8,11,46,3,13,34,61,1,103
3274,1,8,7,19,3,4,11,9,5,10,63,2,25,20,74,61,32,18,55,103,12
3275,26,92,84,90,5,46,19,13,89,97,4,119,24,3,117,11,107,25,55,9,27,73
3276,24,21,8,34,19,25,2,20,114,16,22,15,3,18,26
3277,8,21,24,46,20,104,84,5,25,103,92,17,7,18,12,61,2,107
3278,19,23,6,34,84,46,97,1,93,94,3,116,40,5,2
3279,2,9,3,55,92,1,34,21,15,11,28,22,24,4,59,17
3280,25,97,9,26,8,114,22,7,1,6,66,3,11,4,63,89,12,76,19
3281,89,7,55,97,5,18,14,92,46,11,107,13,24,28,73,62,26,21,12,34,77,59,100,9,104,17,6
3282,16,26,14,34,97,46,18,7,1,22,2,12,17,23,10,19,21,11,6
3283,17,25,89,1,9,20,26,21,92,34,4,46,97,66,114,11,13
3284,22,14,26,13,7,24,19,4,89,9,67,6
3285,9,10,18,12,14,16,26,13,3,6,23,21,8,15,4
3286,22,15,12,92,104,6,21,16,25,66,1,117,19,14,34,114,24,62,3,26
3287,3,89,13,26,84,25,103,114,10,11,95,16,19,49,5,97,15,101,41,18,9
3288,2,23,16,20,18,9,8,13,1,14,4,92,22,17,66,46,33,104,89,34,25,97
3289,7,11,46,17,2,19,34,6,31,114,84,23,16,104,5,9
3290,21,5,22,25,6,17,2,12,46,10,8,34,3,9
3291,22,15,13,17,92,21,20,32,5,24,3,8,58,97,6
3292,20,16,3,5,28,21,11,25,1,15,7,4,12,92,22,2,99,23,91,98,13,14,97,82
3293,89,18,34,9,7,13,20,1,5,14,55,92,28,16,21,4,61,114,82
3294,3,6,9,2,25,13,11,24,107,8,34,89,97,56,23,21,63,1,5,26
3295,9,1,3,20,97,95,63,15,13,7,8,87,14,22,17,21,114,34,103,25,26,19
3296,11,14,2,10,23,3,84,5,4,1,107,24,6,83,55,18
3297,7,22,8,34,46,2,17,6,9,89,26,25,4,83,16,104,24
3298,3,103,22,46,11,1,92,95,26,15,8,5,17,4
3299,114,10,46,55,97,1,18,19,15,63,66,9,21,13,7,8,3,14,11,12,34,92,28,2,5,43
3300,21,18,117,25,26,11,107,22,14,78,90,9,101,20,97,55,34,102,8,62,19
3301,5,58,34,9,20,2,92,63,13,95,11,22,25,17,16,50,64,110,14,104
3302,1,26,20,10,18,97,3,22,14,7,46,16,90,34,25,117,24,114,5,6
3303,14,18,97,11,114,1,92,54,25,95,4,15,28,16,84,71,34,26,3,108,13,53,89,66,9,22,103
3304,114,19,8,2,26,21,13,46,75,1,22,92,12,95,97,24,14,3
3305,20,7,95,14,10,114,6,63,97,9,1,22,21,78,103,46,24
3306,6,92,7,14,15,5,1,13,111,103,19,102,96,55,43,82,64,24,89,12,117,9,114,119,45,93,10,110,20,11
3307,13,117,21,84,20,6,5,18,17,57,15,10,14,25,26,2
3308,12,22,66,5,63,18,16,25,7,9,24,92,2,114,64,10,89,99,26
3309,34,17,15,8,24,46,12,11,95,2,104,25,27,23,14,84,22,119,7
3310,1,17,15,92,6,7,19,24,16,95,9,22,11,28,13,89,5,2,3
3311,1,22,97,23,5,2,12,25,14,15,107,87,9,117,84,7
3312,95,19,20,16,92,55,17,21,25,9,18,63,111,4,51,13,47,97,117,3,24,22,101,62,46
3313,12,104,63,13,26,15,46,92,3,90,6,22,2,23,74,19,21,18,17,103,54,55,1,20,8,84
3314,114,20,97,34,92,95,85,24,32,21,10,25,5,19,15,104,89
3315,7,15,46,92,22,97,11,50,20,1,51,17,28,55,19,58
3316,4,5,103,9,1,20,7,21,17,92,84,11,119,18,8,25,14,22,10,34
3317,18,21,26,46,22,13,17,114,1,12,66,10,24,63,104,3,34,96,9,112
3318,18,84,3,1,19,22,7,6,67,23,114,104,14,25,65,68,46,54,16,13
3319,26,34,2,1,19,4,18,10,43,114,95,22,89,23,84,25,46,6,105,56,9
3320,8,89,13,46,103,26,114,7,14,92,15,10,66,20,55,93,95,21,47,106,74,3,33,63,71,34
3321,46,23,2,34,22,6,5,107,95,103,119,1,89,79,97,4,21,96,90,19,3,13,112,63,11,15,84
3322,103,89,84,12,6,1,11,25,5,14,8,95,65,19,55,3,43,92,58,16,21,106,54,34,81,18,13,2
3323,2,16,34,8,5,92,9,53,22,33,10,111,6,7,21
3324,25,8,10,84,26,1,20,3,111,24,97,94,15,22,67,90
3325,18,8,12,7,114,11,20,92,9,34,63,16
3326,13,92,24,17,107,19,46,104,8,1,25,79,82,22,6,114,100,89,15,63,16
3327,13,89,117,14,46,26,23,21,11,10,24,6,63,18,104,7,56,58,16,28,112
3328,12,46,19,22,2,14,13,26,8,54,92,6,20,23
3329,114,97,18,25,12,3,8,92,13,58,15,89,2,86,7,24,21,44
3330,11,97,24,9,19,2,1,25,95,46,67,8,3,6
3331,6,8,11,12,1,17,13,21,10,22,18,20,43
3332,1,9,20,13,69,18,114,46,22,26,43,2,19,23,95,7,84,33,12,21,24,90,47,75,83,65,102,86,107
3333,34,15,18,3,111,25,97,12,46,13,7,5,24,106,112,89,4,17,9,23,65,60,19,85,21,114,104,22
3334,15,6,92,22,34,25,3,2,89,10,14,21,9,20,4,46,106,19,7
3335,20,15,46,11,3,6,25,17,97,21,24,73,7,5,13,55,16,26,8
3336,89,46,3,11,26,38,9,8,13,25,15,79,58,105,33,59,24,64
3337,92,24,7,23,97,89,8,17,12,22,10,6,95,109,26,114,84,19,63,20,46,85,9,113,21,43,66,111,2
3338,84,16,15,18,63,54,104,95,19,20,34,17,14,5,26,6,52,10,90,3
3339,8,34,12,46,25,5,107,17,26,14,20,101,13,84,18,92,104,28,89,16,6
3340,10,16,9,46,84,2,22,89,1,97,21,25,24,66,13,12,4,43,7
3341,89,14,84,3,56,97,18,11,5,16,20,17,7,88,2,15,63,6,12
3342,8,22,46,89,17,34,26,97,16,21,12,13,19,3,57
3343,15,114,26,9,4,2,13,17,103,95,3,7,83,10,19,62,24,8,113,69,12,11,14,89,100
3344,7,9,26,89,13,20,95,8,63,97,5,114,2,17,43,15,24,11,1,28,16,23
3345,18,2,15,34,14,24,22,7,21,3,16,13,10,61,90,11,26,109,4,111
3346,8,25,6,11,95,89,20,13,46,16,98,58,99
3347,21,25,46,66,63,23,45,9,10,2,6,114,19,5,4,88,55,90,18,101,119,16,62
3348,12,6,21,25,24,13,15,14,20,84,63,83,89,18,34,5,67,78,9
3349,114,17,30,26,9,4,23,21,46,6,24,104,63,97,115,7,19,83,88
3350,5,20,92,63,95,46,26,43,16,90,104,15,85,89,11,102,7,103,23,37,12
3351,2,55,3,84,17,23,107,20,24,93,5,100,12,34,15,22,7,26,13
3352,10,7,63,34,104,28,25,13,90,20,89,46,2,6,96,18,23,24
3353,18,114,9,103,8,43,112,22,11,96,1,46,16,17
3354,92,93,46,117,15,19,55,96,23,7,11,18,10,1,13,63,4,62,105,9,2,42,34
3355,1,97,7,25,10,43,28,117,12,92,24,33,6,22,23,88,34,54,4,11,19,114,104,46,21
3356,92,19,67,89,20,107,88,34,13,49,10,95,84,103,28,3,18,25,5,52,1
3357,1,114,10,7,2,16,25,84,14,26,8,21,97,34,22,9,92,69,95,56,3,55,68,18,19
3358,4,25,92,20,10,15,23,12,3,24,114,13,63,21,100,115,84,2,54,28,97,117,5,107,22,62,104,43,6
3359,2,14,21,24,13,84,6,11,26,25,95,22,5,23,70,17,97,77,89
3360,1,34,28,16,14,62,23,11,18,97,15,92,13,33,2,21,17,19,24,84,22
3361,89,10,16,97,18,63,55,25,84,6,117,13,92,103,15,104,19,95
3362,10,24,20,97,13,88,28,25,104,73,8,103,34,66,2,105,19
3363,89,7,16,20,18,92,1,55,63,23,43,13,75,34,97,3,90,25,91,17,28,26,19,41,73,103
3364,3,21,1,24,2,11,23,114,25,107,79,22,19,6,10,20,101,9
3365,97,6,2,84,17,3,19,18,4,12,103,62,109,16,15,23,26,63,24
3366,2,20,63,14,3,21,26,13,43,18,89,41,11,8,12,28,23
3367,13,26,102,5,11,84,34,95,117,1,43,15,99,79,114,112,106,96,62,28,94
3368,24,95,114,46,18,25,6,16,23,15,12,13,104,2,63,7,5,92,9,74,89,17
3369,66,46,10,1,4,20,11,89,55,6,16,18,3,21,19,24
3370,6,34,89,1,21,114,2,25,43,7,26,18,12,16,13,28,17,5,11,10
3371,15,3,46,14,18,5,89,104,10,22,24,12,17,2,44,19,21,53
3372,9,114,18,1,53,97,6,15,3,23,16,92,20,5,24
3373,23,34,26,2,14,104,1,15,21,3,7,6,13,47
3374,15,16,9,46,1,6,114,34,5,63,23,2,35,26,22,110,38,7,4,10,8
3375,15,6,22,12,13,84,34,17,26,49,8,25,4,18,109
3376,12,26,4,25,7,16,65,9,34,40,46,5,18,3,114
3377,25,18,3,66,84,11,89,95,21,46,22,114,13,9,4,1,16,58,55,35,92,14
3378,34,6,20,13,11,1,12,25,5,15,8,41,4,87,102,24
3379,46,26,24,13,4,9,117,92,17,89,22,5,23,2,95,12,11,34,25,16
3380,3,5,46,89,21,7,16,79,2,8,13,6,66,114,22,97
3381,12,66,117,97,6,55,13,11,5,46,20,24,18,110,3,102
3382,95,34,17,20,1,22,18,4,10,63,65,7,12,11,25,5
3383,97,95,7,28,5,11,23,79,17,2,103,25,1,63,24,15,55,54,13,26,18,16,19,8,21
3384,34,10,63,13,18,43,20,7,16,24,28,2,12,25,17,62,11,19
3385,15,26,13,12,16,34,95,23,24,19,33,102,22,104,3,119,103,7,38,10,4
3386,7,14,10,89,95,11,18,19,46,2,13,8,114,3,25,38,103,20,113,55,26,22,4,12
3387,5,17,11,97,20,114,15,74,12,4,66,23,16,36,92,39,22,89
3388,22,97,20,8,18,2,12,84,10,114,13,24,14,95,89,35,6,21,26,63,16,92
3389,21,5,84,14,17,9,7,11,25,8,18,13,6,22,34,62,92,26,28
3390,8,25,5,23,6,46,21,13,34,18,89,17,19,80,2,10,4,92
3391,6,1,7,114,10,34,21,84,17,95,4,46,85,89,88,117,11,36,18,8,15,12
3392,18,19,84,22,3,89,114,92,34,6,17,103,5,15,55,10,9,104,12,97,119
3393,15,17,25,9,63,114,95,7,20,1,92,103,104,6,19,16,28,76
3394,1,10,13,8,114,22,97,16,46,24,103,58,3,15,31,6
3395,63,21,92,17,14,11,66,89,104,8,46,77,4,90,23,20,7,25,24,34,2
3396,9,15,8,11,34,14,2,89,26,114,10,69,92,71,16,1,55,103,24,95,19
3397,22,8,103,7,5,14,46,26,88,21,117,16,9,102,6,66,38,34,18,114
3398,19,21,1,20,15,43,16,6,95,3,79,24,117,25,13,18,63,9,97
3399,11,103,5,104,1,7,20,21,16,4,18,12,2,43,34,117,10,25
3400,89,24,21,11,107,34,14,43,84,15,55,114,20,6,4,18,8,3,117,67,73,22,17,92,1,26,95,91
3401,25,10,11,12,23,3,21,20,105,5,18,19,95,64,16,31,9,43,22
3402,11,18,20,10,16,23,7,4,114,95,34,103,17,2,1,104,89,22,5,63,15
3403,14,19,12,16,8,111,25,104,10,2,1,20,63,15,84,62,46,95,17,6,115,5,97,47,86,79,103
3404,8,15,10,7,3,14,4,16,63,12,6,25,66,5,81,95,45,1,20
3405,11,5,92,95,97,3,88,18,26,8,21,63,20,24,107,17,22
3406,24,5,21,15,63,17,8,20,12,114,26,25,82,6,2,90,14,9,16,7,19,18
3407,25,103,11,15,10,22,7,1,43,5,3,114,6,34,26,102,62,23,9,18
3408,15,63,34,14,28,6,5,12,8,22,25,20,92,97,23,46,114,19,9,3,27,10,13
3409,3,9,8,10,114,14,95,16,97,6,19,43,4,13,29,25
3410,26,12,114,8,6,63,21,34,92,14,15,7,18,24
3411,12,1,18,19,21,3,34,5,6,114,63,11,54,8,43,79,2,9,10
3412,9,11,17,13,21,1,34,10,67,2,89,25,104,84,76,55,22
3413,19,22,24,2,92,4,14,21,11,25,20,9,8
3414,8,114,89,25,16,14,21,10,12,58,34,92,7,91,103,5,46,2
3415,6,21,13,46,8,3,97,92,11,7,20,55,84,10,103,79,107,112,2,4,96,111,30,22,14,23,54
3416,10,1,19,46,17,22,20,16,95,13,2,5,8,63,67,3,6,26,4
3417,5,11,25,6,89,95,19,18,1,20,46,84,33,13,10,71,114,2,117,103,9,4
3418,18,8,11,14,23,89,13,84,2,6,19,4,9,7,3,25,17,28,95
3419,5,13,4,103,23,3,18,24,17,21,2,97,8,12,34
3420,17,25,3,21,63,95,46,8,102,97,6,92,91,23,7,90,2,20,29,12,22,107,26,15,43
3421,7,6,34,89,95,2,79,3,14,20,88,15,43,69,5,97,63,24
3422,16,21,26,19,17,95,66,62,117,1,24,89,104,7,3,92,54,22,107,20,6,63,46
3423,26,22,21,24,16,89,20,8,43,33,60,97,10,103,18,9,11
3424,26,21,2,1,97,18,3,16,4,28,114,23,46,77,84,14,63,9,19
3425,1,19,103,16,104,63,2,24,114,14,23,26,46,15,7,115,21
3426,107,13,7,81,46,106,104,111,74,11,101,86,118,84,115,19,96,1,102,8,73,89,10,87,47,88,119,114,16,112,6,24,29,12,103,108
3427,13,26,6,7,97,8,14,89,3,25,63,28,16,10,17
3428,7,26,10,6,92,22,97,19,5,95,25,89,34,17,33,18
3429,18,11,9,4,1,16,13,63,84,78,95,6,8,55,17,10,102,26,112,2,107
3430,10,14,19,16,95,63,11,8,84,103,73,2,34,15,20,4,97,17,9,54,12,22,92,46,105
3431,12,34,46,114,13,19,43,28,11,8,1,104,21,62,7,74,95,2,20,18,14,6,55,10,4,103
3432,22,95,63,16,89,18,15,5,26,43,23,54,46,7
3433,6,92,19,7,13,63,84,43,26,50,97,34,25,4,52,21,12,17,5,109,10,14,15
3434,13,27,92,103,63,19,97,117,9,46,55,15,110,7,10,20,18,89,79,6,24
3435,3,10,22,15,24,2,25,46,97,14,11,21,117,89,111,9,20,114,66
3436,82,46,84,92,34,14,26,100,63,104,8,17,4,65,7,15,52,11
3437,15,21,6,114,25,8,1,34,16,17,2,20,118,46
3438,14,5,17,22,7,34,95,20,24,1,72,84,61,92,6,10,25,16,23,18,89
3439,20,3,63,11,103,62,17,95,5,24,21,104,89,13,12,46,9,23,40,10,114,110,55,34,4
3440,3,84,19,24,23,15,6,11,9,10,4,17,14,7,2,1
3441,20,92,2,89,107,104,19,4,16,97,46,30,11,1,95,91,10,69,25
3442,8,114,2,24,1,18,16,7,4,9,46,19,97,109,22
3443,11,12,107,63,10,43,16,55,17,103,49,19,114,28,91,21,95,74,93,104,13,102,26,20,5
3444,14,1,7,103,89,16,63,95,26,8,114,92,20,15,18,5,10,67,9
3445,20,17,11,7,13,2,12,25,34,97,56,63,85,16,46
3446,114,18,46,11,12,89,14,22,19,10,15,1,25,92,9
3447,11,79,10,117,25,24,3,55,7,18,88,5,115,34,20,96,15,63,112,104,46,84,26,8,4,23,114
3448,12,20,21,92,26,10,1,8,44,29,13,46,3,15,103,5
3449,114,1,19,20,34,95,6,11,16,8,22
3450,9,20,10,8,2,21,11,63,24,23,12,25,17,4,14,46,38
3451,2,103,18,95,20,22,4,104,25,12,100,9,89,6,63,17,15,1,43,5,91,23,62
3452,8,11,84,63,24,10,4,89,16,54,18,23,6,90,114,117,21,20,34,22,25,104,5,3
3453,20,11,24,25,114,22,63,5,84,7,6,40,92
3454,66,28,21,26,25,114,6,7,46,89,97,95,11,23,22
3455,22,16,97,26,95,19,18,24,5,23,7,3,90,78,15,6,14,13,77,92,117
3456,20,26,21,14,19,66,84,11,46,9,104,12,22,114,6,97,24,48,7,17,8,89
3457,3,21,8,5,11,9,92,15,22,2,97,89,46,73,25,34,13
3458,10,104,7,92,3,21,9,46,84,12,20,11,17,14,2,51,55,112,15,33,89,18,34
3459,15,18,84,26,89,20,10,17,113,4,112,14,7,88,24,13,114,25,8,46,104
3460,2,3,97,10,18,43,16,78,14,17,77,86,4,89,19,104,15,21
3461,7,2,22,5,26,25,12,3,17,15,11,56,38,111
3462,46,10,9,22,8,4,24,18,3,55,104,23,7,12,45,92,14,89,86,73,37,21,20,15
3463,104,13,4,24,55,2,15,23,20,89,34,10,5,97,41,18,17,26,22
3464,5,19,7,92,21,15,6,103,117,16,22,89,101,111,25,24,107,8,87,76
3465,22,26,8,95,34,10,15,24,16,9,43,55,21,85,20,99,14,104,46,117,79,11,84,107,5,23
3466,89,46,97,25,7,12,95,10,17,34,15,23,91,70,63
3467,89,17,24,9,5,25,84,3,26,1,22,97,14,12,10,20,46,19,16,27,15,21
3468,10,14,21,26,16,22,15,3,34,92,9,25,20,32,119,27
3469,1,26,10,46,4,25,61,11,6,24,12,22,60,90,20
3470,19,14,23,21,9,114,13,8,34,3,68,16,7,24,55,17,6,89,51,15,12
3471,10,1,8,12,22,14,15,13,114,5,31,101,2,25,7,87,9
3472,11,21,7,2,46,20,97,114,4,34,61,63,15,18,101,16,13,92,10
3473,10,15,24,25,34,8,84,63,13,20,3,9,16,58,12,114,90,7,95,77,5,11,28,92
3474,22,21,12,84,16,25,20,5,26,13,68,10,6,8,9
3475,12,10,7,20,46,25,17,9,114,95,26,97,47,19,64,6,63
3476,20,7,26,19,10,32,12,63,97,46,92,4,24
3477,34,2,23,97,95,25,46,22,4,24,17,13,65,10,63,43,101,54,7,11,20,114
3478,11,97,10,63,6,34,46,89,95,25,101,18,92,2,51,26
3479,12,26,103,15,8,34,43,88,1,55,114,16,2,101,7,6,24,19,54,97,95,11,21,105
3480,21,8,9,34,114,20,30,16,13,23,24,3,15,28,74,14,25
3481,15,21,9,3,92,25,2,26,19,20,24,13,1,43,16,101,63,22,74,34,46
3482,46,1,23,89,7,4,18,24,26,95,15,14,10,104,9,63,114,97,109,92
3483,114,10,7,3,46,89,2,9,54,17,23,16,15,5,43,19,63,102
3484,89,114,97,4,23,21,8,3,7,18,13,20,24,93,22,104,66,2,16,6
3485,7,97,4,9,11,23,24,19,92,63,1,89,12,6,103,13,22,73,3
3486,10,12,17,46,84,20,95,117,22,114,16,24,4,25,1,85,34,107,104,62
3487,7,95,20,5,26,40,89,19,14,2,107,17,63
3488,19,26,25,18,2,6,46,111,1,24,84,13,10,22,17,5
3489,97,63,95,1,14,10,22,3,26,17,34,84,4,21,15,92,74,16,43,18,60,111,40,52,102
3490,8,22,92,114,7,13,43,15,62,24,63,74,89,73,2,12,107,11,20,26,19,10,34,95
3491,16,13,8,114,10,26,104,97,17,62,89,1,63,106,43,115,66,6,4,24,77,117,27,33,11,54,19
3492,7,16,24,97,26,114,9,72,13,89,2,17,3,63,6,117,4
3493,1,4,114,97,63,111,95,99,10,7,88,46,106,85,6,15,5,47,29,119,117,16,8,23,102
3494,89,13,11,17,34,20,2,23,3,22,97,6,8,84,5,92,21,95,9,79,15,7
3495,11,7,10,14,8,34,2,16,21,63,95,12,89,4,13
3496,114,3,9,97,24,92,7,95,18,8,12,46,23,86,104,77,2,34,89,19,103,4
3497,14,8,92,95,84,11,34,17,103,7,89,26,13,19,46,117,6,18,20,16,88,96,97
3498,18,11,3,2,46,84,15,1,87,7,17,114,55,90,111,6,96,85,4,19,86,113,89,103,97,9,63,104,5,99
3499,22,92,63,24,15,97,1,11,7,35,16,3,88,14,43,61,46,91,20,17,104,13
3500,25,3,19,12,14,9,22,18,117,84,23,97,92,83,26,46,107,44,86,15
3501,7,1,114,14,46,66,18,13,16,84,34,10,88,95,26,8,25,60,92,4,24
3502,89,92,11,14,17,63,13,16,95,54,12,56,1,34,7,4,19,93,15,8,59,6,24,88,55,43
3503,17,20,6,12,7,114,5,18,21,16,8,92,1,10,88,40,9,26,32,13
3504,15,89,3,23,5,46,63,95,97,105,9,22,7,25,21,92,18,14,17,6
3505,10,16,92,8,20,5,18,24,25,11,114,70,19,6,66,95
3506,92,84,111,86,97,6,13,100,90,8,14,55,82,108,114,63,16,74,32,22,15,94,61,21,46,98,62,95,88,112,48,11,18,23,20,119,93,3
3507,11,18,26,19,12,17,3,89,13,16,22,1
3508,46,13,7,2,24,114,18,11,19,3,5,26,84,14,4,91,22,1,97,111,15,38,89,8,90,12,37
3509,12,18,5,46,21,63,26,7,95,15,43,55,42,6,34,20,91,11,60,3,104,17,97,33,2,88,24
3510,6,85,34,22,17,95,7,28,97,3,16,12,84,114,63,112,70,118,11,23
3511,89,22,18,2,111,114,66,15,10,6,23,95,3,88,16,4,7
3512,10,13,95,3,5,26,89,18,114,9,4,117,2,20,63,88,104,25
3513,15,25,9,87,12,55,70,97,107,20,22,7,26,11,99,96,18,63,17,43,24,19,21
3514,17,8,79,89,84,34,3,5,21,95,102,10,19,18,103,14,13
3515,20,24,92,13,82,11,103,2,43,100,79,6,25,3,22,12,67,96,38,47,34
3516,11,10,6,15,97,19,9,20,17,13,25,63,3,62,24,12,114,18,68,7,2
3517,11,18,6,97,4,24,34,111,104,1,20,7,16,26,114,63,19,25,38,17,90,13,49,5,88,107
3518,89,92,25,24,14,63,23,22,3,16,94,9,43,103,62,97,8,114,15,5,55,84,4,34
3519,15,92,9,13,23,14,114,8,103,2,36,17,16,119,46,88,18,37,30,71,19
3520,6,12,23,18,92,21,26,88,17,54,20,50,52,19,46
3521,20,114,97,107,15,43,84,55,21,95,24,23,14,46,8,3,28,16,63,2,5,19,9
3522,15,10,55,97,13,19,95,114,21,1,28,43,8,91,20,62,9,89,25,5,26
3523,2,21,26,46,22,15,10,13,23,20,9,4,18,43,8,11,5,89,24,84
3524,15,89,34,2,20,103,66,24,18,11,23,5,3
3525,17,20,10,12,95,46,97,34,6,14,89,21,114,3,19,2,15,13,25,18,16
3526,63,26,5,84,107,6,46,12,17,2,10,28,3,73,61,22,29,16,21,15,24,25,11,9,34,4,97,1
3527,20,7,12,18,22,92,25,16,34,99,107,21,13,2,24,3,8
3528,22,15,9,26,5,23,8,16,12,21,24,34,4,1,106,3,25,114,89
3529,7,18,25,15,14,46,6,1,97,17,22,84,78,5,11,59
3530,10,14,34,20,2,24,4,55,111,23,8,21,12,54,104,35,65,7,95,1,3,97,89,25
3531,2,12,9,114,22,24,18,70,16,1,5,93,17,14,23
3532,19,6,13,20,84,114,2,1,11,89,63,43,58,37,8,46,14
3533,8,95,18,19,6,1,11,22,21,15,17,42,13,41,2,10,3
3534,8,114,97,5,2,63,95,16,28,92,1,34,13,75,11,31,7
3535,2,26,95,1,89,34,12,23,6,15,97,3,79,8,17,18,4,19,25,60
3536,18,11,5,7,16,23,9,20,21,8,15,92,22,24,25,55,14,89,3
3537,14,107,9,8,16,55,6,90,3,24,26,101,92,95,67,34,1,23,13,20,110,10,38
3538,11,59,26,19,9,46,10,116,63,96,36,55,16,18,45,85,112,79,7
3539,89,8,15,24,13,117,20,5,6,62,103,3,18,16,64,95,1
3540,46,10,20,34,6,28,63,114,4,12,103,55,11,5,9,3,19,32,17,24,26
3541,20,5,6,95,2,9,10,4,18,49,97,15,65,8,17,23,16
3542,2,15,21,17,11,18,8,10,34,3,97,6,4,114,22,24,13,25,5
3543,9,17,3,22,15,8,10,6,18,7,26,95,11,12,101,2
3544,15,19,24,103,114,8,23,55,28,12,9,21,1,34,14,46,112,25
3545,34,92,26,10,63,21,88,114,38,14,20,3,89,97,9,101,4,8,61,18,17
3546,12,92,84,95,63,4,73,3,104,13,14,114,112,7,46,9,64,5,24,26,89,10
3547,12,3,17,16,13,25,14,89,19,95,79,22,10,1,11,97,46,54,92,114
3548,89,19,13,4,20,95,1,107,34,10,22,98,15,92,104,43,63,9
3549,15,21,19,7,17,46,8,16,13,114,4,20,43,26,103,96
3550,8,7,19,16,5,3,24,2,25,97,10,12,86,18,26
3551,20,22,97,25,8,2,95,17,4,18,34,16,26,14,58,62
3552,1,114,34,92,95,8,25,18,89,79,84,26,9,43,96,44,22,5,24,13,16
3553,24,3,97,23,26,20,21,19,22,10,46,15,5,79,13,92,1,4,14
3554,84,117,95,43,22,8,15,4,97,23,11,24,7,46,1,10,14,89,92,12,54,3,55,34,63
3555,8,97,19,38,11,22,55,3,26,23,28,6,66,7,84,1,12,54,27,63,5,16,15,24,107,101
3556,6,14,24,2,63,34,28,16,66,46,95,26,5,9,114
3557,11,19,24,93,21,16,10,91,92,82,5,74,76,34,2,46,62,17,22,4,89,6,59,103,77,3,15
3558,1,16,12,5,95,26,84,21,10,24,4,114,15,89,2,6,90,66,20,9,19
3559,114,24,7,12,97,63,13,17,95,16,9,104,21,101,92,8,46,22,2,117
3560,97,8,34,107,7,21,92,22,9,12,13,16,25,55,19,84,23,114,88,11,4,116,95,17,89
3561,20,114,9,19,1,22,14,10,34,89,24,18,25,8,95,4,2,46,104,7,55
3562,3,18,6,5,17,20,63,105,22,21,26,85,114,97,43,15,112,1
3563,16,15,19,95,5,97,1,92,66,102,34,21,8,96,2,6,114
3564,2,97,92,5,104,18,43,117,3,84,54,12,19,67,24,114,6,20,26,13,15,63,9,8
3565,24,86,26,104,14,8,3,5,6,13,66,114,17,84,89,43,97,2,23
3566,14,19,13,63,111,10,6,12,24,20,3,92,97,18,22,9,15,5,114
3567,3,103,92,1,10,26,114,19,12,11,95,23,34,7,18,8,6,28,22,21,16
3568,2,18,11,24,25,6,114,22,9,78,16,17,10
3569,1,5,9,23,107,34,43,18,92,8,6,26,46,11,24,14,3,21,95
3570,13,22,15,21,25,97,2,6,95,5,8,23,96,1
3571,22,9,11,19,24,17,114,15,89,6,1,16,46,21,34,18,3,95,10,66
3572,63,16,114,3,89,97,19,23,26,24,4,13,95,17,46,57,109,14,119,18,111
3573,5,8,11,95,10,13,19,20,24,89,92,96,113,1,30,43,33,16,2
3574,114,20,21,95,3,6,11,12,24,16,92,8,43,1,64,73,97,102,104,9
3575,7,8,16,9,18,95,13,10,3,6,1,15,71,55,19,99,20,12,34
3576,16,8,3,15,97,20,10,25,102,33,63,88,24,54,1,46,34,55,79,21,17,62,92,100,107,119,103
3577,10,21,23,24,46,7,20,18,95,22,94,89,6,114,12,110,17,15,35,3,1,26,25
3578,7,17,25,114,2,28,1,96,26,18,84,21,5,19,14,20,102,13,6
3579,1,13,12,34,15,107,63,114,17,43,5,89,88,4,62,21,117,97,24,91,23,8,92
3580,12,22,6,46,26,9,7,11,19,23,24,3,15,21,103,18,38,114,84,16,5,63
3581,5,114,7,9,11,55,89,19,95,62,16,15,50,6,46,43,24,60,113,2,107
3582,26,22,11,13,12,7,15,3,84,89,21,25,5,16,2
3583,6,5,7,25,22,107,19,114,92,21,12,15,13,102,96,4,99,75,1,23,98,26
3584,9,1,24,16,89,12,17,22,23,26,7,6,97,43,11,8,10,111,19,63
3585,89,34,5,16,18,1,12,22,7,114,25,3,119,62,14,104,117,2,92
3586,3,2,20,11,24,17,46,5,89,23,16,9,92,78,69,13
3587,23,20,14,19,63,103,10,18,9,55,2,77,3,89,104,8,13,7,78,21,4,15
3588,25,22,89,34,17,13,107,84,20,24,6,18,12,1,5,15,73,2
3589,19,1,24,14,25,21,89,12,16,103,116,15,22,18,23,5,102,26
3590,26,114,9,6,19,20,2,95,25,1,3,5,15,23,89,13,72,97,79,14,52,46,118
3591,21,11,34,89,18,28,4,68,84,95,16,25,13,41,50
3592,7,25,18,2,13,84,97,8,10,26,46,4,91,24,16,5,111,3,118,12
3593,12,2,89,20,10,7,1,15,5,22,81,40,14,117,17,114
3594,18,1,6,16,9,34,17,104,90,4,7,3,19,74,23,8,24,117,12,2,53
3595,114,15,13,84,11,7,26,6,25,10,89,95,100,43,24,104,3,55,62
3596,114,66,21,18,1,9,84,22,26,25,55,42,13,12,85,97,89
3597,10,14,2,103,18,1,24,97,13,28,54,92,4,25,89,12
3598,5,2,8,20,23,7,95,17,104,15,22,28,79,110,1,92
3599,11,107,2,7,21,17,89,25,106,24,79,6,5,3,13,1,18,102
3600,34,19,22,46,9,97,92,11,5,23,20,24,103,95,96,43
3601,34,46,5,13,7,9,89,20,6,28,97
3602,20,6,13,16,21,14,15,95,62,35,97,101,34,17,36
3603,17,8,92,12,7,9,84,19,16,2,58,1,88,14,43,33,3
3604,7,8,114,11,63,58,10,92,15,13,14,104,26,21,46,54
3605,2,19,18,46,22,6,3,8,34,84,20,16,5,40,9
3606,10,1,6,25,17,18,24,114,2,15,39,96,35,97,89,4,86,95,46
3607,92,8,113,4,5,24,88,15,97,21,19,6,95,112,2,103,25,49,23,22,46,61,117,13,115
3608,13,11,18,15,8,22,26,17,12,6,75,7,82,24,104,97
3609,46,5,8,26,19,24,12,97,11,13,20,21,1,55,2,66,69,15,95
3610,25,89,17,1,33,18,26,9,95,3,8,23,56,54,19,62,101,10,5,6
3611,24,21,95,7,1,6,13,25,10,14,18,97,92,9,89,102,79,75,19,2
3612,97,95,17,114,34,12,3,19,5,24,7,23,20,16,25,14,54,89,103,10,92,67
3613,1,46,3,92,34,24,18,4,6,9,89,114,84,79,19,62
3614,2,14,97,62,23,95,79,104,103,3,6,26,28,34,9,92,18,20,7,13,81,41,78,84,22,77,118
3615,10,22,114,21,24,84,34,66,6,16,25,92,102,13,15,26,23,3,68,79
3616,15,7,25,6,114,95,24,3,20,9,97,56,21,8,1,19
3617,114,21,26,8,89,97,3,25,10,91,2,24,63,95,16,4
3618,2,15,5,46,21,16,10,12,1,53,9,22,29,6,84,24,14,17,18,34,8
3619,21,5,13,7,17,95,102,117,43,119,23,76,14,73,34,28,103,92,63,118,15,8,109,55,89,58,40,10,79,104,62,74,91,22,47,18,75,19,3,107,97
3620,22,114,89,3,5,63,24,103,13,7,46,10,25,14,71,9,29,21,8,12
3621,55,1,12,104,4,26,10,117,41,85,107,63,92,14,64,19,93,62,54,6,97,91,101,110,89
3622,34,16,7,97,2,19,14,95,66,107,1,10,11,9,12,6,104
3623,19,34,23,58,17,46,38,10,28,7,1,87,3,43,89,63
3624,15,89,4,20,13,26,84,1,95,24,42,92,17,46,88,18,21,111
3625,22,6,5,84,95,15,18,19,97,12,25,114,85,20,7
3626,89,6,24,22,66,26,1,92,19,46,5,14,39,99,114,15
3627,2,21,18,95,55,17,92,79,20,43,23,114,89,22,34,42,19,97,5,24,11,12,16,116,104
3628,2,95,12,114,7,5,20,34,25,14,18,3,84,8,21,16,6,85,26,17,89,117
3629,21,16,6,17,92,2,22,34,89,15,13,3,97,8,4,24,19,1
3630,24,97,15,114,11,4,92,1,20,89,3,34,95,22,58
3631,9,25,10,16,17,23,114,4,15,77,53,7,12,13,18,3,89
3632,8,46,10,3,17,22,14,7,18,4,6,84,2,39,24,9,60,115,21,26,51,95
3633,13,26,21,2,24,5,19,9,114,1,4,97,16,7,22,23,103,104,20,8
3634,6,11,15,12,14,114,19,24,3,9,21,107,25,89,83,53,10,73,115,22,26,88,84,2
3635,6,95,15,17,10,23,16,20,5,13,3,11,92,21,25,77,9,41,34
3636,8,97,63,92,3,117,14,107,46,7,2,25,26,34,62,20,114,22,85,16,55,17,11,41
3637,3,92,7,66,19,18,63,15,11,89,25,114,9,54,20,2,17,28,90,1,62,24,4,95
3638,9,7,95,25,10,46,12,26,3,22,114,119,97,39,8,14,89,1
3639,65,16,8,63,2,20,5,4,84,66,114,15,103,25,10,21,92,9,17,13,23,12
3640,114,24,10,46,55,12,28,34,17,7,20,15,43,18,100,92,63,96,14,90,3,107,5,1,21
3641,26,19,21,7,12,17,63,10,16,95,45,9,22,13,24,55,23,1
3642,11,6,5,21,97,4,3,14,19,1,7,24,114,89,16,104,95,9,98
3643,114,8,14,34,11,24,21,5,17,41,54,13,18,16,25,117,10
3644,3,22,11,24,23,10,14,26,25,2,9,97,1,15,34,63,16,111
3645,21,97,8,9,4,20,6,1,34,95,92,19,62,2,12,18,89,81,114
3646,10,89,114,95,7,34,84,11,63,5,23,103,18,4,17,24
3647,13,102,43,14,5,23,10,8,15,79,104,2,9,17,3,28,97,103,61,74,26,83,33,110,34,1,16,90
3648,12,89,15,9,18,26,84,97,3,34,104,14,13,2,24,10,23,7,44,92,25,21
3649,46,17,25,26,89,63,55,41,93,85,1,8,81,66,110,98,115,113,18,94,80,82,86,95,4,109,16,64,92,107,88,23,12,43,9,22,74
3650,7,63,14,23,5,104,8,107,26,89,95,25,92,11,79,103,61,9,39,10,17
3651,13,82,24,12,15,11,55,114,25,16,84,8,96,23,17,77,89,22,7,91,21,110,19,79,93,20,103,115,99,81,116
3652,88,97,103,23,11,13,107,18,14,17,91,95,101,92,20,89,55,104,22,12
3653,9,4,12,21,19,8,27,3,6,15,97,26,11
3654,8,92,17,114,22,89,46,7,4,6,10,1,24,73,12,14,13,15,3,11,90
3655,18,89,20,8,1,14,5,104,6,9,37,4,114,3,95,54,17,21,2,10,72
3656,10,26,34,63,25,2,13,6,14,4,16,11,77,101,117,9,28,20
3657,10,43,12,19,20,9,13,34,28,17,2,97,23,79,18,63,29,1,4
3658,15,89,25,14,2,95,20,9,34,66,75,27,10,91,19,7,8
3659,21,92,25,9,12,10,24,3,5,11,26,14,22,8,20,7,42,4,85,2,19,34
3660,16,25,5,10,6,3,84,9,18,21,92,34,11,17,4,54,7,23,24
3661,26,36,89,7,84,4,17,34,95,22,46,21,85,25,19,5,114,18,99,97,13,1,11,15,8
3662,2,34,15,25,26,14,13,6,7,24,3,43,78,16,20,12,79,21,1
3663,114,8,17,92,23,13,15,3,9,46,26,89,84,16,43,19,4,85,36,117,34,106,104,10
3664,13,6,12,34,117,63,24,14,5,73,97,2,26,3,23,25,4,79,22,114
3665,8,97,1,4,12,18,104,25,3,20,24,46,26,85,54,34,95,2,89,22,16,73
3666,46,28,55,11,23,63,9,14,119,17,95,67,26,93,2,15
3667,22,21,14,97,16,34,33,3,20,107,89,58,15,19,111
3668,97,34,6,15,22,63,25,1,84,16,65,104,3,117,12,13,9
3669,84,46,104,97,8,6,14,55,89,22,10,34,54,3,2,1,16,117,78,11
3670,12,10,11,20,34,2,13,89,21,7,1,25,92,4,95,5,22,9
3671,5,23,13,19,103,74,15,22,95,46,17,99,91,55,3,86,7,16,43
3672,19,14,1,9,10,17,2,12,89,95,69,119,13
3673,82,16,92,89,22,21,15,19,34,26,2,10,81,60,46,95,17,14,84,88,110,1,58,66,5,3
3674,114,1,9,7,34,8,12,97,43,15,4,92,118,104,91,6
3675,25,80,11,24,89,7,6,46,1,19,4,20,103,12,95
3676,22,92,9,13,43,89,14,4,84,24,11,95,23,21,8,16,97,79,19
3677,13,16,18,20,11,3,4,34,28,9,26,46,12,1,119,92,104,21,43,14,19
3678,12,20,34,1,97,3,22,19,14,4,16,26,10,107,7,24
3679,34,92,62,10,97,6,9,20,3,25,84,1,24,89,112,17,114,63
3680,15,25,92,21,43,19,46,13,28,20,11,24,63,18,41,12,103,16,10,14,66,89,73,30,34,95,5
3681,1,21,10,22,34,28,9,95,15,27,2,92,114,63,5,88,103,46
3682,17,16,12,63,92,3,7,24,79,15,14,43,54,88,8,104,95,87,33
3683,16,14,63,9,3,4,89,46,5,92,114,18,21,67,13,101,23,15,106,104,54,17
3684,74,10,22,114,4,66,19,43,12,28,46,95,17,63,80,96,6,9,55,92,3,101,23,34,26,14,8
3685,14,15,21,20,2,1,18,17,13,12,11,24,46,54,34,7,5,10,9,6,97
3686,46,1,12,34,6,25,95,19,8,92,9,14,16,5,10,23,18
3687,111,5,103,7,8,107,13,17,20,3,25,12,18,89,26,15,19,22,21,2,95,24,84,117
3688,26,97,11,57,22,28,8,104,18,1,12,15,84,5,89,14,3,13,34
3689,8,13,14,18,15,16,17,7,63,3,89,90,95,104,110,20,10,11,36,94,25,73,112
3690,82,14,34,92,17,25,9,1,44,10,15,24,4,80,20,26,104,97,3,2
3691,114,89,63,18,8,25,14,110,2,104,43,5,103,4,15,81,84,19,34,11,101,97,55
3692,25,14,21,10,15,23,1,12,6,11,3,4,97,28,13,16,8,19,92,93,96,110,7,81,117
3693,12,8,2,24,22,114,1,6,97,117,55,25,89,84,77,21,19
3694,5,89,12,34,25,46,17,15,7,14,21,73,3,16,2
3695,16,13,34,6,43,22,63,3,25,54,17,92,97,23,19,84,20,26,77,89,5,95
3696,13,20,10,25,1,19,6,22,89,12,7,14,95,46,103,40,34,26,8,43,9,17
3697,66,14,103,114,43,6,92,107,26,9,7,89,10,4,46,13,19,2,11,88,55,17
3698,11,1,26,20,63,15,24,97,14,16,17,5,85,36,92,31,21,2,69
3699,14,9,10,34,15,2,5,104,103,114,16,25,19,13,12
3700,1,95,89,97,23,92,16,79,10,19,107,11,104,111,22,81,4,5,8,102,2,25,90,20,17,77,116,43
3701,84,15,24,8,89,10,2,63,19,23,105,3,34,26,109,4,21,64,58,5
3702,13,18,9,34,25,3,84,5,2,12,26,55,24,1,92,10
3703,22,3,89,66,24,25,4,97,10,26,34,23,15,1,7,17,6,5,14,13,63
3704,46,16,20,1,11,10,13,12,19,9,14,8,5,114,15,84,7,92,33,95,103
3705,6,89,14,117,17,97,1,9,25,115,12,21,38,28,46,18,95
3706,13,89,11,19,25,7,34,8,5,95,114,88,104,12,90,57,26,28,6,29
3707,7,18,16,2,26,19,25,66,14,1,63,54,95,13,21,96,23,43
3708,1,95,55,3,26,20,84,2,11,6,7,88,19,23,85,24,15
3709,9,46,26,89,95,13,3,22,19,16,6,8,14,2,48,24,7,1,97
3710,13,10,6,18,46,84,21,14,3,89,114,24,42,29,1,65,43,79
3711,12,9,17,66,5,26,21,20,1,89,15,46,25,14,8,92,4,22
3712,3,95,22,12,14,16,2,15,17,79,25,54,56,84,97,8,43,20,89,19
3713,89,8,25,84,92,4,12,16,37,13,11,97,21,1,20,3,95,101,15,104,9
3714,2,12,8,18,97,9,10,106,11,14,13,5,26,1
3715,20,18,2,25,24,21,5,15,89,98,34,88,12,19
3716,26,25,17,92,14,6,46,9,12,16,105,106,10,23,19,2,99,18,5,1
3717,24,114,12,22,7,21,11,16,9,34,26,8,25,20,97,6,23,88,19,18
3718,34,92,16,6,8,24,3,18,17,15,25,14,69,74,2,5,1,22
3719,89,107,13,1,9,18,97,3,11,21,24,6,43,104,79,26,62,114,14,10,2,117,15,23,91,17,70,84
3720,26,5,6,84,14,46,24,16,35,12,1,89,107,23,104,22,62,21,118,17,15
3721,114,25,9,26,23,103,10,20,43,1,2,34,92,13,11,97,7,21,14,8,15
3722,9,97,79,16,26,12,6,7,2,24,13,89,5,85,21,1,11,66
3723,12,97,89,19,13,63,1,22,16,18,21,2,17,6
3724,34,8,21,84,89,2,23,12,9,16,102,81,94,22,25,11,3
3725,66,6,14,5,17,87,10,114,13,58,54,15,19,84,16,7,21,92,55,2
3726,5,16,7,8,92,17,46,79,10,3,18,117,107,28,89,22,12,24,21,63,43,106,23,9,19,6
3727,19,9,13,21,7,22,20,104,3,11,97,1,35,63,5,25,4,15
3728,26,2,95,12,8,17,18,25,9,97,15,92,46,91,3,103,11,16,4,70,23
3729,82,13,4,21,6,104,117,90,108,75,98,91,96,80,17,114,113,55,23,64,101,19,63,81,15,107,70,1,89,88,95,39,78,20,109,103,102,85,25,100
3730,14,10,26,12,95,21,13,16,97,25,6,92,4,34,23,79,19
3731,89,1,11,18,92,4,19,10,5,14,46,20,16,91,2,84,3,17,96,24,114,119,29,95,7,63
3732,114,17,34,2,92,13,89,5,24,18,46,67,117,103,1,28,15,26,8,20,95
3733,10,103,26,8,22,13,6,46,17,18,2,20,1,44,89,92,52,15,104,11,3,25
3734,16,3,9,13,23,24,55,10,20,92,15,46,89,103,4,12,11,7,93,34,78,104
3735,89,2,26,6,9,103,8,25,18,12,84,21,46,43,11,16,15,47,63,55,93,4,34
3736,89,95,104,17,97,9,15,6,18,7,2,8,26,92,5
3737,84,4,10,17,20,24,21,15,34,8,1,13,43,19,25,26,14,95
3738,24,15,95,3,63,2,16,14,92,20,84,21,90,89,23,34
3739,14,5,18,22,1,7,12,72,2,24,25,114,66,28,13
3740,5,3,114,12,2,13,103,74,7,104,14,79,53,23,119,6,10,15,88,117,34,46,92,101,63
3741,8,34,114,12,84,3,6,7,28,21,24,22,46,2,55,10,20
3742,28,26,15,22,19,92,23,2,25,95,10,8,97,89,20,7,16,108,9,114,33,46,1
3743,11,111,26,13,46,14,2,20,18,25,8,89,97,6,21,7,115,19,74,10,15,3,4
3744,19,24,23,46,43,34,14,97,6,16,21,95,13,28,7,92,2,80,5,53,63,25,86,3,117,55
3745,1,26,5,17,34,92,19,114,84,62,6,22,8,86,25,15,55,95,76,99,16,23
3746,34,5,7,46,20,13,21,18,92,4,10,3,14,16,8,25,11,2
3747,7,21,89,25,95,63,88,4,23,103,22,34,14,17,12,18,2,9,40,3,8
3748,11,89,12,4,114,16,63,34,97,28,17,3,104,6,25
3749,14,103,12,10,6,95,26,111,107,9,89,97,25,42,23,1,55,114,22,38,11,72,61,113,110,90,15,93,2
3750,10,34,7,9,14,6,4,97,17,13,46,15,23,2,16,92,89,20,19,21,5,18
3751,25,95,34,17,2,46,89,10,21,7,1,5,28,78,43,9,57,6,23,4,19,16,27,97,47,20,3
3752,1,16,97,25,2,13,15,66,46,19,114,4,21,7,38,91,54
3753,18,2,13,114,3,26,23,92,14,6,20,15,1,84,22,34,63,79
3754,19,7,18,92,9,26,2,23,6,12,104,16,111,15,77,3,97,20,27
3755,25,16,2,21,9,97,20,24,3,79,12,8,1,103,6,118,92,46,14
3756,114,18,10,1,3,26,21,89,7,34,46,22,11,97
3757,114,12,95,19,79,97,107,103,5,1,46,23,9,14,26,104,16,117,22,113,90,8,21,43
3758,15,8,10,11,17,25,95,26,19,7,16,92,78,3,77,21,114,97,13,22
3759,12,63,83,22,2,21,97,11,1,17,46,24,19,20,25,18,16
3760,7,1,97,15,22,10,8,5,49,6,13,46,12,21,50
3761,46,95,25,24,15,14,104,43,22,112,12,18,1,94,10
3762,7,19,3,8,11,2,104,56,47,20,105,84,21,95
3763,97,26,17,8,89,92,19,18,66,32,51,2,23,11,24,34,42,14
3764,18,34,13,63,6,81,106,43,93,107,16,117,15,92,99,109,4,83,79,76,7,17,111,104,100,101,5,8,11,20,3,23,115
3765,17,117,24,13,19,8,5,1,18,112,3,12,114,57,14
3766,89,15,24,11,34,12,23,94,26,114,63,6,46,21,97,84,9,14,43
3767,6,3,63,24,22,19,34,70,11,17,23,15,10,52,21,9,20
3768,24,1,18,17,63,3,54,95,4,43,9,116,25,97,11,15,89,26,10,6,19,22
3769,3,5,9,4,11,46,18,84,19,43,20,103,92,104,114,95,16,22,26,6,12,67,14,13,97,102,25,34,15
3770,92,5,107,46,63,7,54,13,6,21,4,97,102,66,14,18,19,1,28,89,23,9,24,16,114
3771,15,25,114,92,16,95,18,66,12,2,1,117,5,6,4,10,55,17,34,3,14,9,28,62,44
3772,2,84,3,25,107,55,90,101,13,32,96,15,92,88,53,6,83,17,11,98,24,95,26,34
3773,114,13,21,23,95,19,46,2,9,1,15,14,104,92,39,24,16,25,12,10,62
3774,92,19,8,28,13,15,97,12,63,34,98,7,62,93,2,119,10,55,108,91,24
3775,8,24,1,103,17,3,4,19,21,97,104,25,46,23,27,100,10,12,62,5,9,114,91,116,55,14
3776,9,55,97,23,25,107,14,63,17,98,26,103,112,21,111,5,91,19,18
3777,26,22,21,63,12,84,107,17,89,6,114,24,97,35,103,13,14,19,3
3778,14,89,17,8,4,12,27,91,9,13,97,22,10,6,62,23,117,11
3779,5,7,16,1,92,97,11,10,34,12,24,17,20,43
3780,114,14,7,103,117,9,88,8,89,19,55,66,20,5,16,65,96,34,116,12,115,10,113,84
3781,92,104,6,15,55,34,13,10,19,84,110,89,3,7,25,16,21,46,31,2,23,97
3782,12,1,16,25,17,11,104,9,13,18,5,2,37,6,114
3783,3,9,55,17,22,84,104,24,20,2,117,1,46,14,107,6,43,34,13,23,92,89,115,7,10,118,19,28,41,44,25,11,15,54,96,77
3784,13,19,7,97,46,22,84,26,8,6,21,12,14,10,55,20,9,3,2,4
3785,26,21,34,11,18,25,14,12,63,28,80,84,3,119,22,46,114,2,7
3786,8,6,89,16,97,20,3,107,2,5,66,43,14,21,18,34,23,95,17,104
3787,26,20,95,10,14,3,114,11,7,18,17,97,21,12,87
3788,25,24,14,114,17,11,8,4,16,15,5,7,13,2,84,20,6,23,54,89,34,103,22,46,107
3789,3,2,11,1,25,4,8,14,18,84,46,109,115,58,6,23,15,114,92
3790,34,13,46,10,8,9,24,28,1,5,20,92,117,22,33,17,12,7
3791,2,20,9,13,23,12,22,14,25,11,107,19,16,15,75,24,3,6,33,44,89
3792,15,24,86,2,55,11,114,21,23,17,43,56,46,25,51,42,34,8,85
3793,103,46,34,22,20,92,88,43,66,10,13,17,53,38,16,28,99,117,1,24,21,95,15,23,36,83,25
3794,9,1,15,23,2,4,95,46,97,18,24,92,63,7,19,55,5,8,34,12
3795,22,25,7,18,2,12,17,9,63,107,24,92,85,4,70,14,21,87,89,33,23
3796,5,18,25,9,13,19,103,8,7,34,1,22,63,97,26,15,20,6,109
3797,10,12,46,26,4,104,17,8,32,95,21,79,14,103,89,13,63
3798,11,24,22,4,19,95,18,20,114,92,89,21,15,10,6,63,7,54,12,9
3799,1,5,12,34,97,11,95,21,18,14,19,25,89,16,2
3800,5,95,16,25,104,63,11,21,90,46,3,20,1,26,6,13,22,4,7,73,62,89,117,54,14,23
3801,13,10,46,103,111,16,20,79,92,6,115,4,2,84,14,5,8,114,7,72,95
3802,10,63,51,16,2,22,24,90,12,11,118,9,111
3803,34,103,18,14,21,12,5,1,10,89,20,79,24,43,25,16,9,66,55,46,8,22,3
3804,20,26,6,15,2,18,7,8,95,22,63,10,58,9,92,38,12,104,19,81,21,5
3805,22,114,89,18,19,4,7,66,24,11,20,63,92,97,14,6,3,84
3806,17,114,9,8,2,34,43,4,3,1,16,63,104,105,19,28,119,13,12
3807,5,21,24,25,103,23,79,10,6,89,34,102,63,26,74,96,101,13,12,100,3
3808,24,25,5,19,10,18,13,1,55,23,21,11,12,89,26,15
3809,12,97,104,6,46,1,5,95,92,79,43,18,15,28,45,21,61,11,24,23,119,64,103,63
3810,22,26,3,95,16,10,14,97,21,2,1,92,90,104,12,24,79,7,13,38
3811,6,11,23,2,30,40,7,114,18,19,8,3,26,92,107,5
3812,7,1,26,46,13,89,9,2,114,5,24,8,104,15,21,11,19,95,20,97,25,28
3813,6,65,12,5,7,25,3,89,114,9,19,22,46,14,26,63,11,4
3814,16,8,84,5,14,34,13,19,7,4,104,3,17,114,18,63
3815,11,25,24,9,19,6,14,26,21,63,22,4,1,56,2,103
3816,19,92,117,6,20,17,116,23,83,55,114,93,34,89,103,73,46,13,62,10,9,104,14,7,18
3817,24,89,1,9,46,12,25,13,19,77,114,34,43,6,35,16,4,55
3818,21,24,25,12,10,95,92,23,9,7,84,43,15,5,4,55,8,19,22
3819,14,17,97,95,5,51,8,10,89,80,66,7
3820,21,25,63,89,14,13,26,46,95,97,92,8,17,12,24,6,22,84,16
3821,92,55,23,16,26,24,18,114,11,15,5,95,21,1,14,17,63,97,12,25
3822,104,63,18,89,19,114,8,22,2,13,95,25,92,97,4,20,11,12,14,34,6
3823,15,1,16,26,5,7,84,97,25,11,88,9,19,18,104,95,6,2
3824,16,7,17,26,19,23,20,21,24,2,1,62,28,95,9,90,77,6,110,115,42,97,88,14,11,55,8
3825,22,5,16,7,20,97,43,2,8,117,4,74,3,25,24,18,45,34,89,84,67
3826,5,9,25,7,24,21,17,8,34,4,11,62,95
3827,11,16,1,20,70,5,95,15,21,34,10,23,3
3828,10,3,63,18,13,22,34,17,88,46,44,95,90,54,89,97,16,19,2,25
3829,6,7,8,12,20,16,1,10,15,2,72,4,92,25,3,104,22
3830,22,13,6,1,8,25,20,104,16,46,95,88,29,114,62,19,85
3831,26,46,95,92,104,9,2,1,10,22,89,28,11,107,114,34,83,42,5,84,14,12,25
3832,20,27,16,13,97,28,7,22,14,34,102,10,24,15,25,26,2,95
3833,24,5,10,2,9,6,114,63,7,22,3,92,13,62,86,17,97,8,43,34
3834,10,34,18,27,4,11,114,103,21,20,9,118,19
3835,25,13,9,19,18,6,5,34,24,2,16,95,22,17,3,14
3836,104,19,84,23,15,6,12,18,21,1,8,13,11,7,43,4,86,69,9,10,2
3837,5,3,2,7,25,10,6,34,9,4,21,13,23,19,74,97,52
3838,7,89,97,1,46,63,10,9,11,2,8,54,84,114,6
3839,14,2,20,95,103,1,34,55,16,17,92,46,63,10,98,23,47,97,117
3840,114,23,2,9,46,22,21,4,64,26,97,104
3841,14,5,23,9,12,1,10,114,26,18,7,39,66,95,97
3842,2,23,117,103,104,15,110,16,10,13,12,114,3,25,11,97,46,5,34,66,89,17,86,26
3843,92,18,6,16,107,106,2,1,3,95,17,4,28,13,22,46,25,89,9,84,62
3844,16,114,2,11,20,8,25,84,22,17,78,89,15,9,44,94,92,13
3845,18,16,26,2,63,54,117,34,19,1,47,15,69,24,14,22,7,103,5,17
3846,10,25,12,104,4,5,97,8,21,63,15,99,19,3,95,92,24,17,2
3847,3,34,43,7,95,15,92,97,12,46,1,10,26,24,9,39,21,42,22,66,25
3848,2,13,1,21,8,16,18,89,34,84,17,114,6,12,9,55,26,92
3849,66,16,97,5,95,12,42,81,25,89,30,92,11,23,14,84,22,20
3850,34,18,26,21,89,25,14,97,23,62,22,19,8,2,6,24,73,95,37
3851,19,2,92,8,16,7,14,46,11,15,87,17,1,39,94,97
3852,26,25,13,43,8,92,117,6,10,89,3,18,14,86,29,23,17,55,54,4,16,1
3853,95,20,55,74,85,3,104,100,117,18,15,28,114,4,97,79,27,25,88,98,23,19,8,17,103,102,84,46,63
3854,22,3,21,66,6,25,84,92,102,89,100,16,63,14,7,11,55,24,46,12,118,10,26
3855,89,114,2,14,12,95,13,22,7,113,56,92,39,15,104
3856,22,7,18,8,16,1,5,3,34,41,2,11,92,95,45
3857,6,1,2,17,34,9,5,4,15,26,13,118,103,63,21,92,95,61,78,119,46
3858,89,12,25,3,26,8,9,18,43,24,103,69,55,14,11,13,5,34,1,20,104
3859,46,12,95,22,20,25,84,23,13,14,4,54,15,11,118,5,49
3860,7,18,2,114,97,15,9,16,11,92,77,12,103,46,94,24,85,41,10,63,21,23,6,107,43
3861,89,6,20,97,95,21,11,1,4,106,10,23,26,83,25,9,2,93,19,43
3862,46,5,7,2,25,3,14,95,8,24,21,23,106,18,91,96,26,107,6,90,32,88,20
3863,63,107,97,114,14,11,106,111,89,2,110,23,16,96,25,81,118,104,3,24,113,43,94,34,54,101,78,5,62,26
3864,15,95,19,6,4,7,63,14,85,86,8,26,11,21,3,54,84,2,22,43,17,90
3865,24,21,1,18,92,20,89,23,22,19,8,55,25,4,42,16,88,3,5
3866,22,13,18,97,26,43,25,23,8,19,34,63,1,90,5,111
3867,18,66,21,8,20,14,34,114,44,5,11,28,12,3,24
3868,21,11,9,34,18,23,97,95,14,89,4,22,5,66,92,40,38,12,8,13
3869,13,89,2,14,5,97,23,7,12,26,25,52,11,24,57,107,75
3870,1,95,97,9,114,63,103,16,2,6,17,21,99,98,46,18,25,20,14
3871,12,20,18,6,114,66,10,3,26,8,25,91,21,9,17,24,22,89,95,13
3872,18,8,17,6,22,5,19,26,15,27,95,4,25,16,63
3873,46,25,4,20,13,18,95,24,7,104,26,1,114,89,8,56,16,44,3,5
3874,14,1,63,46,16,3,18,15,97,10,21,5,96,8
3875,7,20,25,46,11,13,2,12,26,21,111,88,18
3876,89,114,3,19,63,18,12,16,21,9,6,1,95,46,20,15,115,54,92,91,24
3877,114,89,92,4,10,25,104,6,19,9,14,24,17,5,65,111,11,7,97
3878,7,92,28,23,22,104,13,93,114,1,3,55,5,103,20,88,9,84,8,21,52,4,10
3879,97,66,18,84,7,28,6,114,22,9,8,60
3880,20,19,18,1,23,95,13,7,47,4,63,15,26,39,9,64,11,21,24,6
3881,84,55,9,25,24,3,110,79,7,104,10,5,46,8,20,97,50,43,91,1,30,73
3882,92,20,46,114,6,43,9,25,10,26,19,95,44
3883,28,52,25,104,26,18,55,21,12,8,89,114,17,97,19,23,24,11,10
3884,21,13,24,17,92,5,1,14,8,55,4,63,19,95,32,84,76,57,46,12
3885,15,97,114,4,26,103,6,8,14,3,34,92,19,7,9,13,18,83,110,20
3886,19,1,21,8,9,12,3,15,14,97,34,112,92,117,17
3887,5,97,26,114,25,18,15,34,3,7,2,23,95,8,89,28,20,16
3888,92,17,10,22,16,11,84,25,63,54,19,111,20,90,24,5,14,46,7,86,97,117,15
3889,1,6,11,13,16,7,97,8,26,10,12,17,95
3890,16,20,21,7,114,97,89,3,5,84,9,46,111,63,2,104,18,117,96
3891,8,10,24,14,114,18,95,16,76,108,89,99,6,43,48,88,19
3892,5,13,26,25,34,3,22,14,21,2,24,18,97,95,11,6
3893,21,82,1,2,4,16,26,63,114,8,46,13,95,55,100,117,12,45,103,17,119,7
3894,3,20,26,11,12,15,16,5,84,19,51,17,9,18,43,92,97,21,2,34,4,14,112,22,28,24
3895,6,63,10,21,2,12,95,5,114,89,16,25,17,104,7,3,64,88,23,22
3896,25,15,34,114,21,5,16,97,66,8,3,84,9,17,28,43,102,113,64,7,20
3897,46,2,11,23,21,13,20,24,7,19,95,15,14
3898,21,22,34,4,5,10,97,2,9,26,89,19,60,68,92,104
3899,20,95,66,53,85,27,46,102,3,25,14,10,1,8
3900,3,25,1,6,24,97,2,10,22,89,34,18,5,15,26,16
3901,11,15,18,92,16,3,5,22,9,89,46,103,25,34
3902,2,12,7,34,92,14,28,5,63,25,11,26,10,6,89,9,46,117,23,114
3903,46,84,114,10,7,92,15,63,12,25,104,16,23,34,21,36,26,14,64,107
3904,18,25,6,1,7,8,17,14,12,31,19,98,109,9,5,11,114,2
3905,11,89,95,63,24,46,22,7,13,20,17,34,66,114,97,1,23,70,107,16,6,25
3906,14,25,1,10,9,11,2,8,114,95,12,5,21,118,3,66,15,17,6,24,119
3907,11,97,25,14,92,117,4,19,89,20,7,87,5,34,16,70,9,107,2,111,6,1,21
3908,89,30,14,23,4,18,16,19,6,22,34,2,95,63,9,26,15,43,69,25
3909,6,92,2,20,24,63,26,14,17,117,22,55,28,104,107,11,106,97,34,89,21,7,95
3910,22,66,26,25,95,85,114,2,24,23,1,112,4,111,5,14,12,11,6,92
3911,4,7,92,63,3,34,22,114,66,27,10,110,11,20,2,97
3912,3,95,97,10,6,16,84,26,13,12,63,38,54,46,14,92,1,55,32,5,8,36,21,22
3913,5,89,111,114,15,77,103,97,81,4,21,23,117,6
3914,97,117,22,3,8,46,4,25,28,10,96,43,63,79,19,13,77,114,26,62,15,21,89,17,69,12,115,104,95
3915,8,22,101,2,12,97,24,92,13,46,1,6,34,7,58,15,81,11,62,89,95,3,103,5
3916,14,18,16,17,21,2,88,24,104,15,11,20,93,95,66,22,12
3917,16,24,104,13,55,107,102,34,66,28,7,79,82,5,68,47,12,43,3,83,100,22
3918,9,14,2,17,10,95,12,11,22,97,24,32,7,101,117,61
3919,8,7,12,1,14,97,63,84,2,11,29,79,106,25,26,17,16,10,89,43,3
3920,3,9,15,89,114,21,25,13,4,2,29,16,7,95,17,8,5,34
3921,3,34,92,97,21,114,9,20,8,16,41,30,4,89,31,103,11,13
3922,107,8,92,2,3,26,117,19,14,114,23,1,34,7,87,81,6,13,77,10
3923,25,10,114,21,11,89,6,15,19,107,9,92,17,4,22,8,3,7,12
3924,16,103,11,43,20,41,63,114,102,10,92,8,95,15,22,1,104,69,5,55,3,84,4
3925,114,21,92,104,24,110,18,46,20,15,93,5,12,119,17,99,11,1,28,4
3926,89,13,34,18,2,9,1,92,14,3,29,78,16,11,10,25,15,48,65,8,7,54
3927,23,9,6,10,14,1,2,5,46,25,50,34,17,79,26,22
3928,3,7,10,21,114,5,24,23,103,104,8,11,16,63,89,2,18,25,34,17,88,4,14,13
3929,3,10,16,34,11,4,111,23,6,73,17,89,99,108,26,110,104,77,119,13,88,94,113,106,103,19,64,54,84,22,1
3930,24,8,16,114,2,19,104,23,17,41,26,22,117,20,107,9,97,25
3931,24,114,23,26,2,20,22,95,107,55,5,3,25,35,13,62,100,18,31,97,104,43,16,14
3932,13,18,6,20,24,7,84,21,25,43,92,11,1,14
3933,3,20,10,12,6,102,1,16,2,89,24,46,15,56,8,63,104,23,4,19
3934,11,10,114,24,9,16,18,25,13,56,84,34,1,19,103,7,20,21
3935,12,63,6,84,43,5,2,18,89,14,16,26,7,19,46
3936,7,92,2,4,6,89,46,12,19,97,25,3,13,24,21,54,11,34,18,26,95
3937,16,111,17,6,25,21,97,8,89,23,10,20,103,84,22,119,13,24,26,12,104
3938,18,1,114,25,19,95,24,5,107,14,103,88,23,54,89,13,97,3,55,46,87,81,40,34,104,15
3939,22,8,66,89,5,95,63,7,6,86,24,103,19,54,1,20,65,28,88,69,4,97,15,55
3940,19,13,26,8,92,95,88,10,6,90,54,1,112,63,16,15,111,89,104,24,18,119,40,23,2
3941,1,12,9,10,25,13,7,16,3,11,89,63,21,69,20,2,40,88,22,6,67
3942,84,66,20,92,114,90,25,46,23,6,24,95,33,64,43,16,19,70,1,87,88,22,5
3943,2,7,17,3,21,19,5,23,24,92,52,4,18,56,12,114,118,6
3944,17,5,89,63,10,20,3,11,28,90,47,71,34,4,13,101,19,16,55,43
3945,97,14,25,10,5,90,23,18,114,103,26,85,46,89,60,19,9,63,8,11
3946,6,26,84,40,3,5,25,79,2,34,46,38,12,117,91,76,92,41,111,85,74
3947,92,4,24,9,95,63,12,1,89,43,6,13,5,3,8,31,21,23,15,19,84,7,114,22
3948,3,9,10,26,25,11,7,18,34,114,6,19,104,23,92,12
3949,5,19,34,17,22,18,10,2,43,25,104,20,89,71,24,66,103,14,21,114
3950,74,119,83,109,86,81,80,73,115,88,102,85,103,87,99,107,117,91,111,96,93,92,94,112,30,78,106
3951,110,98,94,86,103,30,77,74,79,118,119,108,91,81,83,78,105,62,87,101,102
3952,86,99,109,90,113,118,29,111,94,79,110,82,115,92,87,13,107,76,96,112,2,80
3953,101,90,105,74,112,91,73,57,75,106,47,76,94,56,93,109,82,70,103,54
3954,118,111,99,75,101,81,79,70,30,119,109,115,56,110,84,94,98,60,113,106,107
3955,86,79,76,57,117,107,118,73,98,115,99,81,75,85,109,63,80,91,111,67,7,110,94,74,88,104,96,9,105,77,90
3956,96,91,77,95,78,111,73,104,92,117,102,74,90,107,81,54,113,93,44,83,70,108,106,109,30,103,82,94
3957,79,92,119,86,80,101,57,98,85,105,75,111,99,114,90,109,117,74,76,93,88
3958,94,101,96,110,77,106,83,108,116,91,76,98,118,81,70,88,54,102,95,78,86,105,75,92,117
3959,57,111,81,99,115,73,77,107,96,116,118,119,95,82,74,98,1,39,85,4,83,106,6,87,7,90
3960,73,101,111,57,83,85,100,106,29,76,109,102,70,110,105,95,30,112,98,93,107,82,94,88,116,81,86
3961,108,101,31,110,82,109,119,113,74,111,86,92,106,96,76,116,77
3962,99,75,86,112,108,78,96,73,118,77,113,88,76,90,115,117,85,111,106,104,82,116,109,83,87,110,107
3963,92,102,99,81,115,78,70,82,111,106,112,75,76,93,95,98,101,39,109,80,58,42,107,104,48,108,118
3964,70,109,86,82,107,57,99,117,102,77,76,105,96,81,110,103,90,69,116,63,111,101,74,115
3965,24,110,117,83,98,74,75,96,85,73,90,49,2,88,38,109,104,95,70,65,81,50,116,119,1,76
3966,75,85,103,116,110,115,107,87,112,74,73,78,109,108,27,97,76
3967,90,110,78,111,118,80,107,109,20,77,96,57,73,69,82,54,108,43
3968,96,5,57,118,88,119,105,29,85,110,35,104,101,112,80,87,94,103,75,106,30,113,56,90,26
3969,87,29,94,83,108,103,98,99,74,80,105,88,107,85,118,102,104,73,112,119,81,106,109,75,91,101,78
3970,96,76,110,94,103,119,81,113,118,98,86,79,29,30,78,112,115,100,105,109,92,74,116,102,90,101
3971,88,96,79,98,57,81,74,87,106,73,113,94,112,110,86,1,70,41,82,65,19,101,109,99,54
3972,29,100,101,70,86,99,96,75,94,80,107,73,59,111,79,52,110,45,25,26,41,85
3973,104,78,108,86,101,81,88,85,15,23,29,99,90,94,79,28,112,113,80
3974,87,75,57,110,118,113,92,86,94,105,81,70,51,90,80,101,79,73,88,116,29,106,109,102
3975,107,115,98,29,108,81,112,105,82,57,111,117,109,70,39,15,76,86,96,67,116
3976,105,106,57,110,83,92,102,119,81,77,82,117,67,90,108,76,118,93,50,87,30,103,86
3977,109,101,86,110,73,88,119,107,77,78,96,41,87,94,98
3978,98,88,109,79,108,70,5,116,112,81,101,87,84,111
3979,109,119,74,107,81,94,80,101,96,88,105,75,87,112,99,52,78,98,102,70,114,116,106,117,115
3980,73,76,101,106,99,87,118,29,83,110,91,111,98,96,116,81,112,119,79,108,64
3981,57,77,119,76,115,103,96,70,108,104,75,106,87,113,79,91,116,95,107,85,49,88,82,67,93
3982,118,106,83,75,115,111,116,74,81,102,73,86,99,88,70,112,91,113,100,94,15,110
3983,87,90,78,116,102,101,119,118,91,83,106,70,108,88,74,48,103
3984,91,115,51,57,79,85,112,113,24,103,119,86,104,98,101,1,108,94,117,82,116
3985,81,107,76,98,74,78,79,44,73,105,112,91,86,101,87,96,117,103,23,116,111,60
3986,96,90,98,111,109,102,92,99,73,80,107,57,70,82,105,101,79,29,112,2,8,77,100,117,87,113
3987,119,116,111,108,77,112,88,91,79,109,70,18,87,73,85,99,39,57,80,81
3988,109,87,80,99,81,103,90,85,96,101,98,104,110,54,97,108,118,75,74,86,105
3989,106,112,75,116,113,115,108,29,87,91,103,78,83,98,117,50,57,81,100,85,105,96,119,102
3990,92,110,99,74,57,83,102,73,79,113,95,108,70,101,106,86,105,103,75,88,54,76
3991,105,113,80,91,30,76,112,108,54,85,83,65,4,109,51,13,88,63,8,82
3992,112,87,99,91,85,79,94,76,106,101,36,56,80,75,77,57,32,90,74,103,107,110,20,78
3993,103,111,118,70,107,78,102,105,116,51,94,81,82,110,76,83,99,87,117,26,113,92,108,77,85,73
3994,108,91,70,112,103,85,109,51,110,30,42,78,94,75,119,111,79,88,99,74,102,76,115,105
3995,91,101,106,90,103,87,107,115,52,113,112,110,96,83,82,111
3996,101,105,110,94,103,87,88,118,82,77,73,117,70,39,111,83,57,74,99,50,78
3997,87,77,70,96,74,99,101,111,80,109,104,81,83,94,57,107,113,6,82,110,69,48,108,78,75
3998,119,80,98,101,74,88,112,102,85,115,78,83,108,82,96,91,6,86,75,7,66,99,94,73
3999,95,92,80,101,82,99,96,119,74,103,30,115,94,108,104,73,112,106,77,113,85,116,90,88
4000,74,105,79,78,117,116,107,80,95,70,94,113,88,92,83,77,102,103,24,87
4001,112,91,107,51,76,29,70,106,105,80,119,57,94,104,109,73,99,86,75,108
4002,99,78,94,107,85,116,83,119,70,30,110,86,115,118,91,71,79,96,117,73,102,67,101
4003,73,92,86,116,107,87,90,103,80,98,85,110,88,79,76,119,102,11,96,101,46,108
4004,80,113,86,96,75,119,79,115,107,77,82,98,74,7,90,83,81,85,92,109,93,91,102
4005,87,107,113,112,83,108,88,101,77,74,81,32,117,119,99,91,24
4006,93,90,94,88,77,85,104,100,111,103,95,109,106,105,86,99,79,115,83,96,78,70,23,118,107
4007,109,90,103,110,113,106,82,108,77,107,75,88,102,94,85,91,38,74,116,67
4008,86,74,104,95,115,83,99,107,106,80,76,98,111,82,93,87,43,113,4,79,117,73,21,91,77,94
4009,113,92,116,80,105,103,111,99,70,102,112,118,101,79,75,94,47,13,4,44,108,42,106,74,57,76
4010,78,88,80,98,94,73,86,105,77,106,113,112,119,108,104,57,29,91,95,90,4,19,110,101,87
4011,106,116,77,70,76,80,118,94,112,105,115,88,83,111,96,59,110,101,4,103
4012,76,77,91,119,110,106,57,86,73,113,98,95,118,75,102,117,80,99,87,88,58,93,83,82,70
4013,106,111,99,82,101,116,118,104,94,80,47,95,90,108,102,113,103,81,70,77,119,92,74
4014,73,91,88,75,101,79,92,96,112,77,115,82,119,118,111,76,70,98,104,109,114,116,100,110,83,48,86
4015,75,86,87,78,96,113,94,119,83,110,25,98,73,101,106,88,77,85,102,103,116,111,29,90
4016,83,85,118,103,74,107,111,109,117,70,105,88,101,2,36,98,96,94,82,78,97,35,112
4017,102,76,90,88,92,79,82,54,110,30,57,38,91,96,105,60,98,4,115,81,117,97,119,69,106,86
4018,112,85,102,111,90,81,57,78,76,101,86,103,106,109,79,70,23,113,94,75,46,87,66,116,93,118,92
4019,73,82,80,112,79,104,118,70,116,86,29,103,115,105,77,101,99,109,119,111,57,117,83,95
4020,79,43,92,74,103,95,77,76,82,90,88,117,111,86,96,104,105,87,30,50,73,67,115,7,64,112,70
4021,118,109,91,77,116,86,115,79,87,110,57,98,83,95,80,106,85,64,113,111,104,101
4022,101,98,88,102,70,103,76,96,79,94,99,118,7,34,78,59,108,26,80,110,13,107,3,90
4023,107,90,109,86,92,82,118,78,79,102,116,96,87,54,108,85,115,103,4,113,99,97,80,101,106
4024,75,43,76,117,82,91,74,100,113,119,47,108,86,77,101,115,85,88,111,102,83
4025,75,115,94,102,85,110,70,82,105,109,74,81,103,111,113,63,91,73,79,40,99
4026,88,85,106,95,91,81,87,94,103,74,90,11,119,57,82,116,110,4,76,51,78,98,112,104
4027,74,106,75,99,118,115,109,29,91,110,88,85,117,77,57,113,80,112,98
4028,113,94,57,102,51,110,115,29,112,30,114,74,97,90,32,81
4029,117,78,85,76,75,81,96,107,110,94,97,88,113,73,79,111,105,41,90,102,101
4030,107,113,91,102,101,115,94,98,118,99,95,90,112,79,83,116,88,117,5,109,89,119,96,76,103,85
4031,113,93,86,108,110,107,75,117,99,90,105,88,106,12,67,96,81,82,78,79,104,57,17,98,109
4032,101,110,90,70,88,112,109,98,104,115,54,29,73,92,4,96,102,83,65
4033,92,74,75,112,94,91,101,99,115,107,108,73,113,77,86,71,111,44,110,95,83,106
4034,57,74,104,81,107,115,94,113,95,70,79,21,29,112,109,93,78,103,110,118,88,85,90,25,54,91,111,99
4035,51,91,66,85,83,29,70,113,111,80,87,79,101,104,57,118,90,81,117,82,103,47,102,97,99
4036,108,82,111,77,110,86,112,94,100,83,80,73,106,75,104,4,96,105,74,87,85,101,88,90
4037,91,102,85,87,100,116,88,70,93,115,111,50,81,96,95,83,76,74,101,110,80,22,113,117,73
4038,104,105,74,119,102,110,96,80,90,118,70,57,83,117,101,81,107,30,112,115,111,4,93,85,72,108,53,113
4039,96,83,78,87,92,109,107,82,101,70,63,86,118,104,116
4040,93,73,87,92,111,119,90,91,101,80,112,108,77,81,118,60,114,116,107,94,82,109
4041,98,106,91,104,80,79,81,108,105,99,76,43,116,102,85,107,110,92,112,4,111
4042,104,107,98,108,88,78,76,73,80,106,91,110,109,100,94,95,115,105,63,118,119,93,112,117
4043,90,108,85,79,73,83,109,80,105,94,78,116,117,118,99,101,29,5,76,113,87,112
4044,118,29,93,70,111,90,110,38,109,92,115,87,91,86,33,23,96,117
4045,119,70,113,102,79,118,96,86,105,75,94,89,117,104,107,53,67,109,2,81,83
4046,90,83,92,70,88,118,78,85,94,96,80,91,107,119,17,86,103,99,79,29,106
4047,78,113,115,116,75,103,95,111,79,108,74,81,110,91,73,56,99,109,57,83,76,87,98
4048,118,101,77,102,106,79,103,57,78,76,88,108,100,87,83,105,75,13,111
4049,116,91,75,80,86,73,70,82,101,115,98,100,105,113,85,78,107,63,79,112,90
4050,92,90,76,88,119,70,110,77,91,99,104,106,58,74,52,105,4,83,115,82,100,80,57,112
4051,96,91,73,92,111,105,95,74,108,116,107,76,103,86,109,106,83,15,52,99
4052,105,92,83,78,94,102,77,73,87,108,70,79,80,107,91,74,81,103,88,93
4053,99,88,86,103,83,96,110,108,94,117,82,79,115,48,100,92,54,24,73,111,81,75,90,87
4054,80,86,104,100,107,88,82,77,81,101,83,113,90,70,57,111,116,106,98,112,85,109,25,78,74,79
4055,74,109,116,90,70,111,75,92,106,78,81,96,110,94,79,80,119,72,83,113
4056,109,81,113,85,119,94,101,112,117,103,106,105,82,27,70,108,90,102,75,116,57,21,99,87
4057,29,110,118,113,57,87,30,86,112,85,105,109,80,78,99
4058,113,91,29,110,75,79,78,108,51,85,94,83,76,80,70,106,109,86,84,105,73,116
4059,95,119,117,98,106,88,111,73,108,105,99,101,107,80,112,85,116,44,110
4060,93,111,80,77,109,75,92,74,104,98,79,119,85,87,70,100,15,110,96,103,91
4061,87,102,80,119,90,118,83,85,81,91,107,46,74,76,82,116
4062,74,115,91,108,76,94,88,85,83,86,104,109,111,92,82,100,112,57,101,118,78,117,87
4063,100,51,117,29,101,76,96,113,75,92,103,91,99,79,97,43,88,116,78,57,2,3,86,4,65,98,106,38,77
4064,73,83,94,119,90,80,87,102,79,109,86,101,105,118,107,76,70,113,103,100,112,82
4065,74,85,103,119,78,118,101,87,105,86,95,98,113,82,90,111,29,44,80,30,91,81
4066,110,79,99,102,113,70,4,117,75,98,80,115,85,101,73,86,118,65,13,91,74,104,96,77,94
4067,92,82,113,116,94,70,103,90,108,101,102,80,39,52,88,87,30,105,95,75
4068,81,90,73,70,112,107,88,111,115,75,98,79,28,94,96,91,108,54,119
4069,91,116,78,92,93,105,103,82,57,101,79,96,100,113,85,102,86,98,55,2,107,110,10,99,94,75,17
4070,82,104,57,96,88,109,86,113,75,98,76,77,112,78,80,118,92,74,29,99,93,119
4071,87,96,110,83,85,112,77,104,70,118,107,54,95,80,30,82,105,24,33,98,91,46,116,115,29
4072,99,101,119,118,83,111,73,112,77,96,48,108,107,75,78,74,31,117,116,90,85,104,115,49
4073,87,116,111,119,85,115,76,103,107,108,101,109,80,96,73,106,30,110,92,53,78,88,81,100,90
4074,94,81,87,110,99,90,82,109,106,112,108,86,57,2,118,119,111,117,113
4075,94,110,117,87,85,103,91,99,76,111,88,108,86,70,58,79,109,80,90,83,107,93
4076,111,74,87,92,106,99,76,116,119,77,83,85,118,26,79,66,90,91,81
4077,96,57,117,76,74,80,103,88,98,104,81,67,108,116,87,94,77,78,82,112,70,29,31
4078,88,109,73,95,91,115,70,116,113,96,106,103,94,111,98,108,104,92,85,105,26,99,118,119
4079,112,87,91,111,80,102,98,76,77,105,82,108,81,117,92,86,85,70,110,68,88,107,57
4080,117,96,85,82,100,75,90,80,113,102,101,98,116,70,24,111,29,118,104,74,115,119,94,86,4,54,91,56,106,95,78
4081,98,103,91,79,115,108,90,82,96,112,107,74,78,117,70,118,30,106,97,101,94,109,100,87,95,93
4082,87,88,106,73,76,74,107,75,77,115,95,113,54,70,83,100,109,96,80,118,91,92,94,101,81,57
4083,81,75,112,108,77,70,118,57,82,119,85,9,98,111,116,91,86,80
4084,78,79,91,106,108,113,93,73,77,76,74,112,70,80,86,88,47,119,92,22,65,27,98,101
4085,94,115,93,102,74,98,101,118,110,79,103,51,80,82,107,119,88,76,46,100,104,87
4086,83,76,98,81,102,99,85,82,92,119,105,15,90,115,110,109,87,96,101,54,42,113,46,116,44,112,74,114,111
4087,116,86,29,96,113,92,88,102,79,109,94,110,101,111,45,19,98,93,61,73,112,85
4088,73,118,116,111,80,75,117,92,79,107,70,101,35,86,109,87,94,112,96
4089,29,113,110,88,101,80,75,73,99,30,112,118,78,105,95,69,108,107,79,70,102,115,103,109
4090,111,20,73,87,117,95,98,99,119,82,113,85,80,105,86,79,35,118,109
4091,98,111,113,85,91,112,77,83,108,76,82,75,106,118,88,81,57,109,100,56,101,30,63,104,117,73,110
4092,99,90,76,80,109,78,112,91,88,87,75,61,92,46,116,117,73,83,110,118,86,81
4093,111,108,90,101,75,116,113,96,74,119,70,80,86,78,51,94,98,87
4094,113,73,99,77,103,100,110,106,57,75,94,79,82,83,85,89,86,112,90,98,119,105,81
4095,80,99,109,92,104,116,73,70,81,105,78,76,75,98,87,12,88,37,95,55,115
4096,96,108,101,118,116,91,98,78,115,117,110,113,43,107,119,79,2,40,15,109,70,73,60,106,82
4097,98,118,116,75,96,90,119,74,115,111,106,78,80,103,112,79,99,117,73,102,82,86,100,110
4098,105,109,70,91,98,106,118,86,110,119,102,82,83,101,94,96,29,74,59,77,30,33,34,112,49,68,57
4099,110,119,116,74,77,57,108,113,100,70,94,91,38,81,109,95,101,73,23,118,60,86,98,78,102,19
4100,109,83,116,92,57,106,86,24,99,115,85,103,87,98,118,75,77,78,90,94
4101,117,76,111,100,102,29,96,115,91,80,106,101,110,73,88,99,107,104,85,94,95,23,92,82,24
4102,113,110,111,80,112,73,94,29,116,86,30,83,102,74,92,78,79,117,103,55,82,115,95,75,34,57,70,100
4103,57,108,77,83,73,96,113,111,85,90,88,118,100,74,103,110,12,86,92,99,53,37,78,116
4104,99,87,81,75,102,88,57,98,44,112,38,8,70,107,74,119,78,96,72,116,117,79
4105,115,83,70,101,116,80,112,109,106,82,102,104,29,113,108,79,77,86,5,99,111,105,110,118
4106,76,99,106,87,57,115,103,116,117,98,80,100,94,93,86,119,91,110,56,90,96,77,70,24,82,79,35,105,74
4107,108,102,111,118,99,113,80,78,91,73,119,90,107,109,98,82,10,105,76,83,92,41
4108,119,79,106,108,85,90,116,117,94,113,73,51,56,81,86,112,118,20,95
4109,87,73,82,77,74,99,105,107,108,83,119,109,115,81,76,70,112,75,106
4110,74,94,109,113,73,88,116,102,91,77,82,86,108,92,96,112,118,75,97,103,87,70,30,81
4111,107,113,105,70,99,104,83,78,106,119,95,117,103,98,79,77,80,87,115,33,76,116,56
4112,116,91,118,119,92,113,102,90,99,32,16,88,30,115,80,107,101,78,75,103,117,57,83,84,51
4113,106,118,104,91,96,111,76,75,102,78,113,70,119,93,24,80,44,77,90,59,79,14,95,81,82,94,68,98,116
4114,76,91,115,106,117,57,82,118,108,92,40,104,54,111,80,29,90,105,75,88,98,102,109
4115,119,87,91,94,86,118,85,99,83,73,101,106,102,111,108,57,80,107,79,78
4116,57,110,91,99,70,78,101,118,77,88,104,38,106,112,116,117,103,73,108,98,109,86,87
4117,106,118,99,107,79,29,69,76,80,88,119,90,70,86,111,116,24,89
4118,99,93,70,91,115,110,98,86,117,105,96,63,119,79,103,104,19,2,101,50,72,111,102
4119,101,90,98,74,73,70,81,112,80,108,107,99,88,78,85,109,75,104,51,86,115,54,117,21,12,111,96
4120,111,83,106,70,113,96,109,29,86,117,98,107,77,56,78,30,79,114,104,105,74,41,90,110,87,101,102,108
4121,98,73,104,92,96,86,119,82,76,74,108,95,80,107,88,79,99,112,81,106,117,75,113,111,94,103,115
4122,96,77,104,112,81,98,57,75,108,103,118,110,29,105,76,88,83,78,80,50,43,91,111,4,87
4123,78,113,109,73,83,92,77,117,79,94,76,91,96,110,88,107,104,106,57,50,75,30,42,69,119
4124,117,78,111,92,108,54,4,101,104,30,76,79,29,41,81,74,113,112,46,23,86,88,119
4125,119,75,79,90,85,102,87,82,112,98,80,109,94,110,73,115,111,107,86,8,108
4126,82,106,107,96,86,83,94,95,49,70,90,118,29,88,74,112,117,57,76,41,89,111
4127,70,105,75,88,98,95,99,115,79,113,78,118,39,90,106,119,74,112,62,60,83
4128,90,78,107,91,75,116,81,110,83,101,108,30,98,39,7,88,70,104,102,117,29,109
4129,112,96,74,76,88,79,111,108,86,115,81,107,85,80,110,98,77,103,83
4130,78,4,110,83,90,101,119,70,116,77,32,118,106,107,109,103,99,82,117
4131,115,92,108,83,118,80,70,105,86,116,29,112,76,51,90,57,74,100,91,99,107,106,7,119
4132,73,86,94,98,75,109,85,119,74,105,76,115,83,3,80,15,118,47,69,110,95
4133,73,110,116,105,76,104,80,100,119,103,115,29,109,91,96,111,83,38,86,93,118,113
4134,118,74,104,99,109,96,92,95,80,70,45,81,98,72,91,73,75,115,108,43,106,93,85,110,87,94,79
4135,73,81,102,99,107,88,80,86,117,90,24,74,112,98,83,50,75,94,79,70,116,113,39
4136,70,75,102,80,74,104,117,86,94,98,112,79,78,103,109,51,96,73,91,57,90,93,118,100,105,24,64,3
4137,76,88,100,103,77,110,35,108,29,116,80,115,79,101,32,118,83,87,82,107,94
4138,4,115,73,96,112,105,57,30,29,116,81,103,38,74,83,113,117,111
4139,80,113,93,99,70,87,117,119,77,57,103,116,86,108,111,88,98,107,21,83,63,10,90
4140,115,112,93,29,78,117,96,99,105,100,103,82,6,92,94,81,113,74,36,84,119,116
4141,108,111,79,115,86,103,85,109,110,75,114,87,88,74,93,10,101,116
4142,90,102,87,110,119,118,113,80,88,109,112,103,78,24,96,105,101
4143,102,108,51,75,104,115,93,73,106,113,88,103,116,76,70,111,98,63,81,77,90,100,10,119,2,91
4144,111,88,113,102,77,80,101,73,91,70,99,87,23,116,21,96,119,107,83,90
4145,116,88,96,87,110,108,76,115,98,103,112,117,100,73,80,118,111,78,95,109,82,81
4146,75,90,81,118,51,76,119,88,112,87,86,70,29,82,91,94,31,101,110,4,106,102
4147,92,79,105,57,106,94,110,91,117,65,48,54,104,116,71,75,119,16,98,88,81,112,80
4148,91,94,80,87,75,104,109,79,73,95,119,82,113,57,103,78,106,115,20,112,96,25,108,100
4149,101,104,91,119,75,96,70,73,94,106,116,74,30,85,109,87
4150,88,111,99,74,86,78,117,75,112,116,113,87,109,22,76,118,115,41,96,90,65,107
4151,102,75,78,88,107,103,112,97,76,118,117,94,111,104,36,91,14,90,92,41,73,116,105
4152,102,79,93,94,96,105,99,76,119,53,111,113,95,37,75,40,87,86,72,118,81,78
4153,90,111,108,101,85,78,118,102,76,30,106,117,96,94,71,54,73,79,77,50,116,74,88
4154,78,108,119,105,79,81,74,77,88,83,98,112,73,103,118,71,101,4,29,94,107
4155,91,70,81,76,77,119,113,104,79,101,102,117,75,98,96,103,22,116,109,41,90,108,115,87,74,29,111,85
4156,110,87,73,111,115,80,118,112,98,101,76,81,83,91,77,104,103,117,82,84,78,109,108
4157,116,104,118,115,112,75,91,87,85,51,55,110,105,107,94,86,8,81,90,101,113
4158,70,91,78,30,80,119,87,97,117,118,13,116,83,100,101,115,96,57,77,74,67,106,75,112,99
4159,74,98,57,80,96,115,82,88,79,99,110,108,70,112,102,91,119,81,1,116,87,51,105,21,94
4160,101,112,105,76,106,82,87,85,96,102,118,83,115,92,119,111,88,107,113
4161,51,73,87,109,111,119,74,104,76,116,85,78,115,83,30,112,90,114,108,103,98,81,96,106,99
4162,116,29,101,106,119,98,57,104,96,111,74,81,118,109,78,75,30,73,91,46,110
4163,90,29,75,106,104,115,102,85,112,95,99,117,116,86,113,105,70,69,80,76,118,50,54,78,74,108,73
4164,99,73,86,96,87,108,83,77,106,57,118,103,63,111,11,85,70,98,88,94
4165,77,111,73,107,108,76,106,100,94,115,91,85,103,46,80,90,82,88,70,105,102,104,8,32,13,78,56,29
4166,96,57,117,29,91,76,102,101,105,87,85,118,100,26,81,70,108,115,73,38,109,77,110
4167,101,108,98,112,86,119,115,118,80,74,94,113,102,91,90,111,96,104,48,105,79
4168,96,90,75,83,85,101,70,30,73,100,94,99,113,106,111,103,110,87,88,7,107,104
4169,94,86,92,119,116,118,112,96,85,80,78,102,76,109,91,14,88,28,90,103,57,107,97,106
4170,70,76,86,78,108,80,73,99,98,82,111,94,54,77,90,85,87,75,79
4171,57,88,117,108,113,79,106,56,75,85,70,73,4,64,90,27,54,82,29,100,92,89,78,104
4172,99,112,109,75,107,80,102,108,111,91,104,96,70,113,119,86,76,98,87,115,110,81
4173,91,113,107,108,118,86,76,77,82,92,78,101,83,106,100,74,80,70,112,109,30,93,39,90,116
4174,90,99,83,70,101,29,79,74,100,91,85,119,73,110,108,81,116,109,77,105,107,95,98,93,94,86
4175,100,116,119,113,81,87,112,109,75,110,105,99,79,83,82,118,55,9,76,93,90
4176,117,115,118,106,105,83,112,24,99,81,101,87,78,110,70,116,94,88,102,65,109,80
4177,74,90,76,101,115,109,100,79,103,118,91,108,111,80,95,105,85,119,87,94,57,24,82,107
4178,73,112,109,116,74,113,101,103,78,111,104,95,102,117,119,83
4179,57,119,115,112,111,85,109,79,94,93,98,70,54,117,100,118,102,92,66,106,73,99,108,41,13,8,81
4180,101,112,78,85,86,83,82,92,110,105,79,118,113,94,34,98,75
4181,90,109,93,106,115,117,74,104,83,81,85,102,82,118,1,24,103,108,96,51,116,29,64,37,70,99,111
4182,102,108,93,117,96,105,112,92,115,101,57,79,109,111,110,55,91,104,86,41,13,52,85,87
4183,92,91,108,70,118,78,109,101,79,94,115,110,12,117,98,106,88,105,104,103,76
4184,108,91,109,113,77,76,79,95,112,80,98,70,119,85,50,64,106,118,103,74,56,115,114,96
4185,118,113,76,57,104,87,108,115,116,77,106,93,70,103,79,96,75,85,82,98,55,44,78
4186,91,74,80,103,75,77,117,115,76,87,86,84,99,85,96,65,83,93,119,59,88,43,108,113
4187,76,77,108,113,99,109,78,118,117,110,91,105,115,116,64,80,104,102,98,88,90,96,74
4188,104,2,119,78,94,113,111,118,73,101,98,108,80,86,109,107,116,76,84,75,112,4,70
4189,113,95,112,73,82,119,29,115,70,109,83,86,76,78,110,118,80,107,57,98,91,72,74
4190,118,91,78,85,80,101,106,73,90,87,119,75,105,21,99,60,111,117
4191,98,113,96,110,105,86,74,87,95,81,73,94,119,70,11,6,78,115
4192,70,81,77,73,83,108,74,76,85,119,117,78,51,111,116,90,115,95,112,99,33,109,102,46,80
4193,57,80,29,92,78,98,75,95,111,79,82,87,118,110,109,85,81,83,73,91,70
4194,113,70,103,91,107,99,86,88,101,90,105,54,115,98,111,100,104,81,110,49,109,94,74
4195,74,110,29,108,57,107,80,94,73,76,75,34,60,28,99,18
4196,78,91,81,90,116,83,111,74,31,70,104,86,76,101,87,96,71,103,85,82,109,105,57
4197,88,82,91,118,116,110,73,74,87,85,113,70,95,80,112,75,77,104,90,107,105,63,108,92,111,99
4198,80,86,75,108,91,115,94,81,79,40,107,74,84,106,24,85,78,99,117
4199,88,111,108,112,105,101,74,73,118,104,75,98,76,87,90,110,96,99
4200,92,107,57,75,119,113,116,82,88,117,118,90,83,76,79,87,94,91,102,115,100,13,58,98,99
4201,113,88,95,100,83,74,82,29,90,118,24,115,91,101,104,102,43,76,79,106,57,51,96,116,117,94,108
4202,101,73,87,98,102,99,74,111,91,107,109,75,81,116,9,112,4,94,83,89,76,103,113
4203,92,111,70,87,101,81,73,91,93,108,118,94,80,109,96,102,75,99,78,74,85,29
4204,80,99,57,83,119,91,98,74,106,105,101,107,102,86,111,75,76,95,87,115,77,97,70
4205,91,113,81,86,106,75,99,117,116,107,115,109,79,82,96,70,47,80,74,94,93,90,118
4206,87,81,94,117,113,73,82,83,101,29,78,106,85,98,96,91,116,31,110,90,70,5,112,75
4207,92,83,109,112,57,82,98,79,34,42,107,13,80,102,101,105,100,108
4208,108,99,94,112,106,73,102,119,78,86,91,117,5,70,85,42,83,79,101
4209,99,77,90,96,73,101,116,118,31,85,82,86,110,107,42,117,75,109,91,23,108,98,102,80
4210,119,87,78,91,98,86,111,101,108,106,96,83,88,118,50,57,113,55,60
4211,116,51,104,85,119,91,110,108,94,78,75,111,81,4,80,83,76,57,101,79,102,99,39,15,38
4212,83,99,111,77,103,54,30,98,91,87,104,85,80,105,94,88,90,29,2,21,115,119,102,117
4213,104,90,111,119,101,102,109,83,91,70,99,79,100,108,27,76,118,29,96,87,85
4214,102,70,80,96,87,75,85,118,57,103,111,99,74,76,98,42,91,95,108,81,117,105,83,78
4215,98,110,76,78,111,96,83,109,113,99,79,57,4,117,101,80,91,102,116,108,119,106
4216,107,116,98,88,94,112,85,73,103,111,75,86,57,96,83,91,78,74,79,29,100,51,115,95,67,90
4217,76,106,87,90,108,82,99,70,116,80,29,88,91,74,19,2,83,63,35,117,85,110,78
4218,87,119,75,73,111,30,76,80,109,117,108,90,79,115,1,101,77,88,96
4219,70,91,115,94,73,86,117,101,56,106,51,76,98,74,87,79,107
4220,109,79,78,103,88,99,73,85,74,110,118,116,81,106,91,51,101,113,70,80,66,94,117,83,98
4221,115,116,101,106,80,99,86,100,82,81,94,119,42,103,55,57,108,4,32,75
4222,54,79,88,75,111,73,112,115,100,98,86,85,106,81,19,92,10,82,29,96
4223,118,117,91,105,96,111,85,102,109,54,80,57,87,76,74,86,104,29,110,70,44,49,73,115
4224,96,86,75,91,109,116,94,118,113,68,106,76,4,99,38,70,115,19,111,41,110
4225,88,83,81,76,116,85,91,106,113,94,112,80,99,108,101,117,110,57,15,75,35,104,111,107,87
4226,105,99,76,112,90,78,106,83,77,85,115,87,108,74,96,70,101,111,79,118,98,88,80
4227,87,96,112,107,106,115,90,102,86,101,119,88,78,76,56,70,73,113,105,75,99,74
4228,113,70,115,98,75,92,81,93,104,85,111,79,107,101,105,74,76,82,99,95,86,55,108,117,110,37,44,103
4229,110,94,111,105,83,81,107,118,87,77,104,78,54,4,80,59,106,91,64,82,99,117,113
4230,80,90,85,109,94,116,91,70,79,88,101,54,108,102,92
4231,98,107,101,91,115,73,103,43,119,80,118,85,26,102,116,30,75
4232,85,81,110,109,79,107,91,118,99,87,77,116,113,86,112,105,104,83,36,115,111,96,76
4233,93,74,111,103,115,75,102,118,95,109,94,110,105,100,119,113,52,89,4,39,98,91
4234,73,90,79,113,99,110,77,94,103,81,119,117,92,102,76,104,87,101
4235,78,75,80,88,74,73,90,111,110,112,118,105,98,108,113,87,94
4236,74,73,116,117,112,78,95,99,101,79,85,106,76,29,66,63,70,4,103,113,87,83,104,86
4237,106,83,111,119,95,77,110,80,5,87,104,79,115,105,75
4238,92,80,105,108,118,102,82,91,95,57,96,79,98,106,39,101,24,86,111,103,81,70
4239,117,77,107,119,105,104,108,87,94,101,79,103,115,70,65,88,113,99,30,96,102,81
4240,80,74,73,111,75,96,110,118,98,112,109,76,104,103,116,78,83,87,81,99,17,115,55,79
4241,70,105,29,110,78,119,81,94,117,85,96,108,79,115,101,52,68,116,90,73,67,86,111,76
4242,57,103,109,99,112,83,54,102,93,4,111,104,75,100,98,101,107,88,82,108,56,116,74,78
4243,103,109,94,110,112,111,107,116,105,98,118,37,106,57,92,77,102,79,74,29,81,117,70,75,101
4244,109,96,78,102,95,119,118,110,88,66,74,117,98,111,87,105,86
4245,100,117,109,81,105,102,115,86,83,79,29,106,101,119,108,112,103,98,118,90,96,116,80,57,76,70
4246,94,80,110,82,112,113,117,83,107,106,85,96,119,87,54,111,24,75,108,118,116,99
4247,77,98,108,74,106,92,103,82,78,79,63,76,86,116,118,102,105,81,110,104,8,87,119,22,112,57
4248,83,99,110,77,88,105,106,74,96,95,111,75,82,98,39,107,118,40,78,18,73,113,92,85,80,119,86,102
4249,104,106,90,78,88,80,91,83,99,118,69,116,74,87,98,76,82,70,51,113,37
4250,88,79,80,108,111,78,82,90,119,83,76,110,73,105,113,4,117,74,75
4251,99,119,90,107,108,111,109,96,106,98,77,76,80,92,115,94,117
4252,80,109,87,77,96,112,102,85,81,115,107,93,91,104,118,88,116,119,29,111,75,103
4253,115,111,112,70,104,118,78,105,106,103,87,75,7,83,94,90,46,42,30,91,84,101,86
4254,116,99,73,74,113,118,102,103,85,82,70,108,98,105,96,86,119,92,91,76,117
4255,81,104,92,73,100,116,109,94,29,74,113,30,80,32,45,11,85,119,115,95,90,87,82,54,105
4256,100,80,99,119,90,98,118,86,76,115,81,75,111,77,85,92,112,108,79,36,82,116,78
4257,70,91,105,104,118,80,106,73,96,101,98,110,88,111,6,78,85,113,117,103,24,50,99
4258,91,103,57,99,98,30,75,96,74,94,86,104,92,118,81,109,97,88,83,5,73,101,108
4259,103,73,101,96,91,94,87,77,117,90,104,98,75,74,15,111,114,79,67,81,86,88,31,105
4260,81,75,101,113,86,76,87,108,106,118,103,83,107,112,117,111,82,110,98,109,91,74,96,90,26,30,99
4261,103,86,74,99,76,92,83,90,104,118,119,105,77,54,75,65,82,116,73,70,43,109,78,29,81
4262,81,102,88,99,113,77,111,29,78,15,73,90,70,87,82,112,116,6,86
4263,29,104,99,100,118,90,86,79,109,78,107,57,98,76,115,92,83,81,111,101,77,87
4264,107,113,117,75,94,85,106,79,73,104,81,118,91,109,95,77,88,103,110,115,83,101,99,11,98
4265,113,4,70,103,74,101,75,88,99,86,78,79,116,117,77,106,118,102,80,115,109,49,90,97,112,76
4266,85,118,78,119,83,81,113,98,112,102,22,90,111,104,51,94,117,88,48,86,91
4267,104,106,82,103,96,112,86,116,70,99,111,109,76,85,15,77,107,100,74,91,105,98,10,84,88
4268,93,75,87,90,102,57,106,92,80,54,76,83,29,77,99,95,105,9,109,72,85,78,112,65,46,98,110
4269,57,99,110,86,107,78,92,74,119,73,87,108,54,98,85,83,55,96,106,75,102,101,116
4270,86,115,94,117,116,85,98,29,80,89,57,118,110,99,56,82,76,12,100,75,95
4271,111,88,93,109,81,76,108,106,77,90,119,107,118,116,113,66,94,82,92,60
4272,109,112,106,92,99,113,117,91,118,119,88,86,57,70,93,116,94,75,111,12,87
4273,86,101,79,116,74,57,94,91,87,99,115,102,108,110,98,72,75,105,90,77
4274,103,57,79,93,86,92,70,104,109,119,101,54,83,105,81,106,77,30,111,74,51,73,90,85,115,96
4275,74,81,70,75,94,91,88,96,111,87,104,108,56,76,106,102,113,98,86,109,79
4276,73,88,87,95,77,117,102,103,79,113,99,82,108,91,75,107,86,94,112,58,67,85,101,80,119
4277,90,116,102,110,91,94,57,87,118,103,83,104,88,117,99,77,109,106,85,78
4278,70,117,104,99,106,98,119,77,81,73,79,103,54,68,57,49,108,78,111,85,65,115,93,105
4279,80,70,75,115,101,111,83,90,82,77,9,52,87,109,78,99,74
4280,91,76,103,104,116,80,105,95,75,108,117,111,119,48,83,94,79,2,97,101,73,74,96
4281,57,118,112,78,86,116,29,85,30,102,88,92,54,76,111,107,99,7,73,77,43,90,83,80,79
4282,108,109,85,92,70,102,79,112,96,81,74,30,86,117,98,77,54,103,119,105,118,75,29,116
4283,108,110,117,96,78,107,97,93,89,74,94,63,109,43,112,102,7,57,106,64,103,118
4284,76,75,108,115,110,100,91,81,74,98,102,96,86,56,17,113,80,70,5,29,45,103
4285,99,102,88,86,90,87,96,115,83,91,101,113,119,70,108,110,98,85,94,104,41,106,58,111,112
4286,75,85,82,74,86,70,90,91,79,117,103,108,94,80,76,106,51,119,87,99,9,112
4287,70,85,80,86,108,75,98,107,82,117,29,54,95,118,104,112,116,109,119,111,92,101,83,115,24,57,74,113,13,91,93
4288,98,77,106,86,99,107,105,88,116,115,70,104,80,119,90,29,101,118,76
4289,86,113,110,107,74,108,116,103,109,77,91,96,98,57,102,87,83,119,79,105,117,70,106
4290,110,111,76,103,105,82,116,98,117,81,90,83,104,96,29,115,77,94,93,99,91
4291,117,78,111,110,104,76,113,118,77,81,107,87,99,74,29,73,101,83,116,115,32,98,40,88,75
4292,118,85,98,107,116,109,110,78,103,86,74,83,57,70,102,82,100,73,54,91,111,101,33,13,94,117,77
4293,77,100,102,98,1,118,119,57,103,115,105,108,76,116,34,112,73,75,74,83,91,51,79,109
4294,108,81,79,78,70,87,110,111,112,95,77,113,102,100,82,92,103,109,43,106,74,91,88,10,80,83
4295,63,79,81,119,91,4,99,116,70,87,113,92,77,95,11,106,102,80,51,94,111,97,118,107,57
4296,115,108,82,80,88,70,86,76,54,118,96,98,101,78,110,102,81,63,90,57,104,77,103,119
4297,103,111,82,112,70,88,73,78,14,77,106,83,80,94,101,109,105,75,79,107
4298,79,74,91,102,87,118,103,104,101,110,75,99,116,81,109,57,117,82,76,105,96,98,78
4299,80,115,81,117,106,87,116,83,30,112,89,108,73,102,105,61,75,79,67,118,12,119,57
4300,77,113,82,108,29,100,70,83,96,79,101,80,107,85,54,73,76,99,75,24,98,111,5,110
4301,90,116,73,74,107,110,79,105,106,85,102,86,118,104,108,97,83,95,6,78,77,91,98,81
4302,79,92,80,106,74,111,104,98,86,105,95,60,103,110,90,94,75,83
4303,78,85,91,94,81,73,74,118,102,90,55,113,101,95,57,106,77,107,115,109,111
4304,88,108,87,80,101,106,109,116,91,96,105,79,77,70,115,74,78,81,112,72,73
4305,86,74,83,92,87,104,117,105,115,112,91,77,109,90,110,102,82,108,113,24,98,95,70,40,80
4306,103,70,75,29,118,119,112,117,57,111,74,104,86,110,76,98,102,113,115,31,106,116,85,90,4,80,78
4307,102,79,73,74,75,80,94,103,115,111,76,90,88,17,110,117,112,54,104,100,118,84,86
4308,88,116,87,99,104,90,119,91,77,30,76,74,57,110,118,43,98,108,85,82,102,101,89,106
4309,81,88,79,112,87,94,107,96,119,90,105,109,113,110,83,111,65,75,54
4310,75,93,57,82,87,94,29,101,77,88,118,112,106,51,30,113,102,98,70,63,86,47,117,110,96
4311,78,79,102,75,90,87,111,105,82,101,83,100,80,110,91,77,112,113,117,70,118,69
4312,82,103,114,94,117,99,113,81,95,105,88,30,24,92,91,101,96,109,86,83,111,93,79,90,119,108,44,62,75
4313,87,91,74,70,109,77,75,96,79,108,105,90,83,106,119,82,112,115,78,89
4314,94,73,82,106,105,112,109,108,70,75,61,111,88,51,76,114,119,29,54,103,66,116
4315,93,114,29,117,91,92,70,76,77,82,105,104,113,115,86,57,119,50,85,98,88,4
4316,87,83,75,112,106,78,98,104,101,96,94,77,110,99,115,108,117,90,88
4317,96,70,113,91,108,109,107,115,73,75,111,90,79,101,81,104,83,116,88,92,76,80,103,94,86,117
4318,80,79,29,78,86,119,96,73,75,116,102,91,112,94,9,83,118,82,70,57,99
4319,87,82,110,99,79,83,85,81,112,95,118,111,57,88,103,101,115,86,98,117,109,106,74,100,96,91,70,107,108
4320,115,93,79,103,88,81,91,90,54,80,117,73,105,112,75,110,109,43,78,83,116,26,30,11,55,92,70
4321,80,98,73,110,78,77,118,86,76,90,107,30,115,100,79,70,95,22,111,82,74,83,106,75,104
4322,104,102,107,119,79,78,108,92,70,87,76,75,96,86,90,54,110,73,88,52,91
4323,76,117,70,90,80,91,75,115,119,113,94,112,118,29,105,87,78,110,109,81,116
4324,85,87,118,113,82,96,99,103,78,91,110,81,95,100,83,79,14,70,49,77,93,69,106,75,105,64
4325,87,109,103,23,101,88,111,76,79,115,49,108,78,112,105,55,75,94,31,8
4326,81,96,21,109,70,92,102,112,76,74,98,28,111,101,119,75,91,35,116,94
4327,94,85,108,113,116,117,70,101,99,104,112,83,30,102,43,90,15,98,111,77,74,78,93,119
4328,94,76,111,85,91,4,75,83,116,107,86,102,98,74,31,29,68,48,27,82,119,104
4329,110,70,115,91,85,83,77,76,109,108,101,81,106,41,113,53,57,93,99,79,100,80,73,82,117
4330,101,79,88,110,113,74,80,76,114,70,108,75,111,86,85,57,103,99,82,91,109,104,90,77
4331,86,94,108,91,75,101,76,79,98,109,106,113,54,118,73,37,44,95,99,115
4332,88,111,80,74,86,108,78,99,101,75,116,77,106,104,76,90,118,22,95,94,85,87,117,54,24
4333,116,113,83,78,76,112,103,73,117,105,68,110,108,99,115,98,81,11,88,104,82,107,50,75
4334,74,103,98,88,112,90,95,78,91,86,77,105,85,51,119,75,106,100,110,94,83,102
4335,75,92,96,104,98,118,116,113,119,99,74,97,117,112,57,73,91,43,67,70,95,106
4336,106,73,102,94,99,29,110,87,108,116,111,86,101,119,113,103,81,77,78,16,46,105
4337,118,93,106,75,77,113,80,74,81,103,96,87,111,73,108,101,76,119,107,92,86
4338,102,99,83,57,118,85,91,86,78,70,109,75,94,106,117,90,80,98
4339,64,113,98,119,104,79,81,76,80,30,100,103,29,4,95,74,107,75,2,24,78,116,92,106,57,47,105,53,118
4340,118,90,76,74,104,107,96,57,29,115,80,92,30,55,21,84,81,37,99,85,82,100,88,78
4341,105,96,110,88,108,77,115,112,85,98,102,116,74,119,80,113,101,91,117,29,57
4342,79,29,108,81,109,78,80,75,105,30,85,110,94,90,98,48,113,57,117,115,91,116,66,82,63,83,86
4343,86,113,111,82,76,96,83,73,80,117,92,75,108,79,74,70,77,87,116,78,88,115,25,100,5,112
4344,109,99,94,80,90,75,81,86,101,91,118,74,98,77,78,83,112,27,119,21,104,100,108,82,117,111
4345,104,80,85,73,106,116,101,91,108,117,112,86,88,97,118,99,77,107,93,44,113,39,9,98,110
4346,100,85,90,113,87,78,94,91,103,119,82,41,109,108,92,110,104,76,102
4347,111,74,82,119,94,115,83,112,90,86,104,81,107,80,108,54,61,30,93,100,96,98
4348,76,108,82,80,103,98,99,85,101,83,111,105,94,61,32,95,96,73,64,91,110,119,104,116,109,113
4349,98,79,109,76,77,102,4,112,85,81,57,97,101,71,75,20,96,104,118,92,83,49,82,80
4350,57,111,98,108,101,109,77,112,83,79,103,94,81,80,107,91,4,87,84,113,116,105,65,46,36,74,54,86
4351,102,30,91,78,57,77,111,117,115,21,96,106,12,70,110,104,29,99,32,103
4352,77,83,85,87,57,30,113,118,80,86,107,70,79,109,116,53,23,76,106,99,73,98,112,29
4353,104,99,29,57,116,111,76,74,109,110,75,95,70,10,85,77,113,106,87,103,96,119
4354,70,101,76,98,73,111,86,75,88,110,113,69,74,105,91
4355,91,94,106,111,80,107,109,90,75,78,108,117,115,83,96,85,101,113,86,77
4356,87,86,74,119,113,90,91,73,82,96,116,70,115,83,54,88,103,18,105,108,94
4357,87,118,74,73,115,77,108,117,99,98,94,105,3,103,112,44,113,76,70,102
4358,111,75,117,88,90,91,67,99,112,76,81,98,80,85,86,104,74,119,109
4359,92,29,112,91,83,80,116,88,94,118,103,113,87,74,79,76,109,106,14,70,73
4360,94,90,111,70,57,77,98,118,87,9,116,110,109,41,113,20,54,5,91,115
4361,86,98,82,113,73,74,109,95,79,77,78,30,107,87,108,110,81,88,76,103,26,90,24,15,104,43,118,102,91,100
4362,91,103,88,79,76,115,78,108,85,104,117,98,101,17,112,80,75,110,99,100,82,107,96,30
4363,113,70,94,116,29,108,105,80,110,107,109,111,92,106,78,86,102,115,79,87
4364,70,111,99,106,76,116,87,90,79,103,108,110,107,109,113,88,117,78,29,83
4365,79,90,113,83,73,80,78,118,43,105,87,96,81,94,77,116,70,103,75,57,108,104,74
4366,57,117,111,70,73,83,102,82,113,119,100,91,10,88,104,68,108,19,23,105,92,96,24,75,51,115,118
4367,98,112,29,110,106,51,111,85,104,74,54,91,86,113,99,96,83,100,5,119,118,12
4368,116,74,85,88,112,101,96,106,95,81,80,92,107,77,94,109,29,76,115,91,99,30,87,103,114,73,113
4369,98,29,57,113,118,76,90,111,80,99,109,82,78,16,74,92,31,103,75,106
4370,75,115,88,74,94,104,76,107,98,95,116,117,85,101,2,80,96,102,91,81,113,71,83,100,82,118
4371,109,90,105,73,79,99,118,60,101,104,75,102,83,70,111,29,115,81,116,82,113
4372,92,83,106,78,94,112,111,70,98,93,91,85,107,101,79,103,104,81,87,73,82
4373,79,118,107,74,105,30,90,94,98,77,70,106,85,113,73,65,115,117,112,54,39,91,49,92,87,29,78,36,83
4374,101,86,95,106,73,102,98,116,113,119,55,6,78,71,96,77,109,94
4375,107,81,102,90,29,92,91,73,87,85,111,70,116,109,106,110,103,96,105,117,78,99,5,98,86,108,94
4376,94,103,93,51,98,104,96,108,73,102,109,29,107,54,78,70,87,69,113,115,63,76,117,64,86,75
4377,103,111,116,38,75,49,112,82,83,86,74,115,81,88,70,109,91,90,113,77,44,110,30,73,118,106,84,96,98,56
4378,91,77,80,98,75,90,103,116,105,85,113,79,92,111,102,96,73,93,117,109,106,54,118,74,78,101,29,69
4379,112,73,96,86,75,101,87,80,109,74,70,98,91,111,44,92,77,83,110,81
4380,80,108,75,86,88,105,113,112,116,92,78,90,91,97,83,72,119,104,77,67,103,98,57,111,110,109,95,117,85
4381,99,85,104,83,75,100,117,119,102,57,108,80,7,106,111,77,52,113,15,116,54,105,47,78,27,46,74,95
4382,92,104,100,102,101,113,81,80,62,85,108,116,74,110,79,91,107,117,54,103,99,90,76,18,109,112,86,98
4383,88,119,116,90,110,102,105,109,113,83,107,86,99,117,87,78,80
4384,80,111,77,76,112,86,90,70,87,74,107,83,73,91,85,113,106,94,98,52,40,115,82,116,79
4385,73,118,98,96,79,90,119,105,102,30,104,78,85,88,97,117,103,92,99,86,91,82,101,3,80,77
4386,92,75,73,100,86,103,82,98,99,74,61,90,102,91,11,57,95,109,101,8
4387,88,109,116,90,110,82,73,117,108,77,75,102,101,79,115,106,112,76,78,86,44,57,87,45,92,98
4388,76,75,57,78,109,99,73,98,103,107,79,50,70,64,87,95,80,2,113,118,94,112
4389,115,91,75,103,82,79,86,117,81,112,78,100,110,77,74,76,116,95,32,57,22,111,73,30,104,98,17,63,119,101
4390,92,83,100,86,98,87,95,90,113,109,115,75,114,105,21,43,78,110,76,103,102,82,91
4391,113,86,118,70,109,112,119,73,74,107,116,79,76,44,95,82,88,63,110,4,22,99,27,103,106,91
4392,90,108,87,76,111,102,107,105,116,117,5,101,91,119,73,82,89,99
4393,99,94,109,108,104,96,119,87,80,65,70,110,101,98,103,115,118,102,88,90
4394,105,76,102,117,101,91,83,96,99,88,86,82,92,108,118,104,115,94,103,79,109
4395,103,101,77,104,81,85,94,102,80,100,115,93,79,78,76,106,64,95,108,111,73,70,99,105,87
4396,103,82,117,109,78,94,92,79,90,85,118,111,113,70,96,98,115,107,110,116,54,74,106,12,75,4,87,86
4397,73,83,104,57,90,80,105,106,113,79,67,4,108,118,78,29,112,81,21,75,110,8,88,38,87
4398,117,86,115,96,83,104,113,30,102,118,108,116,88,105,70,80,98,87,100,109,79,22,49,74,7,58,65,54
4399,77,102,91,90,115,87,108,80,83,101,70,105,8,74,104,96,15,100,111,110,78,29,113
4400,110,113,91,119,112,107,104,78,106,74,109,101,13,80,54,87,88,77,92,95,52,15,98,116,90,108,103,82
4401,75,118,92,87,78,86,74,111,90,91,70,96,105,85,57,80,113
4402,112,29,86,106,98,77,80,96,82,103,87,83,74,118,109,113,91,119,70,99,75,78
4403,115,92,98,82,57,117,75,77,74,101,99,112,95,118,76,96,91,113,119,94,70,110,78,48,85,73
4404,106,86,82,94,75,111,112,73,115,113,90,80,79,40,38,102,101,43,46,99
4405,113,103,106,93,109,75,98,88,111,79,85,81,27,56,86,114,54,74,96
4406,74,115,110,87,96,109,88,86,83,108,76,81,32,94,98,116,112,79,104,97,111,119,118,107
4407,117,86,83,105,74,79,118,106,94,85,92,109,113,77,119,51,111,78,110,82,99
4408,86,101,90,88,77,117,108,118,113,98,112,85,54,111,80,106,91,75,94,70,105
4409,75,106,113,91,117,112,74,119,111,98,81,103,57,107,80,70,102,93,47,73,104,29,105
4410,29,104,103,57,75,105,92,99,78,82,80,111,74,30,65,37,109,110,47,118,76,101,96,93,35,79
4411,103,118,102,88,100,81,110,112,107,98,104,99,117,77,116,108,115,57,83,76,70,92
4412,96,102,86,85,98,75,82,92,110,74,73,112,87,104,106,107,79,80,52,119
4413,85,109,104,112,81,73,92,119,107,51,86,91,93,82,117,106,98,83,4,116,68,80,95,102
4414,78,101,96,98,77,99,70,29,51,87,91,76,116,81,111,119,113,86,52,90,115,93,102,103
4415,101,82,76,103,87,116,98,91,85,77,95,115,112,57,4,111,96,86,88,102,75,105,17,54,31
4416,106,109,77,80,110,118,102,96,108,103,81,92,54,34,105,38,75,95,104,24,83,115,119,74
4417,74,57,118,116,99,113,103,85,76,86,100,110,87,80,75,117,90,107,54,25,79,70
4418,85,87,106,81,76,83,115,94,57,101,113,91,95,114,88,78,22,111,73,82,79,70,117
4419,99,110,76,79,73,106,75,113,6,119,70,80
4420,102,98,80,57,70,91,115,81,86,94,30,104,85,107,78,77,109,89,99,53,76,116,105,67,118
4421,93,75,118,73,110,96,81,18,112,103,109,116,70,117,5,106,38,98,8,78,88
4422,79,29,96,87,119,110,102,98,108,117,112,100,83,91,111,101,78,75,81,63,99
4423,93,77,111,108,113,92,96,117,91,86,101,116,78,102,98,97,88,90,100,79,67,81
4424,94,51,87,96,29,80,75,105,30,50,88,56,104,99,32,19,95,79
4425,79,102,70,109,118,76,82,110,101,83,4,111,85,116,113,50,112,107,104,94
4426,92,85,115,93,77,87,86,90,70,88,103,118,91,106,76,73,80,75,117,79,54,105,112,111,58,101,57
4427,101,110,87,81,108,73,94,109,57,119,82,92,116,85,95,112,30,111,44,88,63,24,99,117
4428,103,113,92,119,105,4,83,90,76,112,77,80,96,91,94,79,109,115,78,57,88,16,107,86,51,100
4429,117,6,103,99,91,96,111,87,108,106,94,80,90,82,116,67,98,24,110,92,84,76,112
4430,74,78,109,119,101,73,88,85,90,115,96,98,107,81,45,66,79,105,118,108,104,112
4431,113,77,70,92,29,93,90,117,106,38,119,76,86,103,110,61,108,115,30,74,96,57,78
4432,113,115,77,85,93,101,57,78,92,100,73,82,111,79,76,110,103,74,107,105,104,108,94
4433,86,78,88,92,105,116,98,91,117,90,107,115,95,106,1,100,75,119,12,19,112
4434,70,86,85,76,73,112,116,98,77,19,107,56,113,83,91,67,30
4435,81,87,118,111,116,101,74,104,96,94,98,108,115,85,119,75,103,91,78,109
4436,83,117,113,93,81,107,106,119,85,101,108,77,70,74,76,82,86,94,78,54,104,88,91,80,110,66,118,75
4437,116,103,78,76,57,73,79,90,83,95,94,107,117,74,105,77,88,99,102,39,111,113,29,72,30,81,108,91
4438,109,76,88,92,93,118,74,81,117,98,102,100,66,86,33,82,90,27,70,105,116
4439,109,78,74,90,105,75,91,70,79,112,113,87,83,73,34,88,107,101,95,100,98,29,65,115,118,99
4440,111,74,116,101,108,109,91,82,79,38,90,76,119
4441,109,98,118,87,91,88,108,107,81,74,105,112,117,96,115,77
4442,103,81,106,77,99,83,113,111,74,91,115,100,26,78,116,114,89,94,30,117,96,51,86
4443,31,98,116,87,76,101,85,102,75,99,100,74,82,107,111,73,63,78,54
4444,87,92,98,106,85,113,91,73,81,107,108,95,74,78,94,103,116,110,104,44
4445,99,87,113,75,78,76,116,81,111,85,117,74,86,106,108,82,91,98,110,105,70,96,104
4446,77,78,81,103,92,116,88,98,70,113,111,106,79,117,80,104,57,21
4447,119,108,73,107,118,98,110,80,74,112,86,109,103,96,29,70,88,116,106
4448,77,87,90,119,74,102,70,54,94,106,80,112,108,104,76,8,86,71
4449,109,82,101,86,116,106,74,83,75,91,85,105,81,29,50,78,65,107,77,76,104,88,119,115,41,20,80,70
4450,77,116,110,103,100,106,57,74,29,113,98,107,76,115,119,112,83,105,111,63,79,84,102,82,90,73,24,86
4451,90,75,85,74,116,109,111,70,113,78,73,119,83,118,95,101,31,45,106,112,79,94,82
4452,77,80,113,83,82,57,70,54,86,94,109,87,108,90,85,107,78,22,110,112,75,36,106,111
4453,99,73,74,111,108,75,81,116,80,90,94,96,102,54,87
4454,103,91,29,100,76,90,74,85,106,104,119,92,105,116,109,81,112,79,110,51,40,83,87,108,107,13,118,57,99
4455,117,29,105,115,100,93,118,112,30,80,109,77,110,90,56,113,102,78,2,21,42,97,47,92
4456,93,118,88,29,99,98,83,110,96,73,115,101,119,95,91,107,85,75,78,116,86,51,81
4457,87,110,112,113,115,108,106,91,73,117,95,100,88,70,101,86,81,92,79,71,90,105,119,111
4458,113,57,70,109,86,110,85,87,108,106,76,99,92,82,118,75,29,102,96,107,115
4459,78,113,90,104,82,96,117,94,107,76,73,83,112,52,87,105,80,91,57,108,103
4460,87,81,91,110,85,98,77,109,102,94,78,112,54,90,80,107,118,74,86
4461,104,70,79,74,77,88,112,101,99,83,91,119,57,103,96,102,81,118,110,94,108,17,84,82
4462,98,111,82,81,103,104,93,90,88,76,96,86,107,52,43,94,113,38,108,99
4463,76,104,99,98,87,107,83,85,73,109,70,119,110,115,112,29,106,94,67,111,117
4464,80,108,116,74,101,99,87,94,113,110,57,76,82,28,70,15,51,96,98,103,86,106
4465,92,119,81,115,104,118,93,111,106,95,99,96,86,83,103,78,91,109,107,43,73,79,112
4466,101,77,83,57,76,103,111,104,82,118,73,4,106,94,115,88,100,75,86,102,113,92,119,90,80,81,7,105,98
4467,29,105,98,78,80,86,99,116,118,88,96,110,94,109,70,81,107,91,95,101,46,76,87,73,31,47,113
4468,106,96,111,108,98,76,91,70,80,77,90,101,107,75,4,87,24,105
4469,87,86,88,112,91,78,101,96,107,70,85,106,90,73,98,111,60,10
4470,88,113,106,79,90,105,109,111,57,86,108,107,73,119,103,76,65,94,4,83,80,70
4471,117,77,83,88,90,94,57,100,116,99,70,87,82,98,4,109,39,30,115,91,80,86,79
4472,105,96,75,85,83,98,90,94,95,110,104,88,117,81,77,72,115,79,57,45,119,26,118,99,74,107,103
4473,80,104,115,85,94,98,110,82,57,54,87,77,79,118,112,71,73,24,7,107,2,109,117,105
4474,85,101,75,91,92,105,87,109,117,94,104,108,57,30,95,79,56,80,88,78,102,90,73
4475,110,107,99,91,111,73,90,106,80,55,109,96,75,60,74,102,101,83,95
4476,93,82,85,88,110,112,75,99,117,73,100,103,92,83,105,102,107,57,101,79,119,80,24,42,94,70,78
4477,108,116,102,106,111,83,104,80,117,109,118,112,85,54,91,86,107,105,73,98,79
4478,79,90,80,110,75,73,82,74,102,54,95,111,101,104,85,107,92,91,59,105,78,86,100
4479,106,30,115,57,111,51,113,117,94,34,60,4,105,91,98,99,76,85,109,44,101,73,79,83
4480,109,115,85,107,101,77,79,73,75,117,81,98,104,70,92,57,21,103,78,90,74
4481,85,99,109,86,92,115,57,82,51,79,110,78,103,111,89,106,102,33,105,77,88
4482,74,98,88,75,86,57,107,112,99,96,29,80,117,104,30,118,105,78,72,76,94
4483,85,106,108,74,70,99,104,8,86,79,28,67,111,91,43,119,105,110,1
4484,101,29,57,83,74,117,105,70,73,118,107,51,86,92,81,119,108,87,52,88,93,113,76,99,77,112,47,80,75,98
4485,29,104,115,91,92,82,78,108,75,98,119,87,116,105,77,79,95,99,106,76,62,100,83,109,50,80,54
4486,85,91,112,90,81,118,99,106,88,78,70,111,76,75,116,87,79,100,52,65,115,119,72,109,57
4487,81,98,73,104,110,75,108,101,99,87,102,77,113,88,35,93,117
4488,117,116,76,98,88,78,82,101,90,85,111,91,70,32,110,86,66,113,94,77,95,89,108
4489,70,85,112,30,29,73,107,119,118,92,74,102,99,76,78,79,35,64,88,90,94,96,117,91,87,86,105
4490,88,109,111,86,73,118,96,116,110,83,102,117,82,78,104,91,81,113,79,33,63,57,99,108,87,105,54,101
4491,85,116,105,112,82,74,108,77,95,101,78,115,83,106,76,113,100,75,118,4,14,8,44,89,119,99
4492,88,86,70,112,74,78,90,119,107,110,81,101,108,38,77,29,83,96,28,57,91,115,79
4493,92,117,70,93,109,77,75,105,116,87,74,101,106,94,115,81,71,108,119,100,99,113,50,73,102
4494,117,29,86,108,78,98,75,81,109,70,119,102,105,63,87,76,37,89,27,28,103,92
4495,105,96,78,91,98,79,83,77,115,106,101,88,74,32,36,3,67,75,99
4496,87,94,78,112,76,79,118,119,107,17,88,4,98,32,99,80,73,74,110,115,93,13,108
4497,81,96,94,70,99,90,116,119,117,85,91,109,29,115,86,101,102,54,75,56,112,78,73,110
4498,74,85,110,91,88,101,86,76,102,105,81,99,11,83,13,106,96,87,98,119,116
4499,77,111,99,74,116,110,103,88,30,70,73,80,85,112,76,95,51,113,86,115,96,90,119,87
4500,116,112,99,76,57,70,85,87,110,108,96,113,118,86,101,94,91,81,98
4501,101,104,78,90,74,70,113,112,76,118,97,98,91,77,86,115,80,75,29,106
4502,100,98,102,82,107,94,73,80,99,83,110,75,91,92,115,74,70,25,87,104,12,90,77,88,57,78,95
4503,91,101,94,86,98,77,76,118,99,82,81,116,106,90,103,85,70,74,73,110
4504,118,113,110,85,94,105,106,103,117,77,119,97,57,111,109,81,70,102
4505,118,119,103,109,87,116,79,108,90,94,91,73,81,115,77,110,76,96,99,111
4506,29,116,93,90,83,99,79,111,91,105,88,92,87,14,78,104,100,57,37,48,77,70
4507,109,115,98,78,103,73,94,70,85,92,88,29,113,56,105,111,117,99,108,76,49
4508,80,98,87,109,115,110,112,83,78,119,91,102,86,88,85,116,76,89,101,79,107,90,64,53,75
4509,83,85,116,110,82,11,94,73,101,108,76,86,96,90,87,74,78,84,92,115,113,71,119,70,77,103
4510,108,117,82,109,111,101,73,81,112,116,94,80,106,104,88,78,118,74,77,86,71,113,91
4511,108,29,91,75,96,111,80,115,117,73,74,99,77,113,94,90,112,87,119,103,4,30
4512,80,117,99,109,98,111,86,113,106,76,101,73,83,81,116,115,87,88,107,82,1,27,79,44,74,95
4513,117,79,96,78,87,115,110,102,90,111,28,112,76,35,80,83,107,51,75,70
4514,74,82,109,119,91,78,96,81,106,83,73,104,110,56,93,88,75,116,101,77,43,68,76,118,85,19,65,111
4515,117,90,98,76,112,82,115,107,100,29,94,51,36,78,93,99,73,52,91,116,111,118
4516,99,106,70,80,78,119,111,77,73,96,110,109,22,62,116,90
4517,93,85,94,70,86,118,99,80,113,73,74,112,116,83,106,90,81,119,29,98,32,84,76,79
4518,86,88,107,92,90,113,94,30,99,71,85,78,116,87,81,61,77
4519,76,86,118,70,29,104,109,93,119,96,90,33,24,106,51,101,111,20,83,94
4520,99,101,108,83,107,106,115,73,90,70,87,91,86,103,76,119,112,94,79,80,81
4521,108,77,80,107,79,113,57,78,74,87,118,115,73,112,70,85,119,69,100,5,4,106,48,90,75
4522,96,117,99,73,98,70,94,116,106,57,103,92,82,118,91,107,108,86,83,90,115,101,112,78
4523,88,118,116,106,74,80,73,90,82,103,76,113,85,108,107,98,34,91,78,63,96,112,104,75,105
4524,78,118,29,110,57,103,54,77,51,91,113,39,38,119,52,6,99,47,2,83,85,111,106,115
4525,80,29,115,78,111,118,76,77,113,98,70,74,94,85,82,44,112,95,90,59,75,48,91,106
4526,76,70,117,118,78,98,96,81,79,77,86,105,100,83,54,94,92,27,14,50,116,63,90,88
4527,107,109,79,75,111,113,80,77,78,76,116,98,20,99,30,82,117,74,91,88,12
4528,82,57,101,109,92,94,119,90,87,105,79,75,80,81,5,99,116,12,73,51,112,43,50,76,64,83,115
4529,103,108,81,94,110,88,118,96,112,116,92,99,109,4,87,25,72,105,86,74,98
4530,78,94,80,112,90,106,119,99,85,75,110,113,118,87,105,83,111,76,96
4531,96,74,102,108,78,92,73,91,109,94,119,80,115,76,100,86,75,104,101,88,107,90
4532,77,107,118,95,78,101,90,86,103,115,109,15,80,25,4,110,74,85,94,73,92
4533,83,79,73,101,70,105,94,81,109,88,116,99,74,91,55,85,14
4534,88,91,80,113,83,94,108,111,73,81,77,107,86,78,30,29,98,50,103,76,92,82,96
4535,112,90,77,86,81,101,87,88,91,109,105,29,117,98,82,119,18,99,78,41,73,57,118
4536,51,109,115,99,113,98,77,86,73,111,118,102,88,83,108,101,74,100,87,96,117,85,54,23,104,76,81
4537,57,112,98,96,30,111,109,73,85,78,117,91,107,86
4538,111,87,98,117,116,113,95,91,112,75,86,109,90,83,100,79,81,77,67,85,110,96,68,88,73
4539,110,118,99,80,75,86,74,111,102,103,90,112,119,109,94,106,98,79,85,105,88,108,95,82,115,83,73
4540,80,98,82,106,104,73,111,118,87,109,92,95,94,96,54,57,76,81,108,4,107,24,38,78,34,101,63,102
4541,101,78,90,96,31,102,88,82,75,94,106,91,86,57,98,87,58,32,112,54,108
4542,88,70,96,104,85,83,73,111,51,115,87,110,112,84,75,74
4543,85,79,92,98,82,88,111,76,113,115,99,77,104,70,95,96,78,118,93,105,109,101,86,57,117
4544,98,91,106,110,78,74,75,77,73,118,105,111,115,85,86,116,4,104,87,90,66
4545,118,74,82,79,86,94,101,91,109,112,116,104,75,100,113,115,76,108,87,83,43,73,52,1,90,103
4546,70,101,109,110,99,54,92,103,75,98,108,83,90,112,88,118,29,57,93,80,105,78,63,116,30,76,91,104
4547,115,77,81,103,83,118,108,85,101,73,86,78,119,41,98,116,104,91,102,111,24
4548,118,104,88,79,76,109,119,108,91,117,90,80,92,5,111,105,97,29,116,87,66,41,70,85,60,99
4549,108,89,96,91,110,88,119,117,86,107,87,109,118,101,94,78,105
4550,108,118,29,90,82,80,85,106,98,112,113,74,114,111,83,107,117
4551,73,87,101,110,90,78,96,111,99,116,43,70,119,115
4552,91,29,83,105,106,116,79,88,108,109,118,86,77,96,111,99,94,95,113,107
4553,76,113,117,118,75,94,111,103,83,100,96,77,88,99,85,81,74,119,92,70,93
4554,107,78,91,116,92,96,113,76,74,111,80,70,117,101,106,110,62,99,95,73
4555,80,106,75,108,116,117,119,70,109,85,38,118,81,15,4,69,111
4556,103,75,86,74,101,91,118,87,83,106,107,105,79,119,116,110,115,85,117,35,112,70
4557,113,78,90,99,101,108,106,98,80,107,119,76,112,75,96,115,104,102,94,100,105,73,91,117
4558,98,112,110,80,116,105,106,104,78,75,70,96,107,103,92,83,113,87,76,99,118,86,94,85,91,95
4559,85,96,117,104,118,112,77,79,57,30,110,108,65,80,74,81,54,87,70,32,92,111,29,113
4560,101,88,111,115,116,83,119,109,110,105,86,108,99,73,18,98,102,90,118
4561,70,78,88,110,116,73,30,83,95,29,119,108,82,101,91,105,87,117,80,85,118,35,76,112
4562,96,109,70,85,117,77,4,75,29,101,116,51,103,30,78,102,38,112,35,118
4563,88,86,85,107,98,94,116,106,92,113,109,110,118,57,96,105,99,34,74,119
4564,116,80,110,77,94,107,74,90,86,117,106,105,64,48,108,91,34,99,101
4565,57,119,98,80,94,101,77,110,106,109,104,108,116,115,90,113,83,74,96,107,85
4566,70,83,75,88,116,77,119,99,74,79,95,78,103,108,113,85,102,101,54,69,14,98,7,87,51
4567,94,109,82,88,74,98,76,30,57,102,119,91,115,96,111,104,108,35,99,101,83,110,73,118,24,103,86,70,87
4568,75,102,113,103,78,81,85,118,108,90,76,96,73,91,82,14,74,111,97,57,79,35,119,88,112
4569,116,78,118,57,95,112,94,113,104,96,101,109,88,87,7,108,30,106
4570,113,75,98,81,116,106,88,73,117,94,83,78,82,100,103,109,57,108,31,70,5,85,90,95,107,80,115
4571,73,96,111,90,88,116,103,86,106,109,117,102,51,99,44,119,87,43,98,74,101,110
4572,110,117,74,103,78,30,98,113,101,80,115,104,90,86,82,68,109,106,107,114,99,81,83
4573,85,91,105,94,118,76,77,117,103,70,112,12,88,113,102,74,111,101,78,116,50,80,81,83
4574,104,102,105,106,115,108,109,57,88,112,118,78,94,80,98,64,87,85,107,91
4575,110,102,80,90,119,99,73,116,82,109,76,86,85,104,106,87
4576,116,74,78,96,77,105,118,109,75,80,94,81,100,110,99,88,27,115,119,92,112
4577,29,78,99,111,75,79,110,65,106,57,88,103,51,98,101,108,25,114,73,80,83,105,94
4578,113,85,76,88,111,91,87,78,98,70,74,93,75,108,109,104,80,79,106,83,17,86,40,118,115,117
4579,85,78,76,90,119,75,94,79,80,86,82,29,113,109,83,60,105,104,103
4580,101,99,109,98,87,118,70,116,75,103,108,36,90,77,74,91,39,105,66,82,86,72,88,85
4581,115,86,95,88,100,78,119,91,70,79,94,4,109,106,116,29,117,77,105,90,87,85,110
4582,101,110,29,109,107,119,112,95,116,91,70,79,88,65,74,80,106,108,76,117,102,113,86,67,51,78
4583,73,105,104,74,118,110,70,94,99,87,85,79,56,108,91,98,119,38,95,111
4584,79,103,111,110,70,115,113,108,96,86,91,82,76,73,98,65,102,85,75,92,81,101,116,30,83,54
4585,107,88,77,106,79,73,87,96,92,80,102,115,91,95,101,78,57,100,75,116,108,119,89,110,98,4
4586,77,78,104,115,109,73,119,74,100,85,87,112,83,99,76,96,82,98,103,117,57,90,111,81
4587,90,78,96,83,85,70,113,88,112,94,73,109,4,74,116,61,111,93,86,87
4588,29,57,76,79,99,98,100,116,87,91,92,56,107,80,105,95,83,22,74,85,73,88,106,109,82,78
4589,107,77,106,90,100,91,117,101,24,99,98,104,29,57,74,109,95,41,86,111,103
4590,75,81,73,116,118,86,94,77,112,106,99,105,104,117,101,28,80,82,91,119,103,92
4591,85,99,82,94,83,105,91,54,98,73,102,103,29,61,90,26,68,65,76,92,106,88
4592,111,113,70,98,85,102,118,108,87,83,80,107,96,82,91,21,78,109,117,29,73,77
4593,80,92,83,116,113,93,103,74,111,100,99,70,109,82,81,102,87,97,108,118,85,88,110,68,29
4594,107,70,75,101,81,94,110,83,82,115,108,116,118,91,50,117,77,105,95,109,79,103,102,113
4595,92,105,65,57,106,118,109,98,90,113,110,39,70,78,85,119,81,116,99,94,101,112,88,103
4596,113,88,91,115,104,85,73,81,79,77,102,107,112,116,108,90,24,100,74,96,56,80,87,99
4597,88,90,112,99,79,85,117,92,57,109,107,74,104,96,101,91,111,84,87,103,106,70
4598,111,117,76,109,90,106,115,102,96,88,118,104,99,24,85,73,110,74,107,101
4599,96,111,101,119,78,88,106,85,70,105,75,57,76,10,116,102,23,103
4600,115,112,105,73,116,94,98,110,109,87,108,76,75,77,79,117,118,101,107,70,102,96,74
4601,108,103,111,75,112,81,119,113,90,116,88,83,102,79,98,96,91,110,82,65,80,24,70,99
4602,115,104,77,117,96,86,80,78,88,36,108,74,70,105,106,114,82,113
4603,100,119,81,91,113,80,79,77,78,88,105,110,98,76,102,118,49,109,111,86,73,112
4604,83,57,110,76,77,100,118,101,75,91,103,79,87,65,88,109,112,102,66,81,82,99,113,104,105,51,92,54,107,116,94
4605,93,70,76,118,81,117,85,91,79,75,29,108,112,116,90,82,107,53,102,100,50,96,94,26,86,92,98
4606,75,110,94,74,76,82,86,98,95,80,108,85,77,50,79,111,107,70,105,83,100,6,118,54,38,106
4607,99,119,106,74,111,77,86,108,82,103,87,96,90,84,70,46,114,22,115,73,107,98
4608,118,96,117,115,99,98,113,75,101,102,111,53,94,70,4,88,92,64,112,25,116,91,107
4609,115,96,90,78,119,83,70,107,82,92,93,118,54,88,75,76,105,80,79,100,41,85,103
4610,108,99,81,118,113,83,111,76,82,73,79,112,56,12,77,105,86,110,101,70,98
4611,113,109,78,81,94,82,83,108,111,91,29,80,115,118,100,117,10,112,9,88,79,15
4612,82,117,70,88,76,110,118,87,107,30,112,113,91,108,79,78,101,106,116,80,49,75,98,111
4613,98,74,78,112,103,85,95,119,80,116,96,118,30,15,110,4,86,76,47,50,84,29,111,79,93,109,91
4614,81,74,96,115,95,112,76,101,78,90,116,91,117,100,75,83,80,104,93,88,109,102,62,85,107,99,77,106,54
4615,91,83,77,92,118,116,74,112,98,90,106,100,73,113,115,103,57,102,4,95,53,105,38,94
4616,88,90,109,73,78,83,91,110,57,113,99,82,111,87,119,75,70,20,80,98,108,115,100
4617,83,115,119,117,110,70,51,74,79,96,76,102,78,19,86,72,82,116,47,39,109,106,75,98,90
4618,29,70,79,108,112,87,115,76,54,105,75,103,57,60,119,91,1,88,116,82,109,20,90
4619,78,111,80,112,94,86,116,82,98,100,70,113,79,109,36,83,115,74,41,108,119,23
4620,109,92,107,118,87,111,104,101,113,79,96,91,1,50,70,66
4621,108,111,87,115,70,80,88,105,118,112,86,78,74,29,119,91,117
4622,85,79,81,112,82,83,100,97,75,73,80,99,87,86,68,111,107,38,90,108,98,119
4623,118,103,115,73,101,110,80,104,74,76,91,111,105,107,31,79,99,38,106,119,88,59,5,86
4624,77,98,86,82,81,87,112,70,75,108,73,79,105,33,96,88,92,103,29,101,115,57,83,30
4625,85,73,76,74,29,75,88,116,102,110,98,111,118,82,113,97,96,80,78
4626,86,73,118,78,85,77,83,112,106,107,80,87,102,82,95,79
4627,70,116,113,103,90,74,117,108,101,119,107,105,104,80,98,40,83,96,110,16,72,94,57,36,76
4628,88,29,91,75,86,107,112,30,99,82,102,100,85,80,81,73,90,98,108,57,114,96
4629,107,101,90,75,29,115,82,98,116,94,80,95,81,105,57,96,24,78,85,49,104,119,91
4630,75,88,110,113,81,74,87,91,90,116,96,80,76,115,119,107,103
4631,110,57,86,94,96,90,80,107,116,73,102,103,74,111,119,109,54,81,101,113,108
4632,98,76,73,57,113,85,104,96,77,74,78,101,29,24,109,99,82,37,117,36,119,106,90,92
4633,90,78,76,119,117,74,75,88,83,99,107,57,101,103,105,86,106,71,102,93,39,81,29
4634,106,99,91,75,103,79,109,92,115,107,94,65,78,102,98,30,82,7,111
4635,106,109,103,29,119,105,79,94,110,81,96,90,88,30,115,104,92,102,99,101
4636,104,111,77,115,101,73,109,106,75,102,96,81,86,113,119,105,93,54,83,50
4637,112,30,80,75,76,51,94,108,116,82,119,118,96,74,79,98,86,103,111,117,110,101,92,9,87
4638,85,81,116,57,73,118,70,95,87,94,82,105,77,98,119,112,106,115,91,103
4639,113,109,111,103,91,108,119,92,90,117,87,116,51,74,70,24,79,102,59,15,88,99
4640,94,87,111,99,109,96,90,76,70,113,86,119,83,103,112,102,12,89,101
4641,85,106,101,119,70,94,110,82,14,76,75,111,98,86,88
4642,80,81,87,96,77,70,88,105,91,116,98,110,83,106,95,113,75,104,85,102,107,117
4643,86,92,108,98,80,73,85,103,78,39,88,96,119,118,75,95,110,57
4644,100,82,116,115,73,117,88,87,78,79,90,99,111,81,113,101,104
4645,79,29,112,57,75,83,91,87,119,94,113,73,86,90,102,81,109,106
4646,4,70,98,81,116,106,85,101,86,95,75,73,109,113,57,76,89,80,117,51,29,118,99,119
4647,75,115,77,111,88,79,106,81,98,90,74,73,107,83,100,119,87,65,15,57,86,101,70,116
4648,73,102,112,119,103,118,82,54,91,109,77,42,108,80,111,78,94,106,79,113,30,88,101
4649,104,82,94,74,95,103,57,81,70,115,117,116,96,93,107,83,112,111,92,79,4,87,51,76,85,88,62,105,78,109
4650,109,112,29,81,118,92,77,105,79,106,78,83,103,91,87,80,111,113,110,95,85,101,107,86
4651,111,83,70,86,29,80,88,108,77,113,73,81,101,75,104,67,90,115,50,106,63,94,102
4652,110,104,77,57,99,85,96,95,118,107,103,86,76,101,115,119,35,94,92,117,55,106,75,102,116
4653,111,106,115,86,112,113,81,100,87,96,83,103,85,117,77,74,42,118
4654,79,81,96,106,91,85,104,93,86,107,70,102,78,119,80,75,110,112,111,29
4655,110,75,94,111,30,86,82,108,80,92,91,109,51,118,81,63,79,113,95,99,101,77,74,107,36,98
4656,106,98,86,76,95,73,91,92,94,78,110,112,24,74,88,102,101,85,111,81,90,59,5,11,115,109
4657,70,29,92,108,77,98,83,78,57,105,75,81,104,73,107,95,4,106,103,117,118,113,74,90,23,40,30,24,76,93
4658,104,112,106,96,103,73,107,116,79,83,51,90,27,80,41,111,82,91,98,87,105
4659,115,80,75,99,106,111,96,77,87,103,29,102,105,108,88,118,44,86,114,76,91,109
4660,109,105,111,94,106,29,85,88,98,77,65,108,110,115,96,79,35,116,93,47,15
4661,117,81,109,119,102,88,118,75,29,78,85,13,36,80,67,110,77,74,113,91,108,79,101,116,103
4662,111,76,99,86,109,74,100,73,83,117,103,110,101,75,61,81,14,90,91,21
4663,76,110,108,79,90,98,77,29,101,107,94,78,111,106,81,74,113,83,1,119,118
4664,111,74,81,73,104,96,87,108,102,90,110,75,83,116,80,94,69,115,98,1,79,91
4665,108,116,107,90,96,101,76,102,112,106,111,81,82,100,92,97,110,115,117,89,73,79,70,119,85,49,80,77
4666,106,74,111,99,57,80,86,83,77,101,91,112,30,117,82,33,34,113,73,88,98,92,108,79,104
4667,74,103,96,78,91,70,119,106,87,81,80,117,118,116,92,19,113,108
4668,115,70,101,75,87,111,117,91,74,76,99,112,102,88,116,79,118,100,96,81,57,119,107,73,95,82,105,104
4669,29,112,73,70,77,102,57,88,74,107,91,79,76,98,94,109,82,114,106,87,71,95,75,103,81,110,118,24,111
4670,119,94,75,103,78,87,91,88,76,86,4,105,79,99,117,106,90,102,113,104,115,80,83,31,100
4671,74,90,108,115,81,88,57,109,80,118,110,105,79,91,116,112,111,83,113
4672,80,76,83,73,85,101,81,109,91,108,57,77,96,106,112,70,116,30,90,119,92,99,74,79
4673,80,99,78,74,106,77,88,101,96,79,11,19,75,108,23,111,87
4674,88,106,86,85,83,81,102,96,109,77,101,70,94,108,74,119,54,90,76,115,113
4675,115,73,92,101,113,85,117,110,99,81,93,112,98,83,119,88,87,61,79,78,108,105,67,91,82,111
4676,80,77,73,106,99,101,118,87,51,70,109,117,108,103,119,36,96,111,90,115
4677,29,109,112,100,105,74,88,57,92,78,91,76,93,80,81,94,106,98,111,116,110,113,87,104,117
4678,81,73,78,98,112,107,116,80,114,109,50,102,79,34,113,75,115,85,76,104
4679,113,102,104,118,100,103,29,70,87,73,98,117,82,90,36,99,56,106,107,76,81,41,96,44,115,101,86
4680,82,85,116,78,105,73,101,107,115,104,77,98,75,90,86,109,14,94,89,70,91,74
4681,99,91,73,80,70,83,112,86,81,82,90,85,110,76,94,4,52,77,24,106,115,116
4682,100,118,119,91,75,116,95,99,78,115,82,93,80,102,111,88,81,79,77,90,24,106,76
4683,116,111,86,119,80,110,107,113,85,87,108,70,105,115,103,90
4684,88,113,104,106,70,73,112,86,105,101,80,76,85,103,87,100,38,111,75,77,81,90,95,78,54
4685,105,98,119,115,104,96,77,78,70,94,83,35,103,90,42,80,112,28,74,95,75,15
4686,103,57,91,77,87,119,78,79,74,107,70,117,93,82,105,111,98,112,106,113,92,108,86,100,90,101,50,109,115,75,15,110
4687,74,103,78,99,118,57,102,81,90,87,104,106,96,112,5,30,91,79,108,101
4688,87,99,107,117,94,5,116,91,115,81,106,83,105,24,112,75,95,110,98,86,73,78,80,119
4689,86,98,101,104,91,75,88,82,110,107,109,115,85,111,95,105,118,72,36,106
4690,94,110,85,105,102,112,98,79,30,54,116,87,100,82,56,67,51,104,50,115,9,103,29,117,65,106
4691,94,100,77,87,76,74,118,109,81,105,111,70,95,117,96,44,92,97,63,55,21,107,98,30,91,83,115,57
4692,111,102,98,115,103,70,82,118,99,109,96,108,77,117,79,56,106,113,116,86,83,119
4693,81,83,97,85,106,101,76,30,105,98,109,118,115,100,5,94,78,117,110,57,48,70,113,80,93
4694,80,78,110,99,74,119,76,107,73,101,19,5,108,104,26,71,15,103,113,91,88
4695,109,91,75,57,70,77,95,74,113,96,110,102,11,94,88,119,98,90,5,30,99
4696,98,80,115,118,81,112,104,78,86,85,111,102,117,79,73,110,101,113,107,68,83,29,33,91,51,88,94,52
4697,106,75,96,79,112,91,118,119,74,105,103,113,104,78,87,54,101,77,92,81,109
4698,115,75,81,82,83,99,74,57,113,76,117,80,101,88,92,79,45,77,118,78,105,91,84,70,116
4699,95,92,109,113,110,112,70,81,101,96,111,7,99,5,75,119,78,104,66,52,85,117,94,108,103
4700,77,85,75,94,91,117,113,80,73,95,29,114,30,45,81,26,70,40,111,102,110,78,86,97,54
4701,101,79,83,87,78,85,77,104,110,88,74,92,93,59,111,112,17,95,94,30,91,73,86
4702,82,77,99,29,100,109,94,107,102,88,80,85,117,108,106,110,87,103,57,115,74,101,105,76,72,79,111
4703,105,98,117,78,112,83,82,113,88,87,118,96,101,111,110,57,86,73,81,89,80,45,109
4704,110,117,78,57,115,100,73,98,112,80,85,82,51,101,103,113,93,96,77,88,30,48,94
4705,99,29,73,115,81,70,109,93,107,106,92,98,34,80,105,119,90,57,86,113,88
4706,106,86,119,112,90,87,76,96,85,102,99,81,97,80,54,110,95,118,94
4707,116,57,103,101,74,115,87,108,86,81,107,113,78,99,118,106,73,109,75,98,119,90,96
4708,92,83,116,80,106,110,115,91,86,118,119,87,111,109,88,82,104,29,74,94,98,108,107,101,85,76,57
4709,102,101,73,106,110,86,78,91,103,85,74,107,76,81,82,80,117,109,95,54,24,92
4710,105,76,92,77,88,79,107,24,85,101,109,116,75,112,106,86,54,42,90,93,78,94
4711,74,105,106,116,98,96,115,103,87,119,80,70,111,83,50,110,73,88,93,91,112,118,99,94,102
4712,99,50,83,94,106,108,116,96,70,104,113,88,81,85,103,119,30,112,82,29,98,95
4713,103,105,82,104,98,81,78,108,70,116,87,75,115,76,109,74,90,117,113,107
4714,73,94,88,83,117,106,119,85,118,76,86,82,70,90,112,80
4715,92,118,94,74,96,105,57,75,81,102,119,39,95,87,73,113,36,70,56,103,53,111,115,83,108
4716,116,92,96,87,106,111,83,82,79,119,95,107,81,110,91,76,99,4,98,117,109,101,105,33,75,88
4717,103,115,87,70,93,104,106,108,113,91,105,111,95,57,116,88,74,110,82,41,83,37,112
4718,96,85,103,82,98,108,101,107,73,76,57,117,80,79,119,109,86,104,26,97,30,87,83
4719,101,96,81,105,119,29,111,108,99,85,78,102,90,109,107
4720,90,88,108,112,91,106,118,102,73,92,117,113,116,111,87,96,14,55,2,115,94
4721,87,115,90,112,111,73,98,106,109,88,81,107,92,83,80,119,23,13
4722,29,106,86,75,116,90,91,115,76,77,100,85,108,2,119,73,93,83,117,57,94,98,113,114,82,111
4723,98,80,86,113,102,92,96,82,88,111,106,108,118,101,75,117,73,109,85,60,90,116
4724,87,76,74,73,81,103,117,115,78,80,63,110,90,91,85,100,30,86,5,99,104,77,107,108,112
4725,112,75,118,78,111,119,83,109,70,110,30,54,82,91,80,29,76,52,36,96,73,108,86,101
4726,57,106,118,119,111,85,91,99,112,104,116,94,86,98,115,101,102,110,15,23,81,113,87,54,70,117,90
4727,118,74,108,57,103,105,80,104,110,50,106,83,75,94,49,79,119,102,112,81,99,73,95,96,116
4728,112,88,119,102,77,106,79,117,108,85,98,103,107,75,73,94,81,99,4,86,13,16
4729,104,110,73,86,87,103,90,70,105,57,80,74,106,92,83,43
4730,51,98,116,107,118,113,81,73,104,87,79,119,88,96,86,110,78,49,115,103,76,109,108,111,82,75,106
4731,75,81,83,117,82,107,90,108,110,77,112,119,98,79,109,70,57,113,74,87,30,76,94,23,86,93
4732,113,81,103,78,91,104,116,82,108,95,111,76,79,80,90,92,53,73,110,105,117,98,8,109,100
4733,74,108,103,115,79,88,81,70,93,102,104,118,116,76,112,77,54,91,82,25
4734,105,119,79,95,106,111,99,88,81,75,107,70,94,112,30,73,77,117,90,86,116,25,108,101,104
4735,85,74,99,82,106,109,80,103,76,100,104,98,117,107,96,92,83,101,78,111,93,70,29,24,116,94,110,91
4736,100,29,77,104,109,108,113,96,78,118,99,105,87,103,79,107,76,90,98,7,82,85,50,83,101,95,54,44,56,43,112,102
4737,93,57,77,98,85,79,96,29,99,86,108,87,102,101,80,48,105,76,15,82,117,73,111
4738,76,83,118,91,115,116,4,70,78,98,74,113,102,86,93,106,43,103,90,9,51,17,105,80,85,108,88
4739,111,90,102,113,73,76,86,106,87,80,103,112,81,98,116,114,70,10,71,91,108
4740,77,119,110,102,75,98,96,99,104,95,113,43,33,73,118,106,70,90,30,115,107,83,117,88,101
4741,117,109,70,90,91,82,108,83,79,57,111,87,106,4,119,96,105,113,112,85,103
4742,106,112,78,76,91,96,105,92,94,86,73,119,70,51,99,50,116
4743,83,73,107,103,87,80,29,105,74,92,85,101,57,106,112,115,15,108,75,118
4744,104,75,103,107,116,119,111,118,88,77,91,113,78,85,90,76,10,117,102,97,79,98,81,57,83
4745,105,96,94,117,108,82,90,113,83,95,119,112,56,78,100,75,2,110,74
4746,96,87,75,85,73,78,94,90,77,81,25,116,111,117,95,86,97,80,91,26,98,113
4747,81,119,113,108,110,87,76,118,112,75,116,91,111,99,109,88,117,24,86,98,107,104
4748,110,102,90,85,95,112,29,70,111,77,4,80,113,101,105,83,103,97,50,108,75,94,78,98,59,93,81,57,60
4749,118,74,96,108,73,87,99,76,110,79,117,77,91,78,29,113,101
4750,29,82,105,109,92,73,94,91,88,90,76,6,81,75,1,118,108,113,79,101,19,74,110,87,98
4751,57,77,85,94,67,90,108,86,93,76,110,116,78,109,70,38,99,29,107,104,88
4752,78,85,87,119,111,106,75,96,116,113,88,105,94,76,115,73,28,104
4753,74,78,86,98,115,87,116,75,81,96,109,112,79,70,22,73,107,90,92,91,83
4754,76,88,103,113,98,74,96,90,75,95,110,107,118,104,36,82,79,108,101,112,93,80,85,117,83,24,105,109
4755,80,109,77,112,83,111,70,75,81,116,115,29,87,105,110,94,86,103,74,85,119,51,42,79,101,67
4756,29,109,94,96,79,101,115,88,111,103,75,107,74,117,83,54,98,80,81,51,91,86
4757,81,119,88,90,83,94,99,109,75,103,85,77,78,27,106,96,101,51,73,118,91,54,116,107,87,30,98,102,74
4758,91,117,105,70,87,109,80,115,51,112,90,98,17,103,74,100,95,97,50,82,84,86,111
4759,81,86,119,118,98,79,88,85,105,106,101,99,108,78,102,107,67,80,69,93,90,109
4760,107,85,57,95,105,102,77,99,87,78,80,118,76,119,96,74,46,86,29,73,103
4761,85,98,80,83,105,95,115,108,117,99,77,57,30,29,46,79,96,76,87,73,107,111,70,6,74
4762,98,54,102,75,106,110,29,81,86,83,90,77,113,91,63,50,112,79,74,107,103
4763,76,81,92,98,88,80,90,113,78,83,101,108,97,4,99,74,119,106,91,117,112,105,107,96,31,30,67
4764,118,85,88,87,116,112,103,75,119,105,86,90,109,94,108,70,77,78,99,82,104,115,15
4765,102,76,91,78,111,90,74,112,104,113,106,108,103,92,86,85,101,83,79,32,109,119,107
4766,117,75,113,74,112,70,57,115,98,103,119,107,118,104,100,90,106,85,41,105,102,29,110,82
4767,70,57,94,86,90,77,119,113,87,82,30,98,88,110,73,85,59,80,76,107,101,91
4768,70,117,92,99,116,107,96,104,101,106,110,80,81,109,30,98,83,77
4769,90,75,79,86,80,108,81,101,94,113,107,96,106,111,116,73,112,104,99
4770,108,94,87,91,83,117,70,76,111,79,88,75,112,113,116,82,85,29,77
4771,102,76,81,110,108,94,29,118,99,101,106,115,30,91,119,83,35,85,96,74,88,103,105,80,109,79
4772,77,112,109,118,98,110,106,99,74,70,90,104,29,30,101,57,119,88,82,96,85,108,113,81,117,43,55,78,4,80
4773,108,90,116,96,86,57,83,70,29,87,73,81,91,117,77,119,85,78,109,67,113,115,102
4774,80,98,86,112,103,119,104,88,109,94,83,57,105,78,117,115,90,41,87,96,76,91
4775,117,83,52,87,103,90,76,75,109,95,118,81,73,49,112,80,106,51,111,91,78
4776,116,117,85,79,83,57,81,70,119,78,105,92,107,17,75,113,109,95,77,104,89,111,82,115
4777,85,108,75,106,99,96,90,111,109,82,119,83,73,103,76,81,107,47,78,16,113,104,105
4778,88,73,87,78,79,112,118,70,86,85,83,104,115,56,93,10,110,54,108,90,101,75
4779,80,74,86,90,109,98,119,92,116,101,104,93,107,29,91,112,35,48,83,97,11,105,95
4780,75,96,101,117,80,105,57,108,4,70,81,99,116,91,64,94,98,56,103,82,90,87,113
4781,99,81,85,80,103,110,91,115,101,106,51,118,32,98,96,66,116,83
4782,103,115,82,77,104,76,88,113,101,78,107,99,23,119,110,81,86,90,15,108,106,94,105,79
4783,115,88,75,117,70,76,78,81,100,109,108,80,94,91,87,57,110,119,98,107,103,4,112
4784,117,86,111,90,81,96,105,74,82,80,113,107,75,85,91,102,83,94,116,108,18,93,70
4785,74,96,113,90,112,76,30,106,91,110,77,116,94,87,4,83,103,16,48,104,24,80,119,108
4786,91,103,108,109,73,70,86,85,90,75,80,112,57,81,99,76,98,51,115,30,101,74,87,116
4787,119,115,51,86,81,70,85,113,109,108,75,79,57,102,91,112,45,92,2,98,101,105,43,88
4788,75,109,117,76,73,107,106,116,78,90,110,80,101,83,85,96,70,105
4789,102,117,29,103,101,73,75,92,112,94,76,96,90,87,70,105,15,14,93,116,119,104,83
4790,107,80,116,87,110,91,112,86,73,88,90,75,115,96,117,105,85,118,98,79
4791,82,76,101,86,99,96,94,80,74,102,91,111,78,3,88,108,73,38,70,103
4792,93,118,113,88,78,73,106,86,81,109,119,96,75,52,12,111,97,79,91,83,115
4793,87,113,96,115,108,83,91,73,70,118,90,80,36,75,106,12,78,103,46,85,69,99
4794,75,92,98,61,111,78,102,96,70,112,101,9,85,119,73,57,66,29,110,86
4795,86,105,75,87,73,116,107,78,96,115,76,98,101,109,110,91
4796,111,81,77,106,74,73,118,116,102,105,82,83,85,92,80,110,90,75,94,96,89,70,119,99
4797,74,90,73,101,99,116,81,82,76,51,75,112,102,95,45,29,22,94
4798,96,87,108,98,116,113,86,118,112,95,93,82,106,110,107,39,89,76,5,94
4799,91,88,99,119,90,109,112,110,108,76,70,98,85,83,78,115,104,87,117,54
4800,113,92,77,112,105,91,110,57,118,115,82,96,90,80,111,70,51,97,117,85,116,101,62,73,76
4801,79,119,90,94,86,115,118,100,74,108,96,102,103,29,75,82,77,20,8
4802,77,57,91,99,81,110,92,85,29,51,103,30,96,70,86,56,115,90,117,73,119,65,116,44,93,112
4803,86,104,113,82,88,99,96,57,75,85,106,105,81,70,50,116,94,16,52,79,110,115,98,112,55,111,19,118
4804,108,82,103,75,112,70,92,78,96,90,80,100,109,111,71,119,106,98,94,118,27,67,110,115,81
4805,78,90,107,88,70,24,79,104,30,96,29,105,84,112,86,71,116,113,110,39,111,117,74
4806,117,96,113,85,109,80,76,78,86,112,73,115,104,100,101,90,79,118,110
4807,91,103,117,73,108,95,106,96,118,111,70,78,94,104,85,81,105,112,90,113
4808,80,83,101,82,92,108,100,57,87,106,2,74,85,111,84,96,117,88
4809,73,118,107,116,86,70,85,110,103,119,102,109,79,78,96,80,90,64,77,29,61
4810,57,103,96,75,82,74,111,86,100,73,110,115,113,118,43,112,92,106,38,54,98,81,79
4811,108,109,110,116,119,79,87,85,75,88,90,107,98,91,106,95,94,73,115,33,111
4812,112,80,91,82,78,76,83,113,75,117,96,100,108,115,57,111,101,70,118,94,28,109,46,90,110,66,98
4813,88,112,73,119,57,76,106,110,90,94,79,100,91,7,75,38,109,92,113,102,103,74,111,101,115
4814,101,75,86,96,70,78,108,73,79,115,112,116,110,91
4815,83,90,106,79,74,78,111,102,108,107,110,77,113,105,104,85,91,71,112,81
4816,95,75,86,117,80,94,108,74,101,91,105,116,47,111,42,96,87,78,107
4817,57,119,110,79,83,102,111,94,87,90,30,109,118,89,2,86,105,115,21,116
4818,96,102,116,99,81,82,98,87,78,76,111,67,79,83,34,69,105,70,29,106
4819,101,76,83,79,118,112,103,30,57,50,92,111,75,70,82,105,107,85,91,90,88,117,115,86
4820,77,85,88,101,108,109,33,80,70,116,90,47,117,75,113,83,65,102,86,107,98
4821,81,77,111,83,107,113,24,108,80,42,106,112,90,96,65,85,114,110
4822,93,118,119,57,110,101,83,111,107,113,85,10,80,105,73,20,24,70,106,19,86,96
4823,107,88,109,90,57,30,108,80,105,106,94,81,113,29,73,101,116,117,102,85,87,44,111,79
4824,115,108,118,94,104,106,112,77,74,87,80,83,113,101,78,73,79,71,98,85,82,116,86,61,105,7,90
4825,115,92,101,119,93,91,107,109,108,63,85,9,80,21,43,83,66,112,65
4826,87,79,91,75,109,83,119,78,98,76,110,108,73,103,80,116,114,85,66,88,96,90
4827,86,73,98,82,75,78,76,119,79,105,110,115,24,71,77,103,61,74,85,91,80
4828,118,77,80,96,91,112,74,81,110,82,79,115,105,119,109,7,108,103,63,70,99
4829,70,73,118,96,99,116,110,107,86,82,76,94,112,105,88,65,57,114,108
4830,99,119,91,110,77,109,96,87,118,113,76,94,73,101,86,107,105
4831,109,83,103,111,112,78,54,73,77,104,85,88,96,94,80,105,117,42,70,118
4832,75,34,74,70,117,87,108,110,5,11,25,109,79,111
4833,87,117,101,102,78,106,75,76,95,119,96,116,108,92,100,15,111,24,31,99,9,79
4834,86,110,77,116,78,113,96,111,91,80,108,37,4,88,102,90,115,101,119,67,106,76,98
4835,57,88,87,91,107,79,81,113,75,118,20,70,63,110,37,5,111,31,74,108,58,67,78,106,29
4836,90,57,77,96,102,110,101,24,103,76,118,104,74,93,80,73,115,19,58,33,88,78
4837,111,99,74,87,108,86,90,110,118,107,80,94,116,96,85,98,88,113,102,64,112,91
4838,79,82,108,91,57,118,88,81,104,78,116,119,107,99,102,87,96,90,117,93,100,6,85,29,54
4839,77,73,106,78,103,74,76,86,104,113,116,75,98,112,99,79,90,107,100,91,110,94,117,83,33,57,96,24,87,93
4840,78,75,110,98,101,108,109,105,82,106,30,103,80,87,76,79,61,22,1,94,33,113,39,85
4841,92,108,77,111,85,75,96,110,57,99,86,1,30,101,4,105,29,49,42,87,38
4842,98,91,109,80,107,81,108,85,78,88,110,54,96,114,57,83
4843,117,92,80,96,91,107,94,111,88,90,105,70,102,85,99,115,108,73,103,86,78
4844,70,77,110,86,112,113,105,108,104,107,92,90,81,95,85,78,99,19,75,119,74,83
4845,108,86,92,75,74,57,94,113,53,115,103,54,97,30,117,107,118,110
4846,106,112,87,81,111,109,116,105,94,108,119,99,90,88,96,102,104,38,17,77,73
4847,118,86,87,112,113,90,92,78,57,107,110,119,106,54,80,93,76,108,117,73,83,70,101,111
4848,100,88,73,98,70,102,85,116,91,87,96,117,113,107,81,82,108,92,103,104,112,83,95,93,118,106
4849,94,110,83,29,76,87,70,88,113,99,82,109,73,8,119,103,48,57,115,101,77
4850,95,77,85,109,29,86,92,116,74,70,75,80,81,90,91,17,115,101,73,103
4851,118,83,106,74,75,90,107,73,79,112,111,102,76,82,80,91,101,51,105,70,77,81
4852,106,87,88,96,115,101,108,104,86,118,112,76,57,78,110,113,103,109,26,63,70
4853,110,80,81,100,86,98,73,104,106,85,116,118,107,78,105,57,71,99,64,46,111,83,90,114,23,91,77
4854,110,70,74,105,81,73,83,29,117,115,57,99,30,79,77,112,61,96,103,91,78,116,111,109,94
4855,78,103,79,82,102,83,57,86,75,73,91,77,104,105,9,100,80,38,74,116
4856,107,100,79,75,78,85,108,115,87,119,101,116,102,117,80,56,76,91,106,54,90,70,118,19,86,82
4857,76,73,109,106,82,88,77,81,90,80,105,75,85,4,87,102,30,113,116,86,118,11,83,94,99,96
4858,110,113,86,36,96,74,107,106,104,29,24,12,76,119,111,108,11,83,30,102,84,101,118,48
4859,87,105,116,102,83,79,80,88,115,91,104,106,108,81,77,92,78,59,117,94,98,65,70
4860,81,86,78,98,111,113,99,75,119,70,85,73,57,112,117,94,80,101,108,116,115,29,103,110
4861,99,70,115,107,75,111,101,57,112,77,73,74,76,88,86,102,110,79,117
4862,80,115,73,83,112,78,106,96,90,119,116,118,52,4,75,105,39,85,11,98,82
4863,88,79,74,116,86,110,80,106,87,73,105,9,76,40,96,81,113,18,85,101,109,57
4864,110,108,109,79,75,81,80,95,70,111,116,29,88,94,91,96,87,93,44,107,92,106,38,76,57,115
4865,104,81,99,74,30,101,94,80,118,111,82,85,83,96,75,54,87,73,51,110,95,102,106,119
4866,110,98,74,80,94,70,77,109,73,115,106,87,99,75
4867,74,70,29,94,101,110,79,90,75,87,115,57,98,116,108,109,65,118,77,91,114,113,106,76,102
4868,78,90,80,88,101,81,113,91,116,106,76,85,74,99,75,77,83,100,98,94,30,108,115
4869,104,83,77,117,112,82,86,100,51,74,110,94,93,91,57,4,96,78,81,118,111,108,25,44,73
4870,78,98,91,102,111,90,79,103,75,82,70,49,80,56,106,83,119,114,109,105,64,112
4871,85,103,77,96,116,98,94,86,119,91,111,113,76,74,109,107,105,100,101,115,4,57,83,118,11
4872,93,77,115,106,54,96,81,116,98,95,99,101,74,73,111,70,80,102,104,57,83,78,86,91,119,82,113,103,88
4873,85,111,98,108,79,112,76,73,109,106,86,102,66,38,91,33,55,101,59,26,105,70,12
4874,115,117,106,82,79,110,70,118,111,116,86,96,100,74,112,4,108,81,91,23,77,113,13,90,88,119,92,73,94
4875,101,79,110,96,74,87,99,90,102,107,112,106,77,118,83,81,35,86,80,76,105,94,92,85
4876,106,94,90,88,77,108,70,101,74,6,87,111,22,118,81,85,78,119,57,107
4877,82,108,98,86,81,88,116,107,119,118,115,70,74,91,83,109,77,113,29,103,80,92,90
4878,78,73,107,91,70,57,29,85,81,56,116,113,74,88,117,108,82,87,106,76,112
4879,116,98,80,115,113,75,74,91,106,92,87,107,103,111,27,94,119,43,101
4880,87,99,78,94,96,85,90,117,104,86,107,76,75,105,79
4881,118,82,74,83,109,116,96,105,94,88,99,113,78,98,24,103,115,108,57,79,104,112,101,75
4882,78,73,111,102,57,80,29,60,42,110,115,90,101,103,108,24,95,109
4883,91,78,105,103,87,57,86,113,108,88,115,83,76,109,117,99,102,110,82,51,73,18,119
4884,112,75,82,83,70,91,98,76,119,80,85,74,95,79,117,51,54,90,57,81,107,30,9,37,115
4885,73,110,98,103,90,104,83,96,116,77,112,85,107,2,43,88,27,28,119,57,91,117,82,101
4886,96,112,79,94,76,107,99,75,29,86,77,74,4,115,113,106,117,116,104,73,92,91
4887,99,29,103,73,78,81,108,90,106,116,32,75,107,95,74,59,111,22,101
4888,96,110,88,98,73,92,74,75,80,118,116,103,104,115,78,90,94,101
4889,75,105,118,80,111,104,73,90,74,110,113,115,5,99,98,47,83,86,13,103
4890,115,99,82,110,86,74,88,109,106,116,85,70,79,80,87,98,9,45,107,101
4891,80,108,106,81,57,98,73,118,88,115,70,117,78,64,112,63,75,24,111
4892,113,105,81,96,109,101,98,116,117,111,94,119,91,30,115,90,76,70,110
4893,111,91,112,75,103,118,98,87,90,113,30,70,102,32,9,79,96,107,81,83,117,86
4894,111,91,116,88,96,117,106,108,98,97,70,82,99,80,107,105
4895,83,88,106,116,104,73,119,108,80,101,75,95,76,85,6,70,4,99,77,107,25,109,82,91
4896,101,118,76,75,77,115,88,87,73,110,99,79,111,30,78,14,117,86,116,85,24,74,108,98
4897,103,113,73,102,112,118,81,78,108,83,94,88,75,79,91,15,107,104
4898,115,99,112,75,111,108,2,70,82,106,104,103,105,98,81,90,101,76,116
4899,113,29,110,78,82,76,79,106,112,73,111,70,118,88,109,81,83,101,102,74,37,116,117,119,30
4900,111,79,115,119,96,112,113,82,106,81,85,90,99,78,75,49,100,101,32,98,54,91,42,103,61
4901,118,115,73,83,78,92,76,88,103,109,79,112,96,113,111,104,108,14,86,93,80,94
4902,98,110,82,108,85,94,111,105,106,101,83,119,81,109,96,70,75,26,73,66,91
4903,96,111,116,94,77,87,105,91,79,82,73,86,36,118,81,74,117,103,4,28,113,56
4904,112,102,79,109,83,103,29,99,75,86,77,116,117,96,80,88,90,85,91,101,115,41,98,100,95,76
4905,107,83,116,81,100,110,74,93,103,96,105,24,94,76,70,91,75,85,31,112,115,104,58,82,57,99,87
4906,112,118,78,94,83,115,109,87,80,116,108,102,113,92,91,90,96,82,85,74,79,107,15,111
4907,107,103,91,78,85,73,70,79,76,75,87,117,113,119,88,81,82,108,17,104,110,102,109
4908,80,119,108,88,116,70,112,104,83,96,73,77,98,57,85,113,87,107,75
4909,86,90,96,85,83,113,57,109,101,79,98,108,107,116,73,74,70,93,119
4910,90,79,80,101,75,82,91,86,112,115,100,88,77,110,104,99,81,94,70,78,111,98
4911,86,112,113,51,111,103,105,104,119,110,73,109,118,42,28,116,101,85,29,76,81
4912,107,91,70,81,106,104,111,74,101,86,76,118,115,96,102,73,87,47,88,119,112,24,56,12,103,108
4913,92,83,57,91,106,99,73,94,115,76,105,78,70,85,87,112,81,98,54,116,86,84,47,113,119
4914,118,81,96,82,83,110,79,105,29,108,74,84,112,95,100,80,55,91,103,87,98,18
4915,57,115,85,79,86,94,88,106,70,96,87,29,52,111,78,30,28,112,2,91,75,107,113
4916,87,99,76,91,119,111,116,112,109,108,83,103,85,73,80,82,101,96,70,78,75,98
4917,112,111,106,110,115,109,98,81,79,74,95,103,61,105,99
4918,81,94,116,76,80,106,85,112,77,79,108,101,98,103,74,118,75,82,100,87,113
4919,102,108,115,118,82,92,88,116,98,81,80,111,75,70,93,100,76,101,91,113,106,109,83,15,90,29
4920,77,81,93,75,87,92,94,103,98,111,83,78,117,86,73,110,100,101,116,109,106,112,79
4921,80,115,96,73,88,74,29,77,94,99,98,21,108,55,103,119,111,101,78
4922,82,109,78,116,88,70,92,91,98,79,74,87,113,86,108,100,118,110,104,80,4,96,65,7,52,94,51,112,105
4923,105,70,77,75,74,82,100,111,113,86,91,90,116,87,80,79,96,30,16,103,76,85,2,94,81,118,110,117,29
4924,81,78,90,74,87,76,95,111,98,101,91,108,107,113,85,79,99,80,75,94
4925,73,113,99,103,112,88,90,108,57,76,83,104,119,109,106,87,85,86,100,110,101
4926,104,108,92,118,76,79,115,83,75,119,98,86,70,112,103,82,102,26,65,87,7,80,93
4927,92,100,112,98,106,78,107,104,96,87,118,102,77,93,115,99,117,72,95,91,119,83,70,90,113,101,73
4928,107,91,90,83,98,112,113,30,106,96,93,87,118,99,88,74,78,81,70,51,109,115,94
4929,57,87,75,105,81,119,29,86,103,106,115,76,90,91,88,98,73,95,74,93,116
4930,110,112,103,78,85,94,106,70,74,116,5,109,108,57,90
4931,115,57,110,88,108,80,82,116,106,94,8,86,4,97,30,75,92,85,119,74,104,100,65,113
4932,113,118,83,91,94,98,75,116,100,101,96,110,119,79,10,108,1,115,99,73,90,92,87,77
4933,87,79,110,106,117,119,118,82,88,115,75,96,99,15,112,104,105,80,8,116
4934,101,75,108,74,115,80,106,92,30,112,110,107,104,1,118,98,116,111,71,57,38,103,78,77,99,70
4935,73,111,112,86,74,118,98,83,87,70,75,101,102,81,106,90,65,99,116
4936,74,100,99,105,78,118,101,85,112,110,119,111,82,94,50,107,14,108,83,113,57,54,116,76
4937,90,111,86,88,106,118,108,73,113,87,107,81,112,91,85,70,77,54,98,110,83,80
4938,111,88,70,98,101,87,29,78,110,83,90,117,103,80,96,116
4939,91,109,70,112,73,85,98,118,77,74,101,107,75,82,79,105,94,119,99,81,87,28,53,108,31,92
4940,116,96,115,83,105,102,91,79,81,89,112,109,76,97,60,38,94,117,78,52,98,99
4941,118,94,116,74,85,98,105,29,95,87,90,1,73,99,76,78,96,106,101,103,119,113,77,30,117
4942,78,90,99,82,117,107,57,12,110,119,98,118,55,75,7,108,115
4943,85,77,9,116,70,87,113,101,92,110,83,29,99,111,90,104,91,100,64,79,112,46,84,106,76,86,57,68,118,102
4944,93,76,104,57,96,109,111,92,85,117,82,63,91,68,17,77,94,99,102,14,2,112,16,73,18,107,65,116
4945,74,99,111,73,86,119,106,107,110,82,102,118,105,94,108,75,96,91,113,112,87,114,103,104
4946,116,90,76,79,83,75,105,115,87,82,108,101,78,113,98,91,71,94,77,114,86,4,119,104
4947,93,81,100,103,99,57,101,115,91,109,112,88,82,80,90,106,113,70,102,60,119,85,54,52,111,108,116
4948,75,102,108,57,105,119,106,101,98,80,41,35,107,29,109,95,14,60,86,73,82,113,85,118,99,87,116
4949,100,104,88,81,85,112,105,110,99,102,73,75,83,70,113,119,97,78,79,115,84,117,32,93
4950,85,92,78,102,112,103,57,117,77,75,82,80,50,119,101,111,24,107,91,29,76,3,106,71,98,30
4951,102,95,77,119,81,91,83,86,110,76,105,85,115,73,99,104,113,82,117,87,79,88,50,107,96
4952,82,116,80,77,111,96,112,104,88,106,81,79,98,83,105,74,92,117,87,57,101,91,70
4953,82,118,105,102,80,29,30,73,90,85,100,78,59,99,61,107,94,87
4954,115,82,85,112,111,101,78,74,96,106,70,81,90,80,92,116,29,86,100,113,118,28,73,108,95,98
4955,80,109,113,87,74,98,99,111,86,70,108,115,105,94
4956,111,74,86,77,110,103,106,82,90,108,70,112,117,115,104,109,75,81,99,98,101,87,119
4957,117,110,79,111,91,101,102,99,75,115,118,90,77,69,11,71,28,73,86,113
4958,74,29,107,92,117,103,85,108,99,119,86,102,70,57,5,88,76,106,91,112,82,10,75
4959,92,80,113,88,106,96,103,74,78,107,75,100,110,86,98,73,81,91,82,112,109,95,57,76,38,77,55
4960,98,106,83,74,96,103,78,107,112,110,101,111,80,79,75,70,113,116,97,88,46,102,119,82
4961,80,87,117,74,111,79,85,119,118,101,82,54,90,105,99,11,88
4962,78,119,73,96,109,110,106,70,94,98,90,107,57,85,83,76,108,101,51,99
4963,98,70,115,90,94,88,102,111,76,119,101,75,95,108,118,117,105,91,96
4964,86,93,76,101,111,108,98,94,88,82,91,117,116,109,118,27,15,90,103,102,57,73,80,74,14,78,100
4965,80,104,94,92,113,117,116,75,79,96,109,82,100,91,78,111,119,87,105,101,81,83,54,74,88
4966,29,83,76,102,70,85,86,118,105,4,24,100,80,81,95,116,13,110,31,99,74,114,90,107,109,92
4967,74,107,90,87,96,29,76,113,103,70,104,98,115,110,85,54,79,106,91,101,94,75,119,78,102
4968,80,110,112,119,115,109,81,57,83,78,73,49,113,51,35,104,6,117,70
4969,119,87,83,91,79,113,78,108,77,90,82,115,96,99,106,109,101,94,98,13,73
4970,118,96,80,70,115,73,83,94,99,90,111,116,82,79,105,16,4,77,75,68,34,88,107,104
4971,85,79,116,117,70,73,30,91,94,99,118,88,109,115,82,87,110,96,98,38,107,106,83,80
4972,99,113,92,102,117,109,91,86,103,95,111,70,76,119,24,13,112,115,110,83,54,101,80
4973,82,101,115,112,106,76,73,80,109,100,98,74,75,60,79,111,24,70,102
4974,29,117,86,98,88,92,99,76,79,75,77,30,83,74,70,109,57,73,116,82,107,111,118,28,19,90
4975,91,112,90,70,104,97,110,79,29,100,98,106,113,115,105,24,77,117,103,11,83,82
4976,82,29,75,109,86,115,96,119,51,81,93,91,55,44,6,80,8,118,4,113,100,101,76
4977,78,76,90,100,105,111,95,82,99,88,46,91,106,85,74,28,75,47,77,119,117,102
4978,113,118,106,78,81,104,94,87,96,103,80,88,41,110,9,91,102,85
4979,94,79,111,115,88,96,107,116,112,70,78,87,80,85,95,73,109,113,108,110,106,24,75,101,105
4980,113,119,92,75,95,74,83,81,111,103,82,76,91,87,117,110,99,78,118,104,112,71,88,116,107,96,86
4981,101,115,110,117,76,87,118,112,90,111,96,85,31,113,103,105,74,63,81,102,104,106,99
4982,85,99,113,57,116,70,78,106,77,74,109,81,117,98,73,83,75,88,115,111,61,80,91,104
4983,111,54,113,108,74,116,57,96,70,105,80,103,117,82,98,110,97,31,79,92,90,56,83,46,107,85,86,87
4984,107,85,80,101,110,104,108,75,106,73,105,94,119,56,88,95,118,99,115,25,90,33,102,92,4,91,83,112,41,38,109
4985,87,92,99,76,91,70,106,95,30,75,111,79,56,105,118,6,86,90,88,43,119,116,81,102
4986,96,109,117,81,112,98,110,105,91,42,101,48,74,88,86,53,64,113
4987,79,111,29,116,82,109,96,103,118,105,57,90,80,77,83,106,110,76,101,24
4988,91,107,101,115,82,103,111,92,116,75,100,109,112,81,113,24,70,118,119,86,66,90,74,105,98
4989,29,92,111,86,78,106,90,82,105,108,96,75,30,74,15,94,44,98,88,112,24,18,115,119,93
4990,78,74,73,112,106,117,81,102,30,107,87,103,118,75,98,86,96,13,83,91
4991,87,115,112,74,77,104,118,86,76,91,88,111,65,80,108,90,98
4992,109,70,80,77,76,29,113,108,119,116,94,83,112,91,17,97,2,67,88
4993,115,79,85,86,76,96,100,95,75,113,98,81,105,74,88,112,68,70
4994,115,78,116,81,111,119,96,109,91,75,105,79,117,48,108,74,83,73,76,51
4995,115,92,99,94,85,86,100,110,87,57,109,79,107,4,106,117,88,104,102,91,24,116
4996,108,91,77,98,119,87,70,107,115,99,94,96,76,82,35,101,105,43
4997,77,85,116,115,76,86,79,80,110,106,78,101,93,95,57,104,99,70,118,90,18,91,74,103,83
4998,92,113,51,82,94,75,103,77,91,108,100,110,79,105,25,106,111,87,116,3,80,96,57,112
4999,111,108,80,91,74,76,86,81,106,75,105,90,64,78,110,99,79
5000,96,78,86,57,104,87,79,47,106,115,82,77,85,90,98,5,113,88,107,83
5001,92,106,113,83,80,110,105,75,94,74,103,87,101,96,86,40,90,107,88,51
5002,106,87,73,101,81,91,113,105,94,109,117,57,103,72,118,64,112,75,17,90,54,119,88,111,37,69,79,38,30
5003,83,112,78,92,80,117,118,70,119,87,99,88,86,54,116,104,74,82,77,96,95,103
5004,90,115,88,106,82,107,108,100,74,113,70,96,86,105,116,67,83,118,78
5005,83,96,111,74,106,107,101,100,73,95,88,91,108,93,109,82,119,57,116,98,113,85,94
5006,116,102,118,77,113,82,112,115,29,87,109,92,79,90,85,103,107,75,78,81,44,24,99,108
5007,57,51,110,90,111,75,96,88,70,118,98,103,94,81,73,66,68,77,117,79,104,31,61,119,115,84
5008,96,106,85,87,82,88,75,99,73,105,103,118,101,117,30,86,109,80,76,57,115,116,18
5009,119,91,86,82,76,107,94,83,110,70,73,109,105,29,113,7,24,4,54
5010,86,82,96,80,75,117,73,92,91,110,104,98,30,99,76,107,83,95,116,105,70,89,100,29
5011,109,101,102,57,113,79,91,73,30,38,88,77,107,24,85,78,93,115,104,29,35,99,48,106,74,98,108,114,111
5012,92,82,81,99,88,83,100,96,104,118,94,116,111,57,80,90,119,97,87,102,98,66,78,75
5013,76,107,93,29,57,51,106,109,117,96,111,113,75,30,81,54,112,116,104,108,78,91,77,95,3,89,90
5014,79,82,103,104,94,111,107,57,83,29,101,77,100,86,70,92,90,113,99,81,51,45
5015,112,75,73,94,107,77,103,115,99,85,81,76,102,79,58,74,31,88,80,96,118,101,106
5016,76,95,85,29,107,4,110,113,81,86,78,96,33,50,117,105,90,98,91
5017,108,94,83,73,100,118,119,77,107,76,99,57,80,87,109,88,29,111,92,96,103,81,75,115,106,101,79,82
5018,93,78,83,101,30,87,113,85,99,90,118,73,115,80,75,79,104,57,106,74,59,70,81,117,76,77
5019,88,91,76,78,118,109,107,94,83,108,92,99,53,105,70,101,69,103,115,116
5020,108,98,118,73,87,76,115,90,81,77,101,95,67,111,74,93,119,69,106,116,80,83,70,110
5021,90,51,109,115,88,103,117,75,77,57,116,119,54,98,96,56,69,83,78,106,112,118,79,76
5022,51,81,119,110,111,108,117,70,109,103,99,87,86,79,57,77,94,83,30,85,101,106,17,98
5023,118,104,108,109,101,110,117,102,103,79,106,91,111,81,73,94,17,24,88,78,74,85,75,43,98,115
5024,87,75,109,96,94,119,83,74,118,117,103,105,88,113,86,116,107,76,91
5025,90,116,110,96,76,115,102,97,57,108,81,101,65,79,51,94,28,87,23,98
5026,73,94,108,98,70,75,91,104,80,118,88,85,110,95,37,116,12,101,105,107,119,86,90,93,103,113
5027,96,81,107,115,78,119,105,113,73,98,74,75,111,101,110,47,106,112,91,52,87,90,57
5028,103,90,109,79,83,92,113,91,111,87,102,118,78,52,80,86,88,110,73,70,69,99,9,8,54
5029,80,77,74,111,92,95,100,119,105,101,87,109,85,73,48,70,104,102,112,78,113,83,76,108,5,88,24,96,75
5030,110,119,118,75,117,57,99,108,102,87,78,30,79,94,85,103,73,76,46,111
5031,73,116,99,96,75,110,119,87,102,107,77,79,108,88,67,111,112,113,81,51,98,76,43,17
5032,119,85,117,88,118,70,98,75,94,74,39,115,56,108,110,109,57,83,91,103,102,99,82
5033,75,29,94,78,81,90,105,74,80,101,115,51,76,95,98,100,82,110,57,32,106,86,102
5034,98,29,99,108,86,80,74,81,77,85,111,70,91,117,95,96,51,76,101,26,109,40
5035,88,115,102,80,81,76,95,109,75,106,119,27,79,117,96,78,40,116,104,72
5036,57,117,74,113,75,109,99,80,101,111,91,105,86,90,98,94,116,79,119,92,4,87,115,110,85,107,96
5037,104,99,91,119,82,96,75,76,110,77,74,73,79,111,106,107,101
5038,70,79,73,113,30,107,116,90,87,76,110,96,83,101,119,85,18,86,46,9,78,117,109,94
5039,57,99,86,115,91,92,82,65,116,85,74,83,76,112,105,78,89,6,103,29,15,87
5040,78,87,93,95,85,117,116,88,107,102,2,6,90,68,70,106,76,27,99
5041,80,99,98,87,91,101,112,85,107,115,88,74,106,94,111,109,102,113,116,104,5,96,75,30,119,86
5042,57,73,90,109,119,106,111,95,102,76,112,81,104,108,101,92,96,99,30,116,117,98,85,68,88
5043,82,86,107,92,108,111,118,76,80,75,105,117,88,103,4,69,116,95,89,91
5044,92,106,90,109,118,99,116,78,77,91,75,101,81,119,95,111,74,87,80,104,107,115
5045,111,75,118,107,77,108,99,83,102,113,105,94,116,85,86,91,55,112,88,1,80
5046,88,79,83,90,105,91,73,99,118,85,109,102,98,106,107,75,101,38,70,80,96,81,4,117,110,30,74
5047,116,91,104,109,83,119,115,102,87,90,117,103,3,118,54,12,98,24
5048,76,115,117,86,98,99,75,108,94,70,106,71,118,113,77,109,107,91,96,2,33
5049,98,86,75,94,113,100,111,110,96,119,88,109,82,85,51,70,50,83,102,106,77
5050,115,75,90,103,118,101,76,110,86,80,109,95,78,111,106,102,91,88,6,104,113,119,96,93
5051,87,80,105,91,116,118,110,94,108,70,82,99,73,78,75,119,46,47,81,76,4,90
5052,29,112,80,85,106,90,76,94,74,116,75,102,86,78,101,108,107,92,57,100,73,54,113,3,21,95,48,99,67
5053,107,80,82,81,83,105,70,108,75,87,101,117,109,95,98,112,94,39,73,86,118,23,106,93,99
5054,91,115,106,77,85,90,54,88,109,78,56,116,101,58,107,81,73,113,70,110,29,103,94
5055,78,112,113,91,108,74,73,79,103,57,109,119,111,104,81,75,105,82,54
5056,29,105,54,91,94,106,76,73,112,109,116,74,96,78,87,115,119,61,85,30,38,79,110,16,75,44
5057,77,114,75,94,83,87,111,70,109,105,54,80,119,106,57,74,73,93,102,104,108,79
5058,77,117,115,108,57,95,105,86,113,119,91,85,30,29,109,116,90,99,96,106,102,54,73
5059,116,80,90,118,87,96,83,88,105,94,81,21,92,101,100,107,119,103
5060,77,109,91,82,116,96,102,115,78,104,29,30,100,83,106,94,101,112,107,90,5,110,57,118,117
5061,103,114,118,104,70,119,116,83,90,74,108,115,30,96,86,105,64,100,102,109,85,87,6
5062,102,118,98,101,110,107,85,94,77,35,119,88,115,74,75,70,83,80,91,92,76,90
5063,96,74,78,82,92,57,87,77,75,107,100,81,112,24,110,99,101,51,103,88,38,86,105
5064,92,101,109,75,112,102,85,118,70,81,29,95,106,90,111,87,80,99,13,60,108,107,116
5065,98,111,102,70,82,101,86,109,57,29,76,96,51,90,112,106,88,117,35,4,110,73,99,83
5066,73,90,94,112,78,119,86,107,74,103,108,101,79,102,118,96,35,99,115,56,53,87,98,110
5067,96,78,90,118,112,116,117,115,100,70,102,74,57,119,76,65,49,19,94
5068,98,70,102,81,105,94,96,116,90,108,29,38,119,49,57,64,92,103,79,106
5069,112,119,81,109,98,76,117,85,50,94,77,70,32,55,75,87,104,92,78,115
5070,118,70,85,99,73,94,76,110,79,88,86,103,56,98,92,80,30,8,78,57,119,109,107
5071,74,88,87,70,98,119,91,102,90,29,105,94,107,112,95,113,109,83,73,86
5072,101,113,70,104,110,92,75,118,82,73,100,80,85,108,78,103,6,116,65,76,86,81,74,112,95
5073,112,87,94,85,116,108,70,98,107,73,109,35,40,14,36,78,93,118
5074,101,102,118,115,85,73,91,76,90,112,87,119,111,106,99,95,98,105,74,78,114,107,88,116,79
5075,73,70,81,110,106,29,101,76,82,102,90,104,75,94,86,30,4,78,91,100,80,35,111,117,118,12,74
5076,82,85,77,86,90,106,99,98,112,109,104,119,56,108,94,70,73,71,113,75,17,103,80,115
5077,80,113,101,108,75,98,87,115,79,104,105,90,88,110,74,96,109,77,86,24,76,117,99,100,106
5078,90,75,99,96,91,74,108,105,107,76,118,111,94,106,95,77,109,12,73,104,46,44
5079,73,87,94,118,83,88,117,57,110,109,70,116,111,106,115,119,96,81,13,85,79,53,90
5080,80,76,91,75,74,103,78,96,99,101,102,73,112,98,92,94,105,117,85,100,25,48,81,116,106
5081,73,86,35,57,98,99,77,101,102,109,81,80,74,105,115,91,37,113,88,79,75,110,92
5082,107,99,111,94,85,82,86,75,80,77,98,105,115,106,79,116,101,87,110,103,83,88,95,102,92,119
5083,57,111,83,81,79,112,75,101,85,86,30,99,76,87,91,92,11,77,29,98,20,118,24,103,95,94
5084,118,79,99,110,87,70,76,82,78,74,108,77,101,116,81,83,115,112,94,96,109,80,18,98,95,85,119
5085,104,75,103,74,116,78,88,86,83,99,115,93,42,100,57,101,34,105,80,73
5086,94,108,117,96,106,74,81,113,93,75,77,82,90,99,111,107,14,73,86
5087,96,106,113,94,70,117,110,99,102,91,76,13,112,78,104,119,81,88,98,108,115,80,82,79,73,77,116,90,109,86
5088,102,74,91,99,90,117,96,92,75,73,105,118,16,27,9,70,98,100,115,79,86
5089,110,83,73,91,88,82,115,113,92,118,77,108,112,116,98,107,69,119,54,87,109,70,53,4,86,95,111
5090,92,98,29,113,4,73,99,88,74,105,6,96,30,70,95,87,112,109,118,103,54,17,101,119,117,85,91,115,50
5091,73,76,91,85,78,119,108,110,30,87,88,50,107,83,116,86,117,98,75,104,42,97,105
5092,54,115,104,74,112,80,75,70,57,94,86,87,106,97,111,96,116,79,98,51,78
5093,103,92,96,105,107,29,79,111,78,95,88,87,91,119,56,54,76,81,75,94,77,35,73,101,93,115,57
5094,94,105,110,108,80,86,106,96,103,102,29,79,77,78,76,43,111,83,88,117,91
5095,78,119,110,118,82,86,98,101,74,87,108,94,112,7,103,96,79,111,92,75
5096,73,117,109,57,86,107,91,113,85,118,110,92,51,106,76,115,4,80,79,71,77,112,99,48
5097,99,87,96,112,79,103,73,111,115,18,105,4,75,101,81,41,76,102,77,67,85,70
5098,85,70,90,115,86,29,77,104,106,88,96,102,76,118,108,41,105,78,46,119,79,80
5099,105,76,104,82,74,79,80,106,98,118,95,4,96,83,93,102,81,57,29,20,119,109,97,21,92,75,77,88,60
5100,117,87,113,96,82,83,86,105,112,29,118,92,75,91,2,24,111,38,79,94,95,77,4,73,54,102,70
5101,116,104,57,103,77,79,94,102,111,70,106,73,78,81,105,92,93,76,100,85,3,74,24,14,75,99,91,115
5102,106,102,117,119,76,73,103,118,109,108,104,62,91,22,75,107
5103,112,82,85,102,118,77,78,94,81,107,75,53,24,108,103,76,1,73,88
5104,106,86,78,83,108,85,92,90,77,88,91,101,96,110,70
5105,88,93,105,101,91,109,119,117,87,73,102,98,80,74,70,108,107,99,86,112,94,75,90
5106,90,108,73,113,86,78,91,119,70,98,57,111,77,103,81,76,37,7,116,102,87,109,94,30,75
5107,113,79,118,82,95,77,24,115,83,104,119,91,87,92,101,103,110,73,106,57,88,93,74,75,49,109,85,60,105,111
5108,83,105,100,106,117,79,98,86,99,96,82,116,107,85,45,118,110
5109,96,110,90,78,77,76,93,88,104,101,100,119,98,94,106,51,92,80,107,79,103,68,113,108,75,114,67,118
5110,102,113,78,93,77,57,92,54,79,70,98,75,82,86,118,31,11,112,91,13,105,117,104
5111,115,113,83,74,75,94,107,51,73,119,81,108,109,76,98,118,63,91,82,117
5112,90,113,118,75,103,92,96,74,117,104,106,4,81,91,24,111,93,108,83,100,98,119,86,102,107,99
5113,117,110,88,94,90,82,111,85,108,79,109,102,99,56,95,107,81,37,71,91,54,70
5114,29,90,82,81,96,103,100,91,87,78,102,70,50,118,107,77,7,83,113,112,98,40,108,89,116
5115,83,100,111,107,74,112,70,109,117,95,119,94,80,79,113,85,116,54,75,101,99,45,110,38,87,104,78,96
5116,116,104,29,94,100,86,30,78,102,72,118,57,108,73,4,107,109,119,61,112,51,95,83
5117,105,80,99,115,73,100,76,82,101,108,117,75,116,102,85,78,106,107,103,104,20,98,65
5118,74,116,119,106,73,101,77,76,96,100,81,99,66,88,70,108,29,110,31,78,98,92,75
5119,116,99,109,76,107,106,86,111,101,83,85,78,73,17,87,115,102,94,119,88
5120,112,96,86,83,108,106,88,57,78,98,5,80,110,109,77,113,91
5121,81,102,86,117,91,99,107,113,75,118,25,70,87,73,83,78,88
5122,92,94,101,109,82,88,91,80,79,111,70,119,117,115,30,116,74,51,41,98,29,90,113,56,95,57,75
5123,74,111,80,108,70,79,76,118,98,119,116,82,77,107,85,57,109,102,81
5124,74,111,90,73,76,100,87,110,98,96,85,70,117,109,115,22,86,113
5125,86,70,118,75,113,81,87,116,115,109,92,80,119,99,96,90,112,50,107,88,101,108
5126,77,116,82,119,73,118,83,94,79,86,95,88,81,85,90,87,104,110,117,99,75,74,55,76
5127,116,77,57,85,76,115,94,78,99,91,83,73,106,29,75,101,108,117,104,95,12,87,98,110
5128,102,98,109,113,76,115,111,100,70,106,4,86,99,29,57,105,83,59,75,68,44,61,25,42,117
5129,101,29,102,77,117,73,85,78,105,113,70,88,81,94,9,80,90,87,91,1,74,106,68,111,110
5130,101,85,115,118,110,56,74,104,116,91,98,103,90,117,99,111,113,96,92,73,81,57
5131,99,106,96,70,81,94,85,107,110,112,77,101,111,113,103,76,51,75,82,115,17,24,78
5132,85,98,80,56,79,78,104,77,116,30,103,99,67,74,83,91,110,81,35,90
5133,113,111,73,105,74,86,119,88,104,90,116,99,85,108,103,112,44
5134,119,99,85,105,81,106,67,110,98,115,113,94,80,82,86,95,4,109,107,88,57,12,70,74
5135,80,115,73,116,104,90,107,77,96,75,113,111,112,95,50,101,99,118,103,78,85,81
5136,82,112,118,96,70,77,57,94,91,98,104,111,79,115,38,99,81,116,105
5137,109,88,112,76,103,83,51,74,85,107,75,108,82,94,81,91,106,95,73,71,20,89,57,104,98,113
5138,109,88,70,81,108,30,106,99,80,105,79,111,101,75,103,90,107,11,57
5139,92,116,118,104,101,85,108,100,96,105,109,81,98,82,80,73,57,75,110,11,66,60,106
5140,113,108,87,77,50,106,70,88,80,116,29,91,79,101
5141,77,73,86,103,85,87,80,102,96,117,104,81,79,113,82,3,88,95,57,98,83,101,115,75
5142,85,108,98,99,91,88,118,70,109,111,30,119,29,104,80,37,59,97,77,101,81,117
5143,77,108,105,87,115,70,91,30,101,76,102,118,97,90,79,103,29,104,109,116,47,86,112
5144,73,109,74,85,99,101,116,70,107,79,88,78,117,94,75,76,91,106,105,118,40,108,103,83,82
5145,92,77,88,118,90,101,82,75,70,79,91,94,98,87,102,111,96,85,57
5146,78,77,107,88,111,116,91,94,87,75,73,106,57,90,54,86,7,119,85,109
5147,107,75,90,77,91,112,118,4,108,95,111,80,85,76,96,87,113,114,99,11,109,119
5148,73,77,103,92,74,83,112,76,75,102,24,104,109,81,87,117,86,115,80,82,118,57,4,31,85,16,62,107,79
5149,118,116,115,92,90,101,57,98,94,87,78,99,110,85,107,117,108,75,106,104
5150,74,87,90,91,112,105,99,85,96,117,83,81,100,24,118,77,107,75,94,111,73,26,82,4,79,22,30
5151,88,116,119,118,80,94,111,82,78,115,93,112,40,107,85,110,109,99,22,108,73
5152,70,76,108,78,90,82,81,83,109,80,98,87,79,115,105,73,113,77,119,118,91,112,95,43,107
5153,74,98,94,57,73,81,83,101,109,27,103,85,110,77,82,70,108,107,58,65,19,105,111
5154,98,106,86,118,110,83,81,119,77,82,115,99,51,116,75,52,105,76,49,109,65,117,91
5155,80,96,108,88,110,118,99,103,83,100,77,65,85,54,117,70,90,81,102,82,116,115,78
5156,86,111,101,77,96,57,73,104,76,112,93,113,92,118,95,39,74,98,75,54,99,88,106,85,109,9,87
5157,107,75,119,109,115,76,80,117,88,101,74,81,100,118,17,90,96,94,110,99,85,91,60,86
5158,70,96,109,107,103,116,92,91,73,115,118,80,90,108,77,112,106,117,85,17,2,75,95,101,119
5159,73,92,87,70,107,29,101,90,106,112,91,54,81,79,98,95,17,76,14,88,110,43,118,66,99,103
5160,99,101,87,85,75,117,73,77,112,63,90,54,4,111,119,83,92,38,118,116,91
5161,83,90,117,57,105,104,80,74,106,119,73,110,56,111,85,91,103,60,71,50,95,113,94,54,81,76,93
5162,83,92,110,96,109,108,29,90,54,94,104,70,95,91,107,40,75,99,97,49,113,116,79,111,87,61,101
5163,77,29,106,86,70,107,73,81,88,103,105,74,94,75,99,119,92,104,118,36,87,69,80,109,83,112
5164,102,111,87,98,118,88,109,90,119,110,116,67,108,14,53,83,112,78,77,107,75,113
5165,103,101,80,111,113,76,109,106,77,74,30,116,85,70,102,115,112,38,56,96,114,108,63,87
5166,116,117,81,92,82,108,105,98,111,103,80,118,14,78,107,113,73,30,95
5167,75,83,108,119,111,112,81,70,105,115,101,102,91,98,57,106,87,92,114,65,107,79,88,103
5168,78,86,108,80,99,113,112,75,96,79,73,82,88,118,57,116,85,95,90
5169,85,115,113,77,93,29,73,99,118,105,82,92,114,119,57,42,35,32,71,106,36,104,75,83,70,116,96
5170,116,74,77,70,105,88,95,76,98,102,73,111,100,80,91,96,83,81,75,101
5171,103,86,106,105,110,118,117,93,116,111,98,94,115,109,100,102,12,119,96,76,82,54,80,79
5172,90,118,113,99,70,106,116,81,107,82,87,109,78,98,40,92,94,105,104,108,96,103
5173,96,90,74,111,103,107,73,115,108,101,110,70,75,85,104,87,80,105,95,79,102,106,82,117
5174,83,100,115,118,96,99,77,107,102,79,57,80,82,112,75,104,117,119,87,29,105,84,93,94,31,13,86
5175,117,93,96,105,107,29,100,72,90,115,78,110,94,97,112,85,106,99,101,86,98,113,91
5176,92,108,88,85,118,90,98,96,115,91,117,4,81,80,110,56,105,3,111,76
5177,92,114,80,73,105,70,76,116,118,110,111,104,103,81,60,56,115,34,27,30,97
5178,86,29,90,88,113,115,97,83,112,92,80,62,65,110,103,81,117,118
5179,108,104,119,90,57,116,106,79,78,118,98,91,117,113,70,94,75,87,86,30,37,21,74,107
5180,110,109,98,70,76,101,74,104,88,119,103,94,79,80,82,75,116,73,66,16
5181,78,75,91,116,88,102,100,76,117,79,92,30,80,41,101,87,110,86,99,68,32,95
5182,108,115,102,111,77,88,116,109,117,94,75,73,82,54,86,107,103,74,118,83,81,57
5183,102,117,93,109,103,92,107,90,101,96,86,94,108,4,74,111,75,113,110,78,119,112,48,79,80,88
5184,105,83,108,115,90,79,103,81,82,88,86,117,74,75,94,30,77,106,99,42,69,78
5185,88,94,85,101,96,112,75,87,103,70,38,77,78,76,110,35,98,81,99,105,102,13,82,79,116,100
5186,113,106,57,54,93,105,117,92,78,79,65,107,29,104,74,48,81,38,102,25,90,42,75,112,77,116
5187,100,88,112,119,116,111,75,57,86,73,87,106,105,81,110,113,109,21
5188,112,100,81,115,103,73,51,86,102,57,105,116,104,54,118,109,96,61,88,108,30,76,98,113,80,42,94,99,111,77,92,119
5189,111,77,96,79,87,119,101,109,51,45,98,102,116,107,105,112,82,71,78
5190,91,103,86,93,117,98,104,105,75,70,78,119,101,88,94,118,116,41,74,107,109,108,76
5191,29,110,119,115,118,78,99,77,113,93,116,76,81,85,106,117,108,91,102,112,21,92,86,101,95,103,87
5192,77,110,106,101,91,117,73,96,104,87,119,78,85,94,118,115,113,99,108,63,75,102,74,105,103,98,116,93,76,86,95
5193,79,80,115,108,85,116,118,76,100,95,78,87,70,88,96,119,112,81,107,90,74,57,26,73,29
5194,94,101,99,87,57,91,74,88,105,85,90,102,109,117,77,39,98,30,108,1,54,106,95,51,112,64,116,96
5195,117,119,118,112,74,80,82,98,115,106,78,91,70,30,6,105,88,85,87,60,108,104,102,99,24,83,100,107
5196,81,117,113,100,98,104,118,75,79,95,103,57,55,82,80,77,101,93,5,48,58,105,109,7,1,115
5197,115,93,88,103,105,74,106,117,92,118,100,27,82,47,75,24,76,111,78,110,97,87,65,43,116,86,79
5198,112,90,109,110,117,79,91,106,82,74,115,99,101,119,116,30,94,118,92,4,73,75,77,93
5199,103,116,111,70,94,29,115,77,83,78,112,79,31,81,57,99,97,105,64,119,110,91,90,101
5200,117,73,94,116,115,112,92,87,106,111,81,78,105,91,113,83,119,101,66,70,103,104
5201,102,79,109,29,92,93,117,96,108,119,83,98,86,111,103,82,72,106,81,42,115,101,100,112,94,78,91
5202,83,96,103,99,108,75,70,77,29,86,116,92,115,117,38,118,45,73,98,111,69,88,12,100,106
5203,112,110,118,98,108,73,87,76,90,103,116,104,101,105,20,96,106,74,83,2,99,30,117,91
5204,111,78,104,116,119,94,75,98,83,118,110,91,34,101,113,109,4,90,88,19,74
5205,92,78,86,111,103,81,96,85,101,107,108,94,118,116,105,90,29,104,70,15,79,119,75,74
5206,105,107,82,75,77,110,96,102,76,85,104,106,79,28,88,91,66,35,90,70
5207,81,106,109,70,29,82,85,112,117,51,101,78,87,83,115,107,108,104,73,116,30,56,77,118
5208,109,96,107,57,119,116,81,117,98,90,82,103,92,86,97,105,115,14,99
5209,104,105,81,117,77,83,79,75,24,94,108,112,4,82,86,90,85,74,54,101,91,116,102,88,107
5210,96,113,102,88,107,70,73,116,81,77,86,110,29,91,85,119,118,92,83,80,87
5211,92,100,76,98,115,119,77,88,85,108,90,110,105,30,50,107,113,96,101,74,102,81,94,93,48,11,87
5212,73,88,105,109,118,116,87,110,94,112,80,15,106,65,91,92
5213,109,77,92,83,79,117,107,108,112,113,85,116,90,73,88,105,74,38,4,106,118,100
5214,96,88,100,102,78,82,108,75,110,106,104,70,98,101,1,116,74,107,35,115,117,99,105,91,50
5215,116,79,80,107,81,86,117,82,115,108,91,93,106,103,54,110,113,27,119,78,70,57,74
5216,110,117,90,108,75,98,91,96,80,101,81,70,88,95,78,20,109,103,85
5217,101,76,115,106,90,77,117,95,85,86,113,92,73,110,4,108,82,99,30,105,112,75,80
5218,113,78,88,85,94,92,116,112,102,79,54,51,91,76,96,114,75,119,74,95,103,67,99
5219,104,111,112,75,74,106,105,73,79,110,116,18,86,77,67,81,1,119,98,26,63,95,80,29
5220,81,106,78,91,107,82,76,101,83,112,96,52,113,75,108
5221,80,99,90,79,115,108,118,70,82,113,15,75,103,107,83,57,78,27,101,81,104,94
5222,36,90,106,116,111,112,101,105,103,83,73,70,113,87,78,15,80,108,85,110
5223,73,70,83,105,91,106,100,113,94,78,79,99,115,57,98,111,35,92,87,5,38,112,30
5224,77,105,102,86,91,29,76,73,83,115,100,47,79,93,74,14,57,38,87,95
5225,96,76,117,112,110,75,105,109,99,119,87,102,91,83,80,118,67,81,100,46,82,90,89,94,107,73
5226,93,88,110,91,96,70,73,104,54,82,112,115,111,90,29,74,58,57,94,66,113,117,67,50,85,79,30,98
5227,30,29,109,103,74,104,78,112,85,79,81,113,98,76,119,88,117,93,77,102,92,87,101
5228,109,101,79,119,115,86,82,91,85,78,56,90,70,29,102,105,108,99,77,20,113,98
5229,82,110,88,101,92,54,85,86,118,81,79,95,80,112,75,49,76,36,98,106,67,108,109,33,46,74
5230,118,91,111,90,57,29,98,80,60,81,99,107,105,96,115,74,113,78,116
5231,70,94,110,107,73,116,75,91,76,28,119,92,98,80,112,74,109,86,3,78,113
5232,88,82,74,117,87,96,92,78,51,86,81,112,79,83,95,70,100,101,73,76,99,110
5233,111,86,106,91,76,108,54,79,118,93,29,82,115,101,116,92,103,4,83,112,94,117,96,55,11,49,113,73
5234,109,93,82,95,63,78,88,108,119,103,54,110,70,112,31,60,96,76,105,117,80,74,81
5235,91,119,86,116,94,109,111,83,113,30,79,105,104,101,77,73,117,81,115,98,110
5236,103,77,29,118,115,83,111,107,94,70,109,78,55,80,106,99,113,110,81,90
5237,102,75,90,81,116,74,107,101,87,88,79,119,65,89,113,80
5238,90,82,99,77,76,73,111,70,119,102,110,94,23,4,80,101,109,26,20
5239,116,106,119,81,85,82,111,76,117,78,102,101,110,31,98,77,87,91,70,54,90,118
5240,118,96,103,93,77,117,110,116,76,70,112,87,92,88,30,81,86,101,119,54,104,73,99,75,91,82,51,113,85,79,102
5241,79,90,102,70,110,107,82,92,76,94,83,104,29,80,111,108,98,30,86,117,100,97,87
5242,94,101,111,70,80,90,86,107,74,87,79,91,115,96,109,81,108,102,23,105,118
5243,96,91,79,104,117,112,83,98,105,85,116,88,100,66,118,68,113,115,81,110,102,101,111,82
5244,93,112,77,106,79,94,107,54,103,91,109,111,57,100,14,117,113,90
5245,57,90,82,96,100,99,95,91,85,113,81,98,88,119,112,87,78,75,109,73,106,74
5246,77,110,106,116,81,83,85,90,104,108,74,111,78,20,88,94,70,101,112
5247,99,98,112,90,87,105,119,75,107,118,91,96,113,85,95,109,103,56,110,76,106,78,57,89,94,86
5248,75,29,109,79,116,98,103,99,107,74,105,86,90,112,88,77,20,111,78,101,52,94
5249,108,91,94,102,90,99,29,98,103,81,101,27,107,54,86,96,88,105,106,79,116,115,118,95
5250,91,81,30,112,106,107,110,117,78,99,109,83,79,76,111,104,50,101,115
5251,51,75,96,103,90,78,101,107,85,106,91,105,118,104,4,112,88,73,30,86,99,38,111
5252,90,107,110,101,30,116,98,73,94,50,63,74,102,87,91,9,70,115,109
5253,57,109,85,111,74,76,104,115,78,93,83,112,81,87,102,70,117,51,38,65,33,108,39,113
5254,108,115,86,119,106,78,88,116,107,109,91,79,94,102,70,80
5255,107,90,96,112,105,87,88,119,116,115,103,92,29,95,70,79,13,7,102,85,62,98,81
5256,73,101,77,92,108,78,87,70,117,80,74,107,86,85,91,4,96,79,103,82,90,102,66,83,116
5257,92,119,87,75,99,101,80,117,74,106,109,30,94,70,73,78,77,108,88,102
5258,86,117,76,112,107,85,90,30,73,101,70,115,74,96,111,92,88,103,5,110,29,106,98,95,79
5259,94,73,116,85,77,113,86,91,110,103,106,80,81,117,104,92,83,105,118,74,112
5260,57,86,92,76,77,83,70,73,88,29,116,106,118,98,101,111,90,62,105,119,107,108,14,91,115
5261,87,117,88,82,75,111,85,78,113,110,73,115,10,83,91,77,51,116
5262,109,78,117,70,82,100,92,90,77,73,81,24,98,51,88,75,118,106,61,79,50,53,76,102,99
5263,76,87,101,88,117,106,115,107,75,81,105,98,77,103,113,41,69,118,94,112,90,111,91,80,74
5264,78,83,101,87,96,75,88,113,109,90,86,107,111,79,74,105,116,39,70,106,104,110,54,91,80,118
5265,103,107,90,83,99,105,76,57,111,115,77,91,97,118,113,109,81,86,30,67,112,117,101
5266,96,115,110,101,83,118,79,92,91,73,85,103,24,87,111,107,75,88,119,104,94,74
5267,111,118,75,119,108,88,109,99,107,101,110,96,69,116,12,31,113,90,78
5268,73,96,80,112,104,118,91,94,111,110,89,119,106,57,107,115,113,83,90,70,103,77
5269,54,99,115,75,116,98,101,105,96,117,110,70,78,81,85,73,103,82,104,87,88,94,76,67
5270,86,30,117,91,110,78,87,115,7,80,118,116,54,96,77
5271,110,86,106,105,99,74,85,90,57,112,109,96,91,80,83,76
5272,88,90,118,106,70,76,103,107,75,57,4,54,104,113,115,55,85,64,80,79,119,78,87,102,93,81
5273,85,87,29,82,90,30,70,107,100,105,94,113,119,74,117,79,96,83,57,95,86,109,111,88,104
5274,81,113,107,29,104,91,57,79,103,73,105,94,116,7,90,85,8,78,70,97,32,82,55,83,106,100,76
5275,4,106,119,99,75,110,111,82,118,112,113,83,115,23,54,94,35,77,28,107,70
5276,78,81,94,74,118,111,113,104,70,52,76,119,57,64,109,115,39,106,15,90,92,86
5277,85,94,76,115,112,73,82,70,74,79,100,110,4,93,75,103,116,92,117,113,118,81,91,104,83,119,98
5278,88,98,106,108,113,115,70,87,118,96,119,78,99,116,109,75,105,76,91,80,85,95,51
5279,99,24,111,86,90,80,76,82,94,87,75,98,108,102,115,74,85,79,110
5280,103,87,75,116,110,88,106,57,109,79,101,74,28,73,77,99,117,96,71,83
5281,78,117,83,111,74,82,70,103,54,105,96,115,87,81,112,63,75,106,30,77,98,80
5282,80,94,86,76,99,118,110,63,98,85,108,58,79,70,50,75,87,111
5283,29,57,101,70,90,99,96,75,111,117,102,118,112,74,104,119,98,45,86,55,115,47,59,107,103,109,56
5284,76,109,106,86,113,110,87,70,73,93,104,115,103,114,85,108,92,98,6,88,94,102,79,54,107,119,49,101,30
5285,86,85,98,105,106,115,113,79,100,93,57,117,76,95,88,51,111,116,54,80,73,30,77,16
5286,101,104,106,79,99,90,85,74,88,78,102,86,73,105,96,117
5287,29,76,88,118,80,103,111,85,79,70,115,113,95,78,63
5288,108,105,104,82,85,96,112,116,106,101,115,76,81,87,73,100,77,94,90,118,109,95,107,111,117,74,99
5289,102,29,108,103,83,109,30,81,106,115,96,110,89,85,113,79,88,9,63,116,98,101
5290,107,115,111,96,101,91,98,95,113,94,87,9,92,38,108,99,104,100,112,110,81,4
5291,91,102,104,110,76,79,57,86,85,88,115,116,105,103,78,74,73,112,69,11,80,63,92,97,119,6,94,84,100,83,117
5292,74,96,78,94,102,112,86,29,98,77,82,79,104,30,85,91,101,100,109,73,116,108,20,117,69,52,113
5293,118,57,78,103,79,81,86,80,91,116,87,106,102,90,110,94,112,76,104,55,96,101,109,67,100
5294,74,91,78,100,86,110,83,85,116,88,109,107,101,54,111,80,82
5295,80,29,73,104,94,74,100,110,95,106,98,30,79,78,109,15,76,57,115,85,93,88,81,91,119,75,64,3,35,70,103,67
5296,88,116,108,111,75,91,98,119,51,90,109,83,105,112,24,85,94,87,115,79,81,31,86,70,38
5297,75,82,77,85,73,98,103,86,57,106,112,70,30,95,91,115,111,105,38,87,118,56,74,92,90,88,107
5298,88,86,74,81,73,108,90,109,83,98,104,76,105,78,79,96,95,94,119,64,69,111,31,70
5299,87,105,118,108,70,83,111,117,88,113,79,110,96,73,107,119
5300,109,74,96,76,113,111,91,118,73,106,79,32,85,4,116,104,98,108,87,78,102,86,70,105,47,93
5301,119,99,106,98,112,76,83,87,79,116,74,111,107,94,88,117,105,67,82,81,73,104,90,70,56,103
5302,111,78,119,91,116,99,88,83,74,110,76,73,105,9,90,14
5303,65,78,98,85,104,82,75,109,102,57,111,30,38,80,54,87,83,106,72,81,50,77,36,119,94,116,35,4,96,67
5304,117,88,57,82,111,100,95,92,98,109,94,91,75,101,78,61,96,118,84,108,44,86,55,49,102,77
5305,79,105,78,101,70,119,73,88,116,99,85,29,81,91,77,13,6,102,28,71,35,96,118,113,54
5306,111,118,101,96,57,110,109,80,82,54,102,95,107,70,92,94,51,74,17,115,90,37,104
5307,76,92,74,79,96,102,99,115,101,86,78,106,100,90,119,103,94,95,83,51,107,82,97,110,64,113,57,111
5308,99,74,70,115,90,83,76,113,111,110,101,80,94,73,29,109,88,12,85,98,105
5309,117,108,119,78,82,91,29,100,88,113,104,95,98,118,102,86,79,107,94,36,31,112,2,111,101,90,106
5310,112,74,105,118,101,91,87,116,90,75,77,57,96,110,81,43,113,97,111,88,76,80,106,83
5311,118,105,57,109,80,77,99,107,87,91,117,70,4,74,24,93,46,78,29,112,30,75,94,76,79
5312,76,87,74,112,94,110,101,99,103,118,115,96,108,117,79,45,106,50,4,85,70,92,82,98
5313,80,113,112,77,116,87,105,101,29,83,107,99,85,51,91,70,32,95,104,57,54,94,76,109,79,118,75,23,86
5314,119,82,96,107,74,99,88,101,110,79,109,112,80,102,90,81,78,83,70,87,75
5315,87,116,106,86,101,98,74,77,96,83,43,107,115,103,72,75,80,38,70,73,76,104,94
5316,79,105,106,70,119,96,87,103,99,101,118,46,80,109,88,83,113,82,98,116,26,102,85,73,75,60
5317,118,37,80,76,110,82,104,85,102,100,112,94,113,56,115,27,43,38,83
5318,113,87,108,110,119,16,70,96,77,90,93,102,56,24,99,29,101,83,54,59,81,94,75,109,2
5319,103,109,77,113,111,81,90,91,79,104,83,73,54,106,108,110,64,57,86,67,82,112,43,70,94,87
5320,57,101,115,113,102,91,108,81,95,96,94,80,110,111,82,56,100,51,67,103,99,118,42,112,76
5321,90,104,98,92,87,73,110,96,76,67,119,115,83,3,84,30,85,103
5322,74,87,90,119,109,91,85,118,80,103,81,76,107,92,4,83,117,28,86,69,78,106,61,111
5323,110,115,85,101,113,119,73,93,70,86,76,83,91,80,88,118,57,108,30,112,68,77,106,81,103
5324,81,104,1,74,29,117,85,108,115,113,73,103,96,94,88,91,107,98,112,100,110,79,57,109,86,83,50,116
5325,83,105,91,112,86,103,118,94,77,90,92,108,115,80,99,85,116,98,56,66,29,74,117
5326,95,70,116,87,101,98,29,91,119,111,113,75,96,77,100,99,118,115,83,54,109,33,85,80,104
5327,57,118,90,101,119,110,79,113,106,85,83,30,105,87,54,7,39,84,66,19,74,96
5328,105,88,116,117,77,90,110,73,119,78,111,107,81,102,109,79,5,53,82,86,30
5329,112,92,79,115,94,77,76,78,73,116,107,106,82,95,110,117,4,30,87,119,29,13,90,102,83,99,74,103,108,98
5330,85,99,115,29,30,107,79,117,90,74,70,77,111,91,119,73,98,118,109,88,93,78,116,83,101,87,94,110
5331,100,86,76,119,98,94,88,108,113,80,117,74,115,30,70,15,106,75,67,112,103,17,101
5332,79,80,85,75,104,109,110,73,77,86,87,113,15,93,106,74,117,99,94,95,78,112,30
5333,110,108,91,79,82,81,83,70,54,75,88,24,99,85,112,57,87,109,76,73
5334,70,78,108,85,99,101,109,80,82,74,79,115,88,28,98,92,76,96
5335,104,86,115,51,96,101,73,103,80,98,70,102,90,81,49,94,88,56,47,82,60,108,53,111,117
5336,75,118,112,104,116,113,88,91,80,115,105,86,106,81,119,108,74,82,66,73,95
5337,81,80,111,98,77,110,79,76,100,11,101,57,45,116,87,86,91,83,85,115,117,118,78,104,94,97,108
5338,74,116,91,92,103,117,81,85,73,83,82,79,80,78,86,29,90,99,64,110
5339,99,74,85,116,110,76,119,112,117,106,105,79,101,70,88,98,73,108,103,102,81
5340,83,104,88,76,106,67,92,94,102,80,42,82,98,100,111,73,30,91,87,24,78,85,118
5341,104,118,106,83,77,80,94,101,117,81,95,112,100,5,53,24,75,109,99,96,67,108,85,103
5342,116,78,77,57,96,95,106,83,115,110,111,99,107,74,81,113,70,117,104,79,101,82,80
5343,101,74,82,87,107,110,78,80,98,90,70,30,112,73,104,88,76,92,81,95,44,85,116,94,102
5344,73,86,90,98,115,91,76,87,107,99,108,81,118,103,109,102,92,95,48,111,78,11
5345,79,91,85,119,109,107,102,77,81,105,112,70,100,57,92,103,86,98,113,94,118,104
5346,115,88,92,98,103,111,101,95,100,105,74,83,119,77,106,116,99,4,57,30,118,51,70,108,112
5347,111,74,113,106,76,57,102,92,101,96,117,98,77,50,103,94,112,85,95,88,6,27
5348,97,111,118,112,81,105,80,75,86,78,87,113,104,77,106,98,119,76,73,83,70,43,115,96,99,117
5349,87,80,111,113,115,106,108,109,91,96,57,107,99,116,68,90,103,88,78
5350,29,73,107,57,70,106,111,110,98,96,81,118,80,86,24,113,112,94,85,54,91,101,78
5351,70,95,113,116,4,76,96,108,85,99,51,98,30,77,86,110,107,29,94,38,115,83,62,74,90,100,105,103
5352,104,83,77,115,93,80,92,113,101,94,85,73,98,99,86,74,4,69,108,81,70,16,102,103,88
5353,106,110,96,76,87,116,107,109,112,79,80,1,111
5354,81,99,70,118,73,110,109,108,116,83,106,105,115,112,94,96,74,78,111,101,88,90,87,75,24,80
5355,93,110,115,116,101,111,113,75,90,82,95,83,78,76,98,88,92,96,99,108,105,102,103,80,85
5356,110,108,87,83,115,111,98,101,113,90,105,109,88,103,76,96,82,57,107,91,86,77,78,43,80
5357,94,102,112,107,80,82,77,51,103,116,118,79,54,70,85,73,91,35,99,98,90,14,117
5358,73,85,107,102,82,118,86,80,106,117,113,96,104,91,119,88,9,112,99,101,57,95,63,94
5359,91,80,74,96,75,108,100,73,99,111,115,95,82,94,79,47,70,87,78,117,83,106,85,112,116
5360,115,70,116,29,87,113,112,99,100,85,78,110,104,105,119,109,117,51,94,79
5361,86,104,88,107,70,118,103,106,101,108,102,91,81,93,99,94,79,109,114,96,82,112,73,113,110
5362,96,104,99,87,90,101,77,91,83,86,108,116,115,82,102,76,73,111,88,9,78,74
5363,86,101,57,96,116,94,98,79,77,81,107,87,73,118,119,105,100,115,54,92,91,110
5364,102,74,88,94,101,78,92,106,30,90,118,70,103,119,108,105,98,86,99,111,113,75
5365,29,92,105,116,107,106,83,110,119,76,93,91,112,103,20,88,79,85,38,84,70,80,86,81,87,109,118
5366,93,78,87,118,90,104,54,109,83,103,95,77,106,107,113,76,99,116,52,19,75,30,36,74,108,24
5367,113,118,29,74,108,73,83,111,79,116,24,82,91,104,78,117,112,93,76,106,80,110,90
5368,101,113,78,107,29,76,30,105,104,73,57,82,117,116,39,88,85,90,109,80,87
5369,106,80,118,110,77,79,109,104,99,86,81,102,105,112,83,91,85,115,108,73
5370,109,78,119,110,86,87,85,83,116,111,76,96,88,29,118,70,94,57,48,108
5371,111,98,91,106,86,79,85,87,90,77,112,116,105,76,99,75,74,82,70
5372,99,79,86,107,78,80,88,102,90,110,70,96,112,98,19,115,101,85,95,116,106,97,76,94,57,118
5373,106,80,119,108,113,90,102,81,30,99,91,101,109,7,83,74,107,75,110
5374,77,98,106,29,99,107,96,81,78,108,111,109,105,74,76,115,85,102,86,113,6,112,82,73,90,92,117,91
5375,106,94,87,113,88,118,77,101,119,89,70,86,81,115,102,107,74,73
5376,87,92,91,85,113,73,88,76,103,107,54,74,96,111,77,90,80,109,86,82,117
5377,74,113,77,110,100,107,70,112,94,91,81,103,73,83,111,101,102,109,78,96,29,12,88,76,118,115,95
5378,115,73,109,76,93,90,70,98,108,83,111,91,49,86,78,110,106,116,74,119,117,113,96,81
5379,91,102,80,119,87,115,113,70,73,104,103,112,78,100,116,95,81,76,108,99,105,111,82,106,85,15,88,117
5380,115,107,77,79,94,57,90,102,80,106,104,110,70,118,96,85,103,111,47,99,91,95,48,117,112,74
5381,111,78,73,115,96,74,116,91,92,106,75,90,83,95,113,94,117,70,65,12,112,102,103,17,118,99,119,57
5382,79,29,30,105,90,73,103,85,75,83,102,51,115,110,76,92,14,91,106,78,112,119
5383,85,116,99,94,106,109,81,83,118,86,108,80,102,70,77,78,92,119,88,29,112
5384,110,109,92,74,105,77,87,94,103,107,73,119,17,90,80,93,102,85,101,53,106,117,113,33,111
5385,77,76,70,87,85,108,112,109,96,98,94,29,105,80,111,79,110,50,113,74,99,115,75,32,81
5386,113,78,93,85,76,79,86,106,91,88,117,82,56,39,80,70,102,51,118,92,104
5387,76,109,82,78,90,108,79,101,86,94,113,85,75,105,77,102,80,91,119
5388,73,80,112,99,96,70,119,102,90,87,109,77,5,108,117,103,113,88,74,86,26,107
5389,76,108,96,102,83,91,92,101,75,112,113,79,73,119,85,39,116,46,70,88,74,48,103,29,30,105,78,69,94
5390,74,75,102,108,92,98,110,88,105,118,111,112,77,70,113,101,89,73,29,117,94,86,116
5391,77,109,118,94,101,102,91,111,92,87,112,105,108,104,49,83,80,100,9,50,14,115,98,107,75
5392,75,81,90,115,110,113,111,117,79,93,4,86,87,99,83,73,98,109,77,112,100,103,94,70,78,118
5393,57,118,74,76,83,77,99,106,20,101,97,113,70,107,109,78,6,98,75,100
5394,99,94,86,113,70,80,115,76,117,101,78,112,102,108,111,118,83,29,106,6,57,116,56,119
5395,91,94,101,76,110,79,115,57,88,77,105,117,118,98,78,87,82,51,102,70,107,48,38,111,74,81
5396,70,117,87,113,73,119,79,91,109,118,86,77,102,105,75,95,63,80,81,76,116,98
5397,70,56,94,110,111,86,115,85,92,54,104,30,96,109,99,75,112,106,119,14,88,81,105,107,90,73,108,23,113,67,77
5398,85,119,92,74,57,113,112,70,117,91,88,110,86,104,101,42,78,99,107,11,102,44,94,98,116,73,83,95
5399,119,118,94,110,117,95,85,101,74,105,75,87,109,63,112,111,79,107,92
5400,102,80,88,115,79,83,101,107,73,96,99,91,117,116,78,5,14,37,87,74,103,70,30,113
5401,79,118,101,112,110,86,93,113,87,73,119,83,111,91,30,80,50,115,29,100,36,109
5402,107,70,111,79,105,118,96,57,119,109,83,88,29,113,91,74,99,73,78,77,103,81,104,82,117
5403,80,118,86,119,112,96,88,94,79,78,77,75,89,105,42,48,115,70,104
5404,117,73,76,101,110,119,106,108,74,87,80,77,81,111,99,115,96,90,113,103,85,109,118
5405,115,110,111,107,76,79,78,75,101,83,73,113,116,99,88,24,104,100,109,95,114,103,28,74
5406,76,98,80,106,107,96,73,109,112,102,115,74,79,82,117,61,75,87,41,27,83,100,105,22,91
5407,79,73,98,99,91,102,75,70,104,106,94,78,86,77,51,76,96,111,101,119,117,105
5408,108,74,90,75,109,88,33,98,30,6,110,99,106,83,94
5409,117,83,85,90,113,74,115,106,119,75,107,88,86,81,76,101,94,98,30,87,93,91,111,109,43,70
5410,81,54,78,116,111,118,85,83,92,98,80,77,96,91,94,82,86,87,70,5,41,1,112,4,90,99,103
5411,110,118,79,82,92,94,70,108,116,117,29,115,111,98,87,75,74,86,78,45,90,77,101
5412,96,119,101,83,113,85,90,107,87,108,94,77,88,109,86,112,99,111,117
5413,105,116,98,103,91,118,96,108,109,102,85,119,95,75,83,1,117,82,104,107,70,77,115,112,113,57
5414,85,79,78,29,106,74,102,75,83,93,80,117,119,99,1,109,70,81
5415,111,98,9,79,87,109,31,73,96,83,24,115,94,80,48,74,88,65,54
5416,113,81,104,29,109,105,107,77,115,96,117,98,119,25,106,75,91,34,79,108,112,76,85
5417,115,113,70,78,102,112,83,108,77,101,103,86,104,74,75,58,18,96,118,88,93,119
5418,111,73,30,82,98,78,70,76,99,108,110,104,77,119,88,94,113,60,112,47,66,64
5419,111,91,82,83,98,113,70,106,79,80,81,104,108,116,78,73,31,115,102,75,117,107,97,119,87,105
5420,81,109,78,111,116,75,99,107,77,76,106,73,115,119,97,87,43,112
5421,103,106,101,73,83,74,118,108,57,88,104,81,72,85,111,107,96,43,92,112,79,119,71,70,75
5422,96,86,105,118,73,102,77,80,83,119,109,81,82,112,74,41,91,76
5423,107,108,81,119,88,116,77,87,118,70,115,86,78,74,100,75,80,98,76,110,103
5424,85,93,106,74,70,78,54,102,29,87,103,100,108,109,91,76,110,86,24,119,96,111,116,46,107
5425,75,109,115,92,83,79,73,77,88,106,112,117,99,70,110,86,111,81,87
5426,70,111,81,96,91,77,51,98,110,105,86,117,109,94,107,87,103,82,102,119,24,99,93,73,74,104
5427,29,98,57,95,119,111,107,80,77,103,88,54,78,105,97,3,110,106,118,83,100,81,104,116
5428,104,82,81,90,74,99,94,91,111,73,88,86,76,108,70,119,95,116,112,51,101,96,79,77,35,68,107,54,98,117
5429,99,96,91,110,86,108,118,104,103,106,76,81,85,116,54,73,75,90,101,119,88,15,115,105
5430,109,98,91,92,95,80,88,85,90,54,94,110,86,15,111,104,119,105,30,113
5431,76,113,10,108,74,100,106,102,117,82,81,112,103,99,73,119,104,47,111,98,116,105,60,90,70,96
5432,108,73,80,77,90,85,76,116,83,64,70,87,97,88,67,119,118
5433,109,76,119,29,86,78,106,83,110,91,117,101,73,92,81,87,112,115,85,65,111,118,38,99
5434,29,96,83,74,82,103,77,85,108,106,90,99,102,115,86,107,13,19,81,111,31,57,80,113
5435,77,110,106,105,87,108,73,70,78,90,117,102,88,103,119,118,85,99,80,112,96,113,91,60,83
5436,80,105,99,94,86,106,75,102,108,79,70,109,57,117,91,119,76,111,85,55,69,113,74
5437,76,92,77,110,106,70,87,57,91,75,102,96,113,23,86,119,94,38,29,72,83
5438,85,115,78,101,110,82,113,74,102,76,73,94,117,116,70,91,104,112,88,23,92,98,30,87,107
5439,100,88,110,108,109,98,119,99,86,118,105,96,78,104,113,79,74,83,80,103,101
5440,96,98,78,100,80,87,99,86,117,119,109,101,76,118,74,73,91,21,89,112,75
5441,77,91,75,110,95,86,94,78,101,29,113,106,96,5,83,82,62,98,85,4,111,30,104,33
5442,107,105,83,73,119,96,112,92,108,79,118,90,75,97,86,94,82,70,38,116,115,95
5443,92,96,107,30,86,87,108,102,82,119,76,90,103,74,95,83,98,115,52,4,73,105
5444,116,75,94,118,119,76,82,109,85,92,111,87,100,104,93,35,115,65,67,54,77,99,96,70,81
5445,79,90,108,109,91,73,81,88,118,105,74,104,107,30,38,57,96,54,85,117
5446,92,76,83,77,29,73,102,118,88,74,91,78,112,63,99,115,70,116,28,79,98,82,117,109
5447,94,77,79,98,106,108,75,86,87,102,99,91,103,107,117,110,118,101,51,113,100,29,58,74,96
5448,116,99,74,111,119,76,107,83,94,85,114,105,29,110,96,81,46,95,70,75,112,79,98,101
5449,113,76,50,83,98,70,106,99,54,74,109,31,111
5450,104,81,106,73,111,86,79,80,94,118,115,83,107,119,99,98,95,112
5451,74,82,115,111,119,83,91,90,96,29,118,85,88,30,113,86,76,57,116,71,112,94,46,101,100,78
5452,115,93,118,103,113,101,105,74,112,75,96,78,58,116,88,107,90,98,82,104,65,95,86,92,109,80
5453,88,57,118,91,73,105,83,100,92,79,94,119,90,98,99,87,108,104,70,30,106,9,10,76
5454,112,100,78,87,83,94,74,119,104,76,81,106,117,111,47,96,115,73,70,10,77,95,20,85,54
5455,119,73,90,106,108,83,75,111,116,112,74,97,2,85,110,118,107,101
5456,108,80,73,104,91,77,70,96,98,101,115,67,86,105,30,106,79,76,57,88,6,83,119
5457,115,79,74,102,119,86,70,78,90,73,113,80,104,17,101,67,94,95,30,83,76,108
5458,54,77,80,83,105,76,70,82,107,29,85,92,73,101,95,111,14,31,104,112,102,94,115,103,93,100
5459,105,83,117,81,76,85,102,113,74,109,116,106,41,103,94,107,10,99,110,93,29
5460,29,113,104,78,111,74,94,92,108,103,90,83,81,87,80,86,99,98,118,88,116,77
5461,95,82,92,77,104,78,105,113,110,116,102,91,119,73,70,100,115,58,30
5462,107,87,85,112,109,94,106,115,70,86,90,79,119,105,76,81,88,98,73,78,102,99,75
5463,82,106,79,99,108,70,96,105,29,78,83,87,109,100,75,50,6,116,77,76,117,8,92
5464,80,119,83,99,118,107,116,78,102,108,91,110,81,7,98,87,97,10,115
5465,85,77,57,99,98,76,75,92,102,30,104,100,95,105,42,119,82,116,106,96,117,87,74,78,101
5466,77,70,100,57,83,92,86,4,78,80,82,104,101,47,30,115,119,107,113,56,99,85,58,110,118,108,91,81
5467,70,109,99,29,73,80,106,85,112,77,75,119,101,90,115,15,114,118
5468,98,78,115,75,85,82,90,94,96,117,105,103,52,101,109,119,118,26,48,79,95,29,86,106,91,112
5469,86,74,83,100,88,108,115,109,98,78,51,113,73,105,103,76,104,66,82,63
5470,80,112,113,85,75,91,81,109,88,82,106,119,50,78,56,6,70,24,108,103,116,99,77,51,92,74,115
5471,118,85,82,112,4,99,29,96,119,86,106,73,90,76,65,92,24,110,54,115,83
5472,29,104,106,107,116,82,94,83,110,96,109,9,113,108,112,7,86,15,79,76,103
5473,79,77,108,91,105,113,86,116,29,88,119,104,92,101,70,117,109,36,45,98,60,78,95,99,112,87,57,83
5474,92,86,107,83,113,77,90,70,116,78,88,110,87,118,80,103,76,72,26,93,111,112,119,73,81,57,6,94,105,99
5475,103,117,94,115,73,105,80,113,86,106,87,101,30,111,19,108,91,107,112,102,54,88,72,98
5476,106,75,101,82,107,76,108,119,109,115,96,118,73,90,80,85,102,81,110,77,113,79,99,83,114,78,62,91,93,94,57
5477,96,119,111,115,101,102,74,117,104,112,100,75,91,106,113,62,98,73,4,92,77,118,94,90
5478,86,73,76,83,101,117,119,91,80,82,96,103,105,111,81,85,115,11,102,104,107,118,79,92
5479,87,81,70,77,78,110,99,108,119,86,115,107,42,73,75,101
5480,87,105,112,98,108,113,77,115,80,106,74,81,91,24,90,92,107,83,111,99,76,79,109,117,118,30,4,96,51,97
5481,75,116,86,103,107,102,110,117,79,73,83,88,111,45,87,65,78,94,99,5,54,90
5482,96,78,85,103,75,79,90,107,113,82,57,108,70,94,106,117,74,118
5483,91,112,70,113,81,86,107,74,118,85,115,90,109,30,103,79,57,52,82,56,119,76,102,94,87,41,106,99,73,83
5484,103,112,90,79,110,78,107,88,83,115,111,113,11,106,92,70,96
5485,94,79,83,91,90,73,119,95,76,86,109,96,113,111,54,102,77,36,70,98
5486,73,87,99,108,75,119,79,115,116,111,85,117,83,29,106,91,96,103,94,118,112
5487,83,108,81,99,112,70,115,85,107,94,103,73,78,87,97,106,80,117,96,45,113,75,110
5488,112,107,87,117,76,93,70,29,113,83,96,110,73,74,119,86,105,106,118,53,24,22,98
5489,117,74,111,79,94,108,78,70,119,116,95,88,109,107,72,4,90,97,15,110
5490,109,117,73,70,108,111,94,81,90,110,88,112,115,76,10,3,113,93,82,57,7,86,92
5491,92,117,81,115,101,118,80,105,108,87,70,107,79,110,106,113,91,116,100,54,75,85,82,111,7,78,95,94,119,72,63,28,86
5492,110,87,79,100,96,106,92,109,107,91,103,93,75,111,80,81,76,29,116,104,117,37,60,78,30,90,5,115,99,98
5493,87,119,113,79,82,80,100,76,105,86,91,74,118,103,104,48,96,90,22,31,75
5494,103,101,108,96,109,88,76,91,117,75,106,107,118,74,112,83,82,113,92,86,79,98,23,102,73,94
5495,82,101,102,109,105,77,74,90,75,98,78,76,99,115,83,24,112,86,30,65,70,97,94,106
5496,73,108,118,103,83,81,94,85,111,82,106,107,19,90,96,92,91,52,79,70,112
5497,79,70,110,101,74,99,77,113,57,105,90,116,115,78,76,107,71,93,102
5498,95,98,112,99,78,75,108,105,80,85,118,88,86,74,104,87,117,77,116,92,76,81,90,110,30
5499,92,74,100,78,117,102,90,99,108,119,116,81,57,77,105,107,63,87,86,79
5500,115,102,113,117,76,111,104,88,106,86,92,105,80,77,112,116,73,90,74,101,96,110,95,107,100,79,81,98
5501,87,75,115,74,110,76,96,57,111,81,70,91,79,72,99,80,61,109,73,94
5502,115,116,96,87,91,94,108,86,90,110,95,81,98,109,57,80,82,103,15,119,88,32,105,117,92,113
5503,96,24,101,73,103,75,109,118,106,81,76,87,119,99,79,53,80,90,83,42,78,116,52,92,93,98,58,107,84,110
5504,85,90,106,118,111,57,73,96,115,109,117,108,77,80,99,76,78,119,79,112,86
5505,90,81,104,106,87,98,108,112,74,109,102,36,119,79,110,70,80,105,27,73
5506,109,98,75,70,90,118,86,104,119,99,110,80,94,103,73,106,115,32,9,88,25,76
5507,113,88,99,70,76,107,95,75,101,103,83,93,98,108,77,90,73,80,79,81,19,17,117,91,15,4,78,109
5508,106,85,105,108,88,92,78,115,98,81,75,91,110,102,56,111,39,73,54,109,69,83,70
5509,99,115,73,112,87,110,106,86,75,118,103,80,30,108,105,117,74,76,70,77,68,81
5510,94,96,70,79,90,91,83,111,101,105,109,82,118,30,117,102,54,39,41
5511,115,96,51,83,110,100,73,29,102,95,113,111,81,50,104,86,91,116,93,57,119,76,103,79,42,108,82,98,107,97,74
5512,86,115,75,105,79,96,98,113,74,107,76,116,101,83,91,109,93,117,111,66,73,90,92,82,112,108
5513,102,29,111,96,104,119,113,88,92,112,76,78,73,83,103,36,95,60,86,107,42,90,56,101
5514,70,87,75,103,119,109,107,112,96,86,102,5,113,98,74,92,57,101,29,116,105,30,73
5515,98,76,96,117,111,108,106,81,113,87,74,73,78,102,99,107,119,11,70,34,24,3,88,33
5516,112,104,108,57,110,85,102,106,92,115,95,105,114,58,29,32,98,74
5517,81,85,79,113,88,96,101,94,109,91,102,70,57,108,82,99,107,74,105,75,83,87,63,103,104
5518,70,76,109,116,79,78,90,75,113,73,108,82,101,96
5519,90,108,78,116,82,112,111,75,73,80,110,24,103,79,101,81,96,113,100,115,76
5520,110,116,98,83,107,70,91,81,29,101,113,88,80,79,102,30,67,51,99,100,77,106,73,85,78
5521,96,75,105,101,113,80,77,82,87,76,115,79,71,85,57,78,73,111,90
5522,83,111,103,87,86,70,101,98,102,74,68,112,76,113,110,108,80,32,77,55
5523,115,29,85,76,73,99,74,108,118,104,116,78,117,94,119,44,112,106
5524,29,96,117,88,103,118,95,111,94,116,113,73,70,90,75,51,20,98,102,110,38,85,46,115,78
5525,106,119,88,90,54,76,75,109,110,86,74,21,80,101,18,115
5526,103,78,86,74,87,109,88,98,104,93,106,102,81,54,108,77,101,116,75,79,57,12,80,95
5527,106,117,119,88,96,75,94,107,103,70,43,115,118,36,98,4,15,85
5528,98,78,70,95,76,111,113,87,74,119,85,117,48,115,80,107,83,29,42,44,91,54
5529,116,74,92,96,57,104,70,54,110,50,63,88,79,30,119,81,113,118,10,83,84,106
5530,116,87,103,74,78,86,83,76,96,88,101,107,90,85,1,98,54,82,112,70,109
5531,73,79,77,105,102,90,88,116,104,95,101,78,76,86,110,111,75,81,33,112,57,80,50,108,66
5532,103,102,92,91,57,99,117,106,29,75,74,119,54,112,84,80,111,94,115,81,118,4,70,24,96
5533,57,92,111,101,54,76,83,77,82,73,31,87,79,81,78,117,98,51,63,90,15,28,109,106,108
5534,111,39,92,79,109,88,107,101,119,106,102,94,76,95,104,105,41,74,90,4,86,108,81
5535,51,99,116,70,87,88,98,96,101,103,110,76,118,30,90,94,106,29,17,111,78,119
5536,103,95,82,113,110,99,88,79,80,102,91,75,30,96,87,119,109,107,73,90,115,70,83,77,94
5537,118,85,117,77,119,104,107,112,115,105,109,116,74,76,98,78,72,90,81,88,92
5538,116,103,95,29,99,86,105,54,70,75,117,85,81,106,4,57,91,108,109,110,43,88,73,101
5539,90,78,77,87,111,102,116,81,80,108,91,101,93,104,115,112,79,83,86,110,85,99
5540,111,81,70,112,88,75,108,105,101,83,23,92,95,31,57,80,96,94,79,24,116,29,102,109,90,85,107
5541,87,83,115,117,106,101,113,93,118,77,100,90,110,96,111,80,65,116,105,73
5542,86,74,107,57,82,108,106,115,29,99,105,79,88,94,77,113,83,78,52,30,98,59,75,112,102
5543,111,118,99,73,86,85,94,108,119,54,77,88,103,112,101,29,116,14,10,76,98
5544,73,70,116,90,78,107,74,105,76,110,85,101,75,111,80,94,79,119,77
5545,92,94,105,90,116,113,115,103,104,79,107,110,87,60,111,76,91,82
5546,77,73,51,118,90,57,99,75,88,112,108,103,92,91,76,101,37,107,95,109
5547,118,78,116,101,107,112,76,29,82,102,30,87,75,70,44,11,81,108,103,98,90
5548,82,95,80,103,76,79,78,101,99,119,113,91,102,109,53,70,57,105,104,112,110,86,117,115,30,88,87
5549,94,118,104,57,76,29,79,109,82,88,100,83,75,98,110,101,81,102,77,15,74,73,78,54,107,119,85
5550,79,119,87,115,112,113,92,81,108,106,111,110,116,96,107,75,90,82,91,73,95,76,109,103,99
5551,102,57,96,70,107,91,108,85,77,30,103,105,101,115,99,112,98,29,51,119,15
5552,82,96,112,75,102,113,98,78,95,70,106,99,109,43,80,90,116,86,103,92,72,104,87
5553,107,83,82,91,88,110,104,93,85,113,79,109,99,115,59,116,52,80,77,20,14,98,101
5554,70,106,88,109,82,96,91,98,119,83,112,90,86,29,59,76,54,94,101,92,95,75
5555,105,76,110,82,102,30,96,106,78,70,115,107,109,63,87,77,51,103,85,71,98,86,112,100,92,108,116
5556,73,88,98,74,96,108,94,119,115,80,101,118,85,111,3,91,77,110,90,87,17,99
5557,85,78,109,73,87,81,76,105,57,29,103,92,86,79,75,88,94,106,47,70,115,118,74,116
5558,106,99,94,73,115,101,109,105,78,53,86,77,91,117,98,70,85,114,112
5559,117,86,57,101,78,96,115,106,79,107,110,93,88,102,83,74,8,118,104
5560,88,115,91,74,107,76,87,80,90,85,101,82,81,113,94,111,42,63,118,95,86,16,7
5561,57,90,29,116,109,104,88,76,113,86,110,96,77,117,112,111,106,94,74,83,43,85,103,54
5562,95,98,79,76,83,90,74,81,92,70,118,109,100,77,75,116,96,117,29,57,104,88,91,113,105,106,101
5563,108,57,77,116,83,100,105,111,113,107,86,76,95,78,7,102,98,38,22,119,110,96,81,75,109,117,43,92
5564,107,76,109,94,85,86,119,102,70,78,91,93,117,73,111,47,108,57,82,51,115,112,110,88,87,54
5565,87,99,85,108,107,88,78,112,105,75,91,102,104,111,96,101,6,98,94
5566,102,86,113,110,109,95,103,104,76,79,100,83,74,116,119,66,101,58,35,90,118
5567,106,118,93,107,76,102,85,80,79,115,101,77,113,78,100,99,51,95,90,108,2,119,96
5568,100,110,96,102,101,79,113,106,80,82,119,76,117,91,28,90,94,70,73,95,98,105,87,88,109,115,85,83,104
5569,83,80,91,106,86,110,75,113,107,102,96,119,117,2,94,85,95,104,3,82,29
5570,116,88,79,29,83,103,119,94,74,115,73,78,110,99,107,98,36,109,111,118,93,104,23,113,41,70
5571,51,57,113,92,81,70,91,83,107,75,74,85,96,106,98,115,80,118,88,104,90,93,105,117,33,38,116
5572,112,91,90,75,77,94,70,118,106,83,110,51,82,95,3,79
5573,115,106,110,90,77,73,94,75,86,113,105,81,103,70,51,91,96,44,118,85,80,108,67,82,74
5574,103,108,73,82,29,92,70,101,48,79,115,113,110,30,118,56,116,90,15,46,119,100,94
5575,94,57,105,88,82,107,118,87,111,117,61,101,113,119,110,98,103,70,75,29,95,80
5576,83,78,115,88,81,103,82,96,75,70,107,112,29,98,12,101,113,118,80,85,111
5577,80,86,90,108,107,100,118,110,78,117,98,111,82,91,102,109,76,106,73,42,112,105,81,83,119
5578,117,94,99,104,90,108,111,77,85,88,113,118,87,80,110,112,107,70,109,72,105
5579,87,90,116,94,86,81,112,109,118,73,115,85,113,75,105,107,79,111,108,74
5580,117,70,119,77,91,29,101,73,79,113,81,96,118,93,82,75,74,105,27,109
5581,70,57,90,101,76,83,118,108,85,29,95,110,30,86,106,109,81,102,99,56,113,100,77,38,52,67
5582,92,116,70,81,87,100,76,99,82,110,75,101,98,88,119,97,102,85,94,86,60,23,112,95,118,73
5583,76,116,83,102,105,115,98,99,90,30,81,70,88,77,78,86,87,95,41,6,65,96,82,74,14,113,36,54
5584,88,112,116,85,111,105,81,96,99,83,109,86,75,98,110,48,57,59,113,47,70,84,80
5585,90,111,80,101,85,110,81,77,76,83,91,103,75,98,113,73,96
5586,86,70,112,99,96,77,74,103,76,108,118,113,101,82,111,105,102,107,98,92,95,15,90,73,88,117,119,106,29,75,44
5587,73,103,76,81,118,94,80,74,91,112,115,79,113,86,82,116,108,107,70,106,48,40,105,85,57
5588,86,103,83,81,99,101,112,75,117,91,118,73,96,102,115,80,104,85,111,46,108,94,110,93,116,79,98,36
5589,112,105,73,117,110,107,79,75,78,94,96,21,54,52,41,99
5590,76,29,56,90,83,96,86,108,103,119,91,112,99,78,85,117,118,70,74,115,105,87,98
5591,99,91,74,116,108,107,101,81,86,119,105,70,102,75,110,113,98,87,40,96,77
5592,79,80,99,73,116,70,74,106,118,94,108,86,110,119,90,112,102,101,103,75,81
5593,101,91,86,118,117,111,75,112,115,88,90,108,87,110,98,16,21,76
5594,94,118,116,75,91,115,113,81,98,119,105,90,86,97,117,93,77,83,70,43,106,108
5595,111,80,96,106,74,87,91,108,102,70,103,86,110,117,30,115,56,83,94,31,93,95,78
5596,75,111,113,106,81,119,76,110,116,88,87,85,112,73,115,86,104,82,118,109,77,108,56,107
5597,94,75,76,91,81,113,70,80,85,101,111,73,108,51,102,82,5,98,107,78,57,115,116,77
5598,79,112,117,118,111,105,113,103,119,91,77,94,88,115,83,96,108
5599,119,97,77,108,99,112,115,68,118,71,33,81,53,90,70,96,106,39,80,109
5600,100,115,29,90,87,79,96,91,107,116,112,54,119,85,94,75,101,106,109,69,6,56,76,95,70,103,78
5601,85,107,115,108,112,79,117,116,118,70,30,73,102,113,77,75,101,104,111,93,15,55,88,92,94
5602,112,88,51,113,119,102,116,79,110,84,80,57,103,96,76,111,91,70,87,82,81
5603,73,106,109,70,88,79,77,116,74,90,76,96,105,81,108,66,22,75,82,17,85,118
5604,103,91,81,108,78,85,87,106,76,101,115,75,112,104,113,88,117,116,33,95,111,105,53,98
5605,29,75,74,91,112,115,81,113,106,86,119,116,83,85,94,70,36,99,102,6,117,111
5606,74,87,111,73,96,57,98,77,85,88,109,113,82,38,92,112,51,116,110,102
5607,116,82,74,87,73,86,112,107,77,111,57,109,88,106,99,79,118,85,115,94,83,70,78
5608,90,86,116,82,100,117,80,113,111,105,99,118,70,115,107,108,76,106,29,74,78,75,17,94,81,102,95
5609,116,112,87,115,80,98,77,73,118,110,102,96,74,82,27,101,85,35,7,119
5610,87,117,101,75,107,91,115,80,105,86,90,116,57,78,98,40,29,70,77,82,94
5611,90,85,77,88,116,81,113,86,87,7,105,73,110,118,108,102,79,103
5612,106,73,113,74,80,112,76,29,103,117,116,111,86,54,105,81,30,115,78,77,100,63,50,20,119
5613,92,85,81,107,97,86,119,110,106,79,75,77,118,99,3,115,1,108,78,102,83,112,58,73,6,88
5614,77,57,88,74,76,29,95,78,110,87,118,92,82,83,109,106,55,80,86,96,4,101,6,108,43,90,103,116
5615,29,73,98,118,92,90,77,119,82,100,99,74,85,81,87,57,111,116,88,108,65,30,48,105
5616,109,113,74,90,83,70,75,99,117,78,100,103,38,119,80,91,64,107,112,82,22,92,111,106,76
5617,119,80,86,91,115,106,96,107,29,109,30,57,108,103,95,112,116,110,117,78,88,61
5618,117,86,82,90,109,87,108,88,101,96,74,80,75,105,102,118,93,99,92,85,57,73
5619,101,87,116,113,76,79,94,86,85,112,82,91,115,19,24,78,95,99
5620,108,109,29,87,74,76,105,78,30,80,98,99,116,101,81,111,54,119,96,77,73,94,75,88,18,100,90
5621,109,80,75,70,110,111,96,91,36,26,118,98,77,7,57,85,87
5622,116,102,74,117,91,118,92,70,112,78,88,73,86,29,30,95,113,81,82
5623,77,105,111,81,83,90,113,78,101,99,73,80,103,86,109,97,57,108,104,85,92,94,117,87,49,46,70
5624,74,85,73,86,109,79,107,115,87,98,78,112,83,110,117,2,75,7,106,76
5625,77,86,69,85,105,76,99,101,74,104,118,100,63,94,117,96,107,67,116
5626,70,107,79,92,115,91,119,96,29,74,77,105,103,95,118,66,98,112,38,93
5627,88,109,83,96,76,74,105,73,75,80,98,108,79,107,68,87,104,95,86,113
5628,99,74,92,78,116,87,85,95,98,117,108,106,49,16,79,107,28,14,48,96,101
5629,99,90,78,94,119,86,108,70,110,116,96,85,83,75,77,73,87
5630,57,90,96,94,78,81,83,79,115,104,97,86,80,101,92,109,107,100,32,24,76,91,22,51,106,85,105
5631,99,94,116,104,106,91,102,113,75,119,11,96,70,101,67,73
5632,110,78,86,119,74,90,81,79,70,107,85,30,113,112,98,94,111,104,69,87,96
5633,108,116,70,30,76,99,106,113,119,81,83,78,96,90,103,74,112,115,91,82,102
5634,115,57,86,75,119,83,116,109,105,91,77,107,98,29,62,103,85,113,112,108,106,70,73,95,47,96,14,76
5635,77,112,119,91,88,76,86,75,87,79,115,107,78,54,101,83,111,98,99,81,30,90,44
5636,75,110,82,102,81,116,98,108,112,55,79,115,113,65,96,103,109,11,27,78,57,86
5637,77,79,74,86,111,103,108,80,107,70,105,99,94,106,83,101,85,88,91,104,115,81,29
5638,119,106,57,87,113,74,109,79,115,75,118,111,102,81,56,24,96
5639,96,117,101,80,87,73,88,104,79,119,97,118,54,83,113,94,109,57,4,92,82,77,95,3,76,102,64
5640,109,80,91,101,70,96,113,116,75,74,87,83,78,118,110,104,119,82,22,86
5641,112,117,87,96,86,80,104,113,78,106,118,70,83,76,90,111,82,66,108,91,102,98
5642,91,75,94,78,115,73,105,51,82,96,57,38,87,116,103,117,26,77,81,119,25,113,86
5643,87,115,92,73,118,83,80,78,98,101,116,119,112,91,117,90,79,88,77,113
5644,117,74,75,73,102,104,111,101,85,86,112,119,95,78,90,3,96,94,103,76,83,93,1,87,70,113,79,110,115,57
5645,74,117,78,98,82,75,112,51,80,83,73,108,90,76,86,115,96,116,95,91,100,57
5646,93,85,88,82,75,119,99,57,115,101,111,103,106,83,108,105,100,90,78,73,110,29,81,104,48,87,61,79
5647,81,113,91,29,70,112,96,110,77,108,107,74,11,103,105,83,117,80,109,98,75,78
5648,118,77,30,83,78,106,76,102,105,79,117,108,103,73,113,57,95,87,85,70,101,61,82,75,56,99,116,62,65,88,47
5649,85,80,77,70,119,79,73,118,83,86,112,115,88,82,105,98,29,74,106,104
5650,79,117,110,88,29,94,96,74,108,85,112,81,113,77,105,115,80,70,111,107,109,99,90,106
5651,83,113,112,79,106,108,98,102,101,119,82,76,77,70,41,103,94,44,115,96,93,100
5652,70,115,101,106,118,117,76,75,78,74,98,24,94,104,111,82,119,81,29,66,90
5653,104,103,90,100,57,30,110,98,73,78,85,91,77,74,82,8,86,72,101,118,93,116,119
5654,81,100,98,115,87,107,94,105,82,76,73,113,106,91,88,54,90,96,77,74,110,62,99,86,75,92
5655,116,99,80,77,85,101,119,70,81,102,74,79,86,94,82,88,76,6,111,96,108,3,109,1,107
5656,77,91,109,92,86,103,108,98,101,75,49,115,70,119,80,81,87,66,74,79,112,35,95,102
5657,94,104,113,88,98,85,92,105,99,107,54,66,50,101,102,56,96,80,26,70,12,91,103,108
5658,99,77,70,106,107,82,78,96,75,95,110,73,60,80,118,23,85,21,55
5659,75,109,76,110,70,92,86,82,99,88,73,85,28,90,112,118,96,91,116,79,50,115,74
5660,70,74,110,109,101,57,94,87,56,111,117,75,99,91,103,119,83
5661,92,85,96,57,87,113,112,95,74,108,54,94,76,88,75,15,79,110,53,115,117
5662,99,98,29,104,76,86,73,91,96,103,110,109,74,70,85,112,119,90,116,82
5663,109,91,85,104,113,108,86,116,70,90,102,119,73,34,74,115,17,37,38,110,21,5,7,83,75,105
5664,117,81,70,85,106,74,96,110,29,111,30,99,76,109,16,107
5665,91,81,76,93,107,94,115,74,80,113,106,110,50,83,75,92,78,73,96,116,51,117,66,82,71
5666,29,80,115,74,78,88,92,70,101,111,85,75,87,116,117,107,118,112,86,16
5667,80,107,90,92,74,96,91,116,110,82,115,57,68,73,51,76,95,100,88,30,36
5668,109,116,86,112,98,90,115,78,113,119,75,105,101,104,110,29,69,107,77,89,117,88,85,79,111,83
5669,80,77,103,78,118,108,106,104,99,83,82,119,94,87,70,105,24,86,92,18,117,57,67,107,109
5670,78,48,93,76,98,101,109,94,113,83,91,92,46,116,75,105,114,106
5671,110,96,113,74,112,86,101,90,80,108,104,76,94,83,57,63,106,75,88,98
5672,99,108,81,100,102,75,77,78,87,119,82,96,103,41,24,76,95,88,48,85,5,38,83,111,17,98,94
5673,105,80,106,83,87,111,101,81,90,50,98,112,22,94,96,115,77,113,116,102
5674,110,118,77,88,76,73,82,100,115,33,109,30,116,111,74,24,98,113,39,45,13,107,106,44,105,91,108
5675,92,91,70,83,74,88,107,78,79,29,103,119,87,82,28,96,101,109,108,118,105,113,116
5676,101,113,87,74,75,108,102,118,4,78,57,79,52,98,50,90,96,8,92,81,107,105,99
5677,87,80,85,81,91,112,98,111,83,101,100,108,95,76,110,104,115,113,116,93,74,82,70,77,94,99,109
5678,113,83,77,88,78,79,90,80,74,101,98,70,108,119,76,96,118,95,29,99,20,86,13,73,60,97,106,75
5679,88,111,99,94,90,78,113,118,80,86,96,67,105,4,106,102,70,84,29,48,98,57
5680,111,118,86,76,90,73,106,88,116,75,101,107,91,80,79,74,70,110,109,103,87,12
5681,100,96,118,79,86,101,111,85,106,82,83,105,64,108,88,70,117,90,87
5682,70,96,74,103,111,119,98,75,79,106,102,81,116,113,51,101,82,105,83,30,112,8,90,9,78
5683,87,116,74,83,100,113,101,78,117,70,82,98,110,90,106,118,4,108,88,102,94,104
5684,104,75,73,79,82,115,107,81,119,106,98,116,110,25,100,95,4,118,41,29,61,105,78
5685,76,102,100,82,57,105,109,94,115,88,106,107,104,92,119,96,118,29,54,108,117
5686,119,80,51,79,86,75,112,76,90,81,102,116,74,57,73,83,87,115
5687,95,77,100,79,82,78,110,105,88,104,119,90,107,92,117,87,76,39,43,111,55,54,57,80
5688,83,91,105,110,109,76,90,57,117,88,95,97,108,45,119,115,86,94,80,5,98,107,77
5689,86,99,80,79,113,116,81,96,90,111,29,103,74,109,57,64
5690,92,115,90,57,91,95,96,86,30,117,110,78,41,101,106,74,107,67,99,4,13,83,81,111,77,76,54,119
5691,115,109,99,70,119,96,29,92,93,118,77,85,100,113,105,104,81,111,90,110,74,87,69,78,5,79
5692,116,110,73,81,78,111,105,112,74,115,113,34,86,99,80,109,12,119
5693,107,113,98,79,78,86,69,92,87,76,67,112,77,104,111,9,94,74,103,88,70
5694,112,93,99,90,118,109,105,81,98,75,110,113,76,4,94,103,86,107,87,115,82
5695,54,92,81,80,76,83,111,78,106,116,91,102,117,109,101,87,56,112,94,46,104,9,70,34
5696,106,102,74,94,79,110,113,29,111,103,91,101,107,118,112,119,99,105,30,75,2,88,109
5697,119,113,115,96,73,77,85,92,107,105,83,38,75,87,93,110,80,50,111,70
5698,87,73,80,117,94,75,111,109,106,113,105,85,36,119,96,90,91,76
5699,73,99,60,96,29,82,86,75,91,80,118,117,77,81,4,83,93,98,108,110,78,103,76,5,85,102,56
5700,79,74,96,98,77,111,102,87,90,73,82,108,95,116,75,76,112,106,117
5701,107,83,82,102,78,85,90,103,81,100,95,115,91,44,86,104,23,108,87,118,101,105,79,109,113
5702,80,57,85,115,82,116,105,104,113,96,98,70,108,102,111,117,30,81,74,103,91,23,112,101,119,78,79
5703,113,112,57,118,76,99,110,105,90,86,77,111,75,83,102,80,93,109,106,20,37,13,101,73,81
5704,106,109,79,91,111,73,92,90,98,112,94,93,116,74,101,75,77,88,57,104,113,80,81
5705,102,30,79,75,111,76,104,98,87,116,113,99,90,105,82,86,57,85,110,50,103,74,106,115,119
5706,85,118,99,119,104,82,96,29,86,73,88,115,77,80,95,70,76,108,112,91,116,79
5707,83,99,116,112,80,92,73,101,57,98,67,103,81,115,76,38,85,104,47,94
5708,90,107,119,85,106,110,80,81,87,108,70,101,78,79,112,86
5709,118,104,81,99,96,110,115,86,112,113,116,76,4,34,10,79,1,102,75,74
5710,83,90,108,115,101,94,116,86,109,76,106,107,97,74,57,89,96,111,82,34
5711,83,117,118,81,115,103,108,80,70,112,62,35,73,109,99,101,78,86,93,98,116
5712,102,108,99,74,94,70,105,57,112,73,106,29,76,80,91,30,95,86,109,4,100,54,48,77,78,84,103,79,75,88
5713,75,70,105,116,108,99,57,54,76,30,88,103,106,81,74,51,96,117,92,112,78,79,109,77,118,95,1,8,94
5714,70,110,92,86,118,94,101,57,117,115,106,85,80,88,83,96,81,73,104,77
5715,119,98,106,78,83,56,94,70,79,30,99,105,112,87,82,81,118,104,90,88,110,16,76,101
5716,100,88,87,109,81,85,99,70,101,29,75,42,118,77,98,2,119,117,78,83,92,36,90,82,105,116,110,107,61,94
5717,105,91,79,112,111,94,88,73,70,90,54,110,106,101,99,80,9,86,118,78,83
5718,81,74,76,85,73,110,115,4,86,107,92,93,102,113,83,88,29,91,46,97,19,65,106,94,112,101,24,100
5719,112,106,77,115,76,102,80,93,110,74,105,56,54,94,49,104,109,39,107,24,48,118,81,91,75,71,103,42,96
5720,94,70,115,99,80,90,85,87,72,96,16,86,29,75,111,40,112,109,110,57,77,81,106
5721,101,80,79,118,81,111,86,98,82,88,91,90,115,94,99,77,102,110,116,113
5722,80,111,102,98,79,77,103,85,95,119,81,115,29,90,118,109,113,94,9,78,112,107,70
5723,110,115,117,93,85,105,87,113,101,74,100,119,103,79,98,73,90,118,107,77,83,3,116
5724,111,96,105,106,99,83,86,85,29,90,80,81,57,76,5,116,74,4,108,79,110,94,77
5725,74,80,85,79,99,107,118,90,98,108,91,112,78,103,59,101,77,94,87,110
5726,108,83,110,118,90,85,73,88,78,111,115,97,92,116,29,87,94,96,54,36,100,98,76,24,70,80,86,117
5727,87,113,86,103,78,116,82,101,119,90,61,81,74,98,102,106,1,79
5728,107,112,118,105,109,70,90,77,57,91,29,113,108,102,117,104,54,99,115,88
5729,80,29,77,88,79,112,101,85,99,81,90,98,94,76,91,105,87,75,118,7,102,109,119,78,103
5730,75,103,85,110,83,70,102,73,96,117,101,94,33,109,113,108,88,105,57,32,118,35,74
5731,107,77,91,74,99,105,109,87,83,101,90,98,49,4,108,102,88,55,115,28,79,82,85,110
5732,101,110,111,94,85,109,77,88,96,119,81,105,75,83,115,70,57,91,102,90,64,108,106,87,80,29
5733,92,99,73,98,87,81,116,74,119,102,109,10,75,103,96,19,108,70
5734,79,110,70,119,83,115,81,105,57,76,87,90,80,101,88,94,111,116,118,113
5735,81,99,70,109,113,106,94,73,111,118,93,115,90,34,2,96,91,56,101,8,102
5736,106,118,116,85,87,70,108,74,109,88,86,99,10,73,105,103,95,101
5737,110,113,109,98,79,115,102,106,76,108,73,78,5,119,81,54,24,96,85,86,101,91,116,74,92,75
5738,99,88,113,80,94,101,74,108,90,96,73,29,118,17,40,119,85,12,76
5739,90,98,119,70,30,80,29,108,109,115,101,78,83,107,91,116,92,94
5740,74,116,82,119,112,86,99,100,81,105,87,79,111,75,83,94
5741,119,96,30,70,115,57,112,105,78,90,95,46,87,74,104,91,24,111,114,18,106
5742,78,81,109,116,76,118,99,97,77,112,110,102,104,74,82,113,111,86,96,94,85,21,26,100,91,75,105,90
5743,92,57,77,76,108,94,98,113,54,81,110,60,111,101,24,109,119,78,44,70,29
5744,110,77,101,115,111,70,87,118,73,99,119,78,106,94,30,24,108,92,116
5745,70,98,118,83,80,94,111,29,34,116,78,73,19,96,117,87,57,79,110,113,77,107,81
5746,81,78,112,96,107,30,83,106,103,118,85,54,94,35,80,73,32,10,99,88,20
5747,92,83,118,82,29,91,100,109,115,102,119,110,74,108,77,86,73,111,80,103,85,105,22,116,107,57
5748,94,112,91,117,96,81,86,103,79,74,119,108,115,118,85,102,70,75,98,111,59,110,57,109,105,113
5749,96,111,94,70,78,101,79,74,109,113,88,82,106,80,54,112,105,118,16,66,119,86
5750,78,115,85,96,82,100,103,86,77,88,91,98,2,83,108,101,119,105
5751,64,103,99,85,111,74,75,110,88,101,118,52,108,77,80,106,65,73
5752,78,99,109,113,101,108,76,91,96,111,100,75,105,90,85,60,83,107,86,81
5753,99,87,98,101,111,75,83,115,73,104,80,79,16,118,110,85,82,94,88,103,116,90,74,108
5754,118,98,85,81,77,90,117,111,75,86,101,106,116,24,82,119,109,83,13,80,104,70,74
5755,74,70,115,86,117,80,111,91,75,118,104,106,54,98,107,88,57,17,90,14,55,29,85
5756,94,99,86,98,76,70,87,110,109,107,105,79,82,96,85,73,111,119,16,118,75,78,114,83
5757,102,113,80,86,106,119,83,96,76,51,87,116,101,107,29,74,90,81,111,85,105,99,77,109,115,108,78,100,112,98,94
5758,29,117,102,110,73,70,95,90,105,86,118,101,75,113,57,76,93,109
5759,92,82,73,117,81,94,80,57,107,99,100,106,83,116,111,112,98,101,87,30,75,90,93,105,108,91,102,104
5760,54,79,70,74,118,110,115,82,87,109,107,105,90,96,100,113,80,86,92,76,111,5,119,41,116
5761,119,104,117,101,74,99,73,102,92,91,112,95,76,106,115,116,87,35,113,51,108,4,78,93,118,64,110
5762,86,113,94,108,79,105,99,74,110,83,111,107,76,96,115,80,92,29,102,67,119
5763,77,94,103,88,106,87,80,115,104,102,83,118,95,74,82,25,79,7,119,2,91,112,78,108,99,92
5764,83,110,118,113,106,73,92,79,70,102,103,94,91,86,99,98,22,75,112,116,46,64,87,33,114,78,81
5765,83,106,113,86,57,94,73,91,87,112,99,81,111,110,119,78,90
5766,81,117,91,80,85,93,111,57,118,76,86,113,98,96,112,101,83,108,74,94,99,104,73,43,107,87
5767,73,116,88,94,90,77,107,86,111,106,118,108,39,101,112,96,57
5768,83,77,100,87,104,116,117,110,113,112,109,54,51,106,80,66,99,108,103,58,72,101,57,79,70,30
5769,93,101,111,91,90,81,86,116,83,107,95,12,110,88,112,16,74,75,109
5770,83,51,116,87,115,105,73,82,74,108,98,99,111,75,107,86,100,57,85,66,76,90,92,70,35,110,118,106,91
5771,78,88,57,54,117,115,91,119,74,83,103,75,113,90,67,24,105,95,70,76
5772,83,109,87,82,81,80,96,116,102,99,98,105,100,104,37,39,111,77,90,57
5773,110,73,118,75,104,77,95,103,83,87,112,81,107,97,36,96,119,3,105,109,102,22
5774,91,115,85,95,108,70,83,78,110,86,116,30,56,101,82,119,100,105,77,99,98,57,87,102,107
5775,100,115,106,82,119,70,111,83,88,102,74,113,78,103,117,108,109,99,110,24,75,85,40
5776,92,116,73,88,119,79,75,103,107,110,78,80,108,115,81,99,98,71,113,22,86,60,87,83
5777,76,79,98,83,100,86,90,95,112,99,96,102,119,81,85,65,87,29,107,26,30
5778,106,76,73,81,111,77,82,103,104,74,101,79,93,55,119,88,87,91,85,29,98,78,75
5779,88,79,99,81,111,119,106,107,109,96,74,112,110,86,24
5780,92,115,77,74,82,119,112,109,73,93,75,100,96,118,99,81,104,107,36,70,98,91,117,105,94,83,111,78
5781,107,116,76,96,113,90,102,86,77,29,75,87,112,93,103,88,97,109,80,110,92,104,81,101,82
5782,107,88,82,90,116,101,108,95,118,113,86,110,106,102,111,83,112,73,96,57,103,77,98,100,91,67,94
5783,74,111,103,95,105,85,88,113,109,94,50,96,79,104,101,73,116,92,81,77,51,98,82,90
5784,57,86,109,88,81,107,118,54,77,83,30,90,92,6,94,115,117,79,106,78,93,101,74,105,55,99,102
5785,108,74,86,96,118,94,75,110,88,90,85,109,78,83,70,77,82,111,98,26,55,58,91,103,9,107,102,106
5786,111,106,79,119,75,77,90,118,74,76,104,103,98,30,112,109,54,73,113,37,80,87
5787,111,96,107,76,110,105,79,73,112,116,109,75,106,78,99,94,23,102,57,115,87,65,113,32,92,29,118
5788,94,75,118,109,106,86,116,73,91,77,119,101,110,79,70,30,85,117,83,90,54,98,84,7,108,93,115,104
5789,113,107,80,92,94,119,98,110,79,115,76,83,29,87,91,111,70,90,40,118,88,85
5790,73,29,74,103,75,100,82,94,108,81,95,116,112,57,91,77,111,30,104,79,69,96,80,117,83
5791,88,91,82,111,29,106,85,105,78,74,80,51,83,107,110,44,104,101,117,87,96,79,112,57,70
5792,79,115,101,80,85,75,99,81,88,104,50,77,70,40,82,103,94,76,86
5793,92,119,87,78,79,82,112,91,54,29,110,111,75,38,90,107,99,73
5794,86,74,116,108,75,81,107,91,105,111,103,79,102,85,115,67,76,118,119,2,41,109,98
5795,112,116,74,108,105,106,110,85,70,95,107,44,20
5796,116,99,82,96,111,90,115,77,86,98,87,95,85,94,75,104,70,24,105,112,113,102,119,4,93,83,101,5,97
5797,74,75,104,108,83,90,113,79,82,78,107,94,118,72,106,63,32,96,64,85,116,54
5798,88,85,80,86,101,96,75,104,102,6,108,77,61,30,54,84,45,82,98,79,91
5799,75,110,94,78,106,101,96,57,51,102,76,86,116,117,105
5800,108,104,79,90,98,103,117,54,107,75,116,80,77,119,93,85,41,100,91,61,109,87,96,73
5801,94,85,115,92,106,98,105,104,80,100,119,77,73,78,90,24,102,110,76
5802,118,85,95,98,119,91,107,111,96,81,75,74,106,99,92,80,83,109,76,66,86
5803,94,83,81,80,109,87,74,82,92,85,104,91,93,105,68,19,30,88,32,101,116
5804,91,118,101,82,117,73,92,90,105,88,113,108,54,81,107,41,112,104,9,106,18,75,55,95,109
5805,78,74,91,80,103,105,115,112,85,109,101,110,75,119,98,99,106,117,86
5806,29,108,111,112,86,85,98,116,87,113,109,88,118,70,119,94
5807,74,118,104,96,101,112,82,30,85,57,98,108,113,91,105,80,86
5808,116,70,109,108,113,77,76,51,88,105,96,75,99,90,94,80,60,74,106,107
5809,101,108,111,106,98,75,104,80,109,118,119,96,90,74,54,116,107
5810,83,90,87,109,80,108,113,70,103,94,98,104,116,96,110,81,77,30,117,119,85,57,29,63
5811,76,75,100,112,90,117,111,103,113,77,85,66,116,88,78,80,5,87,30,115,96,110,105
5812,113,85,57,118,97,78,117,81,91,86,80,104,74,70,51,77,94,116
5813,108,57,81,87,74,90,102,83,105,112,118,29,51,80,85,82,92,116,76,99,73
5814,117,115,70,73,29,79,88,100,106,108,94,82,98,86,87,113,107,90,80,76
5815,109,111,83,91,116,75,102,81,14,98,92,94,118,107
5816,86,113,90,110,74,94,96,112,29,115,23,47,80,107,78,103,83
5817,103,109,111,83,81,87,74,88,92,118,73,77,51,108,91,80,90,20,115,117,106,98,85
5818,88,118,110,73,107,77,102,117,113,101,94,79,99,103,51,70,105,106,78,82,119,75,91,85,90
5819,78,109,75,98,91,117,77,102,118,85,53,100,16,31,81,82,79
5820,99,96,79,108,91,111,101,75,115,116,102,57,117,98,70,88,39,83,82,80,77,104,103,78
5821,117,119,85,106,115,101,118,76,82,111,105,110,83,30,46,108,75,91,89,96,57,44
5822,115,112,78,91,101,90,102,70,74,94,81,113,83,86,41,87,88,96,105,64,75,56,104,106,109
5823,116,111,102,86,98,107,108,81,78,113,82,96,85,109,115,101,99,57,91,76,87
5824,29,80,96,119,115,79,91,94,98,116,48,75,84,76,113,106,59,101
5825,94,78,110,117,57,107,74,73,98,99,103,115,92,113,109,90,39,41,112,105,83,91,28,106,88,84,95
5826,94,78,77,113,118,106,119,29,96,91,107,117,83,115,76,88,56,100,99
5827,94,79,105,96,85,86,108,110,103,109,112,63,118,82,91,74,98,92,80,3,101,88,29
5828,101,88,119,105,74,118,107,90,95,70,102,94,54,110,87,99,96,81,117,77,29,116
5829,96,118,75,105,79,116,107,100,74,111,106,119,87,98,83,102,54,8,94,63,73
5830,87,74,109,78,83,113,110,101,118,115,102,90,81,91,79,95,108,117,98,86,103
5831,88,116,107,101,75,79,108,74,119,54,77,78,70,90,87,81,83,103,112
5832,113,91,70,109,107,94,102,80,115,74,111,44,108,98,110,4,38,85,77,86,104,83,5,87,17,116
5833,57,85,112,50,88,106,78,103,119,98,74,80,70,111,94,81,107,104,65,17,29,110,82
5834,85,87,118,98,76,83,109,108,101,112,80,74,103,111,77,82,88,96,104,90
5835,111,103,98,88,119,76,74,99,77,82,65,94,90,104,73,44,83
5836,70,115,60,29,116,110,85,109,112,83,88,105,78,82,98,62,111,101
5837,82,57,76,116,102,94,86,4,105,88,101,32,83,78,48,25,72,80,90,50,70,91,106,117
5838,116,112,104,70,73,86,78,94,118,51,79,9,115,107,99,29,106,54,88,67,98,30,96,28,109,101,7
5839,102,98,110,101,109,65,77,82,87,51,85,108,81,100,115,78,116,73,104,92,75,90,28,106,96
5840,29,85,86,94,75,118,119,88,102,96,79,101,106,116,66,103,105,70,51,115,98,91,57
5841,119,99,76,111,88,110,79,106,104,86,98,115,112,117,78,96,83,77,35,87,118,69,73,108,94
5842,106,118,110,104,112,98,117,111,70,86,115,102,73,91,113,99,109,93,35,80,76,47,96,107,81,41,88,103
5843,108,113,101,110,76,73,90,79,100,87,77,105,80,112,106,118,91,86,83,82,51,115,93
5844,77,108,83,57,85,112,91,96,90,111,104,101,98,107,119,86,63,74,95,36,113,80,87,35,42,73,52,115,79
5845,108,105,107,103,75,70,96,92,76,110,106,4,91,77,73,98,102,119,117,113
5846,82,105,94,108,116,78,102,115,118,75,100,111,85,113,112,83,81,77,79,119
5847,91,104,78,117,85,107,102,113,75,86,108,80,100,109,112,73,105,43,83,98,57
5848,106,78,74,76,87,70,75,100,85,109,77,101,99,115,90,113,93,114,110,105,119,108
5849,112,115,108,73,75,116,70,85,80,90,87,79,119,82,107,105,94,76,102,101,97,61,63,5,117,54,86
5850,96,94,85,111,83,105,82,101,107,110,113,16,90,76,23,45,10,109,79,93,77,118,75,78
5851,91,99,92,75,110,85,40,109,101,81,13,98,52,34,119,107
5852,79,109,106,29,110,94,101,73,105,76,108,83,81,113,82,65,99,107,70,87,84,111,21,117,102,115,75
5853,90,76,74,99,78,118,57,88,83,102,87,98,96,70,9,85,115,62,73,101,60,103,92,80
5854,57,75,81,117,90,98,91,106,73,87,101,110,103,95,27,111,86,58,88,108,113,70,99,82,76
5855,86,103,80,81,117,107,70,98,106,96,118,116,109,30,27,112,92,73,24,108,110,97,115,79,82
5856,111,106,87,119,116,105,108,110,103,96,54,88,80,101,57,109,85,90,75
5857,111,102,75,101,79,110,103,106,83,81,82,112,78,96,91,73,33,105,30,74
5858,70,117,102,95,86,112,118,100,83,80,103,91,90,104,98,51,111,85,4,20,107
5859,57,110,119,82,77,109,106,104,95,111,73,79,56,80,101,90,53,88,91,50,115,97,51,94,102,75,49
5860,102,119,91,79,101,98,57,105,115,110,108,103,113,111,106,54,82,43,83,100,40,96,9,12,87,81
5861,115,78,91,110,117,96,94,77,109,108,116,105,106,87,112,29,54,82,23,75,51,47,83,98
5862,99,73,78,113,88,109,75,115,91,111,70,117,108,107,85,86,54,28,62,80,110,119
5863,78,96,106,29,83,87,79,100,101,116,24,90,109,105,74,104,82,102,112,80,99,7
5864,87,91,111,74,86,94,118,90,101,106,98,104,88,92,81,110,10,85,117,113
5865,88,104,91,78,101,70,116,98,73,115,93,83,85,86,79,112,114,68,76,80,74,118
5866,115,109,100,79,105,88,73,98,76,57,116,81,118,102,87,113,107,77,119,50,75,74,92,4
5867,70,113,99,104,109,115,117,96,82,87,110,103,85,80,106,111,105,112,54,79,81,98,75,93,101
5868,79,116,74,102,117,70,76,105,30,29,88,99,77,106,81,75,113,103,118,49,101,98,35,80,108,13,89
5869,86,83,96,110,116,92,88,73,99,109,91,75,78,108,77,113,107,105,79,1,87,21
5870,101,115,90,86,119,118,102,103,108,29,92,91,98,113,76,80,82,83,109,87,70
5871,85,118,98,111,79,77,87,96,109,73,80,90,75,116,119,64,107,105,112,115,104,74,94
5872,107,98,75,116,88,106,102,82,85,83,99,109,118,76,70,29,73,57,15,95,86,94,81,74,93,92,115,79
5873,85,51,105,101,110,107,86,91,109,81,102,83,4,99,94,67,73
5874,78,118,109,88,106,104,101,99,75,102,112,80,89,110,90,107,79,113,96,50,119,81
5875,115,88,79,75,101,102,29,98,85,70,92,73,106,91,83,71,52,77,117,119,90,93,74,16,112,99,94
5876,118,86,91,102,99,107,76,109,108,73,9,77,98,85,57,81,79,90,94,75,70,30,110,95
5877,109,74,118,70,83,96,87,91,85,76,110,103,52,86,98,92,75,99,93,29,80
5878,102,76,57,96,106,87,117,105,110,29,101,70,107,82,115,100,104,109,112,88,12,119,118,46
5879,102,79,73,103,112,83,98,106,117,104,77,92,85,75,115,105,96,107,109,5,113,80,54,119
5880,29,85,111,91,70,113,57,95,107,76,118,77,109,20,101,56,105,112,119,27,42,83,98,96,115
5881,83,90,82,91,110,100,80,88,77,102,112,96,101,105,87,94,81,23,34,44,78
5882,117,76,86,77,111,81,102,105,90,92,91,100,78,95,80,115,104,48,29,96,88,30,116,54
5883,104,73,76,116,78,118,110,88,101,79,102,107,95,99,112,54,83,11,113,74,82,109,87,93,96,106,108,56,86
5884,119,116,86,99,118,78,75,108,70,101,83,46,90,98,96,106,14,115,8
5885,79,103,104,94,96,110,116,74,78,108,106,101,91,105,73,102,118,107,57,95,43,80,81,113,76,99,90,109
5886,113,116,88,110,115,78,92,103,86,73,105,106,79,9,96,5,111,87,107,80,112,52,66,102
5887,92,86,106,115,107,80,81,104,117,96,76,91,90,87,116,79,109,94,74,102,110,98,108,82
5888,116,115,70,83,88,107,90,110,74,85,109,103,118,18,38,96,119,106,113
5889,110,101,90,108,73,75,115,88,109,99,119,3,74,83,86,78,117,76,118,106,77,94
5890,76,86,118,103,110,91,74,81,98,106,102,77,115,111,78,101,94,117,75,24,113,99
5891,105,73,108,115,85,106,91,75,79,102,80,113,77,116,47,62,118,48,101,97,96,109,103,83
5892,99,76,85,96,77,95,115,104,94,103,109,102,101,66,112,70,74,54,118,105,90,107,92
5893,111,99,112,90,96,109,83,115,57,104,118,65,108,110,117,102,73,78
5894,116,111,112,76,78,118,73,105,80,95,79,82,100,92,86,90,83,10,98,51,88,114,108,99,110,109,101
5895,81,106,115,109,85,119,77,102,70,57,98,111,78,118,80,117,108,116,87,94,75,88,114,113,100,24
5896,111,85,76,109,91,78,90,4,70,94,79,99,102,103,83,49,98,86,74,88,110,93,113,6,115,117
5897,74,101,70,115,82,108,78,94,75,29,100,113,112,93,34,110,103,77,119,91,118,73
5898,107,80,106,91,103,96,115,82,118,98,119,85,113,75,99,77,101,83,117
5899,90,82,112,75,86,88,79,108,113,115,109,80,85,104,111,23,106,107
5900,112,100,70,88,79,113,93,74,91,117,86,76,102,73,96,85,107,94,30,57,92,75,119,61,90,10,103,15,24
5901,77,91,111,107,104,88,108,94,102,119,90,106,105,110,73,83,87,112,30,50,117,70,118,26,74,95,82,81,16,86
5902,93,86,76,30,77,115,111,109,95,92,118,113,112,88,67,29,110,107,106,105,79,99
5903,92,104,73,103,105,88,99,79,116,117,77,85,30,29,115,100,78,110,93,113,56,109,68,76,118,75,48
5904,96,74,77,116,70,104,85,75,57,101,60,86,103,108,102,72,64,28,5,87,94,90
5905,92,75,94,70,86,99,91,111,101,87,81,88,105,108,79,107,104,37,49,73,119
5906,79,117,82,80,108,83,116,103,109,2,101,88,94,87,71,93,70,105
5907,88,83,105,87,79,90,57,29,116,86,117,104,94,53,115,74,70,110,106,108,48,118,101,16,38
5908,94,91,70,115,119,102,108,78,105,29,113,95,86,88,99,60,98
5909,90,88,79,76,81,105,78,116,85,96,82,99,87,83,75,94,34,115,110,29,106,73,80
5910,29,94,102,108,88,112,57,81,103,105,111,85,80,86,117,104,115,78,76,99,77,96
5911,75,95,99,117,104,101,119,83,90,70,94,79,107,106,57,111,85,116,103,98,109,81,80,92
5912,99,81,119,78,98,85,103,112,29,108,83,79,94,80,76,73,113,111,91,102,75,87,40,32,116
5913,73,57,86,119,101,110,98,90,108,87,80,79,76,113,85,75,95,94,111,83
5914,102,93,103,101,112,94,107,90,105,104,80,108,74,92,81,78,119,32,99,113,115,85
5915,73,101,99,76,88,85,77,102,98,105,96,103,81,30,87,118,86,84,116
5916,74,109,111,83,92,105,115,85,110,78,76,99,79,90,104,116,57,103,81,98,113
5917,83,94,110,78,85,101,117,70,116,104,93,98,106,76,73,82,118,49,108,74,84,91,57
5918,118,90,109,78,81,77,117,95,107,73,75,76,93,79,24,108,87,35,100,96,110,92,74,112,54,119,104
5919,110,99,108,107,57,85,92,102,116,83,73,67,86,76,111,75,81,90,96,118,77,78
5920,91,83,113,110,115,98,79,82,106,109,88,4,117,75,87,118,57,102,54,114,76,81,111,93
5921,96,118,87,82,78,102,91,100,79,83,90,103,104,92,113,77,70,112,80,30,81,101,108,65,74
5922,99,81,95,86,77,101,78,96,94,113,48,110,80,22,118,72,112,115,111,109
5923,30,82,100,101,75,116,110,105,113,85,117,98,106,77,23,26,88,80,73,78,63,28,91
5924,63,27,59,4,53,37,50,33,67,31,60,64,49,72,48,38,65,58,21,69,44
5925,72,105,32,53,45,71,67,37,59,49,48,31,52,92,50,54,44,62,38,109,69,35
5926,37,59,42,71,30,69,32,53,65,40,27,49,61,31,44,106,67,64,70,66,45,36,105
5927,44,42,32,51,58,49,31,30,47,35,76,37,72,12,59,65
5928,30,58,40,39,50,105,53,48,67,66,47,32,61,59,69,29,49,35,52,11,38,27
5929,40,61,39,31,30,105,70,28,38,56,37,48,50,49,60,58,65,54,91,66,45,84,27
5930,32,42,67,52,51,84,33,28,45,105,59,37,58,66,48,69,19,53,27,29
5931,17,38,35,40,36,48,29,27,31,45,54,69,42,58,11,52,108,44
5932,61,54,38,35,32,65,60,64,39,51,29,50,53,58,9,67,59,114,40,105,45,57
5933,61,84,49,38,39,48,51,32,33,50,64,67,52,47,45,42
5934,69,59,49,32,71,56,60,91,58,40,39,31,19
5935,48,44,69,65,33,54,61,39,35,84,30,36,40,70,38,43,4
5936,38,71,95,47,45,64,37,32,44,66,2,27,31,51,5,13,56,54
5937,56,95,68,72,49,47,32,54,33,52,58,40,37,50,51,35,27,61,65,53
5938,67,105,4,63,56,53,48,39,36,71,65,58,51,49,64,99,40,27,52,44,33
5939,50,48,40,33,39,53,47,37,61,67,49,29,54,72,60,69,105
5940,64,49,54,53,40,95,44,26,51,56,39,37,52,57,60,38,48,24,70,42,66,31,46,47,29,105
5941,33,52,39,48,36,58,44,50,37,32,59,20,76,82,31
5942,95,4,47,27,53,39,60,54,59,49,44,38,45,58,31,24,52
5943,37,33,71,36,64,53,51,29,72,44,30,69,35
5944,47,53,44,32,40,70,29,51,65,36,69,67,35,27,72,58,31,39,54
5945,35,66,30,29,53,63,27,59,39,50,56,105,54,68,52,65,69,10
5946,4,71,33,31,29,42,67,61,32,48,51,54,105,38,72,53,58,50
5947,53,65,71,35,66,29,51,72,37,50,117,47,27,54,39
5948,72,33,45,36,40,64,65,53,28,50,57,71,52,60,29,35,46,31,38,67,58,70,49,37
5949,71,72,105,36,50,57,69,54,31,66,56,44,45,32,48,51,52,47,67,65
5950,47,57,35,42,38,32,40,48,60,33,37,30,61,100,58,52,105,20,67,50
5951,105,52,61,45,95,40,27,29,58,72,33,51,53,39,49,69,66,103,50,38,65,48
5952,60,39,54,67,53,56,31,36,48,91,47,33,45,69,52
5953,58,29,66,31,44,72,4,32,37,50,35,33,59,56,49,48,11
5954,51,69,35,29,47,53,65,48,105,30,42,45,54,37,60,50,66,56,32,71,44
5955,48,68,58,61,33,49,54,27,67,4,72,35,51,50,52,59,42,39,100,65
5956,27,59,67,56,66,40,48,47,58,45,39,51,36,12,53,35,29,73,60,57
5957,37,32,45,70,69,38,39,27,36,52,54,105,44,29,47,56,53,57
5958,60,36,57,50,51,47,116,30,111,76,53,117,69,49,37
5959,61,49,37,59,105,42,63,31,47,66,58,38,45,39,60,48,84,36,51
5960,40,54,64,35,47,38,66,58,44,39,67,33,63,72,42,27,30
5961,56,39,59,51,30,54,31,2,29,36,44,67,57,33,45,66,72,52,105,71,65,40,35,42
5962,4,84,47,65,37,69,71,32,67,50,35,29,38,49,58,61,12,30,33,59,31
5963,30,39,33,57,40,59,43,84,47,50,58,51,60,61,31,29,71,52,69,107,37,34,66
5964,30,42,59,39,36,49,105,50,67,44,51,72,65,61,56,106,5,27,119,38,69,64,55,45
5965,84,58,60,27,59,44,45,32,40,65,53,50,33,47,61,31,24,36,51,56,49,67,43,30,28
5966,64,30,72,29,59,36,47,69,43,54,71,44,37,45,39,38,32,66,33
5967,95,48,27,67,72,69,30,61,51,53,35,32,50,71,70,42,63,56,39,54,52,66,4
5968,27,51,69,40,32,65,47,71,59,48,61,105,38,50,39,33,67,29,31,72,30,66,84
5969,72,47,60,61,71,69,56,65,29,44,40,54,43,31,100,41,82,37,59,64,45,38,51,5,27,105
5970,58,28,33,27,72,36,105,70,57,51,32,95,37,64,53,29,65,99,15,31
5971,32,35,67,36,71,47,69,60,72,38,51,29,16,27,33,4,65
5972,37,30,72,60,66,53,58,65,47,32,36,27,74,51,69,49,105,42,31,67,38,40,48
5973,53,50,27,48,42,44,66,47,94,2,30,117,67,49,51,60
5974,84,4,50,27,61,44,31,56,65,58,69,45,30,82,66,39,57,48,47,54,36
5975,84,32,35,29,52,49,37,78,31,45,72,61,66,42,56,51,57,39,104,44,58
5976,52,69,44,50,38,56,48,49,27,60,77,53,67,105
5977,30,67,65,47,58,53,35,52,36,69,105,33,70,49,21,5,11,48,72
5978,84,49,32,39,51,30,59,65,69,45,54,57,24,48,31,47,38,10,58,53,29,70,37
5979,36,64,61,32,59,54,48,60,67,47,42,38,66,31,65,53,91,71,50
5980,32,58,59,60,105,52,29,53,50,36,31,61,65,39,27,44,71,45,70
5981,54,60,67,58,50,29,49,56,72,38,47,51,53,65,105,66,73,30
5982,44,69,48,50,70,53,52,36,64,42,71,54,60,38,31,45,37,49,56,40
5983,35,27,33,49,57,32,70,54,40,65,64,37,61,71,51,4,75,48
5984,67,51,48,57,31,38,43,33,71,39,56,27,40,37,35,69,102,30,54,11,52
5985,63,72,29,66,27,37,52,105,53,60,45,49,51,40,35,118,36,64
5986,44,66,29,51,105,30,72,49,50,35,60,56,65,59,27,21,97,47
5987,64,45,84,43,71,29,31,35,69,61,58,54,63,42,95,36,49,53,37,51,33
5988,53,52,61,72,38,42,39,66,30,67,51,35,71,90,44,45,37,60,29,105
5989,49,48,54,53,27,65,50,44,63,36,84,42,38,72,52,69,31,45,29,47,107,4
5990,69,44,36,47,38,60,59,54,39,49,51,4,67,64,58,52,63,95,80,53,108,45
5991,1,69,72,49,42,37,48,31,32,36,39,50,30,27,51,53
5992,50,63,48,33,69,54,38,64,45,31,4,40,37,60,27,84,105,49,65
5993,44,53,71,31,54,72,29,51,48,49,61,43,30,45,56,27,9,32,66,60
5994,61,44,59,36,42,45,60,84,71,39,40,30,70,35,57,64,21,29,51,67,52,50,65
5995,67,32,59,44,61,49,35,39,76,69,63,72,37,27,71,48,58,51,53,33
5996,52,67,37,44,39,51,50,61,59,63,65,48,91,72,32,56,14,49,43
5997,56,58,47,38,36,27,60,61,31,33,65,49,105,43,42,53
5998,105,56,33,65,60,37,32,61,48,66,50,71,42,72,95,40,51,31,22,47
5999,72,32,66,27,37,58,60,50,59,70,39,42,71,31,56,75,5,69,87,105,30,36,47,84,53
6000,52,27,49,59,66,68,61,32,54,36,65,95,70,71,31,72,44,60,102,56,67
6001,67,33,32,84,69,31,72,42,54,105,47,48,107,14,4
6002,33,41,59,68,84,95,67,44,28,66,57,47,70,27,40,37,4,51,36,39,72,30,49,31,86,55,32
6003,31,66,61,65,42,37,60,95,33,52,67,27,32,35,72,68,28,17,45,119,63,47
6004,27,43,53,36,60,44,48,37,30,57,54,38,45,72,17,71,33,105,12,42,29,49
6005,37,59,36,105,67,71,35,57,30,45,65,60,56,47,39,40,33,32,53,84,50,27
6006,69,51,48,39,29,38,42,35,71,55,30,49,22,46,53,95
6007,64,32,44,39,52,54,69,65,40,58,105,31,57,38,115,53,42
6008,84,63,61,27,49,33,45,57,36,53,47,42,54,64,30,67,2,44,59,105,38
6009,35,38,51,42,69,54,32,44,60,58,45,92,53,28,4,27,91,93
6010,30,54,47,51,37,69,56,53,49,32,61,27,52,35,60,4,105,66,95,109,101
6011,30,105,45,31,35,63,29,48,67,42,38,69,59,56,58,70,54,72,50,19,71,17,57,103,51
6012,67,42,54,59,61,35,36,63,56,57,64,49,31,60,51,58,40,55,89,33,76,105,77
6013,84,65,53,35,44,48,50,36,32,29,45,54,30,39,69,37,105,78,72,56,40
6014,51,61,48,37,29,54,42,50,30,72,31,27,40,63,69,117,32,84,65,28,111,91,105,58,1,36,82,49
6015,71,37,39,66,42,87,110,54,27,45,22,51,61,36,56,31,109,49
6016,31,32,40,39,51,42,30,27,45,58,71,49,18,29,47,64,33,50,61
6017,72,65,48,4,69,105,63,5,32,37,51,36,35,71,45,50,31,66
6018,45,64,69,27,71,51,40,50,48,53,52,35,65,5,57,11,49,47
6019,58,44,53,48,27,56,38,39,64,61,31,59,91,35,37,40,45
6020,45,52,49,60,56,59,72,42,31,67,33,69,50,47,65,36,39,32,37,89,63,51
6021,47,60,37,49,30,29,33,69,38,61,40,53,51,27,44,79,35,64,48,31,105
6022,72,50,95,60,38,69,64,5,84,67,29,33,56,63,57,52,32,105,54,36,43,51
6023,33,71,53,105,63,52,61,38,40,31,106,54,4,36,67,32,44
6024,49,30,45,42,44,71,58,38,77,65,29,31,67,104,69,91,72,47
6025,69,29,36,38,70,105,31,61,66,47,48,65,35,64,37,27,43,28,30,39
6026,31,53,63,59,66,30,84,35,51,29,42,72,64,52,74,71,36,67,39,50,33,56,47
6027,49,45,66,30,53,67,56,51,58,37,50,38,27,4,99,93,71,40,65
6028,37,69,71,40,51,49,66,72,29,38,50,54,67,84,56,31,58
6029,54,30,63,69,50,36,71,53,65,31,40,27,29,84,72,105,61,49,67,42,47,60,32,98,56
6030,44,58,47,33,35,61,56,29,40,27,4,30,52,36,31,94,51,113,42,71,23,59
6031,56,95,60,54,57,53,45,42,36,68,71,65,47,48,51,35,9,27,52,31,33
6032,51,49,45,4,105,32,65,72,31,40,66,35,39,8,93,29
6033,66,58,60,53,59,48,61,69,51,29,35,39,50,105,38,64,95
6034,72,47,36,38,31,27,44,66,50,85,65,109,53
6035,44,66,27,65,51,105,69,47,49,29,45
6036,53,69,43,49,32,48,50,71,72,30,44,56,39,47,83,35,102,75,45,27
6037,30,50,60,42,64,48,67,33,61,45,69,40,59,54,56,39,37
6038,35,27,39,56,59,58,45,69,105,60,64,104,100,40,57,20,36,31,50,96,48,23,53
6039,47,53,72,54,37,65,64,33,84,70,36,29,66,56,105,63,45,43,5,60,44,51,27,49
6040,72,36,47,54,51,31,56,105,44,27,79,118,39,40,61
6041,39,40,69,36,54,49,31,50,57,71,52,33,104,3,38,45,35
6042,27,44,4,35,38,59,53,29,106,36,49,60,65,47,77,71
6043,32,56,35,44,29,49,65,54,61,48,27,67,33,72,68,39,46,53,4,69,30,28
6044,36,32,31,65,56,29,53,37,48,67,40,35,1,27,44,72,7,71,61,49
6045,95,47,50,58,40,36,45,71,67,49,69,37,113,7,31,51,70,44
6046,51,35,47,29,59,44,30,61,50,4,72,56,52,48,39,33,60,19,92,66
6047,69,40,39,42,50,67,47,37,71,31,29,35,94,53,38,36,44,24
6048,105,44,49,69,95,38,50,53,58,72,66,67,35,65,39,59,27,116,42,40,71
6049,66,31,59,27,49,38,45,37,52,71,98,88,108,69,30
6050,69,42,44,72,33,65,84,56,63,30,49,45,71,87,35,101,60,58,68,47
6051,72,32,95,38,45,54,61,31,36,53,71,44,66,33,24,65,39,51,40,30,37,67
6052,39,69,61,60,64,59,45,58,27,32,36,35,50
6053,35,39,72,54,49,59,58,52,53,17,42,71,12,69,100,4,43,48,66
6054,105,47,70,4,48,61,31,33,54,36,45,69,51,64,42,27,53
6055,42,64,29,49,37,35,32,51,53,31,48,59,39,63,38,36,47,58,61,67
6056,42,60,29,39,68,36,38,33,58,70,31,69,44,32,49,93,71,65,52,59,50,51,48,91,35
6057,49,32,53,61,40,47,69,59,30,44,105,54,56,27,48,50,72
6058,42,48,38,39,69,31,51,60,49,44,37,66,30,74,91,27,57
6059,58,33,53,42,60,44,105,40,49,52,32,72,51,102,43,35,76,64,71,36
6060,84,45,37,38,95,67,58,35,27,69,36,50,72,105,40,66,31,49,47,65
6061,50,69,44,84,65,54,40,38,66,33,42,32,59,58,39,105,52,49,56,64,57,48,47,46
6062,31,56,66,60,45,33,72,105,71,42,32,37,54,51,57,58,101,88,53
6063,54,71,36,53,32,95,44,52,40,66,33,64,42,43,67,48,105,4,19,85,47
6064,52,53,59,54,66,40,43,44,105,61,56,37,39,67,42,35,38,45,28,72,32
6065,44,105,67,72,95,42,69,36,58,56,71,35,46,30,60,84,59,29,50,66,61
6066,38,30,84,56,47,33,31,105,59,29,50,45,64,40,67,37,99
6067,84,63,35,42,5,39,27,52,69,64,60,30,53,37,67,36,65,87,50,33
6068,39,38,50,63,95,54,71,66,84,44,47,58,37,40,92,48,64,27,73,59
6069,69,65,44,48,33,42,38,58,105,18,53,52,31,84,47
6070,51,65,66,31,67,27,33,72,52,95,37,54,57,62,45,47,69,84,38,58,50,44,63
6071,4,52,37,49,95,50,64,71,65,31,20,51,38,61,66,119,74,32,54,108,55,84
6072,64,36,61,71,45,32,49,51,65,48,47,56,53,67,72,105,31,60,84,43,66
6073,51,38,56,72,49,50,44,65,58,42,36,60,35,66,105,53,47,57,61,32,71,27,30
6074,60,59,47,48,27,38,51,31,32,105,52,58,53,5,42,72,86,64,35,37,66,40
6075,47,59,67,56,95,51,38,61,60,10,20,39,30,50,83,18,29,90,33
6076,31,69,56,50,39,72,27,54,40,58,88,29,28,32,105,36,61,52,63,30
6077,4,72,54,45,30,61,44,39,63,29,84,59,38,71,109,37,50,64,47,36,52
6078,53,51,71,65,45,49,39,32,67,35,37,4,105,29,44,66,70,58
6079,60,39,54,49,31,30,69,59,65,61,36,53,50,48,57,52,67,32,45,38,105,56,37
6080,38,72,39,32,40,50,64,37,54,45,29,59,63,42,52,60,53,71,36,49,100,27,69
6081,54,84,45,69,105,27,57,50,56,1,30,4,37,89,36,71,52,39,42,40,38,14
6082,45,66,52,32,44,60,64,105,27,40,56,51,55,71,35,24,39,36,65
6083,59,84,36,29,43,40,63,54,60,42,50,38,51,47,56,30,25,70,27
6084,40,37,31,61,51,32,54,50,72,42,66,44,8,49,64,45,39,89,36
6085,49,30,29,47,67,70,64,58,63,56,51,72,43,42,37,31,53,98,33,65,4,69
6086,47,69,72,31,60,67,65,58,48,71,105,40,52,110,44,28,32,54,35
6087,65,56,36,33,52,72,84,64,48,47,61,105,50,58,69,3,39,37
6088,32,105,69,61,37,48,72,70,59,65,39,66,71,64,86,30,2,51,95
6089,50,59,40,27,53,72,56,30,65,61,68,52,32,84,48,89,71,29
6090,63,72,53,50,60,47,69,35,67,52,66,39,105,45,59,42,58,33,49,38,32,15,95
6091,58,56,32,53,30,4,29,72,65,39,105,48,45,54,42,35,27,37,60
6092,44,53,65,58,32,36,37,45,61,54,29,59,17,31,51,60,40,52,64,30,78,38
6093,56,60,30,61,51,50,67,32,40,39,29,57,69,37,49,59,44,58,64,47,105,35
6094,29,71,49,58,50,39,72,63,36,84,52,105,33,23,64,48,95,60,53,65
6095,57,37,105,30,66,67,40,47,35,31,29,53,44,33,52,11,12,36,84,58
6096,56,66,35,71,61,44,45,53,38,39,64,54,30,87,37,51,48
6097,51,30,57,50,44,65,53,64,35,39,56,52,24,70,60,72,31
6098,67,59,60,54,58,50,32,69,45,56,52,38,36,42,28,30,57,61,35,31
6099,69,47,58,32,72,54,67,42,57,33,51,37,66,60,59,109,45,61,44,88,15,31,108,63
6100,40,50,65,35,61,71,72,59,36,60,32,56,31,38
6101,45,38,33,37,29,60,51,58,72,48,39,44,50,56,95,47
6102,45,39,30,36,44,50,27,49,65,69,35,56,38,57,67
6103,105,63,84,54,45,65,67,71,49,61,31,33,59,39,74,111,50,81,95,32,36
6104,38,95,31,51,53,40,60,33,105,66,67,45,58,56,36,37,64,50,27,116,59,72
6105,95,36,49,50,31,58,65,53,39,37,32,35,72,71,27,38,44,60,23,69,66,59,67
6106,60,30,45,49,29,105,72,64,84,44,37,66,38,40,54,27,35,69,31,63,53,32,42
6107,29,54,84,61,32,42,60,69,56,36,64,67,110,57,27,38,51,44,91,73,83,95,105,40
6108,45,33,66,64,27,56,47,72,50,54,59,42,67,39,65,31,29,89,35
6109,43,63,71,67,95,5,42,59,61,66,72,27,39,29,44,58,35,45,37,47,60,105
6110,61,51,37,45,42,70,65,54,52,53,32,48,36,58,33,31,50,11,47,60,74,30,105,56,66
6111,50,48,37,67,60,58,49,59,27,28,34,45,105,47,38,35,68,53,61,69
6112,29,48,53,59,52,37,49,33,47,56,50,61,88,74,32,67,51
6113,43,32,40,65,58,37,50,52,30,49,36,60,66,79,35,59,38,44,39
6114,95,44,70,69,49,56,51,33,72,48,65,59,27,47,39,38,53,71,30,57,54
6115,72,48,42,33,38,69,63,66,30,40,37,47,59,31,52,100,49,51,4,64
6116,4,40,48,39,45,59,37,72,60,50,56,82,98,36,54,61,51,5,30
6117,67,45,38,43,54,47,52,59,35,33,53,36,37,68,40,5,109,4,24,61,31,86,71
6118,29,47,32,31,49,61,30,71,56,42,53,66,105,72,44,22,109,97,69
6119,61,49,66,39,37,29,35,51,74,33,65,52,56,32,105,44,36,42,67,69
6120,36,48,35,31,39,61,45,54,41,53,32,67,59,49,37,46,30,28,70,72,60,63
6121,58,64,56,37,42,53,32,45,66,31,33,67,105,54,51,72,84,36,43,29,61,50,68,65,71,92
6122,32,60,40,33,57,27,36,50,71,61,66,14,54,44,42,72,29,56,31
6123,56,38,66,37,53,69,84,60,30,49,42,35,67,57,29,72,32
6124,61,48,49,32,27,44,47,31,42,72,50,105,95,69,58,37,35,65,3,45,71
6125,105,65,95,50,37,32,56,71,31,39,30,35,81,58,66
6126,95,67,35,52,42,53,36,51,33,44,29,31,60,30,65,5,56
6127,95,30,4,35,36,31,29,45,65,57,69,66,52,43,38,48,39,14,71,44,70
6128,44,52,37,53,54,66,35,72,38,51,36,59,71,56,31,74,4,69
6129,49,58,52,70,35,105,100,69,66,44,116,47,72,82,8,32,37,61,59
6130,60,40,105,51,32,47,27,45,71,56,31,52,29,44,118,38,35,39,102,50,30
6131,64,31,95,40,47,49,50,43,27,35,66,30,91,53,44,23,45,54,65,24,70,71
6132,35,52,43,67,53,37,39,44,49,33,47,61,32,102,36,70,58,105,59,4,69,50,113,72,48,60
6133,30,50,61,53,39,66,33,56,40,45,42,105,32,64,89,47,58,51,27,35,60,49,36
6134,39,48,56,33,49,67,27,65,35,66,37,105,50,51,69,38
6135,72,117,32,67,45,39,42,71,29,66,95,53,30,50,51,38,86,59,61
6136,71,65,45,51,67,44,59,48,42,50,60,69,105,54,38
6137,40,53,66,36,35,61,45,42,88,102,58,71,50,57,49
6138,42,65,36,39,33,30,44,48,49,29,38,47,37,52,72,53,17,63,41,4,27,7,64,35,32,91
6139,69,70,50,56,49,38,42,37,54,32,105,27,64,33,60,79,40,47,36,61
6140,40,30,66,65,47,33,71,38,37,39,60,56,54,69,105,45,35,44,70,72,61
6141,64,72,63,4,61,58,59,95,29,36,32,52,70,67,60,79,56,7
6142,72,64,36,39,31,58,69,30,71,66,37,48,65,35,80,32
6143,27,58,40,53,67,35,60,54,30,47,50,42,33,49
6144,40,53,71,49,67,50,61,60,48,57,66,39,31,47,42,65,30,36,69,109,54
6145,32,42,72,84,51,58,67,61,33,29,63,66,102,71,45,62,53,105,38,99,49
6146,45,44,49,47,67,27,51,71,33,38,60,54,72,65,59,98,115,36
6147,30,54,49,59,4,60,61,50,42,51,67,36,44,53,27,71,72,47,39,69,52
6148,95,58,30,52,69,67,54,105,44,4,37,84,53,48,66,49,39,33,71,60,72,59,9
6149,105,30,95,63,53,57,45,54,72,56,4,33,70,40,65,52,61,60,24,67,36,59,23,71,69
6150,60,71,44,37,36,59,30,39,58,40,27,69,45,38,100,19,70,66
6151,44,32,95,69,70,49,105,36,48,45,66,51,40,56,74,42,47,33,38
6152,56,32,59,51,60,61,50,39,45,71,58,68,72,49,66,28,38,36,53,4
6153,84,64,52,33,49,50,57,32,4,63,61,45,105,53,31,43,38,65,11,47,5,51
6154,84,45,52,67,43,36,44,70,31,64,105,33,56,47,92,95,65,57,55,30,58
6155,56,4,29,38,63,72,69,67,39,60,58,37,50,53,35,45,61
6156,60,105,53,71,47,39,72,42,65,27,38,66,50,54,30,51,48,52,59,84,49,44,67,87,95,40
6157,59,35,27,31,45,65,56,105,4,37,40,72,44,33,57,42,84
6158,59,32,29,38,30,71,66,67,60,64,31,44,49,72,40,48,63
6159,65,50,27,84,32,29,54,72,39,48,33,44,37,56,95,31,105,57,14,47,35,49,36,40,43,67
6160,4,54,105,95,53,71,44,60,47,69,63,72,35,33,49,27,32,43,45,84,31,38,24
6161,53,48,65,66,71,63,49,58,30,36,35,60,47,32,92,39,105,27,33
6162,67,72,32,27,58,63,53,31,29,65,50,40,35,64,42,59,17,37,52,36,39,56
6163,52,42,60,64,58,61,33,54,32,38,49,30,57,40,84,59,31,69,71,65,50,39,29
6164,45,28,52,84,68,58,63,64,36,37,35,32,43,41,48,54,67,40,39,61,65,31,72,102,98,30,7,96,51,71,33,60
6165,31,103,52,4,29,42,105,53,40,84,61,69,50,33,58,66,30,39,35,99,37
6166,52,47,32,40,37,39,64,72,51,65,42,38,105,53,54,71,59,31,50,19,27,36,66
6167,31,30,51,66,39,45,59,37,27,72,58,71,35,92,50
6168,47,69,39,59,51,50,56,49,38,65,72,32,105,27,44,42,30
6169,37,43,48,54,72,67,63,36,95,27,29,47,44,61,35,51,70,45,39,49,60,57,59
6170,105,64,4,38,37,33,67,58,47,56,53,83,52,44,51,3,101,39,40,84
6171,49,37,67,61,31,52,51,29,84,4,70,27,63,44,38,59,95,26,58,39,23,30
6172,67,70,32,105,38,33,37,44,36,58,45,50,51,60,56,54
6173,40,71,52,65,50,45,51,39,49,31,72,47,67,42,60,59,110,48,54,44,57
6174,27,84,36,45,72,47,39,52,65,58,29,59,35,56,37,21,71,91,42,104,49
6175,29,40,36,72,38,32,33,56,67,39,65,48,69,35,53,28,64,60,47,61,59,30
6176,65,30,31,53,69,72,63,47,33,71,27,59,37,32,57,76,91,50,48,46,56,51,29
6177,51,32,72,36,105,30,52,37,38,44,66,71,61,69,48,65
6178,53,47,17,39,54,60,58,56,42,94,106,29,50,30,59
6179,60,95,65,66,72,35,42,58,36,27,61,51,53,45,76,114,105
6180,71,30,39,48,69,59,42,65,29,60,50,105,67,51,61,38,53,32,44
6181,69,4,44,29,38,30,40,58,54,27,65,64,67,42,60,50,106,51,61,49,37,95,32
6182,66,38,43,50,31,84,49,53,72,45,28,61,42,48,65,44,35,58,23,60
6183,50,66,31,71,32,56,69,64,58,45,60,42,68,119,38,52
6184,60,33,50,58,63,54,49,53,42,110,37,48,72,52,45,35,66,69,64,29
6185,72,30,84,59,53,37,56,38,61,42,51,31,79,107,34,69,36
6186,44,72,67,30,53,39,50,57,32,45,64,40,66,24,60,61,56,71,38,59,37,48,115,52
6187,70,59,42,29,53,48,64,105,60,32,95,50,67,31,72,49,40,63,30,19,52,61
6188,7,39,60,45,54,49,56,65,51,27,50,48,35,94,53,29,32
6189,63,54,48,58,64,31,84,39,35,27,29,69,47,60,105,71,32,61,66,72,67,44,33,53
6190,67,66,53,105,56,49,29,31,37,42,71,61,30,68,38,65,48,36,35,51,39,44,28,20,15,59
6191,38,45,59,48,29,44,60,42,36,58
6192,38,45,52,72,64,30,44,39,47,40,57,37,103,65,66,61,27,1,21,93,49,59
6193,67,58,56,64,40,33,35,32,27,29,53,37,59,31,45,63,65,47,4,50,51,17
6194,71,33,49,48,42,68,50,36,60,52,45,37,69,44,32,28,2,30
6195,45,48,37,30,64,56,61,42,114,44,115,36,70,39,59,49,53,67
6196,32,27,67,35,95,60,42,57,44,40,30,72,73,92,29,37,52
6197,47,54,64,37,63,49,67,70,33,39,36,53,44,48,59,71,42,31,65,29,32,108
6198,44,45,33,53,42,40,59,84,60,48,56,47,35,27,104,51
6199,29,56,32,49,60,53,33,35,84,37,42,58,71,40,117,65,51,27
6200,40,61,51,66,39,58,67,47,49,105,56,53,33,30,27,31,60,44
6201,51,39,32,54,4,38,61,31,45,35,44,66,52,50,72,105,83,84,37,47,27,40,60
6202,105,72,60,65,66,57,53,45,42,50,37,27,30,71,52,38,58
6203,29,84,33,105,39,50,65,71,67,44,31,64,59,27,75,30,23
6204,61,42,4,38,29,59,30,65,70,35,54,66,45,31,58,47,39,72
6205,37,45,42,69,44,50,56,66,38,65,59,71,61,105,67,39,32,89,82,49,51
6206,37,44,39,31,67,49,35,59,58,51,47,65,38,27,36,69,66,111,90,30,64,53
6207,29,42,84,27,44,105,56,36,47,57,49,33,45,54,51,72,32,48,35,52
6208,49,32,69,52,53,61,27,51,66,105,37,50,65,58,45,21,79,42,104,13,48
6209,27,63,47,69,29,70,42,58,39,65,71,30,40,36,52,48,56,31,33,38
6210,32,28,69,38,31,105,44,51,71,29,37,58,63,60,67,23,72,86,76,70,40,52
6211,50,32,45,105,54,48,60,58,84,56,44,85,28,42,71,75,30,24,38,36
6212,32,31,67,63,33,4,60,54,49,45,69,76,58,44,27
6213,60,95,84,39,44,40,59,53,65,45,85,67,72,47,34,27,105,49,41,115,50
6214,60,64,58,71,56,105,68,59,33,30,50,4,44,42,66,38,61,81,65,95,54
6215,44,61,45,36,54,37,47,58,69,70,31,32,65,35,40,42,50,39,49,64
6216,59,51,65,38,67,33,70,105,52,4,48,45,35,56,27,53,50,109,13,40
6217,61,52,37,51,54,44,57,47,49,60,45,50,53,48,29,30,36,65,38
6218,50,5,39,52,36,71,69,30,105,84,78,60,40,56,48
6219,56,61,33,35,39,60,58,30,66,65,48,53,42,29,50,32,71,52,44,45,59,72,36
6220,95,105,38,64,31,36,30,54,47,32,69,82,67,51,104,72,71,50,115,29,2,16,65,27
6221,59,50,72,47,105,27,52,12,56,53,67,30,71,29,89,37,57,84
6222,72,31,66,70,58,65,69,59,38,41,35,42,60,33,56,61,64,44,11,25,30,68
6223,39,69,64,32,30,105,42,40,71,36,35,56,33,31,61,45,15,44,117,57,48
6224,40,54,45,36,57,39,60,32,47,66,53,50,33,52,61,63,29,72,49,104,71,113,38,46,59
6225,32,59,9,26,4,53,42,33,66,24,50,58,35,47,27,31,30
6226,58,35,61,30,63,47,31,59,67,101,43,40,60,48,29,27,33,64,51
6227,30,48,39,45,37,61,105,51,72,56,42,44,69,71,47,95,52,27,109,29
6228,42,57,56,36,65,58,66,31,32,28,48,72,45,71,59,52,40,49,105,38,84
6229,47,69,49,61,42,58,51,53,64,37,32,71,66,52,107
6230,66,36,27,65,60,35,56,31,69,33,42,51,29,67,30,39,45,15,97,44
6231,65,32,39,47,37,36,56,60,67,59,84,29,50,33,72,26,30,61,45
6232,52,61,27,53,29,69,42,60,37,44,101,105,35,54,72
6233,49,31,56,39,54,67,36,58,59,35,60,86,73,47,80
6234,38,43,45,56,64,58,49,67,59,32,52,36,65,53,51,42,4,37,30,48,46,72,40,44
6235,27,30,53,29,47,60,66,35,61,71,50,44,56,105,65,33,42,72,67
6236,53,58,84,38,67,27,66,48,35,45,56,31,29,44,63,54,33,32,36,40,65
6237,95,64,38,36,50,44,53,27,67,33,84,91,31,30,37,40,48,32,61,70,39,46
6238,44,84,31,52,51,40,54,58,69,49,64,65,33,98,30,59,35,90,20,27
6239,35,52,84,58,60,42,50,66,29,105,43,69,71,85,33,54,57
6240,30,57,61,27,56,37,47,45,32,59,49,109,48,33,84,29,24,65
6241,36,44,53,45,50,51,67,49,35,39,33,48,65,9,61,86,42,90,12,71,58,38
6242,24,56,65,61,42,44,54,60,45,29,70,67,58,63,36,50,59,113,17,49
6243,72,50,51,37,61,60,33,27,36,45,71,58,48,30,59,35,82,29
6244,31,64,59,27,40,105,58,69,66,51,70,60,38,84,52,33,117,49,107,65,55
6245,35,69,44,48,65,51,54,36,38,50,57,71,47,33,31,58,59,67,64,66
6246,72,66,71,105,57,42,65,51,37,35,39,95,47,69,27,70,56,58,40,13,53,83,33
6247,37,72,31,61,54,84,49,65,66,42,29,36,59,105,14,35,48,30
6248,40,45,70,27,69,35,105,4,64,95,57,67,48,38,59,58,14,72,44,51,37
6249,50,84,44,31,29,51,60,35,71,56,49,30,47
6250,32,39,95,71,58,105,37,69,29,59,66,38,42,65,52,51,47,49,40,45,67,61
6251,36,105,30,33,42,68,47,58,59,50,60,61,64,62,45,71,54,32
6252,67,84,31,48,95,54,49,39,40,36,63,42,51,6,45,64,71,66,65,35,24,30
6253,67,43,50,47,33,48,39,49,72,29,44,45,16,53,42,61,36,26,116,54
6254,84,59,48,40,38,65,49,31,53,36,60,64,30,37,51,44
6255,59,68,33,32,39,69,72,30,54,64,51,27,76,5,36,73,108,42,101,28,38
6256,42,69,56,32,37,58,48,51,66,53,4,35,31
6257,29,24,60,61,47,42,54,105,58,32,45,53,50,49,44,71,69,27,66,33,48
6258,105,95,27,49,32,67,38,33,35,37,94,81,50,42,56,60,115,45
6259,61,59,64,50,66,52,33,54,53,105,68,48,38,36,19,71,97,32,67,29,43,56,60
6260,40,44,51,59,39,60,4,53,47,32,45,27,52,29,49,56,10,75,71,35
6261,52,60,45,40,64,51,61,65,49,113,14,87,30,56,94,93,4,39
6262,38,36,58,50,67,63,61,95,27,44,65,94,66,53,51,71,7,105
6263,45,19,59,53,30,48,84,40,49,61,42,72,65,35,56,91,82,110,71,69
6264,35,105,65,27,29,69,40,37,44,60,56,53,38,36,64,70,61,30,49
6265,36,56,40,53,65,4,54,51,37,69,30,45,61,35,32,71,70,29,38,27
6266,38,4,29,36,31,37,40,67,71,52,105,42,50,32,95,54,49,9,44,56
6267,39,47,36,30,84,71,27,58,32,29,19,35,42,53,48,105,15,44
6268,50,36,38,65,31,59,47,56,33,53,39,52,67,40,51,32,61
6269,44,66,54,51,27,38,57,50,69,95,60,33,30,61,35,65,114,11,64
6270,70,65,95,45,52,32,42,66,53,63,40,36,33,37,28,72,10,105,49,39,85,27,69
6271,37,52,42,69,44,105,71,38,45,56,31,51,33,35,65,61,32,28,40
6272,52,56,50,27,59,29,84,53,37,69,105,58,54,35,64,72,65,33,30,48,66,70,61
6273,50,67,32,60,51,53,33,59,44,27,29,58,52,30,48,42,12,37,57
6274,51,39,37,29,69,65,53,36,27,52,45,112,42,60,47,56,72,22,58,40
6275,64,47,4,29,35,44,57,50,59,52,60,71,51,33,69,38,91,45,58,98,67
6276,44,72,37,67,53,32,38,47,65,59,39,60,66,54,5,52,88,42,84,61,31,26
6277,35,31,67,42,48,39,30,29,70,32,71,4,38,33,101,69,27,61,66,105,50,58,44,52,40,84,59,57,60
6278,36,39,45,32,64,49,58,51,30,54,67,56,27,44,65,50,72,29
6279,57,72,60,47,32,36,71,33,67,45,39,27,64,58,63,43,70,38,99,51,48,4,35,50,52,66
6280,38,63,43,72,114,67,69,47,4,33,42,29,105,61,32,30,49,37,51
6281,30,36,38,41,63,67,72,68,32,49,48,70,66,58,29,65,54,92
6282,59,31,65,66,42,71,69,49,36,33,17,58,67,93,45,72,24,27
6283,56,65,45,59,70,49,44,29,105,58,35,61,74,31,60,32,51,42,67
6284,68,43,56,69,40,59,39,42,44,47,66,65,71,81,82,61,58
6285,38,35,69,39,37,27,51,67,29,36,116,40,30,4,66
6286,71,105,40,32,54,35,56,66,53,42,61,51,63,31,27,36,44,39,47,50,99,19,72
6287,95,60,39,38,105,63,71,50,72,48,66,58,102,27,67,44,69,31
6288,60,44,45,64,54,37,42,49,105,47,67,39,48,35,52,69,74,11,3,29,38,61,1,33
6289,69,48,40,64,50,61,51,72,60,105,95,4,27,38,65,30,29,82,79,52,67,70,54,36
6290,64,33,38,69,54,42,29,27,84,30,4,5,53,50,56,26,58,48,103,67,52,60
6291,69,51,45,47,53,4,72,29,105,58,56,65,27,36,31,30,67
6292,30,47,45,84,52,50,105,67,61,71,35,70,27,37,32,60,48,36,51,49
6293,54,56,52,65,39,59,35,49,50,67,84,29,31,44,47,30,32,40,58,61,42,63
6294,71,33,47,69,45,67,48,38,59,50,27,51,93,105,110,40
6295,45,56,49,69,61,44,32,54,58,67,30,27,53,95,59,52,37,91,33,47
6296,95,67,33,44,27,51,32,61,49,28,66,37,71,35
6297,43,51,58,56,38,44,63,37,35,32,30,67,72,39,54,49,29,65
6298,44,53,29,49,30,38,39,35,64,88,66,105,58,109,65,36
6299,43,60,36,48,57,33,44,70,54,29,39,59,84,45,38,15,40,67,30,53,4
6300,56,69,53,38,67,50,31,66,45,105,60,29,58,39,64,32
6301,32,31,52,59,30,71,27,44,69,58,49,51,33,53,94,39,40,67,56
6302,35,49,36,48,70,61,45,56,59,105,67,47,21,46,52,77,89
6303,43,69,67,33,42,58,60,37,107,56,45,94,48,40,38,105,5,66
6304,38,41,36,105,53,52,68,31,51,42,67,44,50,65,61,59,56,71,95,47
6305,52,38,68,39,60,56,54,49,41,42,50,64,32,5,29,71,35,59,44,3,62,47,58,65,67,11,105
6306,51,32,50,42,53,39,105,57,52,58,54,4,69,33,45,27,67,64,49,109,97,56,113,38
6307,47,52,37,72,38,29,67,44,33,28,60,71,53,49,50,51,66,42,40,58,43,59
6308,45,52,30,38,64,47,48,33,60,61,58,31,56,59,36,44,1,105,26,42
6309,43,48,60,65,31,42,35,71,72,39,56,27,30,47
6310,36,51,58,49,38,56,59,45,37,61,35,105,48,60,40,6,26,29,54,70,42
6311,27,49,52,30,29,42,31,54,39,65,38,37,35,71,40,82,48
6312,66,38,72,54,37,42,65,48,29,60,51,30,27,36,33,58,67,31
6313,4,67,63,66,31,51,38,33,27,68,48,36,45,59,61,58,5,105,43
6314,56,31,72,29,58,27,60,38,53,70,105,50,77,44,71,36,33,42
6315,64,51,36,35,39,56,66,58,84,48,67,71,105,37,27,45,5,69,61
6316,50,37,61,64,51,39,44,54,40,47,111,71,56,65,53,29,46,38,72
6317,71,60,50,56,54,38,30,48,51,66,33,31,69,29,27,67,47
6318,47,40,39,45,33,64,29,50,63,57,51,105,38,30,84,36,31,53,44,59,24,69
6319,47,105,32,27,72,53,31,37,61,70,52,40,48,33,69,64,46,45,57,66,29
6320,33,105,67,71,54,63,84,40,5,66,53,39,42,36,104,49,38,72,29,60,69,61
6321,61,43,38,48,40,66,52,63,31,4,39,24,32,105,57,37,67,42,104,44,64,41,20,33
6322,105,38,44,40,39,63,51,48,37,31,35,65,45,66,60,27,29,47,61,59,67
6323,43,29,48,47,61,52,35,60,31,59,67,50,93,58,11,33,45,56,38,81,28,5,94,27
6324,72,39,47,105,42,60,61,35,33,49,29,32,27,71,52,30,84,44,54
6325,52,72,44,67,63,71,40,27,47,38,33,61,69,35,75,48,55,36,49,1,8,65,39,59
6326,54,59,36,40,95,53,29,39,33,51,30,49,32,45,35,56,42,37,19,58,52,65,44
6327,54,48,4,30,37,47,59,67,35,33,45,105,64,42,51,52,65,58,77,72
6328,44,4,42,53,69,50,31,40,84,52,60,71,39,32,65,27,67,28,110,29,48
6329,64,40,17,45,66,53,63,30,67,29,36,32,27,71,42,39
6330,47,56,52,39,27,51,43,66,67,40,53,31,69,71,36,65,57,44,68,118
6331,42,69,29,44,51,71,59,30,35,32,70,27,49,31,72,105,56,48,61,50
6332,105,64,29,52,32,31,53,72,66,54,47,61,60,35,50,18,71,88
6333,51,52,44,54,36,32,39,48,58,38,30,69,4,31,59,65,77,112,76,63,15,60,84
6334,37,69,45,67,65,51,71,43,40,54,79
6335,56,66,48,39,29,61,37,44,31,72,49,69,35,59,53,64,30,62,45
6336,65,38,84,61,30,45,60,35,50,59,118,49,51,67,42,40,54,72,66
6337,38,31,60,51,36,54,30,57,84,52,50,37,53,49,45,89,4,61
6338,30,50,54,43,36,72,65,37,44,27,32,61,29,63,33,105,56,58,66,31,4,71,42
6339,32,58,64,33,53,51,56,45,50,63,69,60,30,35,48,105,47,54,66,72,118,42,29
6340,57,40,65,50,53,66,32,29,54,30,58,86,77,45,42,49,115,61,59,38,44,35,84
6341,64,40,58,32,61,65,53,47,36,27,67,51,119,59,45,69,105,70,29,44
6342,33,60,44,49,61,59,51,30,54,67,50,105,38,47,29,65,71,43,69
6343,31,71,27,32,69,45,49,60,66,84,72,39,42,47,56,44,36,65
6344,57,40,59,37,50,66,48,44,35,27,58,31,49,42,54,45,32,65,20,60,19,47,52
6345,51,57,27,64,72,52,35,66,36,29,105,69,44,37,32,4,70,86,67
6346,33,56,67,40,64,66,59,30,50,105,72,94,29,32,60,45,44
6347,51,42,72,49,27,44,38,37,69,48,78,71,58,35,29,60,61,105,32,33,59,64
6348,31,27,35,47,38,39,45,52,60,36,30,54,66,65,48,50,67
6349,61,56,65,63,54,68,95,30,50,72,53,49,10,29,60,36,66,43
6350,37,35,40,58,65,105,42,36,54,48,49,39,64,31,18,60,59,53
6351,33,72,39,40,54,36,29,38,47,105,67,66,58,71,42,60,43,61,57
6352,64,84,58,42,72,48,56,38,52,49,35,30,105,65,67,69,99,47,40,39,27
6353,69,71,35,39,67,47,59,66,60,56,32,48,36,105,27,65,57
6354,32,42,38,36,57,61,45,72,27,39,31,69,37,35,68,105,40
6355,56,32,72,33,95,50,63,54,37,31,49,69,61,53,105,27,44,45,40,42,70,39
6356,45,27,30,56,54,29,70,35,52,40,13,38,49,58,69,43,17,44,4,51
6357,63,64,84,59,67,60,61,50,69,44,72,47,13,33,113,65,58,105,111,49,52,24,31,9
6358,54,35,30,53,48,36,66,61,63,39,57,45,114,65,5,69,31,33,37,90,58,115,27,16,67
6359,57,50,40,54,48,59,66,65,70,39,53,52,64,31,17,71,38,67,29
6360,56,32,54,30,71,37,51,53,49,39,36,60,31,45,52,29,72,35,66,65,69,42,44,58,33
6361,105,44,35,63,59,31,56,72,89,48,53,68,47,7,23,69,38,52,37
6362,40,38,60,65,27,42,35,57,52,39,72,33,48,47,50,71,26,29,11
6363,39,51,50,36,42,66,53,71,29,56,48,89,38,57,6
6364,4,64,60,71,54,32,47,51,58,105,69,45,30,57,35,72,56,49,66,61,53,29,33,39,52
6365,48,45,37,58,53,31,57,47,67,65,69,63,30,56,32,27,72,29,2,82,42,87,38,33
6366,40,42,52,35,49,30,84,37,69,32,22,48,60,38,27,56,36,54,53,66,72
6367,31,51,30,29,67,50,47,39,44,105,70,37,35,40,38,49,54,95,73,61,69,97,59
6368,48,52,71,30,44,64,39,105,31,60,59,53,69,95,56,85,32
6369,31,40,35,48,59,39,49,67,52,64,72,51,53,103,32,54,71,27,97,47,117
6370,69,67,35,51,66,45,53,105,95,78,38,42,37,50,5,61,49
6371,66,65,67,47,69,61,59,49,50,54,44,35,72,60
6372,38,59,50,70,65,48,57,47,56,45,44,72,36,95,31,39,53
6373,58,72,69,52,29,35,33,50,70,47,44,61,63,53,45,56,42,30,114,48,36,19,67,49
6374,95,59,29,27,63,40,32,54,67,33,43,44,64,70,31,52,38,60,57
6375,66,39,58,35,42,72,64,48,29,49,47,56,45,27,60,67,51,105,36,65,71
6376,59,44,52,48,53,66,57,56,71,45,60,49,51,65,58,42,63
6377,30,42,65,29,44,61,67,50,39,38,105,57,71,103,66,32,31,114,53
6378,36,59,71,69,60,52,31,53,65,47,84,32,40,29,35,67,30,49,66,61,33,64,44
6379,27,59,65,36,50,57,61,48,49,71,60,105,32,67,33,47,42,72,109
6380,37,66,53,84,49,59,63,39,56,48,45,54,70,31,43,38,93,51,29
6381,37,54,63,29,31,45,105,43,60,71,102,30,40,38,56,51,39
6382,52,66,36,38,37,31,29,56,12,61,58,83,73,50,84,53,48,51
6383,72,32,105,64,51,49,50,48,67,71,54,35,53,27,33,36,63,30,99,37,24,65,58,42
6384,40,65,54,67,71,49,58,70,57,56,69,52,43,116,47,9,37,66,29,53
6385,47,72,51,64,45,42,67,63,37,27,35,86,53,38,79
6386,63,95,69,30,48,64,42,32,59,49,40,53,58,56,52,4,38,105,18,67
6387,61,49,56,42,36,67,51,27,48,38,59,30,64,29,65,105,37,40,31,44,60,57
6388,60,36,66,59,51,53,39,55,35,24,32,43,38,61,47,67
6389,66,50,44,30,32,67,38,45,71,35,37,41,73,51,103,76,24,64
6390,69,27,32,31,54,61,40,38,50,64,39,45,42,56,35,47,66
6391,29,47,48,40,31,72,35,45,64,59,56,57,60,65,38,51,50,66,97,58,30
6392,49,38,29,45,74,61,47,18,30,54,65,58,84,64,60,32
6393,59,58,95,35,36,51,56,71,4,67,48,42,47,45,52,65,60,54,53,44
6394,59,95,37,32,40,39,31,35,66,50,70,24,36,56,109,38,105,64,67,65
6395,40,27,50,31,58,35,52,65,45,72,105,37,39,51,47,29,57
6396,12,54,45,40,67,50,35,65,37,51,66,73,70,33,57,58,38,48
6397,84,36,54,58,61,40,66,38,33,56,105,70,12,45,35,42
6398,53,30,54,48,27,45,52,57,59,38,71,66,60,72,119,92
6399,37,61,44,29,52,31,84,39,38,56,60,14,35,105,26,64
6400,67,59,58,44,71,49,31,50,84,56,51,36,52,32,72,66,33,62,92
6401,95,52,65,64,35,44,47,70,42,56,29,89,49,36,71,67,37,4,31,92
6402,42,47,50,69,54,71,95,45,60,44,66,56,82,32,87,30,36
6403,68,60,49,51,35,47,58,40,30,67,31,56,4,42,64,53,36,45,27,97,39,29,43
6404,54,56,57,67,84,47,45,63,52,72,71,33,50,59,53,51,32,38,97,105,65,41,42,29,58,44
6405,63,61,42,35,44,105,69,59,52,19,45,32,57,51,49,112,36,60,64,56,15
6406,63,39,35,27,42,58,72,40,66,30,67,47,49,57,108,81,53,65,56,2,71,31
6407,30,54,61,31,57,36,29,44,37,47,114,60,52,72,10,35,67,68,42,69,71,64,50,48,39,24,70
6408,59,60,105,44,65,31,57,71,61,64,67,50,42,30,39,49,110,51,56,79,29,38,33
6409,44,32,72,33,35,37,48,52,29,38,58,39,105,27,71,31,66,91,117,69,51
6410,72,31,27,49,39,56,29,47,58,64,65,42,40,67
6411,54,35,63,29,58,33,36,38,52,66,42,13,60,32,95,64,49,27,82,74,30,51,59,31
6412,60,30,33,39,69,36,31,42,48,45,50,32,66,47,27,38,56
6413,45,32,56,105,35,50,69,42,58,40,36,59,27,53,83,49,52,103,44
6414,65,42,72,61,40,32,43,33,84,28,50,31,36,37,66,30,39,45,1,27,51,20,67
6415,67,66,45,53,60,54,72,31,39,65,47,29,70,50,35,63,38,71,52
6416,105,37,63,44,66,45,58,64,61,36,30,35,27,110,51,72,71,53,33,65
6417,52,95,105,37,42,41,54,65,45,69,53,43,47,30,70,32,49,63,44,64,66,61
6418,42,60,72,40,48,54,38,33,37,32,29,56,64,61,27,57,105
6419,45,37,50,44,53,61,35,105,71,65,52,66,4,59,23,39,48,58,29,51,54,82
6420,32,105,50,71,38,47,57,65,69,60,63,72,33,61,30,56,59,54,40,66
6421,38,58,56,4,53,48,47,44,27,35,52,60,65,54,45,17,61,15,39
6422,63,30,72,27,48,50,45,44,42,39,51,69,54,71,43,61,58,105,60,84,52,66,29
6423,43,53,29,65,60,39,33,69,28,35,72,50,36,84,38,40,49,37,52,87,119,93,30,48
6424,64,84,47,53,65,67,29,51,43,69,58,39,49,32,56,54,42,72,55,61,70
6425,27,42,65,66,60,40,59,84,52,69,72,71,45,30,104,50,23,31,54
6426,47,52,44,105,37,38,36,50,71,60,67,75,64,35,42,56,66
6427,30,63,39,61,65,105,31,35,27,84,67,36,45,33,71,38,42,48,64,56
6428,44,56,39,64,29,36,45,71,85,4,59,27,47,60,105,115,28,72,32,95
6429,48,33,66,49,27,69,59,36,60,105,53,67,75,29,32,58
6430,84,63,60,42,71,69,52,23,48,10,111,50
6431,31,95,54,32,42,4,36,40,33,60,44,59,43,69,66,37,97,72,63
6432,52,30,38,49,53,27,48,95,66,65,58,37,54,47,45
6433,47,56,38,49,30,44,69,53,29,33,60,48,70,42,72,37,59,39,40
6434,30,52,49,37,27,42,43,51,4,40,39,47,38,46,45,69,50,78,72
6435,27,49,71,59,58,51,105,67,38,54,60,32,65,56,53,66,69,42,85,64,33
6436,58,51,50,27,72,49,38,31,61,45,84,32,102,42,69,37,47,36,65,24,29,56
6437,60,72,33,40,59,58,50,53,105,4,38,52,48,44,54,28,45,47
6438,59,64,36,32,54,53,65,105,56,29,63,58,31,42,84,51,39,49,69,33,66
6439,59,35,66,67,39,48,45,65,29,52,84,40,53,30,77,27,49,51
6440,50,95,63,51,67,60,4,12,31,96,38,70,78,48,47,105,65,27
6441,67,50,53,47,30,71,42,65,51,29,66,45,49,14,31,32,10,4,69,61,105
6442,84,49,60,38,72,48,51,37,31,50,61,42,58,33,27,1,87,30,71,23,65
6443,44,49,37,32,35,72,64,63,84,43,70,50,66,4,57,52,27,83,48,39,29
6444,71,42,32,27,65,44,69,61,38,53,31,37,60,50,35,57,40,112,45,24,30,72
6445,64,49,30,105,50,32,67,69,42,51,29,27,58,45,37,60,72,66
6446,36,66,29,60,71,84,47,61,37,75,48,52,67,42,51,11,49,72,105
6447,105,58,84,52,65,50,45,40,44,59,41,30,72,61,42,20,33,46,29
6448,37,32,35,65,42,50,31,47,59,39,72,53,49
6449,51,64,27,63,32,54,35,95,38,71,56,53,40,59,50,47,37,4,61
6450,42,84,72,33,59,38,70,66,56,69,48,71,36,65,63,64,27,80,45,50,53,58
6451,49,42,50,37,52,27,65,54,57,31,30,60,72,53,91,44,33,69
6452,67,56,66,48,32,95,72,60,30,71,59,58,50,37,74,17,27,97,70,51,45
6453,65,51,60,40,69,39,105,48,50,29,47,42,30,49,53,46,26,8,44,61
6454,4,47,48,39,61,69,58,52,36,42,54,30,31,66,84,45,59,65,64,57,90,72,67
6455,66,39,69,48,44,52,42,59,31,51,53,30,64,49,56,72,67,104,65,50
6456,72,67,38,51,48,60,40,59,31,52,1,99,71,9,54,36,65
6457,39,67,69,47,42,56,27,71,58,37,38,50,33,54,51,45,105,72,13,52,31,60
6458,59,40,72,33,37,50,64,67,65,30,42,53,35,39,44,29,58,46,71,38,103,27,31
6459,49,67,31,53,64,51,54,47,61,32,72,70,63,57,38,27,15,21,65
6460,31,42,52,53,39,105,69,71,61,47,37,66,82,4,50,27,51,87,57,54,38
6461,35,29,95,32,49,61,48,40,56,52,31,1,60,43,66,70,45,54
6462,61,47,35,51,65,53,54,32,29,49,48,67,33,58,42,71,97,104,38
6463,39,44,57,38,105,35,84,36,32,30,65,72,47,33,53,37,40,59,31,71
6464,51,31,59,105,35,40,39,30,56,67,64,60,38,50,44,29,32,65,33,61,23,36
6465,64,40,67,49,105,29,38,58,59,60,54,44,50,73,42,66,61,56,92,30
6466,51,44,69,30,52,66,67,84,57,54,47,60,36,45,53,71,48,29,17
6467,63,4,61,51,37,30,29,33,47,40,35,60,44,68
6468,27,57,40,50,45,44,37,71,38,84,63,77,60,53,61,14,54,51,22,33,34,65
6469,72,54,37,60,31,30,40,39,56,36,59,105,50,33,58,91,48,4,112,87,103,51,43
6470,51,30,66,27,53,69,72,36,105,49,31,65,45,33,52,29,71,48,4,42,41,38
6471,64,35,36,72,48,37,32,47,40,70,60,56,31,42,85,20,38,45,96,71,69
6472,56,50,105,69,84,31,66,30,35,53,95,45,51,60,37,32,87
6473,37,49,53,58,54,59,105,35,50,60,28,69,29,48,18,42,84,32,93,65
6474,54,37,39,67,65,51,50,58,72,38,66,45,32,59,29,49,106,30
6475,58,53,44,39,36,33,54,72,105,63,85,31,45,117,84,50,37,60
6476,53,60,27,51,39,42,84,50,54,95,45,71,29,117,44,91,61,65,33
6477,64,36,105,44,84,29,39,30,40,45,67,60,37,59,53,69,99,35,49,15,31
6478,64,67,42,36,58,65,56,37,33,53,35,52,29,20,32,60,95,27
6479,65,36,31,44,45,69,30,72,49,27,51,50,86,38,24,32,81,107,97
6480,31,37,66,42,84,39,59,47,111,108,51,12,50,57,54
6481,56,48,49,44,47,35,70,39,37,36,101,42,57,29,7,71
6482,47,54,69,60,72,51,39,52,50,37,71,45,29,61,31,49,67,48,53,35,27
6483,49,32,44,84,45,72,59,40,60,4,12,114,50,47,53,48,29,69,105,87,28,36
6484,64,27,29,40,47,61,39,72,70,56,32,45,57,44,88,36,28,52,13,6,31,35,30
6485,31,67,37,58,35,39,60,33,36,48,71,51,49,16,59,64,6,38
6486,59,69,65,35,64,84,44,60,49,31,45,58,39,47,32,36,92,56,53,42,28,24,33
6487,60,68,49,67,61,41,44,27,35,65,38,47,43,30,59,42,48,54,64,105,99,83,45,72,69
6488,64,40,38,66,72,53,49,39,27,42,4,50,25,118,36,83,33,84,8
6489,49,67,65,52,44,58,53,36,33,27,32,2,47,66,72,30,54,117,91,69
6490,58,32,44,53,69,31,48,56,52,40,61,35,37,30,27,68,57,72
6491,47,48,33,42,71,45,109,38,105,49,53,69,63,17,54
6492,69,67,61,71,54,72,105,35,27,40,44,49,32,14,36,31,63,107,65,41,50,37
6493,61,60,53,29,70,39,66,50,56,54,31,47,67,14,102,52
6494,45,54,64,47,71,31,65,72,38,42,69,39,49,63,51,58,27,59,35,104
6495,35,36,71,67,78,31,29,32,56,59,65,98,51
6496,27,56,30,70,44,59,49,47,58,31,105,53,60,48,69,42,38,33
6497,105,61,95,50,30,66,45,64,33,31,53,69,40,65,32,47,36,38,34,49,83,27
6498,58,30,64,47,52,53,35,32,66,48,37,60,42,59,44,27,41,54,36,40
6499,47,36,56,66,44,35,39,57,67,27,84,32,48,45,38,43,60,33,52,70,37
6500,29,35,31,33,27,58,42,72,51,30,70,39,48,53,111,65,37
6501,36,72,58,37,32,31,51,39,49,56,48,47,6,105,65,27,40
6502,61,43,71,69,37,50,54,48,66,27,36,68,72,39,45,65,60,4,30
6503,61,4,38,65,105,53,33,56,30,69,95,49,52,72,98,60,3,64,36,59
6504,48,67,56,64,36,27,47,58,46,72,65,91,42
6505,49,40,69,30,44,70,39,32,60,48,51,4,47,37,61,50,31,67
6506,71,39,105,69,95,47,30,61,72,66,33,45,35,48,100,32,55,49
6507,31,33,38,84,65,64,69,42,29,50,48,71,37,30
6508,58,60,29,67,56,84,59,27,69,114,36,37,64,4,19,31,61,105,74,52
6509,47,69,71,30,50,37,59,73,48,56,45,40,61,46,27,58,49,68,44,51
6510,43,69,54,61,70,105,67,71,60,52,49,37,45,31,30,56,47,27,50,46,53,44
6511,72,67,66,51,36,30,105,84,56,44,118,26,47,71,70,33,60,4,112,41,38
6512,72,36,50,49,40,33,32,37,52,63,95,30,54,71,56,4,105,15,59,64,44,45,43,39
6513,36,69,35,54,49,51,59,31,105,42,48,37,53,65,64,50,33,32
6514,33,50,29,35,27,63,95,58,61,39,71,47,44,105,57,72,52,31,24,38,59,56
6515,54,44,48,36,52,31,38,29,64,61,47,59,69,19,60,66,105
6516,29,47,53,36,50,51,105,27,30,31,32,54,46,44,48,60
6517,71,44,95,67,31,36,84,53,61,29,60,50,48,30,87,35,54,39,72,42,37,43,33,40
6518,51,24,35,42,48,32,56,64,58,84,61,30,80,38,12,37,27
6519,30,50,49,51,37,69,47,56,105,29,61,59,53,42,44,31,60,106,28,2,45
6520,31,40,27,38,61,49,35,36,72,60,71,42,50,65,58,105,33,51,1,30,59,47,37,53,48
6521,54,45,43,36,49,37,53,68,32,66,71,105,35,48,56,38,29,59,60,50,61,76,51,40,4,33
6522,37,48,49,47,44,42,57,29,35,39,53,64,60,45,59,65,69,52
6523,41,66,72,65,53,58,32,52,50,60,40,51,67,56,42,63,47,71,35,101,105,79,30,69
6524,71,67,50,61,64,31,49,51,29,65,38,53,28,27,101,52,37,60,95,104,58,36
6525,58,56,50,65,51,30,49,72,53,44,69,37,40,31,39,105,27,66,71,33,4,45,84,38,57,47
6526,32,35,58,50,61,47,29,66,44,31,71,105,41,64,52,37
6527,44,39,59,54,72,45,69,48,30,56,51,58,31,36,47,38,37,85,90,49,71
6528,42,39,71,56,33,27,65,38,61,105,45,35,53,67,40,60,48,36,84,51
6529,33,44,29,42,105,59,53,60,72,64,36,40,37,69,52,38,30,71,28
6530,37,63,67,59,68,44,47,41,56,60,48,17,69,71,54,50,49,65,38,52,95,33
6531,37,54,61,30,52,58,39,38,33,84,60,70,64,105,67,36,51,71,44
6532,84,50,27,31,61,44,51,69,49,32,54,42
6533,40,54,67,58,29,52,27,59,64,72,49,43,75,50,89,42,36,44,99,84
6534,59,51,42,32,45,40,52,35,69,27,37,9,24,53,31,48,119,39,84
6535,71,53,36,68,64,45,105,66,35,48,30,57,2,60,44,69,25,49
6536,50,60,44,37,53,32,67,33,31,58,47,36,30,105,89,54,3,29
6537,59,41,72,54,30,38,27,47,34,29,35,39,55,1,51,65
6538,35,50,49,52,31,47,54,57,53,32,33,67,71,51,56,58,40,69,66,59
6539,58,44,29,51,52,56,53,69,27,30,33,72,54,35,48,91,49,3,50
6540,4,43,53,56,44,39,31,63,29,27,32,28,70,40,99,42,47,54,51,72,52,45,84
6541,61,32,50,66,54,35,38,72,84,27,52,67,48,71,43,58,37,53,64,49,31
6542,95,29,44,67,40,69,48,32,49,35,37,45,39,65,42,66,38,23,10,30,50,105,59,60
6543,59,49,51,48,57,45,65,47,32,53,29,69,42,38,64,27,31
6544,53,63,56,30,64,40,38,36,57,35,61,65,51,59,109,81,32,4,42,39,60
6545,33,52,71,35,60,67,72,27,31,39,64,58,53,105,51,69,37,44,45,14,30
6546,32,49,65,50,51,60,37,71,33,67,42,56,44,84,69,52,45,38
6547,51,47,33,30,66,37,29,65,59,71,64,54,61,52,67,63,36,40,45,56,69,44,49
6548,84,59,47,51,48,56,53,36,42,27,45,35,79,38,65,40,50,64,91,30,17,32
6549,84,71,64,63,58,4,69,50,44,68,60,35,29,32,26,57,31
6550,31,51,50,67,61,32,35,64,30,39,52,105,29,49,37,44,27,65,69
6551,47,32,42,39,40,61,53,57,67,31,65,79,51,48,50,33,37
6552,44,69,58,66,84,31,38,51,45,42,35,37,48,71,52,11,50,105
6553,48,40,37,54,105,66,72,35,45,69,84,56,47,58,50,33,57,65,49
6554,50,71,40,72,58,44,27,52,56,45,53,38,31,69,35,4,48,60,54,61,59,42,17
6555,56,39,66,31,105,65,60,72,37,32,48,70,27,58,36,47,71
6556,43,44,31,71,64,58,51,50,39,65,27,60,37,78,30,53,46,54,66,33,29
6557,31,47,49,35,38,42,33,52,61,39,56,66,40,109,69,57,44,84,71
6558,42,64,29,56,71,67,36,59,60,105,66,27,65,28,51,40,33,30,52,54,37,32,38,48
6559,29,60,47,56,52,67,54,95,48,44,51,65,49,33,71,31,58,72,66
6560,63,37,54,39,60,33,50,95,69,67,32,57,27,64,31,40,45,44,13,72
6561,57,27,30,37,31,42,67,47,105,44,40,119,87,85,71
6562,45,56,70,65,37,49,69,30,92,54,44,33,87,39,31
6563,37,31,58,42,47,38,71,29,52,59,66,53,30,84,54,56,69,48,36,35,15,49,40
6564,39,61,47,49,30,58,35,50,72,44,37,33,40,66,51,57,114,117,65,59
6565,69,38,58,60,48,42,37,65,67,54,51,105,40,59,43,71,49,77,50,31
6566,50,64,95,51,67,72,61,31,48,60,71,36,45,59,33,38,56,49,9,27,30
6567,47,53,51,68,29,38,61,59,43,33,60,5,27,35,32,30,65
6568,31,52,105,84,44,27,64,36,95,29,48,40,33,56,32,99,50,30,68,61
6569,40,52,36,54,71,67,45,42,33,31,44,47,84,66,35,27,105,51,4,65,69,95,30
6570,67,49,56,38,32,36,54,64,48,66,111,29,59,31,2,51,43
6571,69,54,45,44,56,58,67,60,48,47,105,30,33,51,64,52,29,65,55,49
6572,15,72,95,37,71,50,66,39,38,70,80,69,57,4,32,58,63,30,114,13,33,42
6573,51,49,38,71,48,47,56,50,32,59,39,45,31,42,30,29,54,67,36,44,72
6574,64,29,39,69,31,56,37,66,53,70,71,27,84,45,60,44,59,51,2,116,49
6575,35,61,31,44,36,49,39,32,67,64,66,38,51,65,71,54,50
6576,32,84,44,56,33,61,38,27,22,39,50,47,43,52,59,17,51
6577,36,27,105,66,69,54,70,56,40,58,71,48,35,50,17,47,29,10,38
6578,65,33,63,32,40,56,64,72,31,53,57,54,47,49,39,95,48,67
6579,31,36,30,60,105,66,37,54,49,58,59,52,71,69,47,51,39,48,38,32
6580,64,61,33,42,54,72,27,38,56,50,51,107,71,95,10,66,40,29,103
6581,35,63,64,37,53,51,45,56,30,4,36,60,50,39,48,44,32,105,71,54,67,47
6582,47,105,95,54,31,58,84,35,52,71,42,37,113,61,27,85,43,38,33,45,44
6583,63,69,65,56,31,42,27,95,49,38,70,72,105,45,54,41,50,35,7,48,102
6584,27,67,40,45,105,61,44,49,47,29,50,66,56,102
6585,40,30,38,56,60,50,33,64,71,35,105,43,47,44,1,51,32,45,27,69,72
6586,48,51,66,72,32,56,58,52,29,30,54,27,63,1,49,47,38
6587,32,56,67,31,33,27,47,66,5,45,35,8,36,38,58,90,50,37
6588,4,40,42,67,60,58,51,66,38,105,84,50,5,36
6589,54,65,70,29,37,52,48,71,53,61,35,50,33,27,40,49,46,59,13
6590,67,70,27,47,53,36,56,57,64,59,71,72,31,29,44,38,51,30,35,50,4,83,32,45
6591,105,40,27,84,36,30,57,51,72,118,49,45,61,96,56,53,87,64
6592,105,45,64,42,66,6,57,59,52,72,51,56,30,76,65,31,37,49,61,47
6593,54,65,53,32,69,45,31,60,33,105,42,39,67,27,37,29,71,38,49,59,35
6594,84,63,43,60,36,48,56,35,33,66,47,50,42,51,58,64,32,53,27,61,69,13
6595,66,58,64,36,72,27,48,63,56,35,33,60,67,30,61,65,52
6596,51,4,36,50,52,48,105,38,42,59,69,58,32,49,23,95,72,2,53
6597,48,49,67,42,27,71,60,58,65,66,45,69,61,50,53
6598,45,37,95,66,70,60,69,71,73,44,72,35,31,36,50,28,49,61
6599,35,29,27,54,51,57,71,58,4,42,47,105,49,48,38,44,61,36,50,43
6600,43,69,72,29,84,67,54,38,56,32,61,30,60,52,44,4,35,64
6601,66,59,61,50,36,67,37,51,49,58,53,38,56,48,42,39,71,40
6602,39,30,54,67,72,45,36,65,32,105,4,27,29,73,26,48,60
6603,59,65,49,58,54,47,38,66,52,105,35,45,40,39,53,95,57,48,73,71,42,67,46,103,44
6604,56,35,30,57,54,71,70,38,84,50,33,36,61,42,44,64,51,40,53
6605,32,56,66,50,47,65,71,84,58,37,28,49,69,27,38,105,30,35,31,36,42,72
6606,44,53,36,54,35,67,57,51,33,63,61,58,105,64,45,52,42,37,28,60,40
6607,31,49,35,36,32,30,27,72,64,71,105,25,65,44,53,60,95,37
6608,67,31,52,45,54,30,38,61,37,50,56,42,35,29,60,32,49,103,43,39
6609,63,59,72,4,60,48,54,65,43,32,98,39,17,58,95,50,37
6610,54,65,59,56,29,67,51,33,50,37,69,61,30,48,72,32,58,42,31,35,71,105,60,43,36
6611,105,63,69,71,36,47,50,65,48,54,30,44,60,52,31,24,26,35
6612,37,48,50,40,42,72,58,44,64,56,53,65,109
6613,72,47,31,29,44,67,58,39,71,53,30,35,105,61,37,40,32,27,70,115,56
6614,64,49,60,32,45,66,61,67,84,38,39,26,48,69,109,53,58,4
6615,51,61,69,35,60,45,30,49,58,50,65,53,71,42,56,36,105
6616,54,36,38,32,35,40,70,52,57,71,84,27,31,50,42,51,65,56,2,60,67,66,69
6617,4,58,105,71,29,30,59,52,36,65,60,47,56,54,32,53,35,43,27,57
6618,31,48,95,53,27,71,58,49,29,60,67,66
6619,59,41,40,30,67,38,42,66,53,32,50,51,45,44,58,37,71,36,48,65,47
6620,49,39,32,50,60,35,56,27,31,105,75,65,44,84,38,77,118,42,67
6621,35,4,54,49,53,29,66,38,71,60,42,48,51,59,15,56,50,105,68
6622,105,72,65,54,32,66,35,71,45,57,64,44,29,56,61,53,48,59,33,60
6623,84,60,37,58,53,105,29,67,31,56,36,51,38,42,33,72,52,54,64,65
6624,36,69,77,58,52,35,66,72,56,105,53,29,51,27
6625,59,61,45,52,27,38,60,56,32,65,69,35,33,29,40,10,16,18
6626,69,39,43,67,59,27,45,32,30,50,40,63,53,60,66,71,76,33,29,58,47
6627,54,37,59,105,67,52,31,29,72,27,70,66,94,53,51,32,42,44
6628,105,36,44,67,65,70,53,57,50,56,58,60,66,38,42,37,47,52,48,33,43,30,35,45,31,63
6629,53,54,31,27,84,51,52,66,56,42,73,106,40,45,50,74,41,36,60,105,35
6630,65,105,47,53,50,52,40,67,33,69,35,44,72,39,59,61,27,32,58,31,45,110,60
6631,65,31,37,59,30,27,64,66,43,58,32,51,47,38,5,42,14,54,68,118,61
6632,4,44,33,32,64,48,60,54,39,50,51,58,72,45,65,42,31,115,13,105,40
6633,37,71,58,41,53,30,68,56,36,45,33,51,39,109,42,67,6,44,29,76,26,49
6634,33,69,45,72,29,38,36,27,40,61,49,56,4,50,42,37,48,102,39,55
6635,39,65,42,47,84,30,27,51,35,56,32,29,81,44,72,37,71,91,66,59
6636,65,69,36,31,58,71,38,50,54,42,4,33,72,77,62,40,47
6637,53,50,31,56,36,52,67,60,61,40,32,54,33,99,45,38,87,65,29
6638,45,66,38,29,53,59,30,49,37,69,58,72,99,42,35,44,39,60,71,61,51
6639,50,56,105,71,54,40,30,35,64,39,75,32,72,37,6,58,53,48,59,47,65
6640,69,105,48,58,32,47,36,40,53,38,51,35,33,66,67,71,57,29,31
6641,51,58,36,52,59,27,39,49,53,33,57,69,66,35,61,37,42,84
6642,60,54,49,37,40,48,31,38,53,52,13,42,51,50,71,44,91,56
6643,35,53,51,63,71,65,30,36,37,48,31,45,72,87,56,69,43,27,11
6644,36,66,72,70,44,30,54,51,40,71,27,90,48,32,47,4,65,56,57
6645,44,53,60,40,36,30,45,61,47,49,59,38,33,35,65,85,31,39
6646,27,72,40,65,59,61,48,39,30,4,66,52,44,29,70,31,86,13,47,51
6647,69,71,27,30,40,66,56,38,33,93,44,49,18,65,90,60,50,88,48
6648,59,44,72,47,42,51,56,71,64,65,67,53,38,45,35,48,24,30
6649,35,85,66,105,36,40,42,54,58,24,52,48,118,33
6650,72,64,70,45,4,32,47,29,50,27,105,53,69,56,54,59,38,87,25,78,49
6651,36,29,45,27,64,30,53,35,105,58,40,51,42,67,54,34,32,59,106
6652,49,69,39,47,27,35,53,56,65,31,54,60,33,40,59,36,28,12,18,58,57
6653,30,50,39,71,45,35,54,44,56,52,36,51,49,37,47,32,17,53,24,59
6654,48,29,31,32,42,56,58,59,72,45,30,61,67,33,52,16,40,35
6655,48,65,42,33,84,50,66,105,32,67,51,69,49,53,40,31,37,59,44
6656,44,63,29,42,53,65,50,52,45,71,105,48,66,67,49,59,37,61,57,40,70,43,33
6657,33,69,63,36,29,52,38,31,54,44,51,95,50,67,60,61,85,39
6658,52,41,67,60,72,84,42,32,68,56,57,54,71,39,31,64,45,38,61,105
6659,27,50,66,36,44,30,60,45,51,53,37,31,101,71,64,69,59,40
6660,58,72,4,48,49,42,71,61,33,30,105,66,31,51,27,95,63,54,45,32,67,47,44,57
6661,45,30,84,37,50,105,39,69,35,48,64,47,32,49,11,66,90,60
6662,30,95,72,65,50,36,70,63,48,71,67,4,53,44,42,89,45,31,59,29,35,58,83,56,33,69,54,49
6663,64,45,52,31,40,32,33,51,37,50,4,66,54,44,17,42,56,72,11,59
6664,32,48,47,53,67,45,63,70,105,27,30,56,35,61,29,60,44,37,59,101,66,3,49
6665,39,27,51,61,33,105,67,45,53,49,68,41,50,30,36,35,59,102,48,29,47,5,72,58
6666,42,59,39,53,72,60,66,35,61,27,56,36,47,11,105,50,40
6667,36,60,56,38,72,69,45,66,35,53,32,48,42,54,57,34,44,49,58,84
6668,39,53,48,66,47,69,27,44,45,4,90,105,24,36,31
6669,39,61,40,59,27,36,69,54,49,35,66,50,56,38,71,1
6670,52,45,39,58,50,54,69,48,33,80,57,32,59,100,78,68,61
6671,37,40,53,56,38,42,52,54,39,31,47,35,33,27,50,36,49,45,66
6672,59,67,64,40,105,33,49,72,36,27,45,63,35,42,65,51,3,31,4,60,66,30
6673,36,59,47,60,64,71,37,72,27,33,38,44,56,69,40,110,99,30,16
6674,51,42,69,44,31,36,53,37,105,38,50,47,39,112,67,40
6675,51,61,56,68,48,37,40,42,64,72,67,31,29,27,33,32,41,39,78,116,65,114,105,35,63
6676,61,66,32,69,30,64,45,35,72,51,52,105,53,49,109,65,104,42,39,56,17,71
6677,52,67,57,49,56,64,71,69,72,31,33,65,54,70,30,48
6678,56,30,72,60,57,51,71,52,61,39,67,50,66,37,53
6679,44,59,65,38,47,54,49,72,48,50,33,67,35,85,60,56,71,43,69
6680,58,37,45,38,54,66,84,27,36,53,61,60,79,32,48,35,69,50,47
6681,37,4,35,40,56,51,53,52,45,54,81,60,31,64,50,30,1,58
6682,65,69,53,50,61,30,44,48,40,45,58,56,72,71,36,54,4,107,51,37,29,67,32,92,38
6683,105,38,65,67,84,42,39,40,36,44,56,111,12,49,115,71,50,45,66,69,54,31
6684,67,52,69,29,48,65,54,32,39,37,36,45,40,49
6685,67,29,54,45,51,63,35,37,105,38,4,66,32,56,43,36,69,42,31
6686,61,54,39,58,27,37,105,52,66,47,67,71,53,51,69,79,35,65
6687,47,59,49,71,52,64,45,40,67,33,72,37,42,27,51,44,30,50,38,56,66
6688,4,61,31,72,60,105,58,39,44,45,32,33,63,71,111,59,37,67,66,69,42,73,30,95
6689,54,69,43,60,50,71,48,30,45,105,23,95,57,53,2,65,39,56
6690,51,72,64,60,53,48,50,29,39,59,31,38,54,67,32,36,27,69,47,61,33
6691,31,30,29,45,44,64,61,105,50,69,57,52,33,49,42,35,32,71,25,54,37,116
6692,47,71,49,37,53,56,66,50,35,105,52,36,48,67,55,61,34,45,40
6693,31,42,37,48,105,71,33,61,67,69,84,29,54
6694,63,33,70,44,50,54,59,51,58,67,69,52,56,37,95,98,35,31,105,104,72,64
6695,45,47,39,27,54,38,15,30,51,105,60,52,65,53,49,44,61
6696,38,40,63,49,60,59,39,58,57,52,53,29,32,105,84,56,61,35,69,3,72
6697,69,63,61,40,66,67,29,35,51,32,72,30,95,31,50,53,42,36,85,47
6698,38,52,54,53,59,60,32,27,44,30,65,51,4,36,105,37,42,2,31,45
6699,42,105,39,69,36,48,59,45,71,47,33,51,50,32,64,37,66,60,72,56,31,27,30,67
6700,37,61,58,29,71,50,51,64,59,39,47,56,53,49,84,65,54,46,32,27
6701,48,65,38,42,35,29,54,44,53,52,67,45,66,50,30,84,31,72
6702,35,31,65,67,58,71,45,52,72,47,60,29,27,32,48,37,54,56,3
6703,44,38,64,47,59,58,37,30,48,69,53,29,72,111,56,32
6704,60,67,37,42,71,44,51,53,59,30,54,52,74,114,57
6705,66,51,71,53,72,37,56,42,67,59,65,49,44,119,60,27,48,54
6706,40,38,33,105,45,49,52,58,30,65,92,31,60,51,21,99,29,28,42,69
6707,66,32,58,44,69,65,40,53,70,38,35,31,67,81,45,105,42,39,116,49,71,59
6708,31,67,39,52,59,54,35,71,105,65,60,37,29,48,66,4,38,45,40,25,42,36,112,27
6709,65,37,31,48,44,52,49,57,50,47,51,33,56,105,67,34,55,21,64,25,58,95,29
6710,64,72,51,57,105,54,59,29,61,12,30,60,42,69,38,47,52
6711,30,35,50,36,84,61,33,52,40,66,24,58,47,51,45,105,54,42,71,27,31
6712,72,36,35,65,37,105,40,70,60,45,51,94,53,49,39,38
6713,29,53,56,65,35,49,57,91,58,63,84,17,50,33
6714,44,64,54,60,72,29,36,65,53,67,31,50,27,38,105,32,35,95
6715,4,71,37,30,33,66,51,27,70,42,59,47,69,36,6,93,72,48
6716,53,58,100,56,33,61,38,105,60,31,32,66,39,72,51,64,65
6717,38,65,50,54,31,61,36,63,84,48,70,32,64,30,105,60,39,51
6718,27,69,65,38,51,32,31,52,54,64,57,42,71,72,93,45,48,29,58,105,7,53
6719,95,72,40,61,105,59,44,35,84,53,27,66,47,42,48,110,87,60,65,38,33
6720,53,36,58,67,42,66,84,45,33,48,44,64,52,57,61,30,69,71
6721,67,69,95,61,29,58,32,59,60,39,72,31,33,38,41,44,71,42,54,56,8,105,20,91
6722,68,67,84,64,44,59,4,35,48,40,33,39,105,37,52,50,36,38,32,65,95,71,66,42
6723,63,33,61,60,52,29,67,30,64,53,47,48,72,56,49,36,42,40,112,50,65
6724,67,58,64,70,29,51,56,50,35,36,37,31,72,38,60,118,27,6,69,110
6725,67,31,48,64,49,59,84,105,4,42,38,30,40,100,36,32,63
6726,63,65,36,59,29,52,51,58,53,37,48,33,56,4,64,19,105,39
6727,58,83,31,39,30,36,71,67,33,64,105,4,44,29,70,52,25,65,69
6728,31,64,49,38,30,39,27,53,61,47,44,65,32,52,2,15,67,66,35,84
6729,39,44,72,64,33,48,51,35,37,47,53,31,60,42,62,76,50,17
6730,35,58,53,64,59,60,49,40,51,27,37,65,32,61,105,45,33,54,71,8,38
6731,31,41,50,44,68,39,54,58,47,53,48,29,36,37,69,71,33,72,42,59,49
6732,27,64,45,65,53,31,44,105,30,54,67,50,9,113,37,59,40,48,36
6733,66,38,42,30,52,105,56,53,64,71,32,59,68,47,58,80,54,65,49,84,76,11,35,69,2,60,51
6734,35,47,42,32,52,45,49,37,69,29,58,105,63,36,4,64,48,6,39,33,56
6735,53,51,45,60,37,58,48,49,65,27,35,31,105,25,50,36,59
6736,69,51,32,47,35,30,36,58,91,3,31,44,54,52,60,49,37,27,70
6737,53,71,33,42,27,38,60,32,66,37,44,65,56,31,35,64,50,47,39
6738,37,61,29,59,38,48,58,72,64,27,36,39,65,60,30,35,51,67,68,105,79,47,32
6739,52,36,65,56,47,60,33,35,49,61,54,69,64,51,31,66,76,48,71,29,103,67
6740,32,39,72,51,105,64,53,69,40,27,50,52,67,103,37,119,28,63,80,29
6741,60,53,65,67,71,47,51,69,38,56,44,52,15,31,33,35,57,36
6742,95,31,58,41,28,69,50,48,51,66,45,38,12,39,7,72,57,60,53,84,27
6743,95,64,54,36,38,71,105,50,29,67,84,52,39,61,43,48,47,45,44,32,4,42
6744,42,52,51,105,50,32,60,40,71,49,47,33,67,39,8,61,53,38,112,30,65,36
6745,45,72,105,60,64,27,67,66,29,31,40,56,48,36,33,58,47,50,53,38,87
6746,27,105,39,72,44,48,69,65,51,66,45,54,31,56,35,71
6747,69,51,59,65,44,54,48,29,32,74,72,58,57,64,49,60,66,45,67,50,77,30,37
6748,39,27,30,44,71,29,65,31,51,40,53,32,49,67,45,56,63,58
6749,45,65,59,35,54,67,72,42,31,61,52,63,64,32,106,56,28,40,37,39,70,55,29,51,44,102,105,68,27
6750,32,47,69,48,54,37,58,38,51,31,49,36,59,67,27,33,35
6751,64,72,50,69,44,56,37,29,35,39,49,40,31,52,60,105,4,45,27,53,65
6752,58,67,51,52,45,30,50,59,64,21,38,105,53,63,74,31,35
6753,72,42,71,44,36,54,31,27,61,84,58,53,51,56,49,37,45,48
6754,59,68,71,42,54,27,67,29,39,47,64,61,60,40,31,38,49
6755,64,37,30,58,59,69,63,71,72,54,36,31,66,84,60,105,10,67,42,8,48
6756,51,48,4,65,52,53,32,72,36,44,30,105,29,31,59,42,45,39,50,69,37,35
6757,67,36,29,27,30,71,50,58,41,65,48,39,70,42,21,106,35,15,56,37,40
6758,36,60,84,51,59,69,72,4,48,30,47,37,89,32,52,26,5,40,49,54,57
6759,67,95,58,39,72,35,69,38,70,28,63,36,57,4,45,27,47,64,37,32,50
6760,60,59,33,53,58,36,65,72,66,45,68,69,31,71,51,42,38,64,91,70,54
6761,39,66,70,56,27,30,40,32,54,84,72,52,47,51,36,67
6762,36,71,31,45,84,51,37,38,69,29,68,44,40,64,98,5,87,28,32
6763,42,51,38,50,30,54,29,39,27,69,62,100,44,56,45,72,23,105,36
6764,53,56,64,39,105,35,31,40,51,27,47,66,38,58,61,44,82,67,49,60,48
6765,65,61,67,33,47,42,58,30,37,54,49,51,66,45,41,71,50,57,16,53,31,59,8,68
6766,57,54,66,52,32,64,72,61,37,65,44,33,28,67,109,51,84,58,48,53
6767,50,49,47,72,38,39,37,30,59,17,61,32,51,70,64,27,65,52
6768,29,95,56,37,35,69,105,64,38,51,39,50,60,32,45,66,1,111,30,100,44
6769,60,32,65,40,49,29,39,71,58,27,54,56,47,105,59,52,45,69,44,84,31
6770,59,71,67,61,31,65,38,33,50,66,37,49,105,35,36,30,64,32,51,56,53,40,4,42
6771,67,53,71,65,36,60,35,52,30,32,37,72,39,59,33,50,14,40,48
6772,51,56,60,105,49,45,39,66,31,114,32,48,36,11,99,37,58,23,38,52
6773,59,66,30,35,32,27,38,37,33,65,44,47,45,31,72,64,50,69,40,103,43
6774,60,54,53,69,63,31,59,49,61,27,64,11,72,51,58,38,65,21,47,33,39
6775,48,40,71,44,31,27,51,64,39,38,49,59,10,91,29,70
6776,9,4,61,105,38,51,64,60,71,30,35,29,65,70,49,67
6777,31,5,70,45,39,61,54,71,35,48,37,47,66,56,64
6778,53,66,41,63,60,36,30,54,31,49,32,27,65,3,64,69,42,44
6779,51,42,45,49,65,39,48,47,30,52,31,70,32,27,38,53,29
6780,84,64,69,31,95,63,29,36,51,54,71,58,45,40,67,39,47,38,83,66,105
6781,44,72,47,27,61,36,38,35,63,65,29,58,48,42,114,119,91,30,24
6782,105,61,69,32,33,36,72,42,95,35,56,49,15,77,51,44,40
6783,42,30,28,48,49,69,36,33,60,72,45,38,51,31,71,50,53,27,63
6784,29,45,72,67,66,64,65,42,105,63,56,51,17,33,61,40,69,35,37,39,47
6785,47,67,27,59,50,44,53,60,105,65,51,39,30,49,64
6786,32,35,42,61,29,105,31,72,37,38,59,27,86,30,56,6,67,112
6787,44,49,61,40,54,47,32,52,56,59,37,71,33,72,65,51,38,27,31,107,84,29,48
6788,54,59,64,67,38,33,32,27,30,105,56,66,16,36,50,65,71,69,72,31,42,61,84
6789,27,40,69,44,32,67,64,33,84,48,29,66,51,57,38,37,77,31,30
6790,54,69,29,53,105,47,70,27,43,44,45,38,58,63,30,18,49,91,67,2,66,51
6791,60,64,30,32,45,37,36,56,42,52,39,66,72,33,44,65,50,54,47
6792,72,36,40,61,54,37,105,39,45,32,56,60,84,59,58,48,91,47,42,29,92,49,51,4
6793,68,39,72,36,47,33,43,53,44,27,52,45,4,54,63,28,31,58,64,3,51,35,41
6794,72,48,31,30,71,64,61,53,39,51,66,33,50,105,49
6795,45,66,54,67,95,29,63,44,51,105,27,35,38,36,90,42,56,71,32,53,72
6796,47,59,4,72,37,27,56,84,36,67,42,40,51,54,30,64,61,35,70
6797,72,27,66,51,61,50,44,48,56,84,105,40,65,35,57,89,39,58,49,15,60,71
6798,36,37,24,70,42,30,48,65,59,50,38,49,45
6799,56,54,32,70,53,59,72,105,6,76,39,67,85,44,95,38,89
6800,63,4,36,54,40,44,60,105,29,31,47,48,50,49,35,72,43,51,42
6801,35,40,56,50,29,49,66,42,61,60,53,38,74,58,33,105,27,24,23,59,36,63,52
6802,37,60,48,49,44,39,65,67,56,45,54,105,31,52,43,30,64,53,47
6803,65,105,37,31,84,27,36,39,30,45,78,58,52,40,79,70,50,42,71,48,35
6804,37,71,32,49,56,47,54,59,43,51,45,30,31,65,63,40,42,72,53,48,50,27
6805,29,37,48,53,60,66,50,35,38,71,32,31,47,59,67,109,56,65
6806,60,61,52,29,4,47,70,44,65,88,36,54,119,30
6807,35,45,105,48,49,59,64,27,38,39,65,69,42,57,47,72,44,51,58,30,50,31,89,40
6808,35,40,67,31,69,72,30,66,29,60,42,4,48,51,49,44,45,36,105,54,56,33,53,47
6809,32,54,38,50,68,53,59,30,47,42,61,69,45,41,36,60,84,40,33,37,5,72,63,58,52,67
6810,50,105,63,60,52,49,48,35,51,54,69,61,37,53,47,66,67,4,71,95,45
6811,4,105,48,32,52,40,51,35,30,56,38,44,89,67,24,71,55,53,118,68
6812,40,37,35,59,45,50,42,33,56,44,47,38,52,31,30,54,4
6813,48,42,27,105,33,61,49,60,66,44,53,31,69,72,35
6814,66,44,49,56,39,29,32,35,30,91,37,105,38,31,28,69,52
6815,36,42,27,44,37,69,51,33,53,47,59,49,58,31,39,67,3,48,32
6816,105,47,38,37,50,52,39,65,59,40,33,48,44,31,71,55,42,58,57,54,30,53,21,56,32,69
6817,53,32,29,36,27,50,65,30,4,72,45,61,3,35,63,67,52,42
6818,4,95,44,56,50,30,37,51,66,72,105,85,42,61,47,71,40,27,31,70,38
6819,44,64,59,48,39,57,66,27,72,30,47,40,50,51,105,38,60,63,52,56,88,54,5,69
6820,58,49,71,65,45,54,37,59,60,105,53,94,38,64,69,31
6821,51,72,48,65,60,105,33,53,37,69,42,52,64,27,44,104,43,38,4
6822,56,69,42,38,60,27,48,66,32,37,4,29,58,49,70,105,71,47,63,64
6823,48,60,65,45,44,66,33,61,32,4,64,50,35,105,67,70,56,46,30,37
6824,65,84,29,71,48,31,50,58,72,69,60,66,27,42,33,57,105,30,118,61
6825,65,29,48,69,45,53,30,38,49,66,54,44,72,39,50,36,64,27,71,59,35,67
6826,31,51,30,71,59,36,72,37,32,42,67,96,53,38,27,84,44,52,49,40
6827,50,105,64,27,31,38,39,47,29,40,69,51,58,42,98,66,37,71,35,36,54
6828,30,105,45,63,43,57,44,72,35,54,95,27,39,42,66,50,65,38,51,58,60,22,32,37
6829,45,69,37,72,90,56,67,71,61,51,63,68,113,84,57,35
6830,43,40,64,63,70,44,58,37,54,50,39,95,60,57,47,53,52,84,97,20,31,66,105,34
6831,53,65,61,39,29,59,72,49,102,38,64,36,27,31,106,32,66,44,33
6832,39,56,71,105,50,61,35,67,38,53,69,57,47,33,42
6833,105,57,32,52,49,50,39,53,58,47,38,44,40,72,46,35,29,84,31,30,67,56
6834,67,61,58,64,59,31,48,66,72,51,44,27,49,45,50,40,54,29
6835,4,58,105,31,29,63,53,51,27,44,48,70,32,45,47,64,56,42,76,30,49,23
6836,4,64,60,71,37,52,38,72,57,56,31,50,45,44,90,40,42,61,33,67
6837,44,60,51,56,58,49,29,33,69,66,32,47,52,4,38,64,50
6838,58,105,33,65,48,37,31,39,61,66,42,72,93,67,44,53,73,60,32
6839,48,40,49,71,95,51,37,66,54,59,45,35,47,36,56,27,33,44,38,50,42,84,30
6840,49,64,36,27,45,48,42,37,67,61,69,38,56,29,59,44,51,35
6841,5,66,42,44,31,35,63,40,33,50,52,27,45,57,30,67,70,72
6842,57,44,54,64,105,61,36,33,31,50,95,39,60,27,41,66,56,51,29,67,48,19,42,72
6843,58,4,49,61,42,35,36,37,40,67,66,33,84,30,27,44,38,32,39,52,31,65
6844,53,37,63,52,40,31,84,33,50,56,71,7,44,60,4,86,69,10,61,67
6845,84,56,53,36,39,42,70,69,31,33,58,45,35,30,9,77,106,52,27
6846,40,48,59,44,29,60,52,58,66,8,54,45,53,84,37,50,56,38
6847,30,48,39,105,67,44,40,35,33,51,36,52,53,101,56,31,72,15,66,97
6848,95,60,29,84,48,27,61,45,37,53,72,65,67,4,38,58,69,32,54,40,51,18,42,44,66,33,59
6849,59,64,50,61,71,40,53,72,38,32,31,48,30,67,105,91,54,39,84,66,95,19,27
6850,65,27,61,71,32,72,40,42,45,48,66,54,53,56,69,44,30,38
6851,72,37,61,71,31,36,40,60,4,30,32,119,67,29,39,59
6852,32,29,30,35,45,84,70,31,69,54,47,116,72,68,83,60,67,51
6853,36,40,58,31,61,32,51,53,35,63,54,52,30,56,60,39,47,69,28,48,72,67,5,37,118
6854,51,56,42,27,44,39,69,59,29,57,67,65,47,31,35,33,30,2,50,61
6855,65,105,67,30,38,60,35,45,95,48,54,88,72,1,69,31,99,42,22,66,73,37
6856,38,4,72,58,63,35,40,84,45,49,30,60,52,33,54,67,31,42,37
6857,72,37,45,51,40,54,95,61,67,70,63,42,31,49,30,56,47,32,35,60,55,26,53,64
6858,59,50,58,39,51,27,31,40,49,29,62,105,45,74,48,65,38,44,66,95,37,32
6859,32,37,69,72,49,61,30,47,53,57,82,45,33,31,29,60,59,65,39,28
6860,67,60,32,49,52,50,65,27,47,33,37,56,38,61,59,24,99,42,71,54,36,66
6861,95,38,30,51,29,48,44,64,50,45,105,58,70,66,57,71,84,31,49,72,60
6862,105,4,40,72,69,27,39,48,32,47,36,67,56,45,44,29,42,73,41,30,31
6863,29,40,37,72,33,95,43,51,48,47,53,31,32,67,57,4,50,103,92,71
6864,58,33,84,4,52,54,69,49,50,71,47,56,27,72
6865,42,40,67,105,65,70,30,35,33,49,50,32,56,66,69,51,44,45
6866,60,38,29,54,53,32,35,27,44,58,50,47,63,52,69,72,51,43,48,61
6867,63,47,95,44,52,45,65,58,56,27,105,51,66,61,42,57,92,59,20,72
6868,27,40,71,32,31,66,42,105,60,84,35,55,45,52,44,54,57,47,30,64,51,109,49,37,72
6869,31,32,35,51,95,42,52,49,105,53,64,59,98,61,45,99,47,50
6870,64,50,45,30,31,44,48,67,65,37,71,28,39,42,6,72,56,103,20,51
6871,29,44,66,42,53,60,39,69,49,27,56,24,33,59,45,54,83,37
6872,47,31,35,39,56,64,59,63,36,33,51,30,32,29,54,38,69,100,105,42,53
6873,48,33,58,60,51,29,65,71,30,27,66,50,69,44,108,47,70,42,45
6874,50,60,105,37,27,40,44,54,31,39,61,58,48,72,29,53,65,49,36,67,71,51,32,59,63
6875,30,66,32,54,67,27,48,49,71,36,72,105,43,44,40,5,3,90,60,61,24
6876,39,64,49,50,29,4,59,31,77,33,55,44,66,40,38,53,108,69,47,105,67
6877,31,67,59,50,32,66,37,105,35,53,71,52,24,9,39,58,48,56,43
6878,45,31,69,37,54,50,30,39,114,43,84,70,27,17,63,94,72,59
6879,49,36,53,58,69,29,56,67,60,27,66,107,32,85,71,63,30
6880,50,38,63,66,60,29,59,36,54,52,35,69,71,105,53,8,117,51,56,16
6881,27,32,67,51,50,40,69,59,30,36,37,42,31,44,45,58,49,72
6882,31,53,69,38,45,60,54,67,48,58,29,44,37,72,84,33,27,42,28,49,59,65,78,47
6883,69,50,72,36,60,27,105,48,56,115,31,64,40,29
6884,53,42,32,72,39,30,33,70,71,35,61,45,105,44,63,65,113,49,97,47
6885,29,68,44,27,41,105,39,65,49,72,5,48,38,50,84,70,52,35,60,67
6886,69,48,53,67,64,54,72,59,50,49,56,51,42,52,32,39,30,36,24,60,31
6887,49,32,48,52,54,51,61,36,42,37,29,59,30,58,104,27,66,40,72,44,28,110,97,69,50
6888,58,37,67,42,43,29,30,71,36,56,49,65,47,4,27,88,64,69,59,40
6889,60,72,49,52,39,67,32,58,65,53,56,29,66,69,36,31,105,45,35,91,1,30
6890,42,59,84,31,60,61,49,38,67,32,43,45,53,50,19,58,29,70,71,72,95,56,48,44
6891,48,66,61,95,52,60,67,69,58,56,37,30,33,105,31,35,97,53,64,24,27,59,70
6892,48,5,38,39,37,35,60,70,29,31,116,44,68,53,64,57
6893,44,51,31,27,54,53,33,47,29,35,42,105,63,58,84,20,49,91
6894,59,71,39,56,52,64,37,54,36,61,69,119,70,57,44,60,30,67,38,4,42
6895,42,30,51,53,56,59,31,54,71,45,48,41,47,69
6896,37,52,66,41,48,31,27,65,51,84,45,36,44,38,35,29,54
6897,66,30,4,56,44,67,33,70,84,32,45,91,49,50,40,61,96,81,72
6898,56,36,72,58,42,35,69,57,64,50,60,105,53,85,45,93
6899,50,52,51,27,67,65,70,36,59,60,54,58,99,95,71,11,37
6900,38,47,4,51,63,30,53,58,69,44,70,65,77,42,72,45,60,67,57
6901,29,30,105,47,67,64,69,84,39,36,40,35,32,51,72,43,27,37,97,31,50
6902,32,69,52,47,39,27,60,66,114,65,72,45,77,41,44,25,17,92,64,23,33,29,22,42
6903,38,105,27,65,32,31,36,71,103,42,40,67,84,45,58,101,33
6904,33,40,48,52,38,35,64,61,54,29,105,65,47,72,37,50,45,28,49,60
6905,43,41,64,50,53,31,45,4,36,59,35,47,56,66,39,71,40,42,33,60,17,49,1,51,37,30
6906,45,50,39,29,66,35,67,52,51,38,53,105,58,32,97,27,114,42,59,71,30,119,60
6907,31,54,57,39,36,71,42,44,59,48,32,58,49,65,67,27,33
6908,45,65,27,50,67,44,39,86,63,70,48,103,42,66,29,30,105,69,49
6909,38,64,67,105,60,56,57,66,48,10,51,42,29,65,47,71,45,53,32
6910,66,48,61,60,71,33,45,105,59,49,29,35,36,67,38,50,31,64,52,72
6911,60,32,50,52,69,37,56,61,33,64,45,31,49,109,5,94,70,78,40,118
6912,72,105,45,59,56,35,49,27,48,40,71,60,66,30,84,70,53,51
6913,65,44,52,60,49,40,71,27,39,61,59,38,53,47,66,6,24,56
6914,61,67,50,54,57,71,105,47,52,32,45,33,40,51,27,9,49,2,48,38,44,74,60,59
6915,35,51,38,30,27,67,54,105,2,50,95,63,36,44,31,56,69,61
6916,36,59,39,48,57,50,37,61,58,70,45,31,42,44,60,52,72
6917,35,48,65,37,59,56,51,71,95,58,39,64,105,45,44,27,50,61,40,67,69
6918,40,95,44,53,64,47,48,39,45,63,35,71,38,31,54,61,30,80,115,32,29,8,51
6919,67,37,63,66,69,59,64,65,105,57,31,29,48,72,36,47,44,32,38,27,71,82,12,49
6920,53,29,36,30,52,63,67,60,50,58,89,39,44,40,69,41,105,42
6921,32,54,37,39,67,58,50,71,72,40,109,4,42
6922,50,64,40,49,72,35,65,69,29,39,67,37,53,45,33,59,56,31,42,66,114,58,38
6923,65,40,49,54,45,48,37,39,64,44,66,38,47,56,36,69,111,42,72,67,105
6924,64,54,39,52,65,60,36,38,56,53,59,67,51,76,42,32,31,105,48,19,69,58,44
6925,59,27,42,63,71,33,51,45,30,29,60,44,37,65,38,32,43,69,72
6926,113,49,54,39,45,64,44,53,69,4,30,29,33,8,38,5,43
6927,27,54,37,51,65,59,69,63,42,32,71,44,58,64,67,16,5,1,112,89,103
6928,105,53,58,51,42,43,38,28,52,29,33,63,32,61,56,66,40,91,31,30,74,13,45
6929,45,49,35,30,52,33,60,53,38,54,40,47,64,17,36,4,68,44,59
6930,105,58,38,66,48,49,59,52,67,47,95,27,82,107,70,69,37,115,36
6931,60,56,58,52,66,38,40,29,31,49,47,69,64,39,72,54,36,42,70,28,33,32,50
6932,52,53,49,40,42,30,39,60,29,32,31,38,47,50,25,57,35,48,88,70,54
6933,66,31,29,39,45,105,61,40,48,63,52,51,49,91,68,50,32,60,57,34,76,38,33,65
6934,61,59,47,84,35,45,39,41,72,16,54,36,58,51,4,65
6935,33,43,50,49,61,69,40,44,39,30,36,48,26,65,51,56,32,37,42,60,47,66,64,54
6936,27,59,69,40,71,44,66,35,33,37,56,73,61,31,50,53,119,42,45,105
6937,39,48,53,54,47,27,60,59,38,37,35,56,44,31,42,72,43,57,29,45
6938,30,54,27,40,42,57,65,47,48,35,39,66,72,51,112,45,119,71,70
6939,61,50,105,32,64,51,33,35,71,48,49,65,93,30,24,27,52,72,56,69,54,8,60,23,4
6940,50,63,27,105,30,33,58,39,32,60,44,48,56,22,1,31,35
6941,39,27,35,65,36,49,38,59,54,29,32,71,33,72,52,60,48,19,42,40
6942,50,39,30,52,36,35,31,29,64,60,57,49,53,47,33,54,26,40,105
6943,45,50,30,58,51,27,35,42,105,52,72,61,31,60,48,49,100,37,73,65
6944,49,48,44,52,27,51,36,56,54,105,32,97,50,72,45,42,87,71,66,104,69
6945,45,4,65,49,72,56,27,95,51,66,67,48,30,42,35,54
6946,66,67,95,30,63,47,58,61,52,33,56,48,27,54,65,71,39,119,69,4,115,105,42
6947,44,69,36,64,38,65,49,54,67,63,37,32,27,61,105,51,84,30
6948,59,66,58,52,53,31,69,71,57,6,67,114
6949,66,47,59,69,29,65,35,51,52,48,33,27,53,50,30,49,5,89,40,67,38,61
6950,30,68,58,29,27,67,61,92,42,64,69,52,56,71,39,41,114,38,37
6951,56,37,48,51,69,67,36,64,99,47,54,58,71,53,31,57,43
6952,37,48,71,30,105,45,27,31,42,58,33,49,72,60,29,69,59
6953,31,84,33,35,105,40,67,42,60,44,64,32,109,47,57,49,68,85,77
6954,49,4,54,56,63,27,58,43,71,39,59,47,53,31,52,94,38,29,72,83,67,65,22,69
6955,59,64,72,66,56,52,44,50,65,48,51,38,30,31,39
6956,39,72,56,44,32,67,105,45,42,33,47,53,71,66,77,65,27,57,69
6957,49,36,29,59,61,39,38,51,48,66,31,32,112,30
6958,27,64,50,36,52,95,42,51,56,29,72,71,66,4,30,45,33,40,53
6959,64,105,54,59,58,32,50,52,49,66,33,56,39,44,42,68,38,19,72,17,53,37,51,67
6960,71,49,37,30,58,53,29,66,63,61,7,42,40,44,47,52,4,105,65,56,48,32
6961,61,36,60,59,45,31,56,66,35,32,65,37,43,54,42,49,70
6962,66,56,45,48,95,27,33,69,105,35,60,42,59,32,30,38,57,54,52,53
6963,27,56,32,29,67,60,33,54,43,36,65,40,23,70,52,59,47,28,44,45,42,71
6964,71,64,53,38,35,44,51,50,27,29,59,56,37,58,39,61
6965,31,45,36,59,52,32,72,30,105,29,69,66,58,35,70,44
6966,53,28,36,35,65,50,27,42,56,66,47,45,37,49,20,44,61
6967,61,60,54,56,66,59,58,63,38,31,33,32,39,71,42,67,65,44,35,24,50
6968,39,44,27,47,33,56,29,37,31,61,59,30,64,51,52,71,94,40,1,53
6969,5,105,31,66,67,59,49,51,38,58,48,43,47,50,65,39,45,69
6970,45,38,65,44,35,105,48,71,72,66,64,58,63,47,27,33,30
6971,72,53,63,44,31,40,50,30,38,69,32,49,56,48,45,47,73,10,27,20,54
6972,105,36,39,32,53,35,37,38,31,52,29,58,63,56,50,51,65,27,93,67,4,8,47
6973,56,84,48,44,70,66,27,64,58,36,40,38,67,59,39,105,30,65,50,83,37,61
6974,56,60,39,29,84,40,70,31,37,57,35,114,67,58,95,66,30,72,45,32,38
6975,54,67,72,33,105,38,39,56,48,65,29,37,47,52,95,60,30,53,32,31,69,21,94,50
6976,53,44,71,61,56,60,65,31,45,72,47,10,99,30,50,42,92,69,29,36,48
6977,58,29,42,52,59,71,67,45,33,48,46,47,61,39
6978,42,95,59,31,72,49,64,33,67,105,61,50,27,53,69,38,63,119,35,84,37,66,36,39,48,58,57,30,44
6979,65,39,30,45,56,69,66,38,36,70,52,72,53,60,37,105,76,22,47
6980,69,60,36,51,53,52,66,37,56,65,63,105,29,50,42,6,47,7,76,44,43,35
6981,31,29,47,30,84,42,32,50,52,57,27,69,49,67,45,39,48,94,115,40
6982,36,58,52,56,61,30,31,105,33,42,27,50,48,60,117,87,64
6983,35,59,36,37,31,61,53,38,67,47,30,27,56,58,69,42,48
6984,65,49,64,69,59,29,53,39,32,42,33,56,67,51,35,45,31,40,44,27
6985,61,49,56,69,45,72,50,65,35,31,105,52,44,48,95,29,91,40,37
6986,43,49,57,67,71,31,59,60,69,51,33,29,73,105,45,35,64,76,39,63,52,50
6987,64,59,67,60,35,66,54,84,49,32,50,53,56,31,45,6,103,30,58,33,51
6988,71,72,45,40,61,32,29,31,49,59,67,84,53,66,76,60,26,56,35,28,54
6989,38,67,31,42,45,35,30,49,69,40,84,71,61,27,60,37,53,59,54,56,66,7,50,72,52,65
6990,53,60,58,52,54,27,31,33,51,50,68,35,86,5,95,36,43,64,82,65,32,46
6991,63,105,58,53,29,33,47,64,49,54,70,72,36,45,60,28,4,67,57,5,40
6992,47,53,29,61,70,38,59,71,42,66,52,35,39,72,119,50,60,40,57,105
6993,42,37,27,33,69,105,66,52,44,47,67,30,56,71,102,35,72,29,100,58,84,95
6994,59,64,38,51,35,49,65,32,48,66,50,78,60,9,57
6995,72,84,31,65,42,45,27,59,47,57,4,37,51,52,1,92,94,56
6996,39,64,33,37,45,105,59,66,52,36,40,56,60,32,48,35,31
6997,51,72,59,56,70,31,30,60,65,47,48,61,32,38,4,50,69,39,33,49,20,54
6998,37,105,60,40,45,27,28,59,58,54,83,56,39,67,118,30,36,10,51,61
6999,37,27,49,36,44,72,56,67,42,61,29,35,40,45,65,6,5,90,30
7000,30,4,59,48,41,32,33,65,68,54,53,50,35,40,31,70,52,61,56,88,64,71
7001,38,61,68,44,66,31,30,37,53,57,39,82,56,71,72
7002,84,39,53,67,47,59,35,49,38,71,69,23,30,45,61,42,50,36,60,104,92,51
7003,61,39,65,60,27,66,53,45,40,59,49,47,50,51,58,54,13,104,37,32
7004,40,35,60,69,50,36,71,53,47,49,72,48,58,31,29,51,67,56,66,38,24,59
7005,53,47,33,67,60,32,54,49,39,65,52,63,59,66,30,69,31,56,96,75
7006,64,36,65,61,67,30,51,37,86,33,39,105,25,5,60,49,53,27
7007,35,36,38,41,60,45,37,59,54,48,70,52,53,83,44,63,57,72,4,90,68,29
7008,58,40,49,52,48,47,33,39,66,3,35,61,50,31,7,38,27
7009,44,29,49,105,36,70,56,58,33,54,84,95,45,31,71,72
7010,64,51,61,72,56,49,35,31,38,67,29,65,66,37,60,44,58,22,30,33
7011,53,35,69,58,42,61,50,33,105,60,51,37,27,39,63,54,52,31,32
7012,52,105,59,61,42,30,53,66,69,33,47,37,51,29,98,14,19
7013,35,54,71,72,60,45,69,33,40,105,39,47,36,32,51,28,50,24,58,42,53,30,65,70,44
7014,67,58,37,32,33,50,56,51,69,71,27,48,106,38,60,42,52,44,39,30
7015,49,45,61,68,30,33,63,35,56,58,105,52,50,4,47,48,39,18
7016,95,67,60,105,47,49,71,24,38,57,66,9,11,35,58,8,36,30
7017,65,72,36,33,64,48,66,49,44,105,37,54,69,56,50,35
7018,64,61,42,69,65,53,36,48,39,60,105,110,72,71,58
7019,47,67,35,33,71,54,58,29,31,57,70,51,72,42,99,116,60,30
7020,54,51,58,29,40,53,48,95,63,57,42,33,47,27,32,4,30,66,105,71,55,36,59
7021,35,61,56,49,33,65,51,68,48,37,44,63,53,67,42,41,59,70,4,58,110,47
7022,63,52,32,53,49,35,30,44,42,67,48,29,72,51,59,58,64,38,23,31,37
7023,45,41,48,66,30,53,69,50,49,38,29,36,71,72,67,105,2,85,40,17
7024,64,72,63,61,44,60,47,33,70,58,48,31,35,38,71,67,36,53,84,32
7025,47,67,58,35,95,39,50,42,53,38,56,54,52,44,71,72,32,4,59
7026,65,32,48,64,59,50,72,31,49,71,58,45,56,51,39,33,54,69,37,52
7027,61,37,69,56,58,54,51,30,105,77,33,49,64,42,59
7028,31,66,45,48,47,38,51,27,35,58,105,112,34,36,54,39
7029,84,67,51,33,60,72,29,39,95,65,56,71,49,38,36,50,119,27,76,42,41,69
7030,47,35,69,54,38,32,105,30,50,27,59,33,58,49,66,90,64
7031,53,29,47,48,50,67,59,84,65,36,60,66,51,107,42,56
7032,59,28,54,60,42,71,44,35,38,53,49,27,29,116,9,47,30,33,61,36
7033,4,40,31,50,37,42,61,38,60,66,49,44,65,35,34,71,33
7034,4,66,53,51,47,65,69,50,59,37,36,49,44,67,105,17,48,40,109,68,30,29,32,60,64,27
7035,37,50,52,59,42,29,60,49,57,39,54,47,61,69,72,105,40
7036,64,42,30,52,61,54,33,69,36,105,53,50,37,65,39,44,60,31,119,57,51
7037,50,37,72,30,39,63,49,33,71,35,64,58,38,53,45,27,57,14,43
7038,40,91,44,48,38,59,31,29,42,32,36,30,74,47,67,51,85,19,49,50,37
7039,60,38,56,54,30,65,45,105,27,36,29,76,53,72,71,37,104,57,64,44
7040,38,33,56,27,58,69,45,30,47,51,29,49,53,65,42,113,108,72,23,32,44
7041,61,29,31,35,56,40,37,59,66,33,72,50,60,47,65,51,15,42,27,44
7042,33,29,37,58,43,69,27,44,64,70,48,36,53,51,67,38,115,50,35,32
7043,105,72,66,33,29,36,67,64,69,54,52,50,32,15,27,49,47,68,18,71
7044,35,60,53,33,66,54,52,61,57,31,50,64
7045,37,72,31,60,51,33,49,58,53,50,64,48,27,29,42,45,44,91,84,69,32,54
7046,59,28,42,31,60,27,52,56,39,35,57,64,54,50,69,30,45,38,84,36,46
7047,31,69,52,72,64,38,58,4,42,40,49,54,35,70,89,47,65
7048,44,105,49,29,47,42,33,65,57,32,53,50,27,45,61,58
7049,65,38,57,27,29,36,71,49,32,54,35,45,14,72,61,66,37
7050,45,36,48,67,54,32,47,56,72,38,44,31,81,51,63,49,15,29,53
7051,65,33,71,35,39,36,29,27,101,44,37,67,42,64,84,38,105,4,57,58,49,23,51
7052,47,51,65,49,60,56,61,50,48,67,72,30,59,45,27,29,119,42,35,32
7053,69,95,47,44,38,36,59,61,67,60,45,37,30,40,71,72,64,35,29,14,70,49,52
7054,65,66,45,71,39,61,36,105,32,31,48,40,42,52,56,27,47,59,78,72,29
7055,31,44,40,69,32,35,67,58,49,29,45,105,54,27,60,38,39,57,91,109,51,37,43,56
7056,32,95,66,65,39,107,35,31,59,40,42,71,51,33,69,54,60
7057,60,44,32,42,36,71,105,38,37,61,49,48,35,31,28,65,29,102,69,27,47,39
7058,30,31,71,51,37,66,42,58,100,69,38,40,84,49,32,72,45,61,105,29
7059,36,27,31,48,56,29,39,49,105,47,54,66,60,53,50,45,30,38,59,58,72
7060,39,59,67,48,50,44,30,47,38,49,54,105,40,71,31,33,66,29,111,119,28,32
7061,39,105,48,67,40,29,32,36,71,58,47,69,37,60,35,38,56,42,45,82,27,84
7062,61,33,72,67,50,51,59,58,36,38,63,65,66,84,42,54,37,47
7063,47,65,31,54,71,35,51,49,27,29,30,69,58,70,44,60,33,103,45
7064,45,44,49,67,56,37,69,33,71,42,53,30
7065,67,60,57,49,29,31,59,33,84,72,32,58,47,50,37,73,65,42,54,71
7066,31,84,71,53,48,35,56,39,47,30,58,45,33,91,72,95,38,10,49,69
7067,38,60,35,61,44,49,58,31,69,30,72,105,50,37,54,33,32,48,78,29,22,51,63
7068,45,59,51,53,42,48,67,69,49,30,44,27,56,32,94,52,66,65,39
7069,58,31,95,84,27,37,40,64,32,36,66,35,63,59,60,52,77,49,45
7070,33,40,68,72,52,65,71,29,47,61,53,64,66,59,56,42,54,49,95,35,41,58,38
7071,105,31,44,66,37,53,30,61,50,60,65,38,72,85,98,97,40
7072,64,42,39,56,45,53,84,27,33,49,47,99,51,29
7073,4,54,38,105,84,57,29,64,45,39,44,36,56,53,33,70,63,40,59
7074,42,69,61,71,59,68,51,41,45,29,47,72,56,67,105,28,60,53,91,57,119
7075,45,67,36,32,69,53,66,38,64,58,43,60,42,37,31,47,55,17,30
7076,9,44,60,27,69,67,50,48,36,58,49,51,43,32,42,39,61
7077,57,49,35,29,58,47,48,72,61,51,36,45,39,56,50,42,85,84,38,31,54
7078,95,72,35,42,59,70,71,52,117,29,36,49,68,50,31,105,61,53
7079,67,49,50,35,29,63,105,56,61,36,27,95,84,5,51,38,37,58,117,39,43,66
7080,38,72,49,27,59,71,12,39,44,32,47,37,51,36,52,54
7081,31,35,64,33,65,58,50,38,56,42,44,49,105,67,34,47,39,60,45,36,32
7082,52,39,72,65,95,60,50,36,45,71,11,44,66,101,38,27,6,35,61,40,54
7083,42,27,50,58,61,72,32,39,49,53,33,60,51,40,37,20,45,68
7084,69,48,35,53,56,39,84,33,30,37,61,44,105
7085,38,57,72,58,56,84,39,36,31,45,44,69,60,52,64,65,53,27,42,95,8,50,82,67,61,29
7086,54,29,45,56,58,60,30,37,39,63,59,36,61,53,84,5,96,48,50,95,70
7087,51,48,32,31,60,42,66,52,37,45,58,114,105,53,59,26,36,33,102,38
7088,27,50,35,54,64,48,56,37,32,47,42,51,65,33,40,44,52,69,53
7089,69,37,49,71,65,105,36,59,40,51,58,60,44,53,72,74,41,32
7090,60,71,36,66,27,29,52,50,54,51,69,59,31,48,35,33,61,30,58,56,49,39,89,45
7091,31,65,105,42,38,36,59,84,45,33,58,66,61,60,52,27,56,53,70,29,93,9,28
7092,4,95,52,70,65,32,43,35,29,66,40,113,51,31,59,60,72,63,45
7093,71,56,72,36,84,57,30,66,59,47,53,31,73,11,105,35,27,12
7094,30,31,84,43,54,47,40,45,71,52,24,36,48,34,21,35,67,72,105
7095,32,42,72,84,49,52,40,50,37,35,17,60,30,69,105,38,48,66,59,31,27
7096,48,61,53,29,58,50,67,64,32,39,33,56,71,59,35,47,105,38,54,106,27
7097,31,40,35,69,29,53,30,60,81,51,58,59,37,56,36,107,2,67
7098,45,49,50,30,32,53,36,61,27,37,39,56,47,44,42,12,60,54,95,65
7099,53,56,59,49,32,33,50,30,37,44,31,68,41,65,72,52,113,17,36,54
7100,51,54,29,105,39,69,50,60,44,40,38,32,52,71,48,57,58,59,45,47,65,53,84
7101,45,49,58,44,64,71,29,47,59,54,37,56,52,67,31,55,65,40,42
7102,36,39,50,37,32,61,102,30,65,64,47,66,56,106,44
7103,53,36,47,33,29,27,49,45,51,108,30,69,55,67,70,72,48
7104,84,45,49,105,31,71,35,58,40,38,42,30,48,44,56,53,27,21,52,64,60,41,33
7105,29,71,44,30,56,38,53,37,67,10,32,72,66,45,60,70,105,39,65
7106,63,29,44,72,39,47,53,105,70,54,61,67,89,27,19,48,59
7107,64,61,42,54,72,35,27,71,52,30,37,49,51,60,32,38,4
7108,44,61,71,31,66,54,40,35,39,45,42,69,53,105,29,50,49,67,43,84
7109,59,38,37,48,64,27,32,50,36,58,40,30,54,56,49,66,42,31,69,93,44,61
7110,40,66,54,64,39,47,50,67,69,43,36,27,51,82,31,4,24,56
7111,30,69,67,33,32,44,58,56,49,72,42,51,54,40,31,36,115,35
7112,53,54,67,49,71,44,45,36,105,50,27,47,60,32,69,61,72,42,89,30,56
7113,84,67,37,45,64,36,51,60,58,61,35,52,66,48,42,31,71,33,54,56,40,106,72,39
7114,50,42,32,48,30,84,49,35,69,71,33,45,64,40,65,53,25,38
7115,30,31,64,29,35,53,40,52,71,49,54,94,65,43,60,69,36,58,95,32
7116,33,59,37,29,40,36,58,35,32,60,49,30,53,67,42,39,66,48,72,31,56
7117,45,30,69,47,49,63,43,51,48,64,37,31,56,42,57,39,76,70,50,82,67
7118,51,60,31,41,44,72,28,65,58,52,50,54,96,69,105,43,56,66,110,37,17,84,25,61,18,85
7119,44,35,60,38,58,32,45,88,37,27,71,49,105,114,31,42
7120,29,48,72,67,54,42,71,45,37,51,31,27,58,25,44,36,65,102,32,69,20,50
7121,61,72,37,69,39,31,63,42,47,67,35,29,1,113,38,58,54,51,44
7122,31,38,60,67,36,30,44,45,56,50,29,65,64,58,79,32,43,69,49
7123,66,49,32,42,60,53,39,27,105,36,52,108,4,58,84,54,29,51,59,72,56,44,95,28
7124,68,59,50,72,71,67,40,48,57,52,39,61,30,44,37,81,51,27,101,69,35,29
7125,33,35,44,54,52,50,53,60,105,84,37,71,49,59,48,89,39,40,29,11,32,58
7126,95,66,38,69,32,56,84,50,48,59,52,36,7,105,71,47,72,49,68,103,42
7127,69,65,39,29,44,27,45,49,67,47,37,38,54,105,33,30,66,42,36,63,50,64
7128,37,51,49,27,53,48,32,59,33,65,38,36,31,43,58
7129,67,51,61,29,69,36,48,45,72,27,50,4,65,49,42
7130,58,31,43,45,56,39,35,51,49,63,72,61,38,42,53,67,1,30,48,105
7131,54,66,30,69,70,84,63,58,31,38,49,27,33,47,64,32,65,37,60
7132,32,71,27,40,37,60,51,29,30,59,39,45,69,42,58,66,61
7133,30,52,67,45,71,38,44,42,37,54,35,56,105,36,47,60,6,92,57,50,5,51,64,59
7134,69,31,72,37,44,58,51,50,64,67,57,82,28,61,29,103,40,42,95,33,39
7135,71,45,54,47,49,69,58,27,48,42,32,35,63,38,40,65
7136,51,66,71,29,27,105,47,30,52,99,56,49,45,54,40,65,31,18,90,50,48
7137,32,45,67,54,69,56,39,40,60,49,65,36,71,44,58,15,52,42,51,47,22,4,86
7138,61,56,51,33,50,52,39,60,71,44,47,59,29,30,40,95,54,36
7139,105,44,54,84,69,60,66,71,50,38,32,33,37,102,49,59
7140,64,42,30,38,51,71,36,66,48,65,58,23,27,67,49,39,59,35,52
7141,58,60,71,47,44,69,72,51,105,64,48,39,36,33,66,59,67,42,12,53,10,38,35
7142,67,72,37,44,65,49,33,71,48,61,56,29,105,43,27,46,53,31,51,118,42,66,62,93
7143,42,64,105,56,53,50,72,36,58,59,31,45,66,29,49,44,33,20,71,52,47
7144,40,51,36,72,50,39,53,49,69,31,48,35,37,47,65,82,29,22,27
7145,64,32,47,49,84,72,27,38,61,60,33,30,6,67,44,35,69,73,50
7146,72,47,40,61,66,30,63,39,32,35,42,43,65,49,38,50,60,51
7147,48,60,65,56,38,50,105,67,53,29,32,70,58,37,95,47,96,69,72
7148,37,84,51,36,29,38,64,71,67,45,54,58,30,69,43,1,44,35,40
7149,95,33,51,48,36,38,50,31,84,52,59,30,65,22,47,4,119,27,72,25,53,41,71,57
7150,49,60,61,31,70,64,105,56,58,72,40,39,37,42,23,69,97,27,28,81,47,36,35,29
7151,60,54,32,72,95,53,38,27,40,45,64,36,63,48,66,49,52,35,56,24,47,42
7152,31,32,65,60,66,40,59,33,67,48,27,29,54,38,4,47,61,69,52,44,51,64
7153,51,64,72,33,61,56,54,24,37,38,50,49,65,66,42,9,35,119,32,69,63
7154,64,50,38,42,44,95,27,56,47,69,70,72,49,65,31,105,66,41,71,58,59,52,84,39,36
7155,47,59,37,65,48,71,29,42,105,51,44,53,36,33,40,38,50,4,31
7156,67,45,29,51,69,53,37,32,38,54,56,60,58,44,48,36,27
7157,50,33,35,44,71,67,95,38,29,60,32,49,42,48,53,51,93,40
7158,37,67,56,50,69,63,30,51,32,64,49,45,39,72,35,61
7159,42,38,51,65,66,39,67,31,105,40,36,29,30,104,48,61
7160,43,42,52,24,63,65,29,67,50,33,37,40,103,105,59,27,53,48,49,51,61
7161,64,30,4,59,105,39,45,40,31,84,36,57,95,70,38,61,58,56,65,88,35,47,50,32
7162,39,51,33,54,38,52,43,65,37,69,17,68,44,49,40,59,104,32,36
7163,72,39,36,56,60,48,58,31,32,50,33,38,37,61,29,41,45,44,67,52
7164,64,53,54,67,40,44,42,43,60,52,47,102,59,69,51,8,84,29,39,27,4
7165,95,30,66,47,31,84,45,37,42,69,36,60,72,43,119,64,40,51
7166,66,59,42,105,72,68,88,54,63,32,45,69,57,62,58,37,31,33
7167,40,54,52,57,51,63,60,70,30,49,37,69,47,31,38,5,109,72,95
7168,33,59,60,48,67,37,69,31,58,42,71,53,49,54,40,61,65,35,45
7169,72,63,33,30,47,39,58,105,45,44,54,48,52,66,50,29,40,69,56,65,42,12,91,67,35,60,103
7170,67,47,36,58,42,72,68,32,43,30,27,35,45,31,53,54,60,56,33,29,23,49,14,69,87,55,38
7171,63,52,47,44,35,54,61,59,39,38,33,84,4,45,48,56,42,12,50,64
7172,49,27,53,67,58,36,54,44,48,56,60,72,42,61,47,51
7173,31,65,36,57,59,40,56,60,42,51,44,39,29,69,27,37,53
7174,33,42,31,29,54,39,72,40,48,105,51,63,43,119,116,27,36,68,67,66
7175,72,59,42,36,53,35,67,102,47,58,65,60,103,38,29,105
7176,53,63,67,33,40,65,56,52,29,44,60,69,30,71,45,72,107,66,13,58,41,28
7177,36,32,29,40,72,37,50,31,64,39,51,66,41,38,49,56,67,71
7178,29,50,68,49,47,35,52,32,42,65,44,67,59,116,39,58,37,38,31,61
7179,43,64,27,31,35,59,38,66,60,44,63,71,51,49,95,30,11
7180,58,44,61,54,45,30,63,52,105,40,50,29,64,42,69,31,33,7,93,37,27,4
7181,71,47,51,61,32,38,44,37,42,56,40,36,105,50,58,92,18,102,23,21,65,60
7182,40,66,44,30,48,52,36,58,71,51,84,33,65,53,72,60,32,45,54,61,56,28,42
7183,33,44,84,38,65,32,50,51,59,42,52,48,57,58,36,56,72,53
7184,40,45,27,31,71,39,35,37,95,48,38,47,53,36
7185,67,32,48,53,36,35,69,42,40,49,50,30,38,58,63
7186,64,35,36,32,38,56,53,61,42,60,33,30,57,52,24,39,45,50,87,44,90,105
7187,39,53,31,66,50,45,65,59,51,54,47,27,64,29,69,36,60,28,38,61,105,71,49,56,114,15,58
7188,84,45,31,61,60,36,29,39,57,72,33,50,51,37,105,53,67,58,42
7189,54,30,65,49,51,69,59,95,84,33,53,37,39,21,48,70,63,58,56
7190,51,58,71,39,61,32,47,64,41,10,49,56,35
7191,30,54,38,69,56,44,60,52,65,36,71,31,66,67,105,27,84,29,47,48,39
7192,49,72,33,47,30,31,84,56,69,37,35,105,102,65,32,52,55,67,45,40,53
7193,47,45,58,66,37,49,52,71,67,51,50,105,22,44,83,14,48,39,53
7194,52,30,66,42,37,71,95,40,36,44,54,70,56,33,108,53,59,65,31,105,84,35
7195,64,67,35,47,56,66,60,50,45,53,18,38,5,65,29,61,84,71,58,105
7196,63,84,35,58,57,53,105,68,27,56,72,38,33,52,37,42,47,29,40,54,49
7197,49,71,44,58,53,72,51,52,105,64,30,47,42,74,69,31,33,59,57,115,60,27
7198,95,38,69,58,72,32,64,48,47,37,33,27,63,105,29,53,60,39,43,59,40,54,61
7199,32,42,31,105,65,54,37,33,57,51,72,53,44,40,38,107,43,35
7200,65,47,35,27,45,53,56,67,58,44,37,38,33,32,39,29,41,54,69,42,84,50,64,36
7201,72,33,37,48,30,64,42,45,61,39,66,53,67,76,40,54,58
7202,70,35,48,45,29,66,105,60,27,64,69,42,32,65,89,61,33
7203,38,44,95,60,35,69,47,54,31,29,4,67,105,74,45,72,63,89,64,37,36,41
7204,52,51,56,38,45,27,84,35,37,69,49,3,77,42,28,44
7205,61,72,38,60,105,29,53,95,48,58,47,36,50,51,71,32,52,4,27,63,28,40,59,24,68
7206,54,44,42,57,67,95,35,38,47,87,53,39,45,60,70,63,61
7207,33,39,58,50,56,36,29,67,95,105,30,38,72,48,71,21,65
7208,56,71,61,44,49,69,30,72,27,33,48,59,62,38,60,28,58
7209,65,71,66,57,67,53,51,69,30,47,105,49,38,45,40,60,80,29,50,32
7210,45,49,35,64,32,66,84,72,56,31,59,37,48,30,60,29,105,36,39,91,65,51,61,71
7211,37,54,48,31,60,38,32,29,33,24,66,97,61,39,71,53,27,65,50,35,28,56,42
7212,31,60,35,42,36,54,66,47,30,37,32,95,51,58,65,50,44
7213,58,63,66,36,35,38,42,48,33,44,59,71,49,67,108,37,52
7214,44,64,39,45,47,50,54,105,51,27,56,67,66,30,81,42,41,22,37
7215,51,45,71,72,58,31,35,105,44,60,59,53,37,29
7216,30,31,4,58,32,44,66,38,51,84,50,35,56,17,57,69,40,61,43
7217,4,31,40,30,60,52,47,71,105,39,37,53,84,42,50,44,72,32
7218,56,64,40,67,35,36,66,47,54,61,50,29,51,65,45,70,69,37,72,59,23,71,48
7219,63,105,49,53,51,33,52,54,61,50,59,35,58,72,60,65,37,48,64,69,67,39,27,34,56,47,45
7220,56,60,67,49,71,45,65,29,53,27,70,61,58,35,47,52,48,44,84
7221,84,53,61,66,36,35,42,37,27,17,30,58,38,47,40,29,45,72
7222,5,37,61,39,42,51,64,45,30,58,31,33,60,67,49,29,74,65,48,2
7223,37,65,52,30,38,67,66,60,33,56,29,53,72,49,35,42,58,39,48,54,31
7224,69,36,59,105,72,29,71,37,66,53,30,38,49,52,65,33,54,48,27,58
7225,105,27,54,30,32,71,47,39,51,95,72,67,49
7226,50,35,59,69,60,32,66,57,47,40,65,5,51,37,33,31,64,27,38,72,104,58
7227,68,33,47,48,52,61,56,31,30,53,105,27,72,41,36,60
7228,49,45,51,95,39,72,29,27,42,44,52,65,36,56,105,66,61,58,69
7229,58,67,61,53,44,105,35,47,71,70,45,33,39,49,54,36,38,59,50,42,48,60,31
7230,39,40,4,49,29,38,52,37,114,59,32,55,71,50,45
7231,37,35,66,67,50,27,40,58,105,56,49,72,39,64,24,48,53,71,45,22,42
7232,95,44,42,56,58,84,38,67,48,47,39,36,60,50,71,29,75,33,4,112,57,49,66,27
7233,47,27,64,45,39,58,60,37,48,56,61,24,44
7234,105,49,42,31,40,30,56,61,58,53,72,104,63,27,59,37,65,50,48,47,62,111,71,36
7235,42,27,37,95,72,69,63,67,64,31,59,29,43,44,50,36,32,4
7236,59,31,61,105,84,58,69,37,53,72,54,51,66,56,39,30,28,45,67,68,33
7237,52,67,31,105,37,71,27,72,29,51,48,53,38,44,108,77,69
7238,42,49,52,67,64,69,58,65,47,54,72,33,30,45,51,59,38,56,110,53,37
7239,38,4,71,35,32,45,43,54,51,52,44,67,66,64,61,42,47,36,21,48,37
7240,67,42,63,105,65,32,95,45,51,27,60,37,69,48,53,33,29,47,71,54,115,58,38
7241,31,36,68,50,65,71,30,53,91,105,1,33,60,27,61,89,72,39,48
7242,50,51,38,45,31,67,53,27,30,56,59,71,44,33,49,105,57,32,29,66,35,28
7243,47,64,40,45,35,39,105,29,84,72,33,49,60,55,36,2,27,38,31,66,53
7244,28,60,47,42,56,40,105,58,31,69,57,53,61,65,54,38,51,29,36,49
7245,105,31,44,29,95,45,35,38,67,48,36,47,66,17,54,51,72,60,70,42
7246,47,69,52,61,38,27,31,24,35,84,105,57,42,33,56,39,53,66,58,37,45,44
7247,64,27,54,72,44,53,38,39,37,35,47,60,84,61,69,42,49,58,56,66,89,30
7248,61,70,50,30,59,67,84,37,44,58,43,48,52,57,105,71,66,47,35,27
7249,30,64,58,35,71,51,45,52,44,53,31,69,27,4,49,40,54,28,57,97,59,74
7250,56,61,58,37,67,66,32,27,48,44,39,29,35,30,52,60,45,28,22,51,17,20
7251,72,49,54,70,30,66,61,84,65,29,35,56,59,39,42,24,45
7252,4,69,53,45,50,48,39,52,38,32,105,42,67,49,56,66,33,65,55,58,51,9,29,37
7253,32,64,40,30,61,48,60,37,49,71,67,65,35,51
7254,35,42,47,67,71,51,39,10,56,38,94,37,58,105,27
7255,39,40,36,71,65,31,54,48,64,72,42,60,66,30,59,50,44,70,29,69
7256,38,31,70,43,40,35,60,57,51,65,36,69,56,48,11,50,58,104,30,4,45,92
7257,60,58,56,65,39,30,64,37,54,72,31,105,66,59,29,44,45,77,51,81,35,40,33
7258,67,52,63,38,71,59,50,49,30,69,43,84,66,60,58,35,46,27,68,41,37,65,53,32
7259,60,29,65,69,5,59,49,71,42,47,27,58,44,31,85,105,22,84,39,48
7260,63,66,53,42,69,30,60,72,35,58,119,48,36,37,62,57,109,21,105
7261,37,60,30,44,65,61,59,58,36,40,64,35,48,38,42,32,54,105,49,84,71,66
7262,67,58,32,68,72,61,59,35,33,29,56,27,50,108,54,44,66,105,43
7263,84,64,30,38,39,44,47,67,32,71,33,72,59,69,54,21,45,57,52,61,58,66,65,40,37
7264,58,5,39,42,47,72,50,49,33,54,105,48,30,36,51,27,65,60,45,37,35,59
7265,32,58,49,27,66,56,42,29,40,37,52,47,65,36,33,45,80
7266,5,44,40,70,51,69,47,42,35,49,65,71,57,30,105,29
7267,33,72,76,54,70,32,66,105,64,57,51,40,50,4,30,39,45,78
7268,32,44,51,38,54,40,105,58,56,37,45,33,61,48
7269,29,49,36,42,30,56,38,45,114,65,39,60,35,72,37,27,54,31,50
7270,58,64,66,39,27,72,44,52,30,93,105,63,59,61,60,36
7271,54,69,27,63,47,60,59,35,52,51,56,105,43,38,36,58,39,23,40,32,66,48,91,29,104,44
7272,60,53,59,39,49,52,48,47,69,38,56,37,45,30,26,50,51,54,4,42,36
7273,68,60,58,105,54,56,48,44,51,32,50,31,53,45,61,52,36,29,1,40,67,119,38
7274,54,105,59,38,58,44,95,50,57,42,45,30,91,51,48,65,72,35,37,4
7275,72,45,4,32,66,40,58,53,29,60,71,87,44,33,47
7276,30,51,38,47,42,58,56,32,36,69,35,50,72,53,44,66,65,60
7277,71,67,38,35,65,27,58,57,66,50,49,54,52,60,68,36,43
7278,27,50,42,49,64,60,67,38,66,47,54,29,48,39,71,45,69,57
7279,42,45,39,36,61,33,27,54,51,29,66,58,18,72,32,70,30,56
7280,91,38,31,30,60,48,29,35,67,37,47,71,65,69,53,72,51,63,3,74,4
7281,64,72,42,52,51,61,27,48,37,105,53,31,60,71,40,58,32,57,81,66,70,35,89,59
7282,53,69,66,84,42,27,72,65,37,71,73,50,58,105,40,36
7283,36,65,54,44,48,35,42,49,59,53,45,31,39,29,52,67,50,43,27,25,51
7284,56,4,45,51,39,44,40,36,64,116,30,72,37,35,60,85,47
7285,69,45,35,49,54,27,105,71,47,66,53,48,64,95,37,88,3,63,51,56,57
7286,27,39,71,45,47,38,67,65,59,58,60,24,36,105,64,50,51
7287,72,38,31,45,71,59,67,37,30,53,54,56,84,48,1,66,7,105,87,28,58
7288,45,49,30,59,56,72,61,47,53,63,48,31,7,32,2,40,68,43,36,33
7289,95,40,53,47,44,29,66,58,69,45,31,35,49,36,71,86,60,63,14,42
7290,60,36,69,42,31,47,53,27,49,39,65,29,58,33,66,26,61
7291,32,53,47,69,44,58,45,40,59,49,65,35,10,30,72,56,29,27,63
7292,60,69,65,36,40,47,71,105,33,56,27,44,53,39,35,48,29,9,54,50,49,51
7293,38,31,53,69,66,41,27,67,65,44,72,36,70,48,105,33,71
7294,60,67,65,40,33,45,29,56,31,42,37,35,61,58,104,27,59,32
7295,56,53,69,72,35,52,57,42,19,38,33,49,26,36,29
7296,44,59,37,69,45,27,36,105,38,35,56,30,47,89,50,49,72,31,116,32,77,67
7297,57,37,27,32,33,47,50,54,72,30,66,45,53,59,44,74
7298,39,40,105,42,30,65,31,45,58,103,48,66
7299,32,38,36,50,56,66,58,30,53,49,54,69,31,46,47,24,51,27,37,72
7300,45,105,60,72,37,27,44,47,67,50,38,71,68,51,40,32,95,29,64
7301,71,60,29,51,35,33,38,40,30,45,48,2,31,36,27,53
7302,32,27,54,38,66,39,58,48,91,47,64,65,31,30,44,69
7303,37,39,51,52,49,32,31,44,50,33,45,71,40,69,48
7304,67,69,64,53,36,50,30,42,49,54,29,71,65,33,81,72,90,39,63
7305,32,65,66,35,61,72,37,60,40,105,69,56,45,118,71
7306,65,43,52,54,42,60,69,58,33,48,51,105,50,66,30,40,59,68,84,44,61,99,36
7307,45,71,58,53,50,84,40,44,35,66,70,24,105,113,52,30,41,67,73,39,43
7308,71,59,69,52,38,61,40,45,37,65,29,72,58,47,31,60,32,96,66,64,56,36,54
7309,35,63,31,66,39,58,51,50,61,33,30,54,45,29,79,37,105,65
7310,39,35,65,49,33,66,63,58,29,37,51,32,53,67,72,47,61,71,27,105,44,56
7311,48,60,67,59,42,30,65,54,38,53,119,56,66,39,72,27,35,31
7312,27,67,53,49,29,45,59,105,61,69,47,50,64,39,31,60,110,48,34
7313,69,40,42,60,105,57,44,36,15,71,32,31,29,50,47,30,67,65,37,51
7314,50,45,72,61,54,42,56,64,53,51,49,38,69,83,31,67,59
7315,38,72,53,45,49,40,37,51,36,61,65,60,67,39,4,27,105,68,47,63,58,48,30,6
7316,72,48,37,38,49,61,47,31,105,45,54,44,60,5,9,50,65,68,36,52,33,39
7317,72,60,32,29,42,105,95,44,67,63,59,4,53,30,69,1,31,27,65,37
7318,29,56,69,49,36,51,60,30,70,66,65,48,33,114,76,37
7319,35,54,59,47,66,58,40,4,52,44,67,30,57,48,51,84,37,105,2,72,32,65,61,27
7320,38,67,50,64,58,33,51,66,42,105,45,65,36,37,31,52,72,60,30
7321,69,60,40,30,50,51,33,65,37,38,56,44,90,74,32,54,67,66,61,35,52,47,43
7322,95,52,66,35,65,54,70,58,64,39,30,37,27,36,59,40,57,29
7323,44,65,50,45,31,38,58,69,29,49,66,30,52,54,71,105
7324,37,58,56,30,72,33,66,67,27,49,105,60,31,61,39,53,65,69,70,71,51
7325,37,72,33,54,32,52,38,50,30,44,36,105,29,67,51,95,40,63,27,84
7326,50,31,33,29,52,51,61,71,37,49,66,65,36,42,53,44,48
7327,27,33,51,29,71,56,39,65,37,69,53,54,60,40,32,42,30,35,8,36,114
7328,49,37,71,39,45,27,30,72,31,36,15,29,64,101,44,58,50
7329,35,69,52,95,56,38,50,53,67,60,47,39,54,51,71,33,2,23,20,45,57
7330,37,31,30,67,61,47,44,49,48,43,38,51,105,65,114,29
7331,47,32,65,69,50,52,29,40,60,30,44,45,84,64,61,27,42,33,37,53,39,49,51,46,36,31,38,35
7332,59,53,72,69,66,40,29,27,67,37,61,44,38,31,57,39,51,49,30
7333,60,58,59,52,51,36,45,53,65,37,4,105,2,30,63,29,39,57,44,71
7334,45,50,95,61,32,31,70,44,60,38,71,52,29,49,33,105,64,56,72,28,54,67
7335,31,30,33,44,38,36,50,29,39,54,47,57,66,56,48,51,21,67,87,17,60
7336,37,72,39,71,51,61,68,63,54,44,69,38,48,30,32,67,60,59,47
7337,35,65,53,48,45,42,59,44,27,33,51,67,105,32,31,17
7338,48,49,47,40,61,54,59,64,29,42,43,27,72,60,45,3,35,58,84,69,52
7339,49,44,47,105,58,37,95,43,45,64,38,27,66,31,36,12,39,56,69,71,117,29
7340,59,69,84,66,53,37,30,105,33,44,60,27,65,35,64,114,10,61,77,38,45,47
7341,38,30,4,71,47,69,42,66,61,36,29,56,72,95,58,31,7,44,59
7342,36,39,69,50,52,60,27,72,56,35,51,70,30,61,40,44,29,64
7343,52,58,39,50,65,45,66,35,69,53,30,47,44,38,36,67,29
7344,57,64,60,66,50,56,67,33,70,37,4,48,53,30,69,71,65,38,29,114
7345,53,29,105,69,36,60,51,49,67,61,43,38,47,11,39,65,37
7346,50,84,53,49,58,4,31,65,45,59,93,60,57,39,29,28,36,40,67
7347,67,39,27,64,32,33,69,38,71,60,29,56,50,65,66,47,105,52,31,53,73,113,51,42,37
7348,42,45,30,52,39,65,59,105,60,31,49,32,58,67,47,33,48,27,56,5,72,90,50
7349,70,65,39,38,27,32,72,42,51,36,29,33,54,88,45,30,49,7,37
7350,56,54,35,47,48,65,59,38,58,51,66,42,67,30,37,31,71,116,32,27,28
7351,38,54,67,27,47,37,64,50,69,58,66,105,71,51,53
7352,32,52,67,42,27,59,56,31,47,30,48,78,51,58,105,49,35,69,29,34,39
7353,56,60,65,70,39,36,69,64,54,72,27,59,35,47,40,53,42,88,24,71,33
7354,53,56,72,65,45,105,59,4,27,48,51,37,49,14,71,58
7355,60,37,32,64,44,38,43,65,27,103,48,47,36,66,39,50,35,71,72,42,105
7356,105,69,56,47,61,27,36,44,30,60,49,37,29,39,84,66,31
7357,54,59,105,45,30,31,72,35,42,33,65,64,32,29,53,66,61,2,71,27,56,6,44
7358,50,69,56,31,64,54,51,44,36,72,47,48,61,53,71,73,105,43,9,52,32,57,27,45,40
7359,66,47,30,68,31,57,38,53,52,48,33,65,63,51,26,69,54,56,80,40,105,89,71,4,39,35,20,8,58
7360,4,47,36,70,65,33,48,67,37,105,53,72,30,63,23,117,56,54,42,60
7361,32,48,51,69,105,60,44,64,33,53,58,65,45,42,71,59
7362,32,27,31,47,44,49,37,48,105,51,84,69,45,70,104,30,71,22,58,38,67
7363,58,71,60,45,67,64,63,36,50,38,49,31,105,40,53,47,48,65,27,119,37,66
7364,43,29,27,45,52,72,105,33,69,59,36,53,42,37,50,66,39,35,71,60
7365,47,58,69,72,32,57,52,70,63,71,54,44,33,115,65,48,112,60,103,40
7366,45,36,32,40,67,44,29,53,33,27,59,48,58,89,65,56
7367,35,38,29,45,59,49,54,69,67,32,66,40,39,30,27,60,44,42,37
7368,56,4,60,48,44,72,37,24,105,29,35,64,27,36,61,67,33,54,68,57,39
7369,65,56,27,51,42,45,72,4,50,67,48,40,44,91,10,66,33,105,70,38,30
7370,49,64,42,33,65,39,60,37,53,35,36,66,47,51,85,18,59,20,57,61,107,38
7371,48,36,27,66,84,64,44,42,39,40,56,32,65,47,53,50,51,83,72,75,63
7372,50,95,56,37,61,105,60,49,58,69,54,39,40,45,71,52
7373,60,71,38,42,72,36,4,105,58,30,29,54,59,75,51,45,64,27
7374,50,57,71,47,69,39,29,72,42,33,45,66,37,44,58,30,56,54,51,60,38
7375,66,39,52,69,29,30,48,105,71,72,49,53,37,56,95,44,63,65
7376,56,54,58,31,32,45,72,67,60,50,30,29,33,44,95,42,84,51,59
7377,52,45,69,60,47,72,35,27,56,37,30,49,66,4,40,32,83,31,71,64,105,114,67,74,29,48
7378,71,30,48,31,44,42,49,51,105,59,54,58,45,60,66,119,75,61,41,29,4
7379,69,65,60,27,72,47,36,59,71,48,32,66,105,40,54,4,75,57,67,35
7380,53,71,31,52,27,63,105,30,29,67,61,51,59,97,44,49,98,35,65,84,60
7381,67,44,42,40,33,59,71,39,84,29,51,66,49,56,47,105,54,41,52,27,38,63
7382,64,32,54,69,4,67,36,84,31,66,39,44,51,60,42,29,58,33,47,61,38,53
7383,36,29,35,42,44,53,52,69,38,71,72,49,97,105,40,48,2,93,50
7384,52,59,58,35,48,36,65,67,31,66,29,57,51,72,74,33
7385,51,50,19,61,105,60,27,36,39,47,84,44,67,23,59,17,58
7386,54,29,49,51,30,36,27,53,32,56,64,107,71,39,96,72,50,44
7387,48,66,84,65,53,38,29,64,63,43,70,49,71,68,30,52,39,32,33,61
7388,33,39,42,45,56,38,47,40,71,48,58,37,35,29,36,70,30,61,51,1,49,65,27,72
7389,67,71,44,54,70,84,53,48,42,69,52,39,35,47,60,38,31,27,72,29,37
7390,42,59,36,66,56,49,58,105,32,29,70,50,38,65,39,47,31,45,37,53,60
7391,58,84,69,38,71,56,31,45,51,37,39,29,105,52,61,19,54
7392,4,72,37,51,36,44,84,33,65,45,67,56,105,27,42,31
7393,50,53,39,47,29,33,57,37,60,56,105,52,65,38,64,42,54,44,28
7394,37,58,66,32,44,47,60,105,39,64,45,48,29,3,31,30,59,65,54,67,71
7395,36,52,50,31,53,40,38,95,32,54,47,113,39,35,71,59,63,51,17,44,56,48
7396,30,47,44,40,27,48,58,72,31,70,45,41,51,64,98,35,39,59
7397,58,40,95,43,57,33,30,4,67,42,49,60,64,105,48,63,47,51,61,52,66,65,71,38
7398,35,40,42,53,59,84,50,66,31,65,39,72,44,27,10,29,71,33,37
7399,37,30,84,36,70,39,49,68,54,51,60,69,32,65,38,35,50,119
7400,95,47,63,66,33,41,40,42,50,54,67,84,56,46,65,35,60,4,71,69,37
7401,60,72,61,35,31,32,64,71,54,37,38,49,27,51,58,36,59,63,42,56
7402,37,58,56,52,33,30,69,49,45,54,40,42,72,34,47,19,101,83,44
7403,47,53,56,58,67,38,50,32,31,59,71,37,6,60,65,52,66,54,14,105,42,69,30
7404,54,52,4,60,36,27,95,50,51,40,38,35,37,63,65,67,31,12,53,59,71,58,30,42
7405,4,72,37,42,31,105,40,29,33,39,95,47,48,50,32,35,59,83,38,49,51,61,69,109
7406,48,38,65,72,61,40,37,67,30,39,64,45,54,53,43,36
7407,65,39,44,58,48,35,36,67,33,51,4,27,53,42,49,52,66,45
7408,56,51,47,60,52,71,44,72,30,29,36,61,49,31,27,45,64,40,53
7409,32,47,54,45,33,58,52,56,38,36,39,68,37,40,35,72,64,59,13,51,67
7410,36,35,51,44,67,33,29,37,72,69,27,52,59,48,39,42,53,84,45,32,23
7411,88,38,42,51,27,4,60,45,43,30,67,63,61,32,59,24,52
7412,53,56,71,65,61,40,105,45,30,50,35,33,63,7,95,67,31,27,59,66
7413,38,33,44,30,65,58,42,37,40,59,32,47,60,39,16,67,52,29,13,84,106,105
7414,36,53,31,39,105,51,66,45,30,29,27,84,56,72,69,49,38,43,60,75,48,47
7415,95,105,71,56,47,29,36,60,37,30,39,61,49,53,32,72,48,110,31
7416,56,51,64,58,35,67,54,40,69,43,36,65,105,42,45,4,84,50,72,95,59,37,49,73,53
7417,53,64,56,48,49,30,60,66,27,40,51,45,31,50,58,71,70,105,37,33
7418,65,105,63,95,57,32,29,50,56,72,43,33,53,71,70,48,28,16,82,38,59
7419,35,71,42,32,52,31,40,65,47,36,58,61,49,45,29,27,67,24,69,60
7420,71,64,37,65,50,105,56,72,54,60,36,52,44,63,43,1,27,73,67,61,84
7421,27,40,36,50,35,38,57,33,105,84,47,51,67,58,43,56,31,71
7422,72,37,50,65,30,60,59,39,42,49,56,38,47,53,93,32,61
7423,29,72,38,59,27,61,39,53,44,36,60,6,35,42,32,58
7424,37,42,29,33,71,52,54,39,32,49,30,44,65,12,64,58,41,35,24,48,60,2,36,66
7425,37,35,63,50,105,29,67,40,47,27,49,61,64,31,52,54,32,42,53,36,33
7426,35,66,4,64,31,61,52,49,67,37,39,58,33,105,44,30,71,53,92,5,50,72,27
7427,43,67,47,32,39,38,49,61,30,48,64,37,36,44,50,105,29,84,57,40,51
7428,61,30,64,72,27,70,42,45,67,66,51,35,47,48,49,58,50,59,91
7429,44,61,50,95,63,39,38,69,49,60,36,35,37,67,45,54,13,65,32
7430,44,95,29,56,37,52,40,47,32,53,49,54,61,64,45,35,48,118,58
7431,67,42,65,33,56,52,59,61,40,43,118,3,57,54,93,53,5,39
7432,32,31,44,33,71,54,47,64,51,58,66,35,56,92,30,72,65
7433,64,95,59,47,50,69,61,65,71,52,56,27,30,31,48,38,118,35,53,89,32,44
7434,53,31,30,65,38,66,45,58,105,54,69,59,48,71,50,111,47,27,73,35,40
7435,59,69,33,48,29,60,32,30,50,67,35,31,66,44,38,54,72,49,42,58
7436,56,45,67,105,51,48,47,37,69,29,31,59
7437,72,51,30,54,27,32,48,67,33,66,38,70,29,47,79,44,65,56
7438,37,42,56,66,69,33,40,67,53,71,84,30,64,65,38,72,60,49,48,36,61
7439,84,65,31,66,51,69,95,50,27,53,45,61,71,36,60,105,64
7440,30,29,48,53,71,51,38,65,36,4,27,59,54,44,60,42,32,72,49,95,56,41,31
7441,48,67,66,51,69,58,30,35,27,45,47,54,60,105,64,68,29
7442,71,51,31,36,45,54,105,32,72,61,62,53,65,30,58,75,49
7443,45,84,64,49,35,53,67,39,105,60,33,61,48,42,30,70,99,47,50
7444,35,56,41,50,64,95,65,68,29,105,45,60,32,58,61,54,59,77,1,99,57,43,36,40,31
7445,35,60,69,64,38,67,40,71,31,65,39,58,57,50,51,48,82,26,63,44,37,42
7446,105,58,60,84,54,49,72,32,37,35,69,38,53,61,29,44,24,50,66,65
7447,72,36,53,39,60,61,69,84,54,66,75,33,105,96,47
7448,33,71,105,32,42,45,27,61,39,54,50,29,49,37,47,72,48,59,36,66
7449,44,40,95,53,49,4,105,31,52,72,39,56,59,35,37,70,101,47
7450,40,47,60,59,72,51,66,54,33,61,31,36,67,52,49,32,89,44,12,35,4
7451,29,50,65,35,54,84,43,69,71,61,36,44,31,57,88,37,72,48,60,97,53,27,67,51,66,105
7452,38,65,58,69,61,36,72,33,114,44,35,29,67,37,40,31,59
7453,48,72,71,30,32,60,59,51,56,54,49,44,40,63,57,52,45,18,37
7454,72,105,56,44,39,71,52,30,53,64,60,113,49,54,27,40,50,61,65
7455,105,52,66,39,60,61,71,45,29,59,48,65,32,36,118,70
7456,59,35,69,66,105,29,33,84,65,38,48,40,24,44,32,45,61,47
7457,105,69,29,47,30,71,39,49,42,66,4,53,32,44,93,56,67,7,38,51
7458,4,51,105,39,69,48,56,49,45,37,38,53,54,36,64,63,70,47,55,71
7459,84,53,33,65,38,27,12,39,56,67,49,32,106,42
7460,54,43,72,36,47,60,35,63,48,64,84,45,56,71,53,39,59,58,4,103,30,29,109,99,67,41,65
7461,68,31,53,61,52,32,65,38,35,59,84,60,69,29,41,44,48,4,47,49,109,56,51,54
7462,37,36,48,44,53,32,54,63,42,27,69,64,56,105,51,40,65,23,59
7463,42,58,52,66,61,65,51,32,67,48,56,37,40,30,39,27,38,72
7464,51,104,29,42,58,63,53,66,48,69,30,7,31,47
7465,69,32,47,66,27,86,61,65,67,50,58,20,64,36,57,73,72
7466,36,65,72,45,64,29,53,31,42,105,38,48,84,32,61
7467,39,33,66,41,69,61,65,84,51,37,58,44,97,30,31,53,19,46,102,49,45
7468,56,61,42,51,60,59,105,31,27,35,71,54,50,64,37,39
7469,59,66,50,30,56,51,54,84,58,47,1,67,38,48,37,70,29,42,43,52,64
7470,37,71,29,35,69,66,65,30,40,39,44,56,51,49,73,31,67,42,72,84,59,105
7471,51,30,29,36,39,38,118,49,66,65,59,52,43,37,60,69
7472,37,63,69,58,52,51,27,53,47,48,42,30,72,45,32,39,43,11,60,56,29
7473,36,69,64,56,60,45,66,47,71,37,31,23,58,30,52,49,32
7474,33,38,65,71,50,39,61,36,54,63,42,45,47,29,72,56,68,37,28,32
7475,30,60,33,37,59,105,45,84,52,47,54,51,42,29,58,32,27,31,61,69
7476,45,53,39,72,52,56,35,47,67,42,61,32,30,49,71,66,51,44,31,27,38,105
7477,61,105,44,49,27,50,35,32,48,31,60,58,53,59,65,52,56,33,7,57,47
7478,27,50,51,60,30,54,65,53,71,69,38,39,47,105,16,37,4
7479,33,72,39,42,48,60,50,61,37,56,58,31,47,111,51,65,66,59,32,35,30,38,45
7480,65,50,38,67,69,64,58,48,72,53,51,61,27,29
7481,32,44,29,49,42,52,39,45,61,30,31,38,37,40,53,112,98,58,67,64,105,35
7482,30,71,59,56,39,31,29,72,70,35,38,64,44,60,50,53,58,40,2,51
7483,57,47,27,67,50,69,49,53,36,30,40,72,59,70,48,119,29,71,110,32
7484,44,105,65,69,60,51,32,45,27,53,67,56,71,22
7485,44,27,68,29,72,51,54,49,48,35,53,59,42,36,61,66,67,11,57,39,23,50
7486,27,63,58,33,37,35,59,84,48,49,38,67,57,30,71,69,36,32,31,72,39
7487,60,72,38,47,31,35,64,95,59,33,49,69,63,50,32,53,117
7488,65,51,31,42,66,61,58,36,37,49,39,45,93,30,35,55,53,44
7489,4,48,58,50,64,53,38,45,30,70,59,37,67,52,42,66,44
7490,47,53,44,29,66,36,61,67,39,33,56,50,30,45,105,95,31,48,32,38,65
7491,44,53,71,58,69,64,48,105,72,43,84,27,54,66,67,95,28,68,57
7492,37,71,35,32,42,60,50,65,56,33,36,58,69,118,23,79,38,54
7493,38,95,65,29,70,50,35,69,67,37,30,40,44,61,66,31,46,81,72,42
7494,56,58,36,64,44,39,53,40,32,27,52,76,67,59,31,57,71,45,94
7495,65,54,61,56,44,50,68,64,71,43,39,29,27,69,35,41,67,105,59,32,48,77,49,72,2,53,40
7496,56,37,47,38,65,50,72,60,35,36,66,29,101,48,64,54,42
7497,30,69,52,45,59,39,65,35,40,37,47,60,51,38,56,36,4,105
7498,53,47,29,38,31,33,54,32,42,40,65,52,1,28,66,56,51,105,44,35,64,90,70,45
7499,56,40,61,63,36,67,60,44,35,72,54,45,39,51,37,29,49,27,71,4,70,68,50,66
7500,67,50,59,31,53,72,66,27,105,61,49,40,54,58,69,36,60
7501,5,57,71,44,54,61,43,59,37,50,58,45,51,60,65,39,52,30
7502,47,32,60,67,27,66,44,50,49,53,45,54,40,119,36
7503,69,27,59,33,53,39,29,65,37,50,52,112,44,60,66,61,71,47,10,31,72,40
7504,58,7,28,95,47,50,52,38,51,36,31,69,27,42,43,39,61,44,29
7505,48,69,29,47,53,54,60,44,61,105,58,32,36,67,45,71,59,49,27,117,52
7506,84,67,40,42,49,36,52,57,63,72,29,35,30,39,45,33,58,69,66,48,50,38,43,65,31
7507,50,61,49,54,37,67,36,71,33,58,60,48,45,52,31,35,24,42,44,84,105
7508,54,61,40,72,35,47,64,37,71,105,30,58,57,49,27,50,70,53,60,84,48,38,95,4
7509,66,72,67,53,69,59,31,52,50,95,29,54,33,44,61,71,64,30,27,57,18,47
7510,105,31,64,66,48,40,54,27,30,67,39,95,56,33,24,51,50,65
7511,69,60,56,65,67,53,38,66,48,49,39,61,50,32,45,33,71,58,40,29
7512,37,49,64,31,40,51,53,33,58,39,45,32,108,60,71,66
7513,69,28,63,56,35,45,50,39,29,37,67,32,31,27,7,40,60,44,71,49,54,47
7514,71,57,59,65,35,67,64,27,84,54,45,56,40,95,23,31,28,105,114,49,18
7515,47,39,36,49,64,40,38,42,29,61,30,60,70,69,33,37,27,65,62,59,91,92,52,63
7516,51,53,63,36,30,72,35,58,118,65,42,67,111,71,47,37
7517,44,59,30,65,64,35,42,48,39,71,32,33,69,61,50,118,68,40,31,43
7518,69,95,27,58,39,50,33,60,45,36,72,49,32,48,64,65,51,37,40,67,47,35,52,59,61,71
7519,71,45,52,95,51,53,72,47,30,49,36,65,59,42,33,12,27
7520,54,71,58,39,48,27,69,59,47,105,35,52,31,61,60,45,57,32,40,53,15,43,37
7521,47,39,67,32,51,31,56,27,60,50,33,42,28,108,4,69,82,68
7522,27,52,36,30,45,32,37,117,41,58,48,59,44,49,47
7523,67,56,31,32,37,69,49,50,38,54,52,71,35,105,36,42,48,102,66
7524,71,64,38,66,30,65,39,95,33,49,61,58,45,84,53,40,72,41,29,115,91,56
7525,49,69,32,29,72,35,58,51,47,30,65,71,39,66,42,106,53,37
7526,49,40,50,53,35,51,32,61,60,47,48,52,71,1,38,54,39
7527,52,29,105,49,56,50,71,61,35,32,39,53,38,37,42,5,30,47
7528,4,35,65,58,50,49,63,27,72,37,45,105,52,39,69,79,98,43,32,48
7529,53,56,60,54,38,42,29,64,66,52,71,59,35,36,45,105,40
7530,58,32,67,44,29,53,27,71,65,39,54,66,51,30,64,42,49,31,50,37,72,95,43,45,69,56,60,59
7531,47,43,37,38,69,64,105,40,32,44,31,84,29,53,76,58,36,27,86,35
7532,50,105,38,67,61,66,58,39,42,60,43,52,27,31,57,56,4,49,111,44,11,35,97
7533,64,66,53,36,63,72,38,43,54,58,56,50,95,49,33,45,59,84,30
7534,42,51,67,105,47,30,27,31,71,57,58,54,32,53,60,65,56,36
7535,61,38,45,66,72,37,48,50,51,65,30,59,105,44,33,4,53,49,29,84,47,58,104,81,56
7536,30,37,38,67,35,39,72,63,61,60,47,42,52,49,4,53,103,105,64,7,50,44
7537,58,105,31,44,59,69,47,57,66,51,72,53,63,4,49,21,56,52,48,65
7538,54,35,59,36,65,42,51,45,33,38,52,105,94,47,66,9,37,28
7539,41,66,30,95,52,43,72,42,50,69,4,37,27,54,11,94,58,53,16,32,33,31,36
7540,27,65,30,42,36,60,59,48,71,38,31,69,53,72
7541,30,40,50,105,69,42,37,59,53,45,84,29,60,47,27,44,74,46
7542,32,42,61,69,52,35,50,48,27,65,60,63,37,66,71,59,70,33,31
7543,51,69,48,35,42,65,30,66,52,54,44,33,36,67,106,72,37,112,53
7544,67,48,63,72,45,54,38,31,59,40,61,36,5,33,57,46,49,53,71,52
7545,58,50,72,60,35,33,59,51,49,63,43,42,65,52,69
7546,29,36,42,39,33,31,50,60,48,47,49,59,61
7547,66,65,31,54,40,38,48,64,27,37,49,42,58,45,51
7548,40,38,29,64,27,70,36,51,53,71,31,60,49,66,37,72,30,79,45,33,32
7549,47,27,35,54,30,53,56,29,61,37,118,49,89,42,116,50
7550,33,39,53,65,58,36,29,31,44,60,30,42,66
7551,40,84,59,58,95,33,54,60,42,49,72,56,39,71,108,32,30,57,17,12,48
7552,57,71,51,105,35,60,84,38,61,64,27,111,36,28,97,95
7553,68,45,54,59,39,56,35,72,52,40,60,51,32,76,112,42,30
7554,84,37,60,47,48,40,42,32,105,54,70,51,31,50,63,45,61,39
7555,40,69,44,61,71,45,49,59,42,31,53,27,39,36,60,91,50,5,30
7556,54,64,35,39,58,56,53,45,72,51,27,38,69,63,49,67,23,21,47,66,30,44
7557,67,65,48,47,38,35,54,45,5,32,72,52,51,57,66,105,109,60,50
7558,31,84,105,48,54,39,27,56,60,69,49,30,58,64,36,72
7559,71,38,59,45,49,51,65,105,69,50,53,42,27
7560,69,63,64,40,32,49,51,95,105,45,84,31,35,67,48,61,36,4,1,76,50,58
7561,39,72,44,29,59,105,42,63,30,53,47,54,71,33,37,70,97,35
7562,105,30,63,35,42,50,39,36,65,71,59,60,74,27,66,44,43,17,48
7563,32,31,69,64,30,52,45,51,54,39,37,49,36,33,38,102,101,42,105,48
7564,29,70,35,37,64,65,105,45,71,67,27,40,33,57,118,43,48,56,31,84,4,44
7565,38,105,66,84,35,71,95,59,67,48,36,53,29,69,68,15,31,30,110,33,65,32,28,44
7566,31,65,35,42,39,50,56,29,30,40,44,59,49,32,58,27,69,67,47,48,52,15,51,38
7567,42,27,47,71,56,52,69,65,91,67,30,45,33,70,50,61
7568,27,35,71,58,44,105,48,30,40,72,29,64,65,56,6,49,31,45,47
7569,53,17,28,51,42,59,48,71,56,36,69,27,72,58,46,52,45,54,7,66,50,29,44
7570,44,27,95,63,59,36,45,52,48,49,31,29,35,60,105,38,54,28,57,4
7571,39,54,44,53,64,72,56,37,73,113,50,105,71,66,52,30,49
7572,53,47,39,36,65,58,27,69,35,57,37,54,40,64,42,32,48
7573,69,60,44,53,65,51,39,35,59,71,66,54,50,27,31,61,37,45,36,58,38,48,29
7574,50,69,65,54,105,63,58,53,49,29,32,36,72,45,51,52,84,66,27,38,48
7575,52,65,56,64,42,37,61,54,33,50,44,72,48,60,30,31,35,55,53,36,87,51,38
7576,63,61,72,32,27,39,70,66,45,58,71,33,56,67,51,77,50,36
7577,57,33,49,52,66,61,44,30,95,42,37,105,47,59,31,50,60,77,71,67,56,65
7578,95,35,60,29,33,64,31,61,38,51,52,44,36,65,20,66,63,59,40,17,39
7579,53,27,105,71,47,58,38,65,39,42,29,54,67,4,36,99,72,32,45,41,44
7580,52,32,54,27,69,71,38,31,72,36,65,45,39,47,67,44,35,91,58
7581,69,31,49,58,53,36,30,60,67,65,105,13,61,42
7582,47,72,105,42,38,63,33,30,69,49,39,59,64,51,61,37,54,57,31,56
7583,42,61,105,30,70,65,49,72,95,43,59,60,32,52,56,37,29
7584,48,58,51,45,71,4,66,39,56,60,44,32,31,53,3,33,64,30
7585,53,32,39,60,56,52,44,61,59,48,47,45,67,69,58,71,63,64,29,50,111
7586,64,4,44,32,39,47,38,65,40,36,60,31,50,63,51,67,43,53,20,115,69,42
7587,72,84,54,49,35,53,67,27,32,38,66,71,31,48,76,37,30,62,39
7588,59,67,37,105,45,52,72,31,53,58,30,69,12,38,60
7589,36,56,58,53,49,44,65,48,35,67,59,30,61,50,26,15,45,32,66
7590,54,60,69,31,50,27,30,64,32,71,42,58,40,105,72,43,53,56,36,61,33,29
7591,29,69,44,38,67,48,71,33,56,105,45,65,114,30,58,50,32,42,27,16,37,51
7592,40,56,59,4,30,51,72,67,35,58,66,29,52,49,71,53,27,44,50,112,38,20,47,37
7593,52,71,51,42,48,37,49,33,40,29,60,89,47,93,27,58,53
7594,71,49,53,33,59,37,38,72,48,56,27,47,50,51,31,35,44,30,29,61,54
7595,112,30,67,61,52,53,36,42,49,33,39,38,69,50,37,5,44,93,35
7596,49,58,47,33,53,72,42,60,71,66,69,51,39,29,112,38,9,65
7597,29,50,32,31,36,47,60,35,48,67,52,45,61,70,69,65,63,27,91,66,40,28,58
7598,30,47,27,84,48,50,56,53,37,69,35,45,54,39,44,71,40,36,57
7599,69,53,30,33,44,65,47,31,71,32,50,38,37,66,29,52,42,67,56
7600,65,63,66,61,70,60,38,105,53,42,72,27,31,30,67,52,84
7601,59,42,51,38,67,71,40,58,64,47,48,52,39,32,31,50,45,15,49,69,61
7602,35,48,60,45,47,33,53,30,28,66,87,117,44,67,51,36,38,4,22
7603,61,67,53,31,105,47,36,71,69,37,54,33,72,63,60,64,66,65,58,93
7604,40,59,51,38,69,50,27,53,54,66,32,30,31,65,47,11,29,17,72
7605,36,53,27,59,54,29,45,49,66,48,35,42,63,17,61,58,52,31,39,69
7606,39,65,33,38,42,32,59,29,58,62,30,60,24,72,114,56
7607,44,61,35,31,38,60,42,66,27,69,67,59,56,39,95,37,40,94,36,78,49,33,53
7608,4,69,72,105,30,65,47,48,58,33,31,53,51,75,49,36,44
7609,70,40,49,29,42,38,59,84,39,48,35,31,33,65,69,56
7610,54,56,67,84,50,65,69,59,48,45,4,52,47,51,37,35,58,53,36,27
7611,64,38,72,29,61,70,57,59,69,63,39,105,31,47,30
7612,27,37,32,105,49,45,31,30,48,36,56,29,54,60,89,53,71,33,58,44
7613,44,69,29,71,36,27,105,65,66,33,30,31,67,42
7614,29,48,36,45,44,84,32,69,39,56,30,60,67,37,35,47,42,66,53
7615,51,58,42,49,40,36,52,32,69,12,44,66,37,105,29,30,47,28,61,31,60
7616,48,59,58,51,37,42,24,60,35,53,38,29,105,36,67,61,65,72
7617,63,39,84,59,37,69,44,60,40,48,68,72,65,61,52,58,27,36,42,57,19,33,47
7618,51,32,65,56,44,29,58,49,61,45,33,35,47,30,31,50,71,1,40,69,53,90
7619,70,63,69,56,52,105,27,36,31,59,67,32,66,112,103,48,54,40,34,61,84,28
7620,69,52,56,50,84,31,67,30,48,64,54,51,72,71,61,47,96,60,117,29
7621,66,31,65,51,60,59,52,58,38,47,35,67,72,39,24,32,55,44
7622,53,50,31,38,32,105,72,12,42,69,48,118,117,35,82,30,45
7623,40,65,44,71,36,42,37,45,56,32,72,47,105,69,28,61,50,67,63,38,29,4,31
7624,44,31,56,30,54,57,27,53,51,48,66,35,52,43,36,82,58,104,60
7625,49,65,72,44,37,29,56,30,45,18,51,67,35,47,69,60,31,42
7626,65,32,48,56,72,59,63,45,38,54,33,28,66,53,27,84,29,35,69,52
7627,59,72,56,63,31,71,51,29,95,69,66,43,4,44,40,35,28,61,47,42,20,36,48,58,70
7628,105,42,84,50,45,33,54,59,58,65,39,38,44,35,36,52,28,64,4,70,71,51,56,37
7629,31,47,54,29,32,71,66,63,105,65,35,27,52,59,60,43,49,20,48
7630,51,47,37,44,105,36,56,67,65,31,61,32,93,13,58,98,103,48,71
7631,105,67,35,59,29,31,57,60,44,99,73,53,48,68,56,65,58,74,27
7632,105,49,36,40,52,72,50,44,37,58,61,32,47,57,59,66,30,69,22,82,39,9
7633,35,44,37,53,67,30,45,54,84,70,66,39,52,47,56,36,61,31,89,50
7634,47,50,71,35,40,67,30,38,51,53,42,27,48,32,37,54,64,105,31,39
7635,65,49,32,71,52,66,29,4,84,30,44,38,59,72,37,50
7636,72,53,44,36,60,37,50,49,39,30,51,52,56,32,3,48,67,29,27
7637,58,45,72,64,42,71,36,31,67,56,47,32,49,40,53
7638,17,105,32,42,29,67,54,40,38,36,60,49,84,53,50,59,72,35,69,61,58,39,100,71
7639,27,40,63,50,30,35,60,51,33,52,64,36,44,56,105,118,45,71,53,39,16,72,55,47
7640,52,54,105,64,41,31,58,35,95,67,53,40,69,37,45,44,32,33,36,84,57,72,42,103,39,60,68
7641,72,48,36,40,105,65,53,47,44,43,71,4,56,69,59,30,67,57,115,84,58,66
7642,54,27,56,32,38,50,52,66,44,72,60,61,51,71,119,31,35,49,58,89,93,40
7643,66,59,63,67,40,70,38,33,56,58,36,48,42,30,114,12,47,37,60,45,22,32,29,64
7644,95,69,35,84,59,38,56,60,105,42,67,86,30,87,54,52,29,44,51,113,39
7645,43,35,71,47,42,65,29,60,56,50,49,64,51,72,105,4,38,63,39,33,61
7646,53,71,52,59,58,30,42,49,35,37,56,45,65,67,40,47,64,68,51,48
7647,27,29,67,66,45,32,53,30,40,37,35,47,72,61,84,105,65,57,69,38,4,31,43,39
7648,43,72,105,31,69,61,71,58,35,66,27,53,51,56,42,47,29,50,33,63,77,52,39
7649,56,64,84,66,49,67,69,47,58,52,104,36,65,39,119,50
7650,64,61,32,59,68,47,60,45,58,52,37,42,65,41,66,4,80,30,54,9,63,78,3,69
7651,37,53,50,45,36,27,48,52,49,65,72,35,61,32,57,67,47,59
7652,54,67,56,37,60,51,105,36,32,59,64,57,69,72,13,75,33,39,65,42,11,35,27,84
7653,66,48,71,36,40,45,59,35,72,30,52,57,31,47,39,60
7654,27,58,36,72,33,48,65,69,42,56,59,99,32,71,67,45,51,43,49,52,12,30,35
7655,31,53,56,49,45,32,67,54,65,40,52,50,69,105,4,63,59,20,8
7656,42,60,45,51,65,39,67,61,72,35,29,66,49,32,33,5,31,40,54,105
7657,95,42,29,30,31,39,72,40,71,61,65,58,41,57,50,48,105,60,52,43,12,44
7658,58,42,47,56,49,67,66,53,36,65,38,51,99,45,27,54,40
7659,51,60,105,52,67,71,31,49,48,37,24,66,29,80,39,61,69,26,44,98,65,36,4
7660,31,43,51,72,38,35,27,60,37,45,67,39,50,42,48,53,30,66,105,56,2,36
7661,30,84,56,36,59,47,105,44,53,38,37,57,50,39,70,46,65,31,33
7662,30,84,56,27,71,45,44,35,63,33,65,32,38,116,53
7663,66,4,65,67,51,44,37,49,56,61,40,50,17,31,53,39,58,60,33,45,32
7664,27,105,39,53,42,52,51,58,36,66,33,40,56,35,38,44,57,69,37,95
7665,37,41,29,105,53,67,72,32,49,35,71,47,38,68,57,40,11,54,33,44,59,48
7666,49,105,4,53,72,69,56,66,58,64,24,39,52,48,5,45,51,104,30,59,33
7667,44,50,38,54,27,95,29,35,66,42,40,65,47,45,75,53,39,19,52,24,60,63
7668,65,50,31,71,45,64,29,69,42,44,37,66,30,53,28,51,60
7669,27,61,47,33,51,64,60,24,66,58,105,65,69,59,50,32,30,54,56
7670,31,32,58,44,54,72,38,69,45,51,48,39,29,18,49,59,89,53
7671,59,53,17,27,39,48,45,105,65,69,60,30,35,49,51,47,33
7672,40,49,47,69,37,58,31,72,105,94,61,18,71,70,23,65
7673,71,56,39,50,67,45,47,105,27,33,102,32,38,69,70,54,61,53
7674,61,27,65,66,69,38,32,30,29,72,56,51,59,58,35,39,48,44
7675,50,39,105,40,69,84,52,59,35,60,44,65,48,31,27,72,95,13,43,17,33,66,45,49
7676,84,32,35,39,27,71,56,29,70,59,62,48,50,105,30,31,53,42,52,77,45
7677,66,29,58,36,54,40,70,33,49,72,60,51,56,4,14,16,105,38,64,39,27
7678,30,58,54,31,47,105,60,53,36,42,52,51,59,49,33
7679,67,65,52,40,33,84,48,32,64,56,27,47,51,30,59,105,38,45,66,54,34,50
7680,52,31,37,4,45,105,42,50,56,51,36,64,69,49,27,61,47,48,13,67,71
7681,54,4,43,60,42,39,95,27,52,53,68,41,37,66,65,47,105,17,72,40,63,35,56
7682,27,84,30,37,50,47,39,49,105,67,59,62,31,69,66,38,44,57
7683,49,38,53,31,60,47,44,56,48,27,51,71,67,72,32,29,14,37,39,66,33,105
7684,45,53,44,36,31,30,37,63,47,72,51,64,52,60,69,71,67,58,65,95,29
7685,53,32,38,65,29,84,64,45,42,69,58,30,40,50,36,74,23,48,51,68,37,63
7686,42,30,105,71,53,39,51,44,61,87,31,45,29,81,38,56,24,54
7687,27,105,61,56,59,39,63,50,84,44,33,66,95,51,54,91,49,31,71,65,37,16,67,32,29
7688,42,43,69,27,66,64,37,70,40,36,105,58,53,47,67,33
7689,47,84,69,40,56,53,42,38,52,32,65,60,83,51,45,13,71
7690,40,66,39,47,32,37,31,61,67,33,29,50,27,44,52,57,38
7691,27,105,65,72,49,54,95,47,33,63,36,67,52,48,73,107,42,4,30,35,56,39,68,61,31
7692,72,30,71,37,49,32,66,53,67,54,27,63,64,61,35,105,50,31,29,1,65,36,58,59
7693,42,38,65,64,56,105,50,44,58,59,90,29,45,102,78,31,67
7694,65,48,105,32,40,56,31,45,27,50,29,95,44,66,59,69,67,33,28
7695,32,27,54,36,59,38,42,58,49,40,71,105,30,70,52,4,48,53,50,61
7696,67,47,56,27,42,45,54,32,30,69,37,116,105,72,71,51,53
7697,69,45,60,56,47,31,27,49,36,51,66,42,50,44,61,54
7698,72,64,44,49,52,54,39,42,66,29,60,69,36,59,50,32,37,51,30,115,53,47,107,92,38
7699,64,65,32,53,49,31,48,50,45,105,61,52,73,113,27,98,59
7700,61,44,30,47,105,59,64,95,65,42,54,40,29,70,51,33,71,57,87,31,77,84,48,38
7701,30,42,53,105,67,54,31,36,59,60,27,33,71,35,57,50,56,9,94,32,37,41,38,48,58,80,69,62
7702,30,29,49,66,31,52,27,39,47,59,53,32,37,60,105,44
7703,30,72,49,84,33,102,54,67,64,48,4,31,37,53,51,105,45,58,52,66
7704,63,35,58,61,60,57,105,66,65,30,51,54,59,69,48,27,95,98,106,40,32
7705,71,27,69,67,38,65,54,30,42,32,52,53,61,44,39,66,50,56,51,57
7706,39,31,65,48,36,38,58,105,69,67,29,33,53,27,54
7707,60,59,47,44,30,61,49,67,40,33,66,51,105,43,70,56,29
7708,42,50,56,69,71,47,27,29,105,84,58,52,32,19,74,37,67,53,30
7709,32,65,42,30,69,48,35,58,39,71,38,72,67,68,45,36,25,53,29,54,105
7710,114,12,52,58,105,61,27,44,60,36,81,67,64,72,49,76,69,113,47,29
7711,40,105,84,37,66,53,49,48,64,44,42,69,33,59,83,39,72,31,67,71,52,50
7712,66,33,40,29,105,32,71,69,72,60,38,36,49,67,39,47,50,3,45,6,70,65,59,37
7713,48,71,29,37,61,65,45,72,58,31,49,38,33,36,53,59,42,77
7714,84,45,36,53,29,60,35,57,49,70,105,59,38,32,71,58,56,31
7715,66,56,58,39,67,52,40,44,31,49,45,47,63,35,50,77,42,105,84,65,104
7716,53,61,42,37,65,27,32,57,52,60,71,59,47,40,49,35,72,70,45
7717,65,54,36,66,64,33,67,35,71,38,40,50,69,27,59,32,45,111,48,39
7718,50,27,58,32,31,44,47,71,40,56,70,61,84,72,35,53,119,49
7719,48,71,66,38,67,44,40,64,50,39,47,59,35,60,106,53,56,52,12,36,30,42
7720,60,52,32,29,37,36,39,56,72,54,42,48,38,49,67,47,64,27,68,69,86,71
7721,63,67,31,37,61,69,47,54,64,42,105,32,56,72,49,51,60,58,117,44,18,65,52
7722,39,59,35,84,72,27,29,67,31,36,42,49,40,48,50,58,105,69,51
7723,69,38,31,58,65,63,49,32,60,27,29,59,48,61,36,30,50,51,54,72,44,11,41,39,66
7724,72,32,36,65,47,71,67,57,39,40,105,4,31,60,59,49,51,84,50,58,48
7725,35,95,32,48,42,59,60,71,105,61,50,30,67,69,109,99,79,70,28
7726,32,64,66,67,39,50,84,37,69,61,71,48,72,38,36,53,44,22,35,43,15,49
7727,72,33,71,31,53,64,67,40,54,30,36,60,55,23,65,52,56
7728,45,56,70,33,59,32,51,36,44,37,48,42,35,40,61
7729,48,27,64,105,95,58,35,33,53,38,47,29,44,31,66,51,69,52,72,60,45,30
7730,84,4,105,61,40,71,53,67,42,60,49,54,39,33,58
7731,72,42,60,39,66,50,69,54,58,52,29,61,68,45,65,48,44,114
7732,58,105,66,65,61,44,32,71,69,50,47,27,33,72,56,42,30,63
7733,56,66,37,31,71,65,72,42,48,61,33,53,38,45,47,44,64,69,32,27,14,29,35,58
7734,61,49,31,27,71,37,39,38,50,42,69,15,58,19,24,95,48,54,47
7735,31,72,48,33,39,66,105,36,65,38,67,49,71,84,30,53,40,51,42,59,6,32,35
7736,45,72,63,33,37,47,40,35,29,56,66,58,53,65,105,27,74,31,69,85,48,32,54
7737,56,44,35,48,54,72,30,63,33,40,36,67,50,47,66,57,37,27,58,53,52,29
7738,51,52,48,65,29,36,71,31,38,37,32,44,45,22,41,33,47
7739,4,63,49,66,69,31,52,39,56,35,61,45,32,65,67,60,38,99,7,58,2,30,51
7740,72,39,50,58,84,45,31,67,36,29,44,66,51,53,65
7741,61,53,105,65,29,49,39,44,71,60,56,48,36,78,50,30
7742,71,32,105,51,72,66,39,31,42,37,35,36,60,65,52,62,5,81,4,59,38
7743,36,32,61,58,63,29,67,51,72,71,53,31,54,5,37,40,59,69,46,84,28,66
7744,37,45,60,54,38,36,70,57,51,58,48,69,59,42,61,47,105,56,68,29,67
7745,40,39,47,27,53,71,32,35,50,29,33,67,105
7746,65,105,84,44,64,50,67,35,47,57,52,40,61,27,29,85,94,70,59
7747,38,53,45,39,29,70,37,31,61,32,63,50,54,48,42,44,71,30,105
7748,32,71,49,105,27,38,69,51,42,60,33,29,53,65,39
7749,51,105,40,38,67,45,47,37,69,71,53,39,48,75,59,64,32,66,77
7750,24,40,95,49,59,27,69,47,31,66,42,58,48,33,71,57,72,44,63
7751,29,70,47,39,44,42,58,35,105,52,43,99,72,51,10,3,30,21,50,65,48
7752,84,69,66,27,42,72,61,40,56,13,60,91,103,49,20,65,47,48,45,4
7753,66,105,72,61,53,35,37,40,36,30,31,67,70,33,49,42,59,46,27,45,73
7754,50,30,32,95,48,31,53,72,52,84,66,67,105,60,29,54,9,58
7755,39,35,52,72,42,45,64,66,71,67,56,29,60,106,65,7,57,58
7756,47,64,52,43,66,67,40,65,58,105,35,44,50,31,21,27,53,118
7757,67,59,71,61,50,44,42,56,72,33,49,36,38,45,30,51,37,31
7758,31,40,105,35,37,58,29,65,39,52,59,30,19,47,45,51,48,64,44,42
7759,43,54,53,39,37,49,51,57,67,58,60,105,44,31,72,32,71
7760,64,42,36,56,69,49,48,44,60,37,66,71,45,65
7761,53,63,31,71,47,58,29,42,38,72,60,50,56,45,66,33,96,52,36
7762,27,4,63,38,69,40,33,72,37,65,71,47,36,53,48,74,54,57,31,52,45
7763,30,31,47,54,27,38,39,49,37,53,50,69,32,71,105,43,58,95,57,42,101,36,63,34,60,29,35
7764,105,56,64,30,47,51,31,65,4,39,61,27,83,36,45,50,37,38,80,5,97,57,69,49,59
7765,53,56,47,69,40,35,48,60,54,27,39,32,42,36,30,85,13,59,50
7766,69,29,33,71,30,39,32,51,66,56,65,70,105,67,47,58,40,27,44,77
7767,37,42,51,61,44,35,47,31,72,49,56,59,48,64,43,71,30,60,14
7768,45,31,54,44,49,58,38,53,50,66,39,48,61,69,33,72,36,60,29,12
7769,56,60,72,58,49,105,53,50,44,36,51,65,59,31,99,47,35
7770,45,51,47,44,36,39,59,52,69,65,71,58,53,67,29,60,31
7771,69,47,50,27,67,71,58,42,52,105,44,53,38,36,60,20,76,33,51,22,61
7772,30,53,72,45,54,105,58,47,36,39,35,27,31,42,37,57,46,38,50
7773,29,60,84,33,47,50,36,71,58,53,67,10,78,49,19,105,42,45,106,69,48,37
7774,29,59,64,51,54,65,105,69,37,27,28,58,33,44,49,11
7775,37,42,64,32,39,84,59,27,72,48,63,60,71,50,38,33,58,86,105,67,51,25,44,49
7776,58,38,43,95,49,50,32,27,44,37,31,36,39,40,56,66,103,41,74,30,65,61,71,47,29,63,59
7777,48,47,51,39,38,56,33,44,64,66,52,72,29,113,30,59,78,27,43
7778,95,69,61,56,66,44,71,48,29,84,33,109,51,49,30,16,35,38,50,65
7779,45,48,36,35,60,71,50,30,29,44,39,105,67,38,56,64,33,18,63,40,54
7780,64,71,39,59,33,40,66,105,35,27,49,58,50,31,79,65,54,43,69,111,32,60,37,68,67
7781,69,37,49,58,56,38,27,31,71,44,5,39,30,36,35,59,105,52,9,57,64,32,95,50,61
7782,64,51,48,105,54,49,29,42,44,58,66,39,56,67,27,32,60,30,43,47,12,70,94,71
7783,30,56,44,69,71,36,105,38,95,67,42,4,51,25,27,103
7784,48,52,70,71,29,54,35,65,45,50,33,72,67,60,31,66,37,36,40,42,24,119,88,5,59
7785,47,58,71,38,67,42,51,69,35,72,49,52,70,30,44,66,37
7786,69,60,48,45,59,37,47,49,88,53,35,66,65,44,105,51,67,31
7787,30,71,31,32,69,45,49,27,58,35,60,53,40,52,29,61,43,39,56,64,37,50,19,102,33
7788,59,71,105,29,61,27,67,64,49,47,35,30,65,32,36,57,44,31,60,42,39,45,38
7789,37,47,65,51,4,56,44,67,72,84,27,66,39,76,53,31,42
7790,53,59,63,32,60,42,66,72,35,58,56,65,64,41,33,70,105
7791,39,52,71,61,56,58,65,40,67,38,32,60,45,31,4,66
7792,27,70,58,45,38,39,29,35,54,51,36,63,66,72,69,55,105
7793,64,49,67,72,27,60,38,52,69,58,53,29,45,48,65,44,70,47
7794,37,56,31,39,30,50,45,52,105,71,29,66,59,35,54,65,33,47
7795,30,29,58,49,59,61,53,38,42,67,54,71,47,33,48,65,117,26,93,69
7796,36,50,69,67,105,30,35,37,47,118,32,71,44,97,52,117,13,56,28
7797,59,50,66,48,40,60,52,4,38,36,61,83,12,27,33,45,85
7798,5,95,66,39,64,59,65,36,58,49,42,84,27,37,63,31,12,45,43,30
7799,60,61,69,50,42,65,67,56,48,38,47,28,90,31,32,66
7800,58,52,84,59,49,71,67,38,31,65,105,29,27,47,64,61,50,30,73,35,63
7801,66,56,39,58,64,4,51,60,71,59,54,111,10,50,40,61,35,63,30
7802,50,45,51,60,67,72,29,56,39,59,66,48,52,30,61,31
7803,50,51,47,42,37,105,36,72,38,61,53,65,31,29,39,49,59
7804,37,48,36,49,64,47,72,65,105,45,54,53,61,67,30,60,69,42
7805,56,45,40,51,69,33,39,52,50,44,67,66,72,59,63,32
7806,66,37,52,69,32,71,95,40,59,36,57,4,45,38,39,65,56,79,26,49,60
7807,47,54,39,35,30,65,38,53,66,61,71,29,42,45,110,50,69,49,51,73,56,119
7808,72,53,39,47,48,60,38,52,29,45,56,67,40,54,33,44,69,84,30,42,12,58,37,41,35
7809,59,33,27,51,66,72,44,65,84,67,58,50,45,36,56,47,30
7810,36,47,45,69,64,38,39,48,33,60,66,30,49,37,72,9,35,44
7811,42,66,36,50,105,44,33,31,49,60,32,47,35,59,40,69,38,72,95,29
7812,42,48,69,30,50,35,65,45,49,24,37,71,32,61,54,67
7813,30,67,27,48,60,32,29,56,31,61,49,70,53,59,91,54,35,51
7814,60,33,48,41,51,44,69,49,39,32,61,42,66,59,36,100,70,24,45
7815,84,52,56,42,44,105,72,54,63,30,48,50,71,4,29,57,60,69,35,12,20
7816,45,36,40,31,48,72,66,42,54,44,79,30,60,47,105,67,50,43,57,53,29
7817,50,56,30,29,69,35,67,48,72,42,39,60,44,84,58,47,28,59
7818,44,64,53,67,35,61,49,39,47,38,59,105,8,73,40,29
7819,43,45,51,42,69,64,52,50,47,37,56,53,26,27,49,66,58,46,44,61
7820,32,51,50,44,27,42,105,56,95,117,47,31,45,30,37,67
7821,38,71,64,52,61,30,72,60,31,4,84,47,50,65,54,43,87,63,57,29
7822,63,68,4,30,61,53,58,54,7,48,31,37,32,44,60,69,49,66,97,56,38,33
7823,44,31,53,61,32,84,58,71,69,105,51,33,102,65,36
7824,47,29,50,27,61,32,56,35,37,49,51,28,60,52,48,31,25,69,54,66,65
7825,4,56,39,61,63,43,58,51,57,50,49,35,32,29,31,27,71,40,52,64,37,67,33,44,28,66,65,53,45
7826,43,45,84,38,69,53,67,47,66,50,49,63,61,54,44,51,58,65,31,7,35,56
7827,48,54,42,84,47,44,58,65,69,56,52,53,29,61,107,37,32,51
7828,30,42,37,58,67,59,60,71,53,66,65,56,70,50,39,51,52,38,36
7829,105,63,60,39,95,38,44,4,59,115,52,51,64,48,29,27,45,66,42,25,33,58
7830,31,72,37,30,29,47,49,61,53,86,65,41,104,69
7831,105,42,40,50,45,47,67,29,27,58,31,44,60,61,72,48,30,35,36,54,89,56
7832,84,31,68,67,58,63,50,66,51,95,56,57,4,49,65,27,72,40,69
7833,37,105,49,42,36,67,61,69,53,71,65,47,32,82,51,60
7834,48,53,105,51,61,44,33,31,71,60,78,59,52,29
7835,69,42,60,39,35,54,31,51,36,72,61,105,63,50,28,71,85,67,59,32,27,58,40
7836,48,44,33,47,70,30,45,52,27,35,60,31,56,29,71,51,66,67
7837,66,42,49,38,39,72,53,54,40,44,35,47,27,48,45,61,37
7838,50,32,40,61,49,71,60,65,67,105,36,64,75,30,51,45,54,56,37
7839,49,52,61,4,45,70,29,32,56,33,38,40,65,64,53,50
7840,54,32,50,43,53,31,95,71,47,64,37,52,24,28,44,72,69,29,113,27,67,57
7841,39,67,56,36,48,32,58,51,30,37,57,49,54,29,117,66,105,42,84
7842,39,35,84,42,44,54,52,69,29,31,49,61,37,67,71
7843,45,65,33,29,60,64,71,50,52,59,20,31,48,49,72,41,28,56,85,39,53,36
7844,53,31,59,48,30,44,72,39,35,32,84,64,33,4,71,54,38,37
7845,72,35,44,61,39,31,32,50,69,37,79,73,13,51,56,30
7846,67,69,51,61,38,36,31,37,60,49,39,29,32,2,42,50,33,72,53,57,82,54,105
7847,51,35,58,65,69,64,52,29,44,47,72,71,61,56,31,59,66,84,17,30,49
7848,49,31,44,47,42,58,72,48,69,40,37,36,45,50,91,84,32,57
7849,40,57,105,36,71,47,72,39,59,61,29,35,60,48,30,38,53,97,50,108,51,54
7850,54,48,37,53,50,66,52,47,31,32,33,38,63,67,59,21,65,60,70,51,56
7851,51,64,32,57,35,49,61,47,53,39,44,37,28,40,67,33
7852,67,36,71,58,53,59,69,60,61,29,45,85,38,65,91,70,49,43,6,35,105
7853,36,31,71,33,54,35,84,59,44,67,9
7854,59,60,105,33,47,53,29,40,37,44,75,30,49,31,38,52,48,72,69,88,65
7855,59,31,27,56,42,69,33,105,63,58,47,103,35,54,21,67,30,64,61,45,29,72,36,70
7856,61,71,35,69,47,52,72,53,37,30,27,97,67,51,36,54,59,80,40,42,17,29
7857,41,71,63,52,54,56,68,48,58,33,72,60,38,40,37,30,64,51,114,15
7858,37,63,38,36,53,56,60,33,47,67,61,50,42,39,58,71,81,69,29,45
7859,51,64,54,56,69,59,41,50,48,35,39,84,72,29,30,38,70,42,24,32,105,47
7860,69,71,65,61,45,27,56,57,30,54,42,49,48,50,13,31,37,36,58,43
7861,67,27,59,69,42,66,51,52,36,48,61,65,49,31,64,32,40,53,33,47,35
7862,45,84,58,49,31,68,66,53,67,65,52,71,33,44,51,37,86,32,10,30
7863,48,66,42,53,58,39,69,112,44,35,47,40,45,32,49
7864,48,44,56,50,105,53,60,45,37,35,66,30,29,71,65,42,67,49,61
7865,60,39,44,37,71,30,47,58,52,59,54,64,49,45,33,51,27,9,31,79,40,67,34
7866,44,4,36,54,48,50,105,47,53,40,52,38,70,51,9,33,81,59,92,39,31
7867,51,45,105,30,31,40,35,44,59,64,67,72,56,49,65,47,26,77,50,61
7868,84,60,39,53,64,52,66,65,40,37,29,54,51,79,32,4,44
7869,29,66,45,60,35,59,31,72,105,53,37,57,48,38,50,33,64,40,51,20,42,49,58,47,116,69,44
7870,32,40,29,27,37,44,61,49,50,41,58,105,57,63,67,47,65,33,35,59,3,72
7871,42,36,44,105,61,27,71,45,66,52,30,72,64,40,51,17,101,69,50,5,47,58,38
7872,33,44,52,4,48,39,49,35,38,25,30,32,72,66,105,42,71,59,61,27,50
7873,27,40,105,42,35,65,39,30,33,84,71,51,31,49,56,38,69,45,32,52,95
7874,86,73,98,82,75,78,76,2,119,79,110,24,13,113,94,77,103,7,74,85,91,100,80
7875,118,77,80,96,91,112,74,81,110,82,79,115,119,109,88,108,15,103,70,99
7876,70,73,118,96,99,116,110,107,86,76,94,112,88,65,108
7877,99,119,91,110,103,95,83,109,96,8,118,113,76,94,73,12,86,107
7878,109,83,103,111,112,78,73,77,104,85,88,96,94,80,105,117,42,108,70,118
7879,75,34,70,117,87,108,110,11,25,109,79,111
7880,87,101,102,78,106,75,76,95,119,96,116,103,108,98,92,111,31,99,79
7881,86,117,110,77,116,78,113,96,111,91,80,108,37,4,68,102,55,90,115,101,119,67,106,76,98
7882,88,87,79,81,113,75,118,20,70,63,110,83,34,111,74,108,99,67,78,106
7883,90,77,96,102,110,101,103,76,118,104,74,80,73,115,65,19,58,112,83,88,78
7884,111,99,74,87,108,86,90,110,118,107,80,94,116,96,85,98,11,113,102,64,112,91
7885,79,82,108,91,118,88,81,104,78,116,119,107,99,102,87,96,90,117,93,100,85
7886,77,73,106,78,103,74,76,86,104,113,116,75,98,112,99,79,90,107,100,91,68,94,46,83,33,2,96,23,24,87,93
7887,78,75,110,98,101,108,109,82,106,103,80,87,76,66,79,112,96,1,46,29,94,89,33,113,39,85
7888,98,91,109,80,107,81,108,85,78,88,110,57,104
7889,117,92,80,96,91,107,94,111,88,90,70,102,85,99,115,10,54,95,108,73,103,86,5,52,104,78
7890,70,77,110,86,112,113,2,108,90,81,95,78,99,66,19,75,119,74,83
7891,108,86,92,75,74,24,94,113,53,115,103,2,117,107,17,118,110,91
7892,106,112,87,81,111,115,109,116,94,108,119,99,90,88,96,102,104,78,97,73
7893,118,86,87,112,113,90,92,78,107,110,119,106,80,108,117,73,83,70,101,111
7894,100,88,73,98,70,102,85,116,91,87,96,117,113,107,81,82,108,92,103,15,104,36,112,83,95,93,118,106
7895,94,110,87,70,88,113,99,109,73,8,119,103,115,101
7896,85,109,86,92,116,74,70,75,80,81,90,91,17,115,101,73,103
7897,118,83,106,74,75,90,107,73,79,112,111,102,76,82,45,80,91,101,105,70,77,81
7898,106,87,88,96,115,101,108,86,118,112,76,78,110,113,109,70
7899,110,80,81,86,98,73,104,106,85,116,118,107,78,99,103,111,31,90,91,77
7900,110,70,74,81,73,83,95,117,115,99,114,112,61,106,96,103,91,78,116,111,109,94
7901,78,103,79,82,102,83,86,75,73,91,77,104,2,92,80,109,38,74,116
7902,107,79,75,78,85,108,115,87,119,101,116,102,117,55,76,91,106,90,70,118,21,19,86,24
7903,76,73,109,106,82,88,77,81,90,80,75,85,87,102,113,116,86,118,11,83,94,99,96
7904,110,113,86,90,96,74,107,106,104,24,76,119,111,108,11,83,73,102,101,118,75
7905,87,116,102,83,79,80,88,115,33,108,81,77,92,78,99,117,94,98,70
7906,81,86,78,98,111,113,99,75,104,119,79,85,73,112,117,56,94,80,101,108,116,115,103,110
7907,99,70,115,107,75,111,101,112,77,73,74,76,88,86,102,110,79,117
7908,102,80,115,73,83,112,78,104,106,96,90,119,116,86,118,52,4,75,39,85,11,98,82
7909,88,79,74,116,86,110,80,106,87,73,111,76,40,96,81,115,113,85,118,101
7910,110,108,109,79,75,81,80,95,70,111,116,29,88,94,4,91,96,87,55,92,24,106,38,115
7911,104,81,99,74,101,94,80,118,111,35,85,83,96,75,87,73,103,110,95,24,106,119
7912,110,91,98,74,80,94,70,77,109,4,73,115,106,117,92,87,2,95,103,99,75
7913,74,70,94,101,110,79,90,75,87,115,98,116,108,109,118,77,93,91,114,113,106,76,102
7914,78,90,80,88,101,117,81,113,91,116,106,76,85,74,99,75,77,83,98,31,94,60,108,102,115
7915,104,83,77,117,112,82,86,100,74,110,94,93,91,4,96,10,78,81,118,111,7,108,54,73
7916,78,98,91,102,111,90,79,2,103,75,80,106,83,119,114,105,112
7917,85,103,77,96,116,98,94,86,119,91,111,113,76,74,109,107,100,67,37,101,115,4,83,118
7918,93,77,115,106,96,81,116,98,95,99,101,74,73,111,70,80,102,104,83,78,86,3,119,82,113,103,88
7919,85,111,98,108,79,107,112,76,73,109,106,86,102,66,38,103,113,101,118,70
7920,115,117,106,82,79,110,70,118,111,116,86,96,100,74,112,4,108,81,91,77,113,13,90,88,73,94
7921,101,79,110,96,74,87,99,90,102,107,112,106,77,118,83,24,81,95,86,80,76,21,92,85
7922,106,94,90,88,77,108,70,101,74,87,1,111,118,81,34,85,78,119,92,107
7923,82,108,98,86,88,116,107,119,118,115,70,74,91,83,109,77,113,103,19,80,2,92,90
7924,78,73,91,70,44,66,81,116,113,74,88,117,108,82,106,76,112
7925,116,98,80,115,113,75,74,91,106,92,87,107,103,111,27,94,119,101
7926,87,99,78,94,96,85,90,92,103,117,104,86,107,75,65,79
7927,96,117,73,87,92,111,74,102,86,113,112,85,101,110,104,77,4,93,90,108,81,34,76,98
7928,78,73,111,80,117,42,110,115,90,92,50,103,108,24,70,109
7929,91,78,103,87,86,113,108,88,115,83,76,109,117,99,110,82,73,18,96,114,119
7930,112,75,82,104,83,91,98,76,119,43,85,74,95,79,24,117,54,90,81,107,30,17,63,9,97,115
7931,73,110,98,103,90,104,83,96,116,77,112,85,4,105,107,2,108,88,70,119,91,117,82,101
7932,96,112,79,94,76,107,99,75,86,77,74,115,113,106,117,116,104,73,68,92,91
7933,99,103,73,78,108,90,106,116,75,107,95,74,59,111,94,101
7934,117,96,110,88,98,73,92,74,75,80,118,95,116,103,93,104,28,5,78,90,63,94,101
7935,75,118,80,111,104,73,90,74,110,113,115,5,97,98,47,86,79,52
7936,115,99,82,110,86,74,88,109,106,116,85,70,79,80,87,98,9,45,107,100,101
7937,80,108,106,104,81,92,95,102,98,73,118,88,115,70,117,21,78,64,76,112,103,75,24,111,107
7938,113,81,96,109,101,98,116,117,111,94,119,91,82,6,2,115,90,76,70,19
7939,111,91,112,75,118,98,87,90,113,86
7940,111,91,116,88,96,106,108,98,97,70,99,80,56
7941,83,88,106,116,104,73,119,108,80,101,75,95,97,76,85,6,43,70,4,99,77,107,109,82,91
7942,101,118,76,75,77,115,88,87,73,110,99,79,111,92,78,117,96,86,116,85,24,74,108,98
7943,103,113,73,102,112,118,81,78,108,94,54,88,75,79,9,10,91,116,107,104
7944,115,99,112,75,111,108,2,70,106,104,103,98,81,90,101,116
7945,113,110,78,82,76,79,106,92,4,112,73,111,70,118,88,109,81,38,83,101,40,102,74,116,117,11,119
7946,111,79,115,119,96,112,113,82,106,81,85,90,99,78,75,49,100,101,92,98,54,91,103,46,61
7947,118,115,73,83,78,92,76,88,103,109,79,107,112,96,113,111,104,108,86,80,94
7948,98,110,108,85,94,111,106,101,83,119,81,109,96,70,75,42,4,91
7949,96,111,116,94,77,87,79,82,73,86,36,118,81,74,117,103,9,4,28
7950,112,102,79,109,83,103,99,75,86,77,116,117,96,80,88,90,85,91,101,115,17,98,100,95,76
7951,107,83,116,81,110,74,103,96,24,94,76,70,91,2,97,75,46,31,112,115,104,82,99,87
7952,112,118,78,94,83,115,109,95,87,80,116,108,102,113,92,91,7,90,2,96,85,74,79,107,110,111
7953,107,103,91,78,85,73,70,79,76,75,87,117,113,119,88,81,82,108,17,99,110,102,109
7954,80,119,108,88,116,70,112,104,83,96,73,77,98,113,87,107,75
7955,86,90,96,85,113,109,101,79,98,108,107,116,73,103,74,55,88,70,42,119
7956,90,79,80,101,75,82,91,86,112,115,100,88,77,110,104,99,81,70,78,72,111,98
7957,86,112,113,111,119,110,73,42,87,28,116,101,29,76,81
7958,107,91,70,81,106,104,111,74,101,86,76,118,115,96,102,73,87,47,88,119,112,29,12,103,108
7959,92,83,91,106,99,73,94,115,76,78,85,89,87,112,81,98,116,86,84,113,119
7960,118,81,96,102,82,83,110,79,108,92,74,84,112,95,100,80,91,103,87,98,18
7961,115,85,79,86,94,88,106,96,87,111,78,95,99,28,112,2,91,100,75,107,113
7962,87,99,76,91,119,111,116,112,109,108,83,103,85,73,80,82,101,96,92,78,75,98
7963,112,111,106,110,115,109,98,81,79,74,95,32,69,103,87,99
7964,81,94,116,76,80,106,85,112,77,79,108,101,98,103,74,118,75,82,100,87,113
7965,102,108,115,118,82,92,88,116,98,81,80,111,75,70,100,76,101,91,5,113,106,109,83,15,90
7966,77,81,75,87,92,94,103,98,97,111,83,78,117,86,73,110,100,101,20,116,102,40,106,112
7967,80,115,96,73,88,74,91,77,99,98,21,108,57,119,111,101,78,20
7968,82,109,78,116,88,70,92,91,98,79,74,87,113,86,108,110,104,80,4,96,65,83,52,94,33,112,105
7969,77,75,74,82,100,111,113,86,91,90,116,87,80,79,76,85,2,20,94,118,110,46,117
7970,81,117,78,90,74,87,102,76,93,95,111,98,101,91,108,107,113,114,85,79,99,80,75,94
7971,73,113,99,103,112,95,88,90,108,76,83,104,119,109,106,87,85,86,100,107,34,101
7972,108,118,115,83,75,119,98,86,70,112,103,82,102,109,63,87,80
7973,92,112,98,106,78,107,104,96,87,118,102,77,115,99,95,91,119,83,70,90,113,101,73
7974,107,91,90,83,98,112,113,106,96,87,118,99,88,74,78,81,97,109,115,94
7975,57,87,107,75,81,119,86,103,106,115,76,90,91,88,98,73,95,74,93,116,104
7976,110,112,103,78,85,94,106,70,92,74,116,5,109,108,17,90
7977,115,110,88,108,80,82,116,106,94,86,4,97,75,92,85,119,74,104,100,65,113
7978,113,118,83,91,94,98,75,116,101,96,110,119,79,78,81,108,1,115,99,73,90,92,87,77
7979,87,79,110,106,119,118,88,115,75,96,99,112,104,80,46,116
7980,101,75,108,74,115,80,106,92,112,110,107,104,118,98,116,111,71,103,78,77,99,70
7981,73,111,112,86,74,118,98,83,87,70,75,101,102,106,21,90,99,116
7982,74,100,99,78,118,101,85,112,110,119,111,82,94,107,14,108,83,113,54,116,76
7983,90,111,86,88,106,118,108,73,113,87,107,81,43,5,91,85,70,77,98,23,110,83,80
7984,111,88,98,101,87,78,110,72,25,80,96,116,104
7985,91,109,112,73,85,98,118,74,101,107,75,79,94,119,99,81,7,47,87,102,108,92
7986,116,96,115,83,102,91,79,81,89,112,109,76,97,95,94,117,78,52,98,22,99
7987,118,94,116,74,85,98,87,90,1,73,99,66,9,96,106,101,103,119,113,77,30,117
7988,78,90,99,87,117,107,12,110,119,98,118,55,75,7,108,115
7989,85,77,116,70,87,113,101,92,110,83,99,111,90,104,91,82,112,75,84,76,86,68,102
7990,93,76,104,96,109,111,92,85,117,82,91,68,17,77,94,99,102,54,2,55,16,13,73,107,116
7991,74,99,111,73,86,119,106,107,110,82,102,118,94,108,75,96,91,113,112,87,88,103,104
7992,116,90,76,79,72,83,75,115,87,82,108,101,78,113,98,91,71,94,77,114,86,4,119,104
7993,93,81,100,103,99,101,115,91,109,112,88,82,80,90,106,113,102,119,85,45,96,111,108,116
7994,75,108,119,106,101,98,80,79,107,109,86,73,82,113,85,118,99,87,116
7995,100,104,88,81,85,4,112,110,99,55,2,73,75,83,70,20,113,119,5,97,78,79,42,17,117,26,80,93
7996,85,92,78,112,104,103,117,77,75,82,80,119,101,26,111,45,32,100,91,76,106,98
7997,102,95,77,119,81,24,91,83,86,110,76,85,115,73,20,99,104,113,82,61,117,87,79,88,107,96,23
7998,82,116,80,77,111,96,112,104,88,106,81,79,98,83,95,113,15,74,92,87,57,36,91,70
7999,82,118,80,73,90,85,78,99,61,94,87
8000,115,85,112,111,101,78,74,96,106,70,90,80,116,86,118,28,73,108,119,98
8001,88,116,110,98,85,74,96,109,87,80,118,86,102,113,81,107,97,90,99,73,78,75,103
8002,80,83,109,92,113,87,74,98,99,82,111,86,24,117,70,108,115,104,101,94
8003,111,74,86,15,106,90,108,70,112,104,109,75,99,98,101,71,119
8004,80,106,70,119,88,85,98,90,109,107,118,99,81,110,111,73,101,96,92
8005,117,110,79,111,91,101,102,99,75,115,118,90,77,87,28,92,73,86,113
8006,74,107,92,117,103,85,108,99,119,86,102,70,5,88,76,106,91,112,82,10,75
8007,92,80,113,88,106,96,103,74,78,107,75,100,110,86,98,73,9,81,91,82,112,109,95,19,76,77,55
8008,98,106,83,74,96,103,78,107,112,110,101,111,80,79,75,70,113,116,97,88,109,92,102,119,82,24,93
8009,2,80,97,87,117,95,74,111,79,85,119,118,101,82,42,54,7,90,99,11,88
8010,78,119,73,117,96,109,110,106,70,94,98,90,95,107,57,83,82,76,108,101,92,99
8011,98,70,115,90,103,94,88,102,111,2,76,119,101,30,75,109,108,118,117,105,91,96
8012,86,93,76,101,111,108,98,94,88,82,91,117,116,109,118,90,103,102,73,80,74,78,100
8013,80,104,94,92,113,117,116,75,79,96,109,82,91,78,111,119,87,101,81,59,88
8014,29,83,76,102,70,85,86,118,100,80,81,95,116,104,110,63,99,74,90,107,109,92
8015,114,74,107,90,87,96,76,113,103,104,98,115,110,85,79,106,91,101,15,94,75,119,78,102
8016,80,110,112,119,115,109,83,78,73,113,88,104,117,70
8017,119,87,83,91,79,4,113,78,108,77,117,90,82,115,96,99,106,109,101,94,92,107,6,102,54,98,43
8018,118,96,80,70,115,73,83,94,99,90,111,116,82,79,117,24,4,77,75,68,34,88,107,104
8019,85,79,116,117,73,91,94,99,118,88,109,115,82,28,65,110,96,98,38,107,106,83,41,80
8020,99,113,92,102,117,109,91,86,103,95,111,70,76,119,24,13,112,115,110,22,83,101,80
8021,95,82,101,115,112,106,76,73,80,109,100,98,61,74,75,79,111,24,70,102
8022,117,86,98,88,92,99,76,79,75,77,83,74,70,109,73,116,82,107,111,118,26,90,95
8023,91,112,90,70,104,97,110,79,29,98,63,106,113,43,24,77,117,103,11,83,82
8024,82,29,75,109,97,86,115,96,119,81,93,104,91,2,55,110,80,8,118,117,4,113,100,101,76
8025,78,76,90,111,82,99,88,91,106,85,74,28,75,119,117,102
8026,113,118,106,78,81,104,94,87,96,103,92,73,80,88,41,90,110,79,91,85
8027,94,79,111,115,88,96,107,116,112,70,78,87,80,85,95,73,109,113,108,110,106,24,75,101
8028,91,98,87,82,92,118,81,111,95,106,109,72,119,96,86,104,99,77,2,11,103,85
8029,113,119,92,75,95,74,83,81,111,103,82,76,91,19,87,117,110,99,78,118,104,112,88,116,107,96,86
8030,101,115,110,117,76,87,118,112,90,111,96,85,31,113,103,97,74,63,102,104,106,99
8031,85,99,92,113,116,70,78,106,77,74,109,81,117,98,73,83,75,88,43,115,111,61,91,104
8032,111,108,74,116,96,80,110,79,30,56,83,85,86,87
8033,107,85,80,101,110,104,108,75,106,73,94,119,88,95,118,99,115,25,90,33,92,24,91,83,112,38,109
8034,87,99,76,91,70,106,75,111,79,56,86,90,88,119,116,39,81,102
8035,96,109,117,81,112,98,110,92,101,74,88,86,113
8036,79,111,116,82,109,96,103,118,93,22,80,77,83,106,110,17,6
8037,91,107,101,115,82,103,111,92,116,75,100,109,112,81,113,70,89,19,118,119,86,66,74,98
8038,92,111,86,78,106,90,108,96,75,74,15,98,62,88,112,24,115,119
8039,67,74,73,112,106,117,81,102,107,54,103,118,98,86,96,83,77
8040,87,115,112,74,86,76,91,88,111,65,80,108,90,98
8041,109,70,80,77,76,113,108,119,116,94,83,20,91,31,97,106,2,67,88,24
8042,115,79,85,86,76,96,100,95,7,75,113,98,81,74,88,63,112,68,70
8043,115,78,116,81,111,119,96,109,91,75,79,117,82,56,38,83,73,76
8044,115,92,99,94,85,86,110,87,109,79,107,4,106,117,2,88,104,102,91,24,116
8045,108,91,77,98,119,87,70,97,107,115,99,94,96,47,82,71,101
8046,77,85,116,115,76,86,79,80,110,106,78,101,93,95,57,63,70,118,19,90,18,91,74,103,14,83
8047,92,113,82,94,75,103,77,91,108,100,110,79,25,106,111,87,116,80,67,96,112
8048,111,108,80,91,74,76,86,81,106,75,7,2,39,90,64,78,37,28,110,99,79
8049,96,78,86,111,104,87,79,47,106,115,85,90,98,113,88,107,83
8050,92,106,113,83,80,110,75,94,74,103,87,101,96,86,90,107,88
8051,106,87,73,101,81,91,113,94,109,117,103,118,112,75,76,90,54,88,111,115,79
8052,83,112,78,91,80,117,118,119,87,99,48,88,116,104,74,82,77,96,33
8053,90,115,88,106,107,108,74,68,113,70,95,96,86,28,116,67,2,5,19,83,118,78
8054,83,96,111,74,106,101,100,73,95,88,91,108,56,109,82,119,116,98,113,85,86,94
8055,110,90,111,75,96,88,70,118,2,98,103,94,81,73,66,86,24,77,83,117,79,104,23,61,119,115
8056,96,106,85,87,95,82,88,75,99,73,103,118,101,117,86,109,80,76,116,111
8057,119,91,86,82,76,107,2,10,94,83,110,70,73,109,29,113,7,4
8058,86,82,96,80,75,117,73,92,91,110,98,34,99,76,46,21,95,116,70,89
8059,109,101,102,113,79,91,73,88,77,107,24,85,78,93,115,104,99,106,74,98,108,111
8060,92,81,99,88,83,96,104,118,94,116,111,80,90,119,87,102,98,66,78,110,75
8061,76,107,106,109,117,96,111,113,75,81,112,116,104,108,78,91,77,95,97,90
8062,112,75,73,94,107,77,103,115,2,99,85,81,71,76,102,79,49,31,88,80,96,118,101,106
8063,76,85,107,110,113,81,86,65,78,96,112,33,30,105,90,3
8064,108,94,83,73,100,118,119,77,107,76,99,80,2,87,109,88,29,111,92,96,103,81,75,115,106,101,79,82
8065,78,83,101,87,113,85,99,90,118,73,115,80,75,79,104,106,74,109,70,81,117,76,77
8066,108,98,118,73,87,115,90,81,77,101,95,67,74,119,106,116,80,83,110
8067,90,109,115,88,103,117,75,77,116,119,98,96,107,56,85,83,78,106,112,118,79,76
8068,81,119,24,110,111,108,117,70,109,103,99,87,86,79,77,38,94,83,85,101,106,98,32
8069,118,104,108,109,101,110,117,102,103,79,106,91,111,81,32,73,94,90,88,78,74,85,75,98,115
8070,87,75,109,96,94,119,81,83,74,2,118,117,103,104,10,88,113,86,116,107,76,79,97,91,23
8071,90,116,110,96,104,76,115,102,108,81,101,79,94,28,87,23,98
8072,73,94,108,98,70,75,91,104,80,118,88,85,110,39,95,100,116,12,101,2,107,119,86,90,93,103,113
8073,96,81,107,115,78,119,103,113,73,98,74,75,111,100,101,110,47,34,106,112,7,91,52,87,90
8074,103,90,109,79,83,92,113,91,111,87,102,118,78,52,80,86,88,114,110,73,70,99,9,4,54
8075,80,77,74,111,92,95,119,101,87,109,85,73,70,104,102,112,78,113,46,83,76,108,5,88,24,26,75
8076,4,110,119,118,75,117,99,108,102,27,95,78,79,94,85,10,103,73,97,46,111,92
8077,73,116,99,96,75,110,119,87,102,107,77,79,108,88,67,111,112,113,81,51,98,76,43,17
8078,119,85,117,88,118,70,98,75,94,74,78,115,108,110,109,83,91,103,102,54,96
8079,75,29,94,78,81,90,74,80,101,115,33,76,95,52,2,98,100,82,110,32,106,86,102
8080,98,99,108,86,80,74,77,85,111,70,91,96,34,76,102,101,75,109,40,72
8081,88,115,92,102,80,81,76,95,109,75,106,119,27,79,28,96,78,40,104,45,13,110
8082,117,74,113,75,109,99,80,101,111,91,86,90,98,94,116,79,119,87,115,110,85,107,96
8083,108,75,112,117,109,82,97,70,83,85,7,79,76,107,111,100,80,92,119,81,63,110,116
8084,104,99,91,119,82,96,75,76,110,77,74,73,69,79,111,106,24,107,101
8085,70,79,73,113,107,116,90,87,76,110,96,83,101,119,85,86,95,98,9,78,117,109,94
8086,99,86,115,91,92,82,116,85,74,83,76,2,112,78,98,103,77,15,87
8087,78,87,93,95,85,117,116,88,107,102,2,111,90,68,70,106,76,99
8088,80,99,98,87,91,101,112,85,107,115,88,74,106,94,111,109,102,113,116,104,5,96,75,119,86
8089,114,73,90,109,119,106,111,95,102,76,112,81,104,108,103,101,92,96,116,117,98,85,74,80,88
8090,82,86,107,92,108,111,118,76,80,75,117,88,103,69,116,89,91
8091,92,114,106,90,109,118,99,116,78,77,91,75,101,81,119,95,111,74,87,80,104,107,115
8092,111,75,118,107,77,108,99,102,113,94,116,86,91,112,88,80
8093,88,79,83,90,91,73,99,118,92,85,109,102,98,106,107,75,101,8,69,96,57,32,117,110,2,42
8094,116,92,91,104,109,83,119,115,102,87,90,117,103,3,118,54,12,98,67,114
8095,76,115,117,86,98,99,75,53,108,94,70,106,118,113,77,109,107,44,59,96,97,2,33
8096,98,86,75,94,113,111,110,96,119,88,109,85,92,97,70,83,102,77
8097,115,75,90,103,118,92,101,76,110,86,80,109,95,78,111,106,102,91,88,104,113,119,96,93
8098,87,80,91,116,118,110,94,108,70,99,73,78,75,119,107,101,76,90
8099,29,112,80,85,106,90,76,94,74,116,75,102,86,78,101,108,107,92,73,54,14,55,21,95,99
8100,107,80,82,81,83,70,108,75,87,101,117,2,109,95,98,112,94,63,73,86,118,23,106,96,93,99
8101,91,115,106,77,85,90,88,109,78,18,116,58,107,73,113,74,95,103,94
8102,78,112,113,91,108,74,73,79,103,109,119,111,104,81,75,58,82
8103,106,73,112,109,116,74,96,78,87,115,119,61,30,43,79,110,75,117
8104,77,114,75,94,83,87,111,70,8,80,43,119,106,74,7,73,52,104,108,79
8105,77,117,115,108,86,113,119,91,85,109,107,116,71,99,96,106,102,73
8106,116,80,90,118,87,96,83,88,94,81,21,92,101,100,107,119,103
8107,77,109,91,82,116,96,102,115,78,104,100,83,106,94,101,112,107,90,5,110,17,35,26,118,117
8108,103,2,118,104,70,119,116,83,90,74,108,115,96,86,5,105,100,102,109,85,62,87
8109,102,118,98,101,110,107,85,94,77,35,119,88,115,74,75,70,83,112,117,97,23,81,92,76,90
8110,96,74,113,78,82,92,87,77,75,107,100,81,112,24,110,99,101,103,88,93,86
8111,92,101,109,75,112,102,85,118,70,81,95,106,90,111,87,80,99,13,60,113,2,108,107,116
8112,73,90,94,112,78,119,86,107,74,103,76,13,101,79,102,118,96,4,82,20,75,23,87,98,110
8113,96,78,90,118,112,116,117,115,70,74,119,65,41,111,19
8114,98,70,102,81,94,96,114,116,90,108,38,49,117,64,92,103,79,106
8115,112,119,81,109,98,76,117,85,94,79,77,70,99,75,87,104,92,78,115
8116,118,85,99,73,94,76,110,79,19,88,86,103,98,92,2,77,80,104,13,7,78,21,119,109,107
8117,74,88,87,98,119,104,91,102,90,94,107,112,95,113,109,83,73,2,86
8118,101,113,104,110,92,75,118,82,73,100,80,85,108,78,103,116,15,76,86,5,102,26,81,74,112,95
8119,112,87,94,85,116,108,98,107,74,73,109,97,96,35,14,36,78,93,118
8120,101,102,118,115,85,73,91,76,90,112,87,119,111,106,99,95,98,74,78,107,36,88,79
8121,73,70,81,110,106,29,101,76,82,102,90,104,75,86,78,91,100,5,80,111,117,64,118,74
8122,93,82,85,77,86,90,106,99,98,112,109,104,119,108,94,70,73,113,75,117,103,80,115
8123,80,113,101,108,75,98,87,115,79,104,90,88,110,74,96,109,77,86,24,76,117,2,99,106,26
8124,90,75,99,96,91,74,108,107,76,118,111,94,106,95,57,12,73,104,46
8125,73,87,94,83,88,110,109,70,116,111,106,119,96,92,13,85,53,90
8126,80,76,91,75,74,103,78,96,99,101,102,73,112,98,92,94,117,100,25,48,81,116,106
8127,73,86,98,99,77,101,102,109,81,80,74,95,117,104,115,91,37,100,113,88,79,19,75,110,92
8128,107,99,111,94,85,86,75,80,77,98,115,106,79,116,101,87,110,103,83,88,102,92,119
8129,111,83,81,79,112,75,101,85,86,99,76,87,91,92,11,98,20,24,103,95,96,94
8130,118,99,110,87,70,76,78,74,108,101,116,81,83,115,112,94,96,109,80,18,98,95,85,119
8131,104,6,75,103,74,116,78,88,86,83,99,21,115,93,15,95,100,10,62,55,97,101,71,34,80,106,73,43
8132,94,108,117,96,106,74,81,113,93,75,77,19,82,90,99,111,2,58,88,107,14,73,86
8133,96,106,113,94,70,117,110,99,102,91,76,92,93,112,78,104,119,81,88,98,108,115,80,82,79,65,73,77,116,90,109,86
8134,74,91,99,90,117,96,75,73,105,118,83,87,70,98,115,36,79,86
8135,110,73,91,88,115,113,92,118,77,108,112,116,98,107,69,119,54,87,109,97,70,4,86,95,111
8136,92,98,113,4,73,99,88,74,96,70,95,87,112,109,118,101,119,117,85,91,115
8137,73,76,85,78,119,108,110,87,88,107,83,116,86,117,98,75,104,42,105
8138,115,74,112,80,75,70,94,86,87,106,111,96,116,79,98,103,78,2
8139,103,92,96,107,79,111,78,88,87,91,119,76,81,75,94,77,73,101,115
8140,94,110,108,80,86,106,96,103,102,79,77,78,72,76,111,83,88,117,91,75,2
8141,78,117,119,110,107,118,82,86,98,101,74,87,100,108,94,112,116,103,96,10,79,111,92,75
8142,73,117,109,86,107,91,113,85,118,110,92,106,24,76,115,4,80,9,82,114,79,71,77,112,99,102
8143,99,87,96,112,79,104,73,111,115,92,105,75,101,81,76,102,77,118,85,70
8144,85,70,90,115,86,77,104,106,88,96,102,118,108,41,78,46,119,79,80
8145,76,104,82,74,79,80,106,98,118,95,4,96,83,102,81,24,73,119,109,19,92,33,77,88,60
8146,117,87,113,96,82,83,86,112,118,92,75,91,2,24,111,79,94,95,77,4,54,102,70
8147,116,104,103,77,79,94,102,111,70,106,73,78,81,92,53,93,76,100,85,3,74,24,14,75,99,91,115
8148,106,102,117,119,76,73,103,118,109,108,10,104,62,74,91,75,3,107
8149,112,82,85,102,118,77,78,94,81,107,3,75,68,24,108,103,7,1,73,88
8150,106,86,78,104,83,108,117,85,107,92,90,77,91,81,101,96,110,70
8151,88,93,101,91,109,119,117,87,73,102,2,98,80,74,95,108,107,99,86,112,94,75,90,104
8152,90,108,73,113,86,78,91,117,119,98,111,77,103,81,76,10,37,7,116,102,48,109,94,107,75
8153,113,79,118,82,95,77,24,115,83,104,119,91,87,92,101,103,110,73,106,88,93,74,75,49,109,85,60,111
8154,83,100,106,117,79,98,86,95,99,96,102,82,116,107,85,45,118,110
8155,96,110,90,78,77,76,93,88,104,101,100,119,98,94,106,92,80,107,79,103,113,108,75,99,114,118
8156,102,113,78,95,93,77,92,79,70,98,20,75,82,86,118,115,24,11,112,91,13,104
8157,115,113,83,74,75,94,107,8,119,81,108,109,76,98,118,85,17,82,117
8158,90,113,118,75,103,92,96,74,117,104,106,81,91,111,108,83,98,119,39,99
8159,117,110,103,88,94,90,111,85,108,92,93,79,109,102,99,56,116,95,107,81,37,73,71,66,70
8160,83,100,111,107,74,112,70,109,117,95,24,119,94,80,79,113,20,32,116,75,101,99,45,110,87,104,78,96
8161,116,104,94,86,78,102,118,108,73,99,107,109,119,2,43,61,112,95,83
8162,80,99,115,73,100,76,82,101,19,9,117,4,75,116,102,85,78,106,107,20,98,113
8163,74,116,119,106,73,101,76,96,81,99,88,70,108,110,31,78,98,75
8164,116,99,109,76,107,106,86,111,101,83,49,53,78,73,17,87,115,57,94,37,119,88
8165,112,96,86,83,108,106,88,78,74,98,80,50,110,109,92,113,91
8166,81,102,86,92,117,91,99,107,113,75,118,2,77,26,70,87,73,83,109,20,85,55,78,88
8167,92,94,101,109,88,91,80,79,111,70,119,117,115,116,74,98,27,29,48,113,57,75
8168,74,111,80,108,70,79,76,118,98,119,116,82,97,107,85,109,102,81
8169,104,74,111,90,73,76,87,110,98,4,96,85,70,117,31,109,115,17,23,113
8170,86,70,118,75,113,87,116,115,109,92,80,119,99,96,90,112,3,107,88,101,108
8171,77,116,82,119,73,118,83,94,79,86,95,88,67,81,85,90,87,104,110,117,99,75,74,76
8172,116,85,76,115,94,78,99,91,83,73,106,29,75,101,108,118,117,95,12,87,98,110
8173,114,104,102,98,109,113,76,115,111,100,70,106,86,99,28,56,75,87,61,78,117
8174,101,102,77,117,73,85,78,113,70,88,81,94,9,80,90,87,91,74,106,68,111,110
8175,101,85,115,118,110,74,104,116,91,98,103,90,60,117,99,111,113,96,92,19,2,18,73,81
8176,99,106,96,94,104,85,107,110,112,77,101,111,113,103,76,75,82,115,17,24,78
8177,85,98,80,115,58,104,2,77,97,107,116,103,99,67,46,91,110,90
8178,113,111,97,73,74,86,119,88,69,90,116,99,85,108,103,59,112,92,79
8179,119,99,85,81,106,110,98,115,113,94,80,82,86,95,109,92,107,88,12,43,74
8180,80,115,73,88,116,104,90,107,77,96,75,113,111,112,95,92,101,99,118,79,103,78,85,81,10
8181,112,118,96,70,77,94,91,98,104,111,79,115,99,81,116,105
8182,109,88,112,76,103,83,74,85,107,75,108,17,82,81,91,106,95,73,71,20,55,104,12,98,113
8183,109,88,70,81,108,30,106,99,80,79,111,101,75,103,90,107,11
8184,92,116,118,104,101,85,108,100,96,109,81,98,82,80,24,73,57,75,110,11,66,90,106
8185,113,108,87,90,106,70,88,80,116,91,79,101,117
8186,77,73,86,103,85,87,80,102,96,117,104,81,79,4,93,113,82,88,95,98,2,83,101,72,11,75
8187,85,108,98,99,91,88,118,70,109,111,119,104,80,37,59,97,77,101,81,117
8188,10,77,12,108,87,115,70,91,13,101,76,102,2,118,97,90,79,63,29,104,109,116,86,93,112
8189,73,109,74,85,99,101,116,70,107,79,88,78,117,94,75,76,91,7,106,118,108,103,83,82
8190,77,88,118,90,101,75,70,79,91,94,98,87,102,111,96,85
8191,78,107,88,111,116,91,87,75,73,106,90,86,119,85,109
8192,107,75,90,77,91,112,118,4,108,95,21,111,80,85,76,5,96,87,113,114,99,97,15,119
8193,73,77,103,92,74,83,112,76,75,102,24,104,109,81,87,117,86,115,80,82,118,4,100,85,16,62,107,79
8194,118,116,115,92,90,101,98,94,87,78,99,110,4,25,117,45,108,75,106,104
8195,74,87,90,91,112,99,85,96,117,83,81,100,24,118,77,107,75,94,111,73,2,26,82,3,23,4,79
8196,88,116,119,118,80,94,111,82,78,104,115,93,40,107,85,110,34,2,109,99,108,73
8197,70,76,108,78,90,82,81,83,109,80,98,87,79,115,73,113,38,77,119,118,91,112,95,43,2
8198,74,98,94,73,81,83,101,97,109,75,103,85,110,77,82,70,108,107,58,111
8199,98,106,86,118,110,83,81,119,77,82,115,99,116,75,76,49,109,104,117,71,91
8200,80,96,108,88,110,104,118,99,103,83,10,100,77,85,54,2,1,117,70,90,81,102,82,116,115,78
8201,86,111,101,77,96,73,104,76,112,70,93,113,92,118,74,98,5,75,54,99,88,106,85,109,9,87
8202,107,75,119,109,115,76,80,117,88,101,103,74,81,95,118,50,46,17,90,96,94,110,99,85,91,60,86,79
8203,70,96,109,107,103,116,92,91,73,115,118,80,90,108,77,112,106,117,85,79,93,2,89,75,95,32,63,101,119,13
8204,73,92,87,70,107,29,101,90,106,112,91,81,79,98,95,76,84,88,110,58,43,118,66,99,103
8205,99,101,87,85,75,117,73,77,112,63,90,107,51,111,119,83,92,118,104,116,91
8206,83,90,117,104,80,74,106,119,73,110,111,85,91,100,12,115,95,113,94,54,81,76,93
8207,83,92,110,96,109,108,90,94,104,70,95,91,107,75,99,97,49,113,116,79,18,111,87,61,118,93,101
8208,77,106,86,70,107,73,81,88,103,74,94,46,99,1,119,92,104,118,43,87,80,109,83,112
8209,102,111,87,98,118,88,109,90,119,110,116,108,94,92,112,78,7,75,24,113
8210,103,101,80,92,111,113,76,109,20,106,77,74,44,30,24,116,85,70,102,115,112,38,96,114,108,98,87
8211,116,81,92,82,108,98,27,103,80,118,14,78,107,113,95
8212,75,108,119,111,112,81,70,115,101,102,91,98,2,106,87,92,114,65,79,88,40,103
8213,78,86,108,80,99,113,112,75,96,79,73,82,32,116,85,95,87,90
8214,85,115,113,77,93,73,99,118,82,92,119,98,32,71,106,36,104,75,83,116,96
8215,116,74,70,88,95,76,98,102,73,111,80,91,96,83,75,101
8216,103,86,106,110,118,117,116,111,98,94,115,109,102,17,119,96,76,82,7,80,79
8217,90,118,113,99,106,116,81,107,82,87,109,78,95,98,92,94,108,64,96
8218,96,90,74,111,103,107,73,115,108,101,110,75,85,93,104,87,80,41,95,24,79,102,106,117
8219,83,100,115,118,96,99,77,107,102,79,80,82,112,75,104,117,119,87,94,31,13,86
8220,117,93,96,107,100,90,115,95,78,104,118,53,92,94,73,97,112,37,106,99,101,86,98,113,91
8221,92,108,88,85,118,90,98,96,115,91,117,113,36,81,80,20,110,104,97,3,111,2,76
8222,92,114,80,73,76,116,118,110,111,104,103,81,78,19,77,115,101,97
8223,86,90,88,113,115,97,104,83,112,92,93,80,96,110,103,81,117,118
8224,108,104,119,90,116,106,79,78,118,98,91,117,113,70,94,75,87,86,30,37,21,74,107
8225,110,109,98,70,76,101,74,104,88,32,119,103,94,79,80,82,75,116,73,106
8226,78,75,91,116,88,102,100,76,117,79,92,80,41,101,87,110,86,99,27,68,85,95
8227,108,115,102,111,77,88,116,109,117,94,75,73,82,95,86,107,103,55,118,83,81
8228,117,109,103,92,107,90,101,96,86,94,108,4,74,111,75,113,110,78,119,112,48,79,80,54
8229,83,108,115,90,79,103,81,82,88,86,74,75,94,85,77,106,99,110,78
8230,88,94,85,101,96,112,75,87,103,70,77,78,76,110,98,20,99,42,82,79,116
8231,113,106,93,117,92,78,79,107,104,111,74,81,2,25,90,75,112,27,77,116
8232,88,112,119,116,111,75,86,73,87,106,81,110,113,109,114,21
8233,112,81,115,103,73,86,116,104,118,109,96,88,108,76,98,113,80,94,99,111,77,92,119
8234,111,77,96,93,79,87,119,101,109,104,80,98,102,116,107,112,82,70,78
8235,91,2,103,86,93,117,98,104,75,70,45,119,101,88,94,118,116,41,74,107,109,82,108,76
8236,110,119,115,118,78,99,77,113,93,116,76,85,106,117,108,91,102,112,92,86,101,103,87
8237,77,110,106,101,91,117,73,96,104,87,119,78,85,94,118,115,113,99,108,63,75,102,74,103,98,116,93,76,86,95
8238,79,80,115,108,85,116,118,76,100,95,78,87,88,104,96,119,112,81,107,90,74,44,73,15
8239,94,101,99,87,91,74,88,85,90,102,109,117,77,39,30,81,108,63,106,95,112,13,64,96
8240,117,95,119,118,112,74,80,82,98,115,20,106,78,91,70,113,28,88,93,87,108,104,102,99,24,83,100,107
8241,81,117,113,98,104,118,75,79,103,80,72,77,101,93,109,7,1,115,97
8242,115,93,88,103,74,106,117,92,118,100,70,82,114,75,76,111,42,48,97,87,65,116,86,79
8243,112,90,109,110,117,79,91,106,82,74,115,99,101,89,119,30,69,118,92,73,75,77
8244,103,116,111,94,117,115,83,78,112,79,81,54,99,97,119,110,91,90,101
8245,73,94,116,115,112,92,87,106,111,81,78,91,113,83,119,101,15,66,70,42,104
8246,102,79,92,93,117,96,108,119,83,98,86,111,103,72,56,115,101,5,112,94,65,91
8247,83,96,103,99,108,75,70,77,29,86,116,2,92,115,119,117,118,73,98,111,1,88,12,100,106
8248,112,110,118,98,108,73,87,76,90,103,116,104,101,113,96,106,74,93,2,99,117,107,100,91
8249,111,78,104,116,119,94,75,98,83,103,118,110,91,34,101,113,109,90,23,88,74,93
8250,92,78,117,86,111,103,83,96,85,101,107,108,94,118,116,90,109,82,70,79,119,75,74
8251,105,93,107,82,75,77,97,110,96,102,76,85,104,106,79,2,117,28,88,91,35,90,70
8252,81,106,109,85,112,117,101,78,87,53,107,108,73,116,30,118
8253,109,96,107,119,116,81,117,98,90,82,103,2,70,92,86,97,105,21,71,115,91,99
8254,104,81,117,77,83,75,24,94,108,112,82,89,86,90,55,85,74,54,101,91,116,102,64,88,107
8255,96,113,102,88,107,70,73,116,81,77,86,110,91,85,119,118,92,83,80,87,28
8256,92,76,98,115,119,77,88,85,108,90,110,113,96,101,74,102,7,94,48,70,87
8257,73,88,109,118,116,87,113,110,94,112,80,15,106,65,69,91,55,2
8258,109,77,92,83,79,117,107,108,112,113,85,116,90,73,88,74,38,4,106,118
8259,96,88,78,108,75,110,106,104,70,98,101,116,74,107,35,63,117,99,91
8260,116,79,80,104,107,81,86,117,82,92,115,108,91,93,106,103,54,110,113,4,119,78,70,74
8261,110,104,117,90,108,75,98,91,96,80,101,19,81,107,70,88,95,39,78,20,103,102,85
8262,101,76,115,106,90,77,117,85,86,113,92,73,110,4,108,99,112,75,80
8263,113,78,88,85,94,92,116,112,102,79,91,84,3,24,114,119,74,95,103,67,99
8264,104,111,112,75,74,106,73,79,82,110,116,86,77,67,117,81,103,119,98,63,78,95,80
8265,10,103,81,106,78,91,107,82,76,101,83,112,96,89,92,100,79,15,104,113,75,108
8266,80,99,90,79,115,108,118,70,82,113,110,75,103,107,83,78,101,81,104,94
8267,36,90,106,116,111,112,101,83,73,70,113,87,78,15,63,80,108,85,110
8268,73,70,83,91,106,113,94,78,79,99,115,2,102,98,111,92,87,5,112
8269,77,102,86,91,76,73,83,115,100,1,79,93,74,14,57,38,87
8270,96,76,117,112,110,75,109,99,119,87,102,91,69,83,80,118,81,100,82,94,107,73
8271,88,110,96,70,73,104,82,112,115,111,90,74,24,94,66,117,67,50,85,79,98
8272,2,109,103,74,104,78,112,85,79,81,113,98,76,119,100,88,117,77,102,84,87,101
8273,109,101,79,119,115,86,82,91,85,78,56,90,55,108,99,77,113,98
8274,82,110,88,101,92,85,86,118,81,79,95,80,112,75,97,76,98,106,108,109,91,46,74
8275,118,91,111,90,98,80,81,99,107,7,19,74,65,113,78,116
8276,70,94,110,107,73,116,75,91,95,105,7,119,98,2,80,112,74,109,86,3,78,117,113
8277,88,82,117,87,96,92,78,86,49,112,79,83,70,100,73,28,59,110
8278,111,86,106,91,76,108,79,118,82,115,101,116,92,103,4,83,112,94,117,96,11,113,73,2
8279,109,93,82,95,87,78,88,108,119,103,110,70,112,31,60,96,2,9,32,117,80,74,81
8280,91,119,86,107,116,94,109,111,36,101,77,73,117,35,115,98,110
8281,103,77,118,115,95,83,111,107,94,97,70,109,1,78,80,72,106,99,113,110,81,90,93,2
8282,102,75,90,77,81,116,74,107,101,87,88,79,119,65,89,113,28
8283,90,82,99,77,76,73,111,70,119,102,110,78,94,23,4,80,101,109,83
8284,116,106,119,81,85,111,76,117,78,102,101,110,21,98,77,87,91,70,90,118
8285,118,96,103,77,117,110,116,76,112,87,92,88,81,86,101,119,104,84,22,99,75,91,63,113,85,79,102
8286,79,90,102,110,107,82,92,76,94,83,104,93,80,111,15,108,98,86,117,100,87
8287,94,101,111,80,90,86,107,74,87,79,91,96,109,81,103,44,108,102,105,118,92
8288,96,91,79,104,117,112,83,98,85,116,88,66,38,113,115,58,110,102,101,111,97
8289,4,112,77,95,106,79,94,107,103,91,109,111,100,104,117,10,59,113,90,21
8290,90,82,96,100,99,91,85,113,81,98,88,119,112,87,78,75,97,109,73,106,74
8291,77,110,106,116,81,83,85,104,1,108,74,111,78,107,88,94,70,101,112
8292,99,98,112,90,87,119,75,107,118,91,96,113,85,95,109,103,110,76,106,78,94,86
8293,75,109,79,116,98,103,99,107,74,86,104,22,90,112,88,77,20,111,78,30,101,52,94
8294,108,91,94,102,90,117,99,98,103,97,4,81,2,101,27,107,104,54,86,96,5,88,20,105,106,79,116,44,115,118,21,95
8295,83,110,77,93,94,92,86,108,111,99,119,102,91,23,109,104,81
8296,91,81,112,106,107,110,117,78,99,109,83,79,76,111,104,115
8297,75,96,103,90,78,117,101,107,85,106,118,104,112,88,73,114,86,99,23,38,111
8298,90,107,110,101,116,98,73,94,74,102,87,91,84,43,70,115,109
8299,109,85,111,74,76,104,115,78,93,83,112,81,87,41,70,117,23,84,108,39,113
8300,108,115,86,119,106,78,88,95,100,116,107,97,109,10,91,79,19,94,102,53,80
8301,107,90,96,112,87,88,119,116,115,103,92,70,79,13,78,7,102,85,62,98,81
8302,73,101,108,78,87,117,80,74,86,85,91,4,96,79,103,97,90,83,116
8303,92,119,87,75,99,2,80,117,74,106,109,94,70,28,73,78,77,108,88,102
8304,86,117,76,112,107,85,90,73,101,70,115,74,96,111,92,88,103,5,110,29,106,98,95,79
8305,94,73,116,85,77,113,86,95,91,110,103,106,80,81,117,104,92,83,118,12,74,112
8306,86,92,76,77,83,70,97,73,88,116,106,118,98,101,111,90,62,119,107,108,14,91,115
8307,87,88,75,111,78,113,110,73,115,51,116,108
8308,109,78,117,95,92,90,73,81,98,51,75,118,106,116,50,115,76,102,99
8309,76,87,101,88,117,106,115,107,75,81,98,77,103,113,41,118,35,112,90,111,91,80,74
8310,78,83,101,87,96,75,88,113,109,90,86,107,111,79,74,116,39,106,104,110,103,19,3,80,118
8311,103,107,90,83,99,76,111,115,77,91,97,118,113,109,81,86,112,117,93,101
8312,96,115,110,101,83,118,79,92,91,73,85,97,103,24,87,111,75,20,88,119,104,94,113,29,74
8313,114,111,118,75,119,108,88,109,99,107,5,110,96,69,116,115,31,113,61,78,94
8314,73,96,92,80,112,102,104,118,91,100,94,111,110,109,119,106,107,115,113,83,25,90,70,103,46,77,2,23,97
8315,99,115,75,116,98,101,96,117,110,70,78,81,85,73,103,82,104,87,88,94,76,67,2
8316,86,110,78,87,115,7,80,118,116,54,96,77
8317,110,86,106,99,74,85,90,58,112,8,96,91,21,83,92,76,103
8318,88,90,118,106,76,103,107,75,4,104,113,28,115,55,85,64,80,79,119,78,87,41,102,81,2
8319,85,87,82,90,70,107,100,2,94,113,119,74,117,79,96,83,99,86,93,109,111,88,104
8320,81,113,107,104,91,79,103,73,94,116,108,90,85,78,70,97,82,55,83,106,100,76
8321,4,106,119,99,75,110,111,82,118,112,113,83,115,23,54,94,107,70
8322,78,81,94,74,118,111,113,104,87,70,76,119,109,115,39,106,58,15,90,92,86
8323,85,94,76,115,112,73,82,70,74,79,100,110,75,103,116,92,117,113,118,81,91,104,83,119,98
8324,88,98,106,108,113,115,70,87,118,96,119,78,99,116,15,109,75,76,91,80
8325,99,24,111,86,90,80,76,77,94,87,75,98,108,102,115,74,85,79,110
8326,103,87,75,116,110,92,88,106,109,79,101,74,28,73,33,99,117,96,71,83
8327,113,80,2,94,86,76,99,118,110,117,98,107,24,92,85,108,78,79,70,75,87,23,111
8328,110,81,70,91,108,74,103,102,80,73,106,87,90,109,27
8329,29,93,101,70,76,90,99,96,75,82,111,4,117,102,118,112,74,104,119,95,98,45,86,55,79,115,107,67,103,109
8330,76,109,106,117,86,113,110,87,95,70,73,100,93,104,115,103,65,85,67,92,98,6,88,94,102,9,119,101
8331,101,104,75,106,79,99,90,85,74,88,49,78,86,73,96,117
8332,29,76,88,118,80,103,111,85,79,70,45,115,4,113,95,78,52
8333,108,85,96,112,116,106,101,115,76,87,73,77,94,90,118,109,95,107,111,117,74,99
8334,102,108,103,83,109,81,106,115,96,110,85,113,79,8,116,98,118,101
8335,107,115,111,96,101,91,98,95,113,87,92,108,99,19,112,110,109
8336,91,104,110,76,79,86,85,88,115,116,103,78,74,73,112,80,92,97,107,119,94,100,83,117
8337,74,96,78,94,102,112,86,98,79,104,85,91,101,109,73,116,108,117,69,119,113
8338,118,78,79,81,86,80,91,116,87,106,102,59,110,94,112,76,104,55,96,101,109,105
8339,74,91,78,86,110,83,85,116,88,109,107,35,101,111,80
8340,80,73,104,94,74,110,95,106,98,79,78,109,76,115,85,93,11,24,88,81,91,23,75,35,70,63
8341,88,116,108,111,75,91,98,119,66,90,104,109,83,112,24,85,94,87,115,79,81,31,86,70
8342,75,82,77,85,73,98,103,86,106,112,70,95,91,115,111,26,56,74,92,90,88,107
8343,88,86,74,73,108,90,109,83,98,104,76,78,79,96,11,95,94,119,64,111,31,70
8344,103,92,87,118,108,70,83,111,117,88,113,79,22,110,96,73,119
8345,109,74,96,76,113,111,91,118,73,19,106,79,80,85,4,116,104,98,108,87,78,102,86,70,55
8346,119,99,77,106,98,76,83,87,79,19,116,74,111,107,94,88,117,115,82,81,73,104,90,70,2,103
8347,111,78,119,91,116,99,88,83,74,77,110,103,76,73,94,9,90,14,118
8348,78,98,85,104,75,109,111,80,66,87,106,72,81,77,36,119,94,116,35,4,96,67
8349,117,88,82,111,100,95,92,98,109,94,91,75,101,78,96,118,27,108,86,5,55,102,77
8350,79,78,101,70,119,73,88,116,99,85,95,81,104,68,91,77,100,80,6,102,98,71,35,96,118,113,54
8351,111,118,101,96,110,117,109,80,82,102,107,70,92,94,74,17,32,115,90,104
8352,76,92,74,79,96,102,99,115,101,86,78,106,90,119,103,94,95,83,107,82,97,110,113,111
8353,104,99,74,115,90,83,76,113,111,110,101,95,92,80,53,94,73,29,109,88,12,85,98
8354,108,119,78,82,91,100,88,113,104,95,98,118,102,86,79,107,94,36,112,2,111,101,90,106
8355,112,74,118,101,91,87,116,38,90,75,96,47,110,115,97,111,88,76,80,106,83
8356,118,109,80,77,99,107,87,2,91,117,70,4,55,93,18,78,84,30,75,94,76,79
8357,80,113,112,77,116,87,101,83,107,99,85,91,70,95,104,54,94,56,76,109,79,118,75,49,40,86
8358,119,82,96,107,74,99,88,101,110,79,109,112,80,102,90,81,97,78,83,25,42,70,87,75
8359,87,116,106,86,101,98,74,77,96,100,69,83,43,107,102,2,115,103,4,75,80,70,73,104,94
8360,79,106,70,119,96,87,99,101,118,80,95,109,88,83,93,113,82,98,116,102,9,73,75
8361,118,80,76,110,82,104,85,112,94,115,27
8362,113,87,108,110,119,78,70,96,77,90,102,24,99,101,83,81,94,75,2
8363,103,109,77,113,111,81,90,91,79,104,83,73,54,92,106,108,110,30,17,97,82,112,43,70,94,87
8364,57,101,115,113,102,91,108,81,95,96,94,80,110,111,82,114,100,55,103,20,99,118,112,76
8365,90,104,98,92,87,73,110,96,76,119,2,115,83,111,30,85
8366,74,87,90,119,109,91,85,118,80,103,44,86,9,10,78,2,61,111
8367,110,115,85,101,113,119,73,70,58,86,76,41,83,91,80,35,88,118,108,112,97,77,106,81,103
8368,81,104,74,117,85,108,115,113,73,103,96,94,88,91,107,98,112,100,110,55,79,109,86,83,116,38
8369,83,104,91,112,86,103,118,94,77,90,92,108,115,80,99,85,116,98,101,66,61,117
8370,95,70,116,87,101,98,91,119,111,113,75,96,77,4,99,118,115,83,109,33,85,80,104
8371,57,118,90,101,103,119,110,79,113,106,85,83,10,91,87,54,88,39,84,95,74,96
8372,88,116,117,103,77,90,104,110,73,100,119,78,111,107,81,97,102,109,79,5,54,69,86
8373,112,92,79,94,77,76,78,73,116,107,106,82,95,110,117,87,119,90,102,83,99,74,103,108,98
8374,85,99,115,107,79,117,90,74,70,77,111,91,119,73,98,118,109,88,93,78,116,83,101,87,94,92,110
8375,100,86,76,119,98,94,88,108,113,2,80,117,74,115,70,19,15,106,24,75,43,107,67,112,103,118,101
8376,79,80,85,75,104,109,110,73,77,86,87,113,15,93,106,74,117,99,94,95,78,112,2
8377,110,108,91,79,95,92,82,81,83,70,75,88,26,31,99,85,112,22,87,109,76,73
8378,70,78,108,85,99,101,109,80,82,74,79,115,88,98,76,96
8379,104,86,115,96,101,73,103,80,98,102,90,81,94,88,32,82,35,108,53,111,117
8380,75,118,112,104,116,113,88,91,80,115,86,22,106,8,2,119,108,24,48,44,93,66,73,95
8381,81,80,111,98,77,110,79,76,100,101,45,116,87,86,91,83,85,115,117,118,78,104,39,94,108
8382,74,116,91,92,103,117,81,85,73,83,82,79,80,78,86,29,90,99,110
8383,99,74,85,116,110,76,119,104,117,106,97,79,27,25,66,88,98,73,108,103,102,81,60
8384,83,104,88,76,106,92,94,80,82,98,111,73,7,91,87,24,46,85,118
8385,104,118,106,83,77,80,94,101,117,81,112,100,86,24,75,109,99,96,67,108,85,103,92
8386,116,78,77,96,95,106,83,115,110,111,99,107,74,81,113,70,104,28,79,101,82,80
8387,101,117,74,82,87,107,110,78,80,98,90,112,73,104,88,2,76,92,81,95,85,116,94,102
8388,73,86,90,98,115,91,76,87,107,99,108,118,103,109,102,92,95,111,61,11
8389,79,91,85,119,109,95,107,102,77,81,112,70,100,24,92,103,10,86,98,5,113,94,118,20,104
8390,115,88,92,98,103,111,101,95,74,83,119,56,45,77,106,116,99,118,5,70,108,109,112
8391,111,74,113,106,76,102,92,101,96,117,98,103,94,112,95,88,99,107
8392,90,111,118,112,81,80,75,86,78,87,113,104,77,106,98,119,73,57,25,43,45,115,96,50,117
8393,87,80,111,113,115,24,106,108,109,91,96,99,116,42,90,103,88,78
8394,73,107,70,106,111,2,110,98,96,81,95,118,80,104,86,24,113,43,112,94,85,54,91,101,78,83,5
8395,70,95,113,116,4,76,96,108,85,99,98,77,86,110,107,94,115,83,74,90,100,103
8396,104,83,77,115,80,113,101,94,85,73,98,99,86,74,108,81,70,102,103,88
8397,106,110,96,76,103,87,116,107,109,112,79,93,80,90,111
8398,81,99,70,92,117,118,73,110,109,108,116,83,106,115,112,94,96,74,78,111,101,88,90,87,75,24,80
8399,93,110,115,116,101,111,113,75,90,82,95,83,78,76,98,88,92,96,99,108,67,8,103,80,85
8400,110,108,87,111,98,101,90,109,88,76,82,86,78,75,80
8401,94,102,112,107,80,82,77,103,116,118,79,86,70,85,73,21,35,99,98,90,117
8402,73,85,107,102,82,118,86,80,106,117,113,96,104,91,119,88,112,99,101,95,94
8403,91,80,74,96,75,108,73,99,111,115,95,94,79,107,70,87,78,117,83,106,85,112,109,116
8404,115,70,116,87,113,112,99,100,85,78,110,104,119,109,118,94,79
8405,86,104,88,107,70,118,103,106,101,108,102,91,81,93,99,94,79,109,114,96,82,112,73,113,110
8406,96,104,99,87,90,101,77,91,83,86,108,116,115,82,102,76,73,111,88,9,78,74
8407,86,101,96,116,94,98,79,77,81,107,87,73,118,119,115,54,92,91,110
8408,102,74,88,94,101,78,106,104,90,118,70,103,119,108,98,86,99,62,111,113,75
8409,92,116,102,107,106,83,110,104,119,76,91,112,5,103,20,88,79,85,70,80,86,21,81,87,4,10,118
8410,93,78,87,118,90,104,109,83,103,77,106,107,113,76,99,116,111,19,75,74,108,24
8411,113,118,74,108,107,73,83,111,79,116,102,91,104,78,117,10,94,112,93,76,106,80,28,56,110,90
8412,101,113,78,107,93,76,100,95,104,73,82,117,27,116,88,85,90,109,80,87
8413,106,80,118,110,77,79,109,104,99,86,81,102,112,83,91,85,115,108,73
8414,109,78,119,92,110,86,81,87,117,85,83,116,111,100,76,96,10,88,26,118,70,94,95,56,108
8415,111,98,91,117,106,86,79,104,85,87,90,77,112,116,105,76,99,75,74,82,70
8416,99,117,79,86,107,78,80,88,102,90,110,70,96,112,98,19,115,101,85,95,116,106,97,76,94,118
8417,106,80,119,108,113,90,102,103,81,82,99,91,101,109,7,89,74,107,75,110
8418,77,98,53,106,99,107,96,81,78,108,111,109,74,76,115,85,102,41,86,113,112,82,73,90,92,117,55,91
8419,106,94,87,113,88,118,77,2,101,119,83,70,86,57,115,102,107,74,73
8420,87,92,91,85,113,73,88,76,103,107,54,74,96,111,90,24,41,80,109,86,82,117
8421,74,113,77,110,107,70,112,94,91,103,73,83,111,101,102,109,78,96,12,88,118,115,95
8422,115,73,109,76,90,70,98,108,111,91,78,110,40,116,74,119,104,117,113,96,81
8423,91,102,80,119,87,115,113,70,73,104,103,114,112,78,100,116,95,81,83,76,108,99,6,111,82,106,85,15,88,117
8424,115,107,77,79,94,90,82,102,80,106,104,110,70,118,96,85,103,111,2,91,97,48,117,112,74
8425,82,111,78,73,115,96,74,116,91,92,106,75,90,83,95,113,94,100,117,70,86,12,112,42,102,103,17,118,99,119
8426,79,11,73,103,85,40,75,83,102,115,110,76,92,97,34,4,91,106,78,96,28,119
8427,85,116,99,94,106,109,81,83,118,86,108,80,102,70,77,78,92,119,88,112,22
8428,110,109,92,74,87,94,103,107,73,119,17,90,80,102,85,101,106,117,113,7,111
8429,77,76,70,87,85,108,112,109,96,98,94,105,80,111,79,110,50,113,74,99,115,75,32,81
8430,113,78,93,85,76,79,86,106,91,88,117,82,56,39,80,70,97,2,102,51,118,92,104
8431,76,109,82,78,90,108,79,101,86,94,113,85,75,77,102,80,91,119
8432,73,104,80,112,99,96,70,119,102,90,87,109,77,5,108,117,103,113,88,74,86,111,107
8433,76,108,96,102,83,91,92,101,75,112,113,79,73,119,85,116,70,88,74,82,115,78,94
8434,74,75,108,92,98,110,88,118,111,112,70,113,79,101,73,117,94,86,116
8435,77,109,118,94,101,102,91,111,92,87,112,108,104,83,80,35,50,14,115,98,107,75
8436,75,81,90,115,110,113,111,117,79,93,4,86,87,99,83,73,98,109,77,112,100,103,94,70,29,118
8437,118,74,76,83,77,99,104,106,73,66,114,97,113,70,107,109,78,6,98,75,100
8438,99,94,86,113,70,80,115,76,117,101,78,112,102,108,111,118,83,106,57,116,24,119
8439,91,94,101,76,110,79,115,88,92,77,117,118,98,78,87,82,102,107,49,44,111,74,81
8440,70,117,87,113,93,73,119,79,91,109,118,86,77,102,75,50,95,94,80,81,76,116,98
8441,70,103,94,110,111,86,115,85,92,104,96,109,99,75,93,112,106,119,14,102,88,81,105,107,90,73,108,23,113,91,8,77
8442,85,119,92,74,113,112,70,117,91,88,110,86,104,101,78,99,107,11,106,102,44,94,98,116,73,83,95
8443,119,118,94,110,103,117,95,85,101,74,45,75,87,109,112,111,79,107,92
8444,102,80,92,88,115,79,83,101,107,73,96,99,91,117,116,78,114,5,27,106,37,19,74,103,81,70,113
8445,79,118,101,110,86,87,73,119,83,111,91,30,80,50,23,109
8446,107,70,111,79,118,96,119,109,83,88,113,91,74,99,73,78,77,103,81,104,82,117
8447,80,118,117,86,119,112,96,88,94,79,78,77,75,111,91,42,115,70,104,95
8448,117,73,76,101,110,119,106,108,74,87,80,77,81,111,99,96,90,113,103,85,109,118
8449,115,110,111,107,76,79,78,75,101,83,73,113,116,2,99,46,88,24,104,100,109,95,114,103,28,74
8450,76,98,80,106,107,96,73,109,112,102,115,74,79,82,117,75,87,41,111,83,100,91
8451,79,73,98,99,91,102,95,75,70,97,104,106,24,94,78,86,77,76,30,42,62,119,31,105
8452,108,74,90,77,75,109,88,98,6,110,99,106,32,94
8453,117,83,85,90,113,74,115,106,119,75,107,88,86,81,76,101,94,98,87,93,91,111,109,5,70
8454,81,78,116,111,118,85,83,92,98,80,77,96,91,94,82,86,87,70,5,106,1,112,19,90,99,103
8455,110,118,107,79,82,92,94,70,108,116,117,29,115,111,98,87,72,31,75,36,86,78,13,90,77,101
8456,96,119,101,83,113,85,90,107,87,108,94,77,88,109,86,112,99,111,117
8457,116,98,103,91,118,96,108,109,102,85,119,94,75,83,117,82,104,107,70,77,115,112,113
8458,114,85,79,78,92,29,104,106,74,102,110,75,83,93,80,117,119,99,1,109,70,4,81
8459,111,98,77,116,79,76,87,109,73,96,83,78,115,94,80,74,88
8460,113,81,104,109,107,77,115,96,117,98,119,25,106,75,91,79,108,112,76,85
8461,115,113,78,112,83,108,101,103,86,104,74,75,58,18,96,118,88,93,119
8462,4,111,73,82,98,78,70,76,99,108,110,104,119,88,94,113,60,112,47,103,66
8463,111,91,83,98,113,70,106,79,80,81,104,108,116,78,5,73,115,75,22,107,97,119,87
8464,81,109,78,111,116,75,99,107,76,106,73,115,119,94,87,104,43,110,112
8465,30,113,106,101,73,83,74,118,108,88,104,66,72,85,111,107,96,92,112,79,119,71,75
8466,96,86,118,73,77,16,83,119,109,81,72,112,91
8467,107,108,81,119,88,116,104,77,87,118,70,115,86,78,74,95,75,80,98,76,110,103
8468,85,106,74,70,78,87,108,109,91,76,110,86,24,119,96,111,116,107
8469,75,109,115,92,83,79,73,77,88,106,100,54,112,117,99,70,110,86,95,87
8470,70,111,96,91,77,98,110,86,117,109,94,107,87,103,102,119,99,93,73,74,104
8471,29,98,95,119,111,107,80,77,103,88,78,97,110,106,83,55,100,81,34,69,116
8472,90,74,99,94,91,111,73,88,86,76,108,70,119,116,112,92,101,96,79,77,68,107,98,117
8473,99,96,91,110,86,108,118,104,103,106,76,81,85,116,54,73,75,90,101,71,88,14,77,97,15,115
8474,109,98,91,92,95,80,88,85,90,94,112,110,86,111,104,119,113
8475,76,113,10,108,74,100,106,102,117,82,81,112,103,99,73,119,104,88,111,98,116,114,90,96
8476,108,92,73,80,77,90,85,76,116,95,81,8,1,87,97,88,67,119,118
8477,109,76,119,86,78,106,83,110,91,117,101,24,73,81,87,15,18,12,85,65,111,118,38,99
8478,96,83,74,82,103,77,85,108,106,90,99,102,115,86,107,110,13,19,81,111,118,80,113
8479,77,110,106,87,108,73,70,78,90,117,102,88,103,119,118,85,99,80,112,96,91,83
8480,80,99,94,86,106,75,102,108,79,70,107,109,117,91,49,119,92,111,85,55,77,113,74
8481,76,92,77,110,106,70,87,91,75,102,96,113,86,119,94,72
8482,85,115,78,101,110,82,113,74,102,76,73,94,117,116,70,91,112,88,92,98,87,107
8483,88,110,108,109,98,119,99,118,96,78,113,79,74,80,69,103,101
8484,96,114,98,78,80,87,104,99,86,119,109,101,76,118,74,73,91,89,75
8485,77,91,75,110,95,86,94,78,101,113,93,106,96,5,83,82,66,98,85,4,111,24,104
8486,107,83,73,119,96,112,104,92,108,79,118,90,75,97,86,94,10,70,38,116,115,95,109
8487,92,96,107,86,87,108,102,82,119,76,90,103,74,83,115,4,73
8488,116,75,94,118,119,76,82,109,85,92,111,87,100,104,93,65,37,67,1,77,99,96,81
8489,79,90,108,109,91,73,81,88,118,74,104,107,96,2,53,25,117
8490,92,76,83,77,73,102,118,88,74,91,78,112,99,115,70,116,28,79,10,98,117,109
8491,94,77,79,98,106,108,75,86,87,102,99,91,103,117,110,118,70,101,92,113,58,74,96
8492,116,99,74,111,119,76,107,83,94,85,29,96,4,81,108,70,75,112,79,19,98,101
8493,114,117,113,76,92,83,95,107,81,102,98,70,106,99,74,109,111,104,108
8494,104,81,106,73,111,86,79,80,94,118,115,83,107,119,99,89,98,95
8495,74,82,115,111,119,83,91,90,96,118,85,88,113,86,76,71,58,94,101,100,95,78
8496,115,93,118,103,113,101,74,112,75,96,100,78,116,88,107,90,98,82,104,65,86,92,4,109,80
8497,88,57,118,91,73,83,100,92,79,94,95,119,90,98,5,99,87,108,104,70,106,43,9,10,76
8498,112,78,87,83,94,74,119,104,76,32,106,117,111,47,96,115,73,70,113,77,95,99,20,85,97
8499,119,73,90,106,108,75,111,116,112,74,97,50,95,85,51,110,118,107,101
8500,108,107,80,73,104,91,77,70,96,98,24,95,101,115,67,106,79,76,23,88,83,119
8501,115,79,74,102,119,86,70,78,90,73,113,80,116,104,101,67,1,46,95,83,72,76,108
8502,77,80,83,76,70,82,107,85,92,24,73,101,95,10,111,32,113,31,112,102,94,115,103,93,100
8503,83,117,81,76,85,102,113,74,109,116,106,103,94,107,40,99,110,93,29
8504,113,78,111,74,94,92,108,103,90,81,80,47,99,98,118,88,116
8505,95,82,92,77,104,78,113,110,116,102,91,119,73,70,100,115,93
8506,107,87,85,112,109,94,106,115,70,92,86,117,90,79,119,76,81,88,98,73,78,102,99,75,46
8507,82,106,79,99,108,70,96,113,78,83,104,87,109,100,75,74,116,77,117,2,35,92,1
8508,80,119,99,118,107,116,39,108,91,110,81,7,98,87,113,115
8509,85,99,98,76,75,92,102,104,95,17,119,116,106,97,96,65,87,74,78,101
8510,77,70,100,83,92,86,4,78,80,82,104,101,30,115,119,107,113,99,85,58,110,118,108,91,81
8511,70,109,99,73,80,106,85,112,77,75,119,101,90,1,100,98,114,118
8512,98,78,115,75,85,90,94,97,96,117,103,89,101,109,119,118,107,79,86,106,91,112
8513,86,74,60,88,108,115,109,98,78,113,73,92,103,76,104,94,28
8514,80,112,113,85,75,91,81,109,88,82,106,119,78,6,70,24,108,103,116,99,77,92,74,115
8515,118,85,82,112,4,99,96,119,86,106,2,90,76,92,110,54,115,83
8516,29,104,106,107,116,82,94,83,110,97,24,96,109,9,113,108,23,112,86,15,79,76,103
8517,79,77,108,113,86,116,88,119,104,92,101,70,109,36,45,98,78,95,99,112,87,83
8518,92,86,107,83,113,77,90,70,116,78,88,110,87,118,80,103,76,75,93,111,112,119,73,81,64,94,99
8519,117,94,115,73,80,113,86,106,87,101,111,108,91,107,112,54,88,98
8520,106,75,101,107,108,119,109,115,96,118,73,90,80,85,102,2,50,81,110,77,113,79,99,83,62,91,10,97,94,9
8521,96,119,111,115,101,102,74,117,104,112,100,75,91,106,113,98,114,73,15,14,92,77,118,94,22,90
8522,86,73,101,117,119,91,80,96,103,111,81,2,10,85,115,102,104,118,79,92
8523,87,81,70,77,78,110,99,97,108,119,86,115,107,42,73,75,101
8524,87,112,98,108,113,77,115,80,106,93,74,81,91,24,90,92,107,83,111,99,76,79,109,117,118,62,4,96,114,97
8525,75,116,86,103,107,102,110,117,79,73,83,88,10,111,45,87,65,78,94,99,5,54,90
8526,2,96,78,92,85,103,75,79,90,107,113,108,88,94,106,117,74,118
8527,91,112,70,113,86,74,118,85,115,90,109,103,79,82,119,76,102,94,87,106,72,99,19,83
8528,103,112,90,79,110,78,107,88,83,115,111,113,11,106,92,96,114
8529,94,79,83,91,90,73,119,95,76,86,109,96,113,111,102,77,70,98
8530,73,87,99,108,75,119,115,116,111,85,117,83,106,91,51,96,89,67,81,118,112
8531,83,108,81,99,112,70,115,85,104,107,103,73,78,41,97,106,80,29,96,45,113,110
8532,117,74,111,79,94,108,78,70,119,116,95,88,109,107,4,90,110
8533,109,73,108,111,94,90,110,88,112,115,76,87,2,113,93,7,86,92
8534,92,117,81,115,101,118,80,108,87,107,79,110,106,113,33,91,116,100,75,85,82,111,7,78,95,94,104,119,63,99,86
8535,110,87,79,96,106,109,107,91,103,75,111,80,76,116,104,37,60,78,22,90,5,115,99,98
8536,87,107,119,113,79,82,80,100,76,86,91,74,118,37,104,48,39,81,96,90,22,2,75
8537,103,101,108,96,109,88,76,91,117,75,106,107,118,74,112,83,82,113,92,86,79,98,23,102,73,19,63,94
8538,82,101,102,109,77,74,90,75,98,78,76,2,99,115,83,24,58,112,86,17,70,34,94,106
8539,73,108,118,103,83,81,94,85,111,82,106,49,107,115,90,96,92,91,52,79,70,112
8540,79,70,110,101,74,99,77,113,90,116,2,115,78,76,107,71,93
8541,98,112,99,78,75,108,80,118,88,86,74,104,87,117,77,92,76,57,66,90,110
8542,92,74,46,78,117,102,90,99,108,119,116,81,77,107,63,87,86,50
8543,115,102,113,117,76,111,104,88,106,86,92,105,80,77,112,116,73,90,74,101,96,110,95,107,100,79,81,98
8544,87,75,115,104,74,110,76,96,92,111,81,70,91,24,79,85,55,99,80,61,109,73,60,94
8545,115,116,96,87,94,108,86,90,110,95,81,98,109,80,103,15,70,119,32,30,14,92,113
8546,96,24,101,73,103,75,109,118,106,81,76,87,119,99,79,80,90,83,42,23,116,52,92,98,58,107,84
8547,85,90,106,118,111,73,96,115,109,117,108,77,80,99,78,119,79,112,86
8548,90,81,104,106,87,98,108,112,74,109,102,118,119,79,110,70,80,105,91,40
8549,113,88,99,76,107,95,75,101,103,83,93,98,108,77,90,73,80,79,81,19,117,91,4,46,109,2
8550,106,85,108,88,92,78,115,98,75,91,110,102,111,73,54,109,83,70
8551,100,82,99,115,93,73,112,87,110,106,86,75,118,103,80,108,117,74,76,77,68,81
8552,94,96,70,79,90,91,83,111,104,101,109,82,118,103,112,117,99,102,54,116
8553,115,96,83,110,100,73,102,95,113,111,81,104,86,10,91,116,93,119,76,103,79,42,82,98,107,97,2,74
8554,86,115,75,79,96,98,113,74,107,76,116,101,83,91,77,109,93,117,111,66,73,90,92,82,112,108,10
8555,102,111,96,104,119,113,88,92,112,76,78,73,83,36,11,108,8,86,107,42,116,56,101
8556,70,87,75,119,109,107,112,96,86,5,113,98,74,92,101,116,73
8557,98,76,96,117,111,108,106,81,113,87,74,114,73,78,102,99,107,23,11,70,83,24,77,88
8558,112,104,108,110,85,102,106,92,115,95,107,2,97,109,111,98,74
8559,81,85,79,113,88,96,101,94,109,91,102,70,108,82,99,107,74,83,87,103,104,40
8560,70,76,109,116,79,78,90,75,113,73,108,101,96
8561,114,90,108,78,116,82,112,111,75,73,12,45,102,110,103,79,101,6,81,43,96,113,100,115,76
8562,110,116,98,83,107,91,81,101,113,88,80,79,102,74,99,100,77,106,73,85,2,78,37
8563,96,75,103,101,113,80,77,87,76,81,115,79,71,85,57,93,73,111,90
8564,83,111,103,87,86,70,101,98,92,74,112,76,4,110,108,80,32,99
8565,115,103,2,85,4,97,76,107,73,99,74,108,118,82,21,6,9,81,104,116,78,96,95,117,94,119,23,113,112,106
8566,29,96,117,88,103,118,95,111,94,116,113,73,70,90,75,67,98,102,110,38,85,52,46,115
8567,106,119,88,90,76,75,109,110,86,102,74,49,77,24,80,68,101,18,115
8568,103,78,86,74,87,109,88,98,104,93,106,102,81,108,77,101,116,75,79,12,80,95
8569,106,117,119,88,96,75,94,107,70,43,115,118,36,4,85,78
8570,98,78,70,95,76,111,113,87,74,119,85,117,48,115,80,107,83,90,15
8571,116,74,92,96,70,110,14,88,79,119,81,113,118,10,117,83,97,106
8572,116,87,103,74,78,86,83,76,96,88,101,107,90,93,1,98,82,112,70,109
8573,73,79,102,90,88,116,95,101,78,76,86,110,111,75,33,65,50,108,66
8574,103,92,91,99,117,106,75,74,119,112,80,111,94,81,118,66,70,24,96
8575,107,92,111,101,76,83,77,82,73,87,79,81,78,117,64,98,102,90,109,106,108
8576,111,39,98,79,109,88,107,101,119,106,102,94,76,95,104,41,113,14,90,4,86,108,81
8577,82,99,116,70,87,88,98,96,101,103,110,76,118,67,90,94,17,111,78,119
8578,103,82,113,110,99,88,79,80,102,91,75,96,87,119,109,107,73,90,115,70,83,77,94,93
8579,118,85,117,77,119,104,107,112,115,109,116,74,76,98,78,72,90,81,88
8580,116,103,95,99,86,70,75,117,85,81,106,57,108,1,109,110,43,88,73,101
8581,90,78,77,87,111,102,116,81,80,108,91,101,93,104,115,107,112,79,83,86,110,85,99
8582,111,81,112,88,75,108,101,83,92,97,57,80,28,94,43,79,24,116,29,109,90,85,107
8583,87,83,115,117,107,15,7,5,106,101,24,113,93,21,118,77,95,100,20,12,90,52,110,22,72,96,55,111,80,65,81,116,105,73
8584,86,74,107,92,108,106,115,99,79,88,94,77,113,83,78,98,23,75,112,102
8585,111,118,99,73,86,85,94,108,119,77,88,103,112,2,33,101,116,14,80,76,98
8586,73,117,116,90,78,107,74,76,18,2,29,101,65,111,80,94,79,119,77
8587,92,94,90,116,113,115,103,79,107,110,69,111,91
8588,77,73,118,90,57,99,75,88,112,108,103,92,91,76,101,107,2,10,109
8589,104,118,78,116,101,107,92,112,76,82,102,87,75,68,70,11,81,108,103,98,90
8590,82,95,80,103,76,79,78,101,99,119,113,91,102,109,70,104,1,112,110,86,117,115,88,87
8591,94,118,104,76,79,109,82,88,100,83,75,98,110,101,81,102,77,113,74,73,78,54,107,119,85
8592,79,104,119,87,115,112,113,92,81,108,106,111,110,116,96,107,75,90,91,73,95,76,109,103,99
8593,102,96,70,92,107,91,108,85,77,24,110,103,104,54,101,115,99,78,112,98,51,119,73,81
8594,82,96,112,75,102,113,98,78,95,70,106,99,109,80,44,90,116,86,103,92,72,104,87
8595,107,83,82,91,88,110,104,93,85,113,79,109,66,115,13,116,100,80,55,77,76,98,101
8596,70,106,88,109,82,96,91,98,24,119,83,112,90,86,104,118,76,15,114,54,17,101,92,10,95,41,75
8597,76,2,110,82,102,96,106,78,70,115,107,109,63,87,77,103,85,98,97,112,100,92,108,116,24
8598,73,88,98,74,96,108,94,119,115,80,101,118,85,111,3,106,91,110,90,87,17,99
8599,85,78,109,73,87,81,76,103,92,86,79,75,88,94,106,70,115,118,74,116
8600,106,99,94,73,115,101,109,78,53,86,88,91,117,98,85,119,112
8601,117,86,101,78,96,115,106,79,107,110,93,88,102,83,74,82,118,104
8602,88,115,91,74,107,76,87,80,90,85,101,81,113,94,111,42,63,118,95,86,97,16,7
8603,90,116,109,104,88,76,2,113,86,110,96,117,56,112,111,106,41,94,74,83,24,85,103
8604,98,79,76,83,90,74,81,92,70,118,109,77,75,116,96,117,104,88,91,106,41
8605,108,77,116,83,100,111,113,107,86,76,78,7,102,5,98,93,119,110,37,96,81,75,109,117,43
8606,107,76,109,94,85,103,86,119,102,70,78,91,93,117,73,111,108,82,115,112,110,88,87
8607,87,99,85,108,107,88,78,112,75,26,104,111,96,101,55,98,94
8608,102,86,113,110,109,95,104,76,79,83,74,116,119,66,70,101,73,35,61,90,118
8609,106,118,93,107,76,102,85,80,79,115,101,77,113,78,100,99,87,37,95,7,5,90,108,54,28,24,119,64,21,96
8610,100,110,96,101,79,113,106,80,82,119,117,91,90,70,73,95,98,87,88,109,22,115,85,83,104
8611,83,80,91,106,86,110,75,113,107,102,93,96,100,119,117,44,2,94,85,95,104,82,67
8612,116,88,79,83,103,119,94,74,115,73,78,110,99,107,98,36,111,118,93,104,113,41,70
8613,113,92,81,70,91,83,107,75,74,85,96,106,98,115,80,118,88,104,58,90,93,10,117,53,102,64,116
8614,112,91,90,75,77,94,70,118,106,83,110,82
8615,115,106,110,90,77,73,94,75,86,95,113,81,70,91,96,118,85,80,108,2,67,82,74
8616,103,108,73,82,92,70,95,101,79,61,115,113,110,118,93,116,90,15,46,119,94
8617,94,88,82,107,118,87,111,117,61,101,113,119,110,98,56,2,70,75,93,95,80
8618,83,78,115,88,81,103,82,96,75,107,112,12,101,40,51,118,80,63,85,111
8619,80,86,90,108,118,110,78,98,111,91,68,61,76,106,73,42,112,81,83,119,92
8620,117,93,94,99,90,108,111,77,85,88,113,118,87,80,110,112,107,70,109,100
8621,87,90,116,94,86,81,112,109,118,73,115,85,113,75,107,79,111,108,74
8622,70,90,101,76,83,118,108,85,95,110,30,86,106,109,81,102,99,113,100,77,52,105
8623,92,116,70,81,87,76,99,82,110,75,101,98,88,119,97,102,85,94,86,23,112,9,118,73
8624,76,116,102,115,98,99,90,81,70,88,78,86,87,6,111,96,74,14
8625,88,112,116,85,111,81,96,99,83,109,86,75,98,110,48,93,58,113,70,80,82
8626,90,111,80,101,85,110,81,77,83,91,103,75,98,113,17
8627,86,70,112,99,96,77,74,103,76,108,118,113,101,82,111,102,107,98,92,90,73,88,117,119,106,29,87
8628,73,103,76,81,95,118,94,80,74,91,112,115,79,113,86,82,116,108,107,70,104,106,48,87,105,85
8629,86,103,83,81,99,101,112,75,91,118,73,96,115,80,104,85,111,46,108,94,110,93,116,79,98
8630,112,73,117,110,107,79,75,78,94,96,60,99
8631,76,90,83,96,86,108,103,119,91,112,99,78,85,117,100,118,70,74,115,9,87,92
8632,99,91,74,116,108,107,101,81,86,119,70,102,75,110,113,98,87,40,96
8633,79,80,99,73,116,70,74,106,118,94,108,86,110,119,90,112,102,101,103,75,81
8634,101,91,86,104,118,117,111,95,75,112,115,88,90,108,87,110,98,76
8635,94,118,116,75,91,115,113,81,98,76,10,21,24,119,90,86,97,117,93,77,83,70,106,108
8636,111,80,106,74,87,91,108,102,70,103,86,40,110,115,83,94,49,31,95,78
8637,75,111,113,106,81,119,76,110,92,116,88,87,95,85,112,73,115,86,104,118,109,4,77,108,107
8638,94,75,91,81,113,70,80,85,101,111,114,73,108,102,82,98,107,115,116,77
8639,79,112,117,118,111,113,103,119,97,91,77,94,88,115,83,96,108
8640,119,77,108,99,112,115,118,71,33,81,53,11,70,96,106,7,80,109
8641,100,115,90,87,79,96,91,107,116,112,119,85,94,75,101,106,109,73,6,56,76,95,70,103,78
8642,112,88,113,119,102,116,79,110,80,103,96,76,111,91,70,87,82
8643,73,106,109,70,88,79,77,116,74,90,76,108,36,110,82,91,85,118
8644,103,91,79,81,108,78,85,87,106,76,101,115,75,112,113,88,117,116,86,95,111,53,98
8645,75,74,91,112,115,81,113,106,86,119,116,83,85,94,70,99,102,80,6,117,92,111
8646,74,87,111,73,96,98,85,88,109,113,38,92,112,51,116,110,102
8647,116,82,74,87,73,86,112,107,77,111,109,88,4,106,99,79,118,85,115,94,83,70,78
8648,90,86,116,82,100,117,80,113,111,99,118,70,115,107,108,76,4,106,5,2,74,78,75,94,81,102,95
8649,116,112,87,115,80,98,77,103,92,73,118,110,102,96,74,38,81,82,101,85,35,119
8650,87,117,101,75,107,91,115,80,86,90,116,78,98,40,29,79,77,94
8651,90,85,77,88,116,81,113,86,87,17,92,105,73,110,118,108,102,79,39
8652,106,73,113,74,80,112,76,103,117,116,111,86,30,66,115,78,77,42,63,50,90,119
8653,92,85,55,86,119,110,106,79,75,118,104,99,115,1,108,78,102,83,112,42,6,88
8654,77,88,74,76,95,78,110,87,118,92,82,83,109,106,55,80,86,7,96,4,2,101,42,6,108,43,90,103,116
8655,7,29,73,98,118,92,90,77,119,82,100,99,74,85,81,87,111,116,61,21,108,65,105
8656,109,113,74,90,83,75,99,117,78,100,103,119,80,64,107,1,93,32,92,111,106,76
8657,119,80,86,91,115,106,96,107,109,108,103,95,112,116,110,117,78,88
8658,117,86,103,82,90,109,87,108,88,101,96,74,80,75,102,36,93,99,33,49,85,64,73
8659,101,87,92,116,113,76,79,94,86,85,112,82,91,55,103,115,19,107,24,78,95,99
8660,81,92,106,79,96,98,111,73,85,108,102,78,74,103,115,86,83,110,109,94,28,87,104,90
8661,108,109,92,87,74,107,76,78,13,63,80,98,2,99,116,101,111,54,119,96,77,73,94,75,88,18,100,50,97
8662,109,80,75,70,110,111,96,91,36,51,83,118,98,77,59,85,87
8663,104,116,107,102,74,117,91,118,92,70,112,24,78,88,73,86,95,113,81,1
8664,77,111,81,83,90,113,78,101,99,73,80,103,86,109,97,57,108,104,55,92,94,117,87,46
8665,74,85,73,86,109,79,115,87,98,78,112,83,110,80,117,118,75,106,35,76
8666,77,86,24,110,5,85,76,99,101,74,104,118,100,119,94,117,96,107,34,9,116,10
8667,70,107,79,92,115,91,4,119,96,74,77,105,104,2,95,118,98,112,38
8668,88,109,83,96,76,74,73,75,80,98,108,107,68,63,87,104,29,86,113
8669,99,74,92,78,116,87,85,95,98,117,24,108,12,106,77,94,79,107,14,48,96,101
8670,99,90,78,94,119,86,108,70,110,116,96,85,82,83,75,77,114,73,87
8671,90,96,94,78,81,83,4,79,115,104,97,86,80,64,101,92,109,107,100,24,76,91,22,51,106,85
8672,99,117,94,115,116,104,106,91,102,113,92,75,119,96,112,101,83,93,12,23,118,73
8673,110,78,86,119,74,90,79,70,107,85,30,113,112,98,94,111,104,108,73,87,96
8674,108,116,70,76,99,106,113,119,81,77,83,78,96,90,103,74,112,115,91,82,102
8675,115,86,75,119,83,116,109,91,77,107,98,103,85,113,112,108,106,70,73,92,95,96,14,76
8676,77,112,119,91,88,76,86,75,87,92,79,67,107,78,101,83,111,98,81,58,90,2
8677,75,110,82,102,81,116,98,108,112,79,30,115,113,96,7,4,103,109,119,94,78,86
8678,77,79,74,86,111,117,103,108,80,107,70,99,94,106,100,83,101,85,88,91,23,97,104,115,81,2
8679,119,106,87,113,74,109,79,115,75,118,111,102,81,24,96
8680,96,117,101,80,87,73,88,104,79,119,97,118,83,113,94,109,92,82,77,95,10,76,102,44
8681,109,80,91,101,70,96,113,116,75,74,87,83,78,118,110,104,119,82,22,86
8682,112,117,87,95,96,86,80,104,113,78,106,118,70,83,76,90,111,108,91,102,98,92
8683,114,91,75,94,78,115,73,87,116,103,117,26,77,81,119,4,113,31,86
8684,87,115,92,107,73,118,83,80,78,98,81,114,101,116,119,112,91,117,90,79,88,77,113
8685,117,74,75,73,102,104,111,101,85,86,112,119,95,78,90,96,94,103,76,83,87,70,113,79,110,115
8686,74,117,78,98,82,75,112,80,83,73,108,45,90,76,86,115,96,116,95,91
8687,93,85,88,82,75,119,99,115,101,111,103,106,83,108,100,90,78,2,73,110,81,60,104,48,87,61,79
8688,81,113,91,29,70,112,96,95,110,77,108,107,74,103,83,117,55,80,109,98,75,78
8689,118,77,83,78,106,76,102,79,117,108,103,73,113,95,87,85,101,82,75,99,116,88
8690,85,80,77,102,119,79,73,118,83,86,112,115,24,88,82,105,29,68,106,104
8691,79,117,110,88,94,96,74,108,85,112,81,113,115,64,80,70,12,111,107,109,99,90,106
8692,83,113,112,79,106,108,98,102,101,119,82,76,77,70,41,118,103,94,44,115,96,93,100
8693,70,115,101,106,118,117,76,75,78,74,98,102,94,104,111,82,81,90
8694,90,110,98,73,78,85,91,77,7,86,72,101,118,93,25,3,119
8695,81,100,98,115,87,107,94,104,82,76,73,113,106,91,88,90,96,77,74,32,110,99,86,75,92
8696,116,99,80,77,85,101,119,70,81,102,74,79,86,94,82,88,111,96,108,109,2,22,1,107
8697,77,91,109,92,86,103,108,98,101,75,115,70,119,80,81,87,99,74,79,112,76,95
8698,94,104,113,88,98,85,92,99,107,74,101,102,96,80,26,109,70,21,43,103,108
8699,99,77,70,106,107,78,92,96,104,75,95,110,73,80,118,29,91,85,21,87
8700,75,109,76,110,70,92,86,82,99,88,73,24,4,85,81,90,112,118,113,97,96,91,116,79,50,115,74
8701,70,74,110,109,101,87,111,40,117,75,99,103,92,119,118,89,83
8702,104,92,85,96,87,113,112,95,74,108,94,76,88,75,15,79,110,53,115,117,2
8703,99,98,86,73,91,96,110,109,74,85,113,112,44,90,116
8704,114,109,91,85,104,113,108,95,86,81,116,90,102,119,73,60,3,79,74,115,96,103,110,5,83,75,105
8705,117,81,102,92,104,70,85,106,100,74,77,96,110,69,111,97,99,76,109,89,16,107,54
8706,29,80,115,74,78,88,92,70,101,111,85,75,87,116,117,107,118,112,86,16
8707,80,107,90,92,74,96,91,116,110,82,115,15,97,73,76,104,2,23,100,88,11
8708,109,116,86,112,98,90,115,78,113,119,75,92,101,110,107,103,77,31,33,88,85,79,111,83
8709,80,77,61,78,118,108,106,104,99,83,82,119,94,87,70,86,58,92,112,117,57,23,107,21,109
8710,78,102,93,76,98,101,109,94,113,83,91,92,116,75,105,80,106
8711,110,96,113,74,112,86,2,101,90,80,108,104,76,94,83,63,106,75,88,98
8712,99,108,81,100,102,75,77,78,87,119,82,2,96,103,41,24,76,95,88,48,85,107,73,22,83,111,17,98,94,110
8713,80,106,83,87,111,101,81,90,98,112,22,109,94,96,115,79,4,116
8714,110,118,77,88,76,73,82,100,115,33,103,109,116,111,74,24,98,113,15,112,13,107,106,90,91,108
8715,92,91,70,83,74,88,107,78,79,103,119,87,82,28,101,109,108,118,113,116
8716,101,113,87,74,93,75,108,102,97,118,78,79,52,98,90,96,112,92,2,81,107,99
8717,87,80,85,81,91,112,98,111,83,101,100,108,95,76,110,104,115,113,116,93,74,82,10,70,77,94,99,20,109
8718,113,83,77,88,78,79,90,80,74,101,98,100,70,108,119,15,76,96,118,95,29,99,20,86,13,73,60,82,97,106,75
8719,88,111,99,94,90,78,113,118,80,86,96,4,106,45,84,48,98
8720,111,118,86,90,73,106,88,116,75,101,107,91,80,79,117,74,110,109,103,87,12
8721,96,118,79,86,101,111,85,106,82,83,102,108,12,70,117,115,90,87
8722,70,96,74,103,111,119,98,75,79,106,102,81,116,113,101,82,44,10,83,30,56,90,91,77,78
8723,87,116,74,83,113,101,78,117,70,82,98,110,90,106,118,4,63,91,34,88,94,104
8724,104,75,73,82,115,107,81,119,2,106,98,116,110,85,54,4,118,41,61,112,105,78
8725,76,102,103,100,82,109,94,115,88,106,107,104,92,119,96,118,29,54,108,117
8726,119,80,79,86,75,112,76,90,102,2,116,74,73,83,77,115
8727,22,77,100,79,24,82,78,114,110,63,88,104,119,90,107,92,117,87,102,76,23,43,111,55,57,19,80
8728,83,91,110,109,76,90,117,88,95,2,97,108,45,119,115,86,93,94,80,5,98,107,77
8729,86,107,92,99,80,79,113,116,81,96,90,111,95,29,103,74,109,57,77
8730,92,115,90,91,95,96,86,117,110,78,41,101,106,74,107,67,4,13,83,111,77,119
8731,115,109,99,119,96,92,93,118,77,85,100,113,104,81,111,90,110,15,74,87,69,78,5,79
8732,116,110,73,81,78,111,112,74,115,113,34,37,3,99,102,80,119
8733,107,113,98,79,78,86,92,87,76,112,77,28,104,111,9,94,74,103,88,70
8734,112,93,99,90,118,109,92,81,98,75,110,32,76,94,63,103,86,107,87,115,82
8735,106,102,74,94,79,110,113,111,103,91,101,107,118,112,119,75,88,109
8736,104,83,74,92,109,99,107,77,102,87,78,98,75,80,90,117,28,96,86
8737,119,104,118,113,115,96,73,77,85,92,107,16,83,75,87,40,97,93,110,80,50,111
8738,87,73,80,117,94,75,111,109,106,113,85,104,119,96,90,91,76
8739,73,99,96,82,86,75,91,80,118,117,97,77,95,81,83,93,98,108,27,110,78,103,76,85,102
8740,79,74,96,98,77,111,102,87,90,73,82,32,108,95,116,75,38,76,112,9,106,117
8741,107,83,82,102,78,85,90,103,81,100,95,115,91,44,86,104,23,108,10,87,118,93,101,79,109,113
8742,80,85,115,82,116,104,113,96,98,70,108,102,111,81,17,74,103,91,23,112,28,101,119,78,79
8743,113,112,118,76,99,110,90,86,111,75,83,102,80,93,109,106,119,13,101,73,81
8744,106,109,79,91,111,73,92,90,98,112,94,116,74,101,75,77,88,113,80,81,119
8745,102,83,79,75,111,76,104,98,87,116,113,99,90,82,86,10,85,110,103,74,106,115,119
8746,85,118,99,119,104,96,86,73,88,115,77,80,95,70,76,108,112,91,116,79
8747,83,99,116,112,80,72,73,101,57,98,103,81,115,76,38,104,94,97
8748,90,107,119,85,106,110,80,81,87,108,70,35,47,78,79,112,86
8749,118,95,104,81,99,96,110,115,86,112,113,116,92,76,55,4,85,83,10,79,73,102,75,80,74
8750,83,90,108,115,101,94,116,86,109,33,76,106,104,107,24,74,57,96,111,82,65,2
8751,117,118,81,115,103,108,80,70,112,62,73,109,18,99,58,101,78,93,3,98,2,116
8752,102,108,99,74,94,72,112,73,106,76,80,91,95,86,109,4,100,48,77,78,84,103,79,75,88,46
8753,75,116,108,99,76,88,103,106,81,74,96,117,92,112,78,79,109,77,118,95,83,94
8754,70,110,92,86,4,118,94,101,117,115,106,85,80,100,88,83,96,81,73,104,77
8755,119,98,106,78,83,56,70,79,99,112,87,82,81,118,104,2,90,88,110,25,85,76,101,6
8756,100,88,87,109,95,81,85,99,70,101,75,42,118,77,98,2,119,117,78,83,92,90,82,116,110,14,107,94,93
8757,104,107,91,79,112,111,93,94,88,73,90,92,85,22,110,106,7,42,101,99,80,9,86,31,118,78,117,83
8758,81,74,76,85,73,110,115,86,107,92,93,102,113,83,88,91,46,97,99,19,106,94,112,101,18
8759,112,106,77,115,76,102,80,93,2,110,74,94,49,109,9,107,24,118,81,19,103,42,96
8760,94,70,115,99,80,90,82,85,87,96,16,75,111,40,109,110,57,81,106
8761,101,80,79,118,81,111,86,98,88,91,90,115,94,99,77,102,110,116,113
8762,91,92,41,118,100,75,110,76,104,29,95,108,59,115,99,96,65,93,69,98,111
8763,80,111,98,77,85,22,81,115,90,118,109,113,94,9,78,107,70
8764,110,115,117,93,85,87,113,101,74,119,103,79,98,73,90,118,107,77,83,3,20,116
8765,111,96,106,99,83,86,85,38,80,81,116,74,4,108,79,110,94,2,77
8766,74,80,85,79,99,107,118,90,98,108,91,112,13,78,103,101,94,32,87
8767,108,83,110,118,90,85,73,88,78,111,115,97,92,116,29,87,94,96,54,98,39,24,114,7,70,6,80,86,117
8768,87,113,86,78,116,101,119,90,81,47,102,1,79
8769,84,107,74,112,118,109,70,90,77,91,113,108,102,117,104,99,115,88
8770,80,77,88,79,112,101,85,99,90,98,94,76,91,87,75,118,7,102,109,119,78,103
8771,75,103,85,110,83,70,102,73,96,117,101,94,33,109,2,108,88,118,91,74
8772,107,77,91,74,99,109,87,83,101,90,98,49,4,108,102,88,55,115,2,15,79,82,85,110
8773,101,110,111,94,85,109,77,88,96,119,81,75,83,115,70,91,102,90,64,108,106,87,80,23
8774,92,99,73,98,87,116,74,119,109,111,71,103,96,60,52,70
8775,79,110,70,119,83,115,81,105,76,87,90,80,101,88,94,111,66,116,103,118,113
8776,81,99,70,109,113,106,94,73,104,111,118,93,115,90,87,96,91,58,66,101,92,102
8777,106,118,116,85,87,117,108,74,109,88,86,99,97,73,103,95,101,107
8778,110,113,109,98,79,115,102,106,76,108,73,78,93,5,119,81,54,24,107,96,85,86,101,20,91,116,97,74,92,75
8779,117,99,88,113,80,94,101,74,108,90,96,93,73,30,118,100,41,51,17,75,119,85,12,95,76
8780,90,117,98,119,103,80,108,109,115,101,78,83,107,91,77,116,92,94
8781,74,116,82,119,112,86,99,100,81,87,79,111,75,83,94
8782,119,113,100,96,70,115,112,78,90,83,95,87,74,82,59,91,24,111,114,99,106
8783,78,81,109,116,76,118,99,77,112,110,104,74,25,113,111,86,96,94,85,100,91,75,90
8784,92,77,76,108,94,98,113,81,110,84,111,101,117,24,109,119,78,44,70,29
8785,110,101,115,111,87,118,73,99,119,78,50,104,24,108,72,116
8786,70,98,118,83,95,80,1,94,111,116,78,73,19,96,117,87,79,110,113,77
8787,81,78,112,96,107,83,106,103,118,85,94,35,45,73,32,92,99,88,20
8788,92,83,118,82,91,100,109,115,102,119,110,74,108,77,5,86,73,111,80,103,85,22,17,116,39,107
8789,112,91,117,96,81,86,103,79,74,119,108,115,118,85,102,70,75,28,98,111,110,109,19,113
8790,96,111,94,78,101,79,74,109,95,113,88,92,82,106,80,112,118,66,119,97,86
8791,78,115,85,96,82,100,27,77,12,88,97,91,98,2,83,24,108,54,101,119
8792,103,99,85,111,74,75,110,88,101,118,108,77,80,106,65,73
8793,78,99,109,113,101,108,76,91,96,111,100,75,90,29,85,60,83,107,86,20,95,81
8794,99,87,98,101,111,75,83,115,73,104,80,79,102,118,110,85,94,88,103,116,90,74,108
8795,118,98,85,81,77,90,117,111,75,86,101,106,116,24,82,119,65,109,83,80,67,70,74
8796,74,11,115,86,117,80,111,91,75,118,104,106,73,98,107,88,77,90,85
8797,94,99,86,98,76,70,87,110,109,107,79,96,85,73,111,119,118,75,78,83
8798,102,113,80,86,106,119,83,96,76,87,116,101,107,74,90,81,1,111,85,58,99,77,109,115,108,78,112,98,94
8799,117,38,73,68,95,90,86,118,10,101,75,113,57,76,100,2,88,109
8800,92,73,81,94,80,107,99,106,83,116,111,112,98,101,87,90,93,108,91,104
8801,54,79,70,74,118,110,115,82,87,109,107,90,96,100,113,80,86,92,76,111,119,41,104,116
8802,119,104,117,101,74,99,73,102,92,91,112,95,76,106,115,116,87,35,113,108,4,78,93,118,64,110
8803,86,113,94,108,79,99,74,110,83,111,107,76,96,115,5,80,92,36,102,119,19
8804,77,94,103,88,106,87,80,115,104,102,83,118,95,74,82,73,79,111,119,2,91,112,78,108,99,92
8805,83,110,118,113,106,73,79,70,102,103,94,91,86,99,98,22,75,112,116,46,64,114,78,81
8806,83,106,114,113,86,94,73,91,87,112,99,81,111,117,110,119,107,1,78,90
8807,81,117,91,80,85,111,118,76,86,113,98,96,112,101,83,108,74,94,99,104,73,43,107,87
8808,73,116,88,94,104,90,77,107,86,111,106,118,39,101,112,96,57
8809,83,77,100,87,104,116,117,110,113,112,109,106,80,99,108,103,96,2,101,57,79,70
8810,93,101,111,91,104,15,90,81,86,116,92,76,83,107,95,110,88,112,1,74,75,109
8811,83,116,87,115,73,82,74,108,98,99,111,75,107,86,85,66,90,92,70,35,110,118,106,91
8812,78,88,107,117,115,91,119,74,83,103,26,79,75,113,90,24,23,40,76
8813,116,76,112,86,98,78,87,75,117,107,99,73,77,113,92,67,51,96,118,85,94
8814,79,78,75,101,113,91,115,97,87,117,108,94,90,96,73,106,17,112,102,116,80,93,77,85
8815,83,109,87,82,93,81,80,96,116,102,99,98,24,100,104,117,48,95,37,3,111,79,77,90,97
8816,110,73,118,75,104,77,103,83,87,92,112,81,107,36,96,4,3,7,109,102,82,85
8817,115,85,108,70,83,78,110,86,116,54,101,119,64,99,98,8,29,107
8818,100,115,106,82,119,70,111,83,88,102,74,113,78,103,117,108,109,99,2,110,24,75,85,93
8819,92,116,73,88,119,79,75,103,107,110,78,80,108,115,81,99,98,71,113,86,87,83
8820,76,98,83,100,86,90,95,112,99,96,102,119,81,85,87,4,66,107,19,26,30,94
8821,23,106,76,4,73,81,111,77,82,103,104,74,101,79,119,88,10,87,91,85,98,78,75,92
8822,88,79,92,99,81,111,119,106,107,109,48,96,74,112,110,86
8823,92,115,77,74,82,119,112,109,73,75,96,118,99,81,104,107,36,70,98,91,117,94,83,63,111,78
8824,107,116,96,113,90,86,77,75,87,112,93,103,37,88,109,80,110,92,104,84,101
8825,107,88,82,90,116,101,108,95,118,113,86,110,106,102,111,83,112,73,96,11,7,103,77,98,100,21,91,94
8826,74,111,103,95,85,38,88,15,113,109,94,50,96,79,104,101,73,116,92,24,81,77,98,82,13,90
8827,57,86,109,88,81,107,118,77,83,90,92,112,94,115,106,78,10,101,74,55,99
8828,108,74,86,96,118,94,2,75,110,88,90,85,109,78,83,70,77,82,111,98,26,55,58,91,103,9,66,107,102,106
8829,111,106,79,119,75,77,90,91,118,117,74,76,104,103,98,112,109,73,63,24,102,113,37,23,87
8830,111,96,107,76,110,79,73,112,116,109,75,106,78,99,94,23,102,87,65,113,92,95,118
8831,94,75,118,109,106,86,116,73,91,77,119,101,110,79,117,83,90,39,84,45,93,115,48,63,41,2
8832,113,107,80,92,94,119,98,110,79,115,76,83,87,91,111,70,90,118,88,85
8833,73,74,103,75,94,108,81,116,112,97,91,111,102,104,96,80,117,83
8834,88,91,82,111,106,85,78,74,80,107,110,63,117,87,96,79,116,112,70
8835,79,20,115,107,101,80,85,75,99,95,92,81,88,104,77,19,70,71,82,11,103,94,76,63,86
8836,92,119,87,78,79,82,112,91,110,111,75,72,107,99,5,73,100
8837,86,74,116,108,75,81,107,91,111,103,79,102,85,115,67,76,118,87,119,10,77,109,98
8838,112,116,74,104,108,77,106,110,85,59,68,95,82,107,44,20,99,36
8839,116,99,82,96,111,90,115,77,86,98,87,95,85,94,75,105,36,113,18,102,119,4,83,101,5,97
8840,74,75,104,108,83,90,113,79,82,78,107,94,118,72,106,63,95,43,66,85,116,100,54
8841,88,85,80,86,101,96,75,104,108,77,90,116,45,98,91
8842,75,110,94,78,106,101,96,102,76,7,86,116,117,82,97
8843,108,104,79,90,98,103,117,107,75,116,80,77,119,85,91,61,87,96,31,73
8844,94,103,85,115,92,106,98,105,104,80,100,119,74,10,77,73,78,90,24,102,48,76
8845,118,85,95,98,119,91,107,111,96,81,75,74,106,99,92,80,83,109,76,66,86,23
8846,94,83,81,80,109,87,74,82,92,85,104,91,105,115,30,5,32,101,116
8847,91,118,101,117,73,92,90,88,113,108,54,107,85,112,104,106,75,95,109
8848,78,74,91,80,103,115,112,85,109,101,110,75,119,98,99,106,117,86
8849,108,111,112,86,85,98,116,87,113,109,88,118,70,26,4,119,94
8850,74,118,104,96,101,67,112,82,85,98,108,113,91,2,80,86
8851,116,70,109,108,113,77,76,88,96,75,99,90,104,94,80,8,74,106,107
8852,41,101,108,111,106,98,75,104,80,109,118,119,96,18,74,32,35,116,107
8853,83,90,87,109,80,108,113,70,94,98,104,116,96,110,81,119,85,29,63
8854,76,75,112,90,117,111,103,113,77,85,66,116,88,78,80,5,87,115,96,54,110
8855,113,85,118,97,78,117,81,91,86,80,104,74,55,94,95,116
8856,108,81,87,74,90,107,102,83,112,118,95,80,85,82,92,116,76,99,73
8857,117,115,73,79,88,106,108,94,98,86,84,87,93,113,48,90,80,76
8858,109,111,83,91,116,75,6,81,98,92,94,42,107
8859,86,113,90,110,74,94,96,31,115,23,47,80,78,92,103,83
8860,103,109,111,83,81,87,74,88,92,118,73,77,108,91,80,90,2,20,115,117,106,98
8861,88,118,110,95,73,107,77,102,117,113,101,94,79,99,103,51,105,106,78,82,119,91,85,90
8862,78,109,75,98,91,117,77,102,118,2,85,53,100,31,81,79,38
8863,99,96,79,108,91,111,101,75,115,116,102,92,117,98,70,88,39,83,82,80,77,104,103,78
8864,117,119,85,106,115,101,97,118,76,111,110,19,83,20,2,46,108,75,91,89,96
8865,115,112,95,78,91,93,101,90,117,92,77,102,70,74,94,81,113,55,83,86,41,87,88,49,96,4,64,56,28,104,23,106,109
8866,116,111,86,98,107,108,81,78,113,82,96,85,109,115,101,99,91,87
8867,29,80,95,96,119,104,115,79,91,94,98,2,92,116,75,81,76,113,106,59,101
8868,94,78,110,79,117,107,74,73,98,99,103,115,92,113,109,90,51,112,83,77,91,28,106,88,68,21,95
8869,94,79,96,85,86,108,110,103,109,112,63,118,82,4,16,98,80,101,88
8870,101,88,119,74,118,107,90,70,102,94,110,87,99,97,56,81,117,77,116
8871,96,118,75,79,116,107,74,111,106,119,87,98,88,83,102,94,38,73
8872,87,74,109,78,83,113,110,101,118,115,102,90,81,91,79,108,59,117,68,21,15,103
8873,88,116,107,101,75,79,108,74,119,77,78,70,90,87,81,83,112
8874,113,91,70,109,107,103,94,102,97,80,115,74,111,44,108,98,110,4,85,77,86,104,83,5,87,116,92
8875,85,112,88,106,78,103,119,98,74,80,70,111,94,81,107,104,65,61,110,82
8876,85,87,118,98,76,83,109,108,101,112,80,74,92,103,111,77,82,88,96,104,90
8877,111,98,88,119,76,74,99,31,94,90,81,95,104,73,83
8878,70,115,60,116,110,85,109,112,83,88,63,78,77,98,62,111,101
8879,82,104,76,116,102,94,86,88,101,83,95,1,78,48,80,90,70,91,106,117
8880,116,112,104,70,73,86,78,94,118,117,79,9,115,107,99,106,54,88,67,98,96,109,101,95,8
8881,102,98,110,101,109,77,82,87,95,85,108,81,115,78,116,73,104,32,92,75,74,106,96
8882,29,104,85,86,94,75,118,119,88,102,96,79,101,106,116,66,70,115,98,91,81
8883,119,99,76,111,88,110,79,106,86,98,115,112,117,78,96,83,77,35,87,118,73,108,94
8884,106,118,110,104,112,98,117,111,70,86,115,102,73,91,113,99,109,93,80,76,96,107,81,41,88,103
8885,108,113,101,110,76,73,90,79,87,80,112,106,118,86,83,82,115,93
8886,77,108,83,85,112,91,96,90,111,104,101,98,107,119,86,74,95,36,113,66,80,87,100,105,52,115,79
8887,108,107,103,75,70,96,2,92,24,76,110,106,4,91,77,73,98,102,119,117,113
8888,82,31,108,116,78,102,115,118,75,100,111,85,113,112,83,81,77,79,44,1,119
8889,91,104,78,117,85,107,102,113,75,86,108,80,95,109,112,71,105,67,83,98
8890,106,78,74,76,87,70,75,100,85,109,77,101,99,115,90,63,113,93,114,40,110,119,97,108
8891,112,115,108,73,75,116,70,85,80,90,87,79,119,82,107,94,76,102,101,97,78,30,104,5,117,2,42,86
8892,96,94,85,111,83,82,101,107,110,113,16,90,76,23,73,45,10,109,79,59,118,75,78
8893,106,76,94,102,112,118,115,107,99,119,85,91,82,46,78,101,70,104,103,40,86,113
8894,91,99,92,75,110,85,117,109,101,81,13,98,52,119,107,19
8895,79,109,106,93,110,92,94,101,73,76,108,83,81,113,82,65,99,107,70,87,84,111,91,37,117,102,115,75
8896,90,76,74,99,78,118,88,83,102,87,98,96,70,9,111,61,73,101,112,7,80
8897,75,81,117,90,98,91,106,73,87,101,110,103,95,111,58,88,108,113,70,99,89,82
8898,86,103,80,81,117,107,70,98,106,96,118,116,109,112,92,73,108,110,97,115,79,82
8899,111,106,87,119,116,108,110,103,96,54,88,80,101,109,85,90,75
8900,111,102,75,101,79,113,110,103,106,83,81,82,112,78,96,91,53,73,33,74
8901,70,117,102,95,86,112,118,100,83,80,103,91,90,104,98,111,2,24,85,107
8902,110,119,109,106,95,111,73,79,80,101,90,88,89,2,94,102,75,49
8903,102,119,91,79,101,98,115,110,108,103,113,111,106,82,83,100,40,104,96,55,9,87,81,73
8904,115,78,91,110,117,96,94,77,109,108,116,106,87,112,74,75,51,83,98,27
8905,99,73,78,113,88,109,81,75,115,91,111,70,117,108,9,107,85,86,98,80,110,119,38
8906,78,96,106,92,87,79,101,116,90,109,74,104,112,80,99
8907,87,91,111,74,86,94,118,90,101,98,104,88,92,81,110,85,117,113
8908,88,104,91,78,101,70,116,98,73,115,93,83,85,86,79,112,76,80,74,118
8909,115,109,79,105,88,73,98,76,116,81,118,87,113,107,77,66,50,75,74,92,24
8910,70,113,99,104,109,115,117,96,82,87,110,103,85,80,106,111,112,79,2,84,4,81,98,75,67,93,101
8911,79,116,74,102,117,70,76,6,88,99,77,106,81,75,113,103,118,49,101,98,80,108,96,109
8912,86,83,96,110,116,92,95,88,73,99,109,91,75,78,108,77,113,107,79,87,94
8913,101,115,90,86,119,118,102,103,108,92,91,98,113,76,80,82,83,109,87,70
8914,85,118,98,111,79,77,87,96,109,73,80,90,75,116,95,21,119,7,97,107,112,115,104,48,74,2,9,23,11,50,100,94
8915,107,98,75,116,88,106,102,82,85,83,99,109,118,76,70,73,95,86,94,81,74,93,92,115,79
8916,85,101,110,107,86,91,109,83,99,94,73
8917,78,118,109,88,106,104,101,99,75,102,112,80,110,90,107,79,113,96,50,81,97
8918,115,88,79,75,101,102,98,85,70,92,73,106,91,83,77,117,32,90,93,74,112,99,94
8919,118,86,91,99,107,76,109,108,73,77,98,85,34,29,81,90,94,36,70,110,95
8920,109,74,118,117,83,96,87,91,85,76,110,81,103,86,98,92,75,99,80
8921,102,76,96,106,87,117,110,29,101,107,82,115,100,104,109,112,88,12,119,118,46
8922,102,79,73,103,112,83,98,106,117,104,77,92,2,85,75,115,29,96,24,107,109,5,113,80,10,119
8923,85,111,91,113,95,107,76,118,77,109,110,101,112,119,87,83,98,94,96,115
8924,83,90,82,107,91,110,100,80,104,113,88,77,102,112,96,101,87,94,43,81,23,117,34,13,24,78,28
8925,117,76,86,77,111,81,102,90,92,91,100,78,95,80,115,104,96,88,30,116
8926,104,73,76,116,78,118,110,88,101,79,102,107,95,99,112,54,83,113,74,82,109,87,96,106,108,86
8927,119,92,116,86,99,95,118,78,75,108,70,101,83,46,90,98,96,106,91,14,115,8
8928,79,103,104,94,96,110,116,74,78,108,106,101,91,67,102,118,107,57,95,43,80,81,113,76,99,90,109
8929,113,116,88,110,115,78,92,103,86,73,106,79,9,5,111,87,107,80,112,82,75,38,102
8930,92,86,106,115,107,80,81,104,117,96,76,91,90,87,116,79,109,94,74,102,110,98,108
8931,116,115,70,83,88,107,90,110,74,85,109,103,112,118,79,96,119,106,113
8932,110,101,90,108,73,75,115,88,109,99,119,74,83,86,78,117,76,118,106,77,94
8933,76,86,118,103,110,91,74,81,98,106,102,77,115,111,78,101,94,117,75,42,24,113,99
8934,73,108,115,85,106,91,75,79,102,80,113,77,116,47,62,48,101,97,96,109,103
8935,99,76,85,96,77,95,115,104,94,103,109,102,101,52,112,70,74,54,118,110,91,90,107,93,92
8936,111,99,103,112,90,96,109,115,118,65,108,110,64,102,73,78
8937,116,111,112,76,78,118,73,103,80,95,79,82,100,92,86,90,83,10,98,51,114,108,99,110,109,101
8938,81,106,115,109,85,119,77,102,70,98,111,78,118,80,117,108,116,87,94,75,43,88,114,113,100,28,24
8939,111,85,76,109,91,78,90,4,94,79,114,99,102,103,83,49,98,86,74,88,110,113,6,115,2,117
8940,74,101,70,115,108,78,94,12,113,31,112,93,81,110,103,77,119,23,118,73
8941,107,80,106,91,103,96,115,82,118,98,119,85,113,75,99,77,101,83,117
8942,90,82,112,75,86,88,79,108,113,114,118,115,109,80,85,40,111,32,106,107
8943,112,88,79,113,93,74,91,117,86,76,102,73,96,85,107,92,75,97,119,90,10,103,15,2,23,24
8944,77,91,111,104,88,108,94,102,2,119,90,106,110,73,83,87,112,117,24,70,118,74,82,81,27,86
8945,93,86,76,77,115,111,109,95,73,92,118,113,112,88,110,107,106,79,99
8946,92,104,73,103,88,99,79,116,117,77,85,115,100,78,110,93,113,69,109,76,118,55,75
8947,96,92,74,77,116,104,85,75,101,60,86,103,108,102,72,110,99,5,87,94,90,17
8948,92,75,94,86,99,111,103,101,87,81,88,108,79,104,20,53,119
8949,1,79,117,82,110,80,108,19,51,116,103,107,2,101,88,94,87,97,102,93,70
8950,88,83,87,79,116,103,86,117,104,94,53,74,70,110,106,108,118,101
8951,94,91,17,115,119,4,102,108,78,105,29,113,95,86,88,84,99,98
8952,90,88,79,76,81,2,78,116,85,96,82,99,87,83,75,94,115,110,1,97,106,73,19,80
8953,75,99,117,104,101,119,83,90,70,94,79,107,106,111,85,116,103,98,109,81,80
8954,99,81,119,78,98,85,112,108,83,79,94,80,73,113,111,91,22,102,75,87,40,116
8955,73,86,119,101,110,98,90,108,87,80,79,113,25,95,94,2,111,83
8956,102,93,103,101,112,94,107,90,104,80,100,108,74,92,81,78,119,2,99,113,115,85,19
8957,73,101,99,76,88,85,77,102,98,96,103,30,110,87,118,27,86,116
8958,74,109,111,83,2,92,115,85,110,78,76,99,79,90,104,116,103,81,86,98
8959,83,94,110,78,85,101,117,70,116,104,98,106,76,73,82,14,118,108,74,84,11,91,2
8960,118,90,109,78,81,77,117,95,107,73,75,76,93,79,24,108,87,100,96,37,74,112,54,119,104
8961,110,99,108,107,85,92,97,102,116,83,93,73,67,86,76,111,75,81,90,96,4,118,77,78
8962,91,83,113,110,115,98,79,82,106,109,88,95,117,75,87,118,102,114,76,81,111,107,93,5
8963,96,118,87,82,78,102,91,79,83,2,90,103,104,92,113,77,70,112,80,81,101,26,108,65,74
8964,99,81,86,77,101,78,96,94,31,4,110,80,22,104,118,112,115,111,109
8965,101,75,116,110,113,85,117,98,106,111,88,80,16,73,78,99,28,91
8966,86,87,82,116,100,6,88,97,96,109,115,91,117,106,101,54,98,99,112,92,119,75,11,83,111
8967,112,113,86,83,88,77,95,92,33,91,111,70,117,102,116,79,90,108
8968,93,109,117,101,92,75,82,87,112,106,115,98,111,88,103,78,107,118,113,99,43,21,63,77
8969,118,70,94,110,98,90,112,115,80,108,78,21,45,61,91,88,104,86,92,109,107,60,64
8970,119,80,116,75,91,109,83,70,81,76,98,88,96,87,85,113,103,73,78,118,90,95,106,107
8971,108,80,75,86,109,115,111,113,35,77,106,91,94,105,78,31,114,74,90,85
8972,79,100,103,117,70,107,91,96,108,88,113,93,115,82,119,112,83,109,75,80,104
8973,113,93,75,110,85,86,103,88,100,91,79,118,82,94,4,70,52,62,57,111,77
8974,103,78,109,113,87,95,79,106,75,96,80,102,98,59,99,42,86,104,70
8975,108,101,110,81,96,106,98,119,88,107,115,93,94,95,4,12,91,86,76,97,83
8976,119,90,99,113,110,88,80,79,118,74,29,101,65,83,87,75,96,115
8977,106,109,111,87,104,80,91,98,86,90,85,95,54,75,20,115,79,108,78,2,89,88
8978,108,94,119,106,90,116,117,112,110,59,96,88,101,62,99,102,78
8979,73,107,103,77,119,110,76,86,78,102,59,91,35,80,70,115,108,88,109,106,101
8980,118,74,80,108,83,88,79,77,91,98,119,86,107,110,101,99,49,90,104
8981,110,76,101,83,117,107,96,104,111,77,70,95,116,88,109,103,85,7
8982,119,73,79,92,94,109,91,113,118,70,83,74,78,116,44,35,102,80,16,40,112
8983,98,83,106,101,91,111,119,76,107,5,87,74,2,79,93,85,108,117,86,115,67,97,99,94
8984,86,119,108,94,98,79,115,91,117,75,110,78,85,113,116,111,101,74,83,24,106,80,99
8985,76,77,98,102,83,94,110,75,88,90,104,119,92,86,81,99,115,100,78,95,118,87,80,79
8986,85,98,108,109,78,110,107,99,116,73,106,80,82,104,112,113,24,96,92,64,81,47,115
8987,77,119,75,112,90,94,98,110,74,88,80,108,96,83,59,106
8988,76,106,107,117,74,78,88,77,113,81,109,54,104,108,91,111,2,99,73,70,71,79
8989,101,83,86,104,78,94,108,70,118,96,99,87,77,90,80,113,88,32,81,119,91
8990,98,90,82,80,117,91,115,106,77,70,4,111,113,100,2,47,94,118,28,116,43,104,92
8991,112,108,96,119,106,115,76,117,82,86,83,102,58,73,4,3,103,100,19,116,109,99
8992,80,90,104,83,112,75,118,119,78,96,22,99,92,94,44,74,86,113,10,109
8993,119,79,101,78,112,98,107,102,75,113,7,81,94,2,61,28,87,96
8994,75,81,94,83,91,70,108,119,113,111,99,73,74,88,118,40,30,27,90,80,2,86,97,106,98
8995,92,73,85,76,107,119,106,91,99,88,82,70,77,87,117,90,97,98,78
8996,92,87,91,113,116,80,115,117,88,111,74,112,76,86,90,110,119,101,33,2,19,81,106,73
8997,77,94,99,92,118,116,81,96,73,78,101,102,98,110,31,74,109,103,115,83,41
8998,90,75,113,76,88,70,110,92,87,74,77,97,101,2,79,98,102
8999,106,107,73,74,115,99,83,98,94,113,85,96,80,88,108,114,90,79,112,116,104
9000,82,79,86,112,116,88,108,101,78,76,100,107,110,113,80,102,111,115,99,98,74,114,91,42,96,43,117,64
9001,78,91,90,85,87,94,83,119,95,112,80,96,79,110,73,115,42,118,101,76,106,60,107,117,88,102
9002,70,78,75,112,85,107,101,86,74,111,113,40,90,119,94,106,109
9003,107,119,97,96,117,79,112,91,94,75,24,87,70,118,61,60,99,108
9004,98,96,77,74,76,108,95,109,80,113,86,104,119,107,82,81,92
9005,96,73,110,113,75,107,86,108,78,112,116,76,100,119,102,103,115,101,11,118,81,72,77,57,98
9006,112,110,77,70,92,90,98,73,95,106,107,76,115,78,104,118,74,116,61,88
9007,73,104,108,85,94,77,106,74,119,70,38,105,80,86
9008,87,78,88,119,76,82,96,80,90,117,112,109,79,86,65,101,95,94,111,99,75,7
9009,96,85,86,112,111,82,115,118,116,75,110,106,117,76,69,109,9,91,94,66,99,90,108,81
9010,107,92,102,86,78,95,103,108,91,97,109,112,31,111,110,116,98,35
9011,85,110,99,117,118,102,112,109,75,101,104,76,94,78,40,103,30,86,119,90
9012,96,119,103,118,99,90,75,111,115,74,86,107,80,78,85,109,112,98,73,95,81
9013,94,111,109,119,88,106,85,99,86,87,73,118,70,98,110,7,117,2
9014,57,104,111,118,106,103,98,86,107,101,80,81,115,108,87,74,112,70,119,11,110,82
9015,111,115,108,86,75,118,99,79,2,92,78,109,76,45,96,80,90,1,110,93,106,88,98,56,107,9,22,74
9016,111,88,118,75,90,78,80,73,117,87,109,79,110,36,103,61,106,102,57,100,77,104
9017,116,83,115,113,106,79,75,90,96,104,107,30,70,98,76,81,118,1,65,2,24,86
9018,76,104,74,24,118,75,91,103,106,108,112,92,100,86,80,11,87,9,101,98,96,117,82,115
9019,75,73,85,117,86,92,111,81,82,106,78,115,8,2,118,71,45,29,103,83,3,35,112
9020,75,103,91,102,118,78,96,110,101,70,88,90,107,37,98,42,92,95,119,80,73,74
9021,110,98,76,115,94,70,81,74,24,73,111,112,86,79,119,64,118,109,102,19,91,55,2
9022,116,80,98,76,113,104,86,100,94,91,112,106,101,83,4,75,7,77,110,28,55
9023,78,119,101,76,110,73,85,96,99,94,88,117,70,86,75,116,44,118,103,111,91,77,79
9024,74,88,118,86,116,117,106,76,119,109,103,90,80,75,73,96,11,113,79,33,99,112,78,101,81,102
9025,110,85,78,81,75,80,98,96,116,106,82,73,86,76,90,61,70,95,25,94,69,99
9026,100,87,92,114,117,97,82,75,93,70,115,109,81,77,98,8,20,89,108,73,72,11,2,83,102,10,76
9027,83,82,111,109,112,98,117,108,95,119,2,116,79,107,23,85,5,77,9,96,97,74,113,51,70,94,103,4
9028,111,108,106,116,78,94,87,80,81,74,119,113,90,112,115,88,86,98
9029,79,119,92,116,94,4,118,54,107,99,102,77,88,78,81,95,101,87,105,2,46,15,90,70,104
9030,109,79,107,78,104,86,112,98,90,74,92,29,49,27,106,88,4,73,70,96,115,118
9031,104,106,88,99,87,74,98,110,86,119,83,91,115,77,101,90,75,103,19,73,81,82,36,94
9032,94,83,112,85,103,101,119,81,111,87,109,100,82,74,73,23,86,118,40,88,113,108,15,90,104,75
9033,74,99,108,82,112,92,110,94,95,73,106,77,117,103,46,54,88,68,118,52,11,104,91,55
9034,108,118,102,116,92,100,73,103,104,74,65,80,83,91,112,77,82,94,113,19,24,10,86,79,20,99,106
9035,104,99,85,81,90,76,92,117,94,119,77,110,14,107,4,91,106,115,118,29,73,26
9036,116,108,85,109,115,102,80,99,103,94,86,77,90,91,104,96,2,111,87,34,113,97,117
9037,76,111,109,115,116,118,90,101,94,104,107
9038,96,119,118,116,103,113,98,91,111,101,85,52,83,102,78,31,35,99,108,82,104
9039,117,81,113,96,82,78,116,101,74,88,94,83,70,53,115,104,55,99,106,91,95,92,108,76,68,102,90,4,118
9040,70,113,101,93,91,117,81,94,78,109,85,118,111,107,76,99,86,73,106,75,102,110,18,105,82,116,112
9041,75,112,103,88,82,102,85,106,91,118,99,92,86,95,74,111,73,104,33,109,78
9042,87,75,74,113,98,109,117,96,83,94,79,77,101,81,95,110,82,108
9043,111,86,104,116,98,113,83,96,102,74,95,81,99,76,79,117,115,112,82,105,108,100
9044,70,79,94,76,108,91,1,80,29,96,92,107,99,115,75,10,27,111,34,44,4,41,49,78,112
9045,88,86,96,106,113,83,80,54,78,76,75,94,87,74,111,117,82,73,2
9046,75,79,116,74,108,96,102,77,98,70,112,109,117,84,113,63,83,110
9047,101,90,104,119,103,96,117,113,71,115,50,118,68,24,2,43,112,106,76
9048,81,88,87,103,107,95,115,96,74,73,70,98,99,109,112,67,94,119,104
9049,82,78,74,117,90,64,76,107,92,106,118,98,100,104,87,62,112,119
9050,81,116,94,87,78,107,91,110,76,98,73,85,106,119,115,118,117,95,80,92,108,82
9051,77,109,101,103,91,94,92,88,113,79,99,112,33,41,70,107,73,14,43,106,111,87,86
9052,94,101,110,92,2,9,78,76,118,20,117,24,88,96,79,112,10,111,104,13,12,77,87,90,16,113,73
9053,109,111,80,95,117,96,119,88,110,107,74,79,29,76,87,86,12,36,91,63,104,118,116
9054,112,86,73,111,109,81,103,99,101,77,108,75,76,91,96,95,98,79,89,106,82,107,70,83
9055,113,74,117,111,95,118,75,98,81,102,109,88,70,60,112,116,76,106,33
9056,83,103,111,73,110,107,94,106,82,85,118,88,39,86,78,109,96,43,97,87,90
9057,70,74,73,83,108,101,85,99,112,106,116,117,79,98,75,115,94
9058,108,80,106,113,118,73,86,103,99,111,110,117,90,116,81,94,95,78
9059,101,75,76,87,115,116,2,18,81,112,107,86,72,95,59,63,74
9060,101,112,78,115,2,87,73,117,108,98,113,55,110,90,86,70,102,83,79
9061,99,96,80,90,110,106,83,86,76,78,87,108,109,94,85,103,4,92,49,59,79,118,97,107
9062,116,110,70,112,113,98,75,86,106,115,65,12,104,46,91,85,73,57,94
9063,77,80,86,98,119,91,112,99,96,81,111,113,2,40,117,74,23,94,79,90,61,78
9064,117,116,92,88,73,77,75,106,94,108,109,111,118,98,2,1,104,65,34,97,86
9065,116,118,98,80,117,7,6,105,119,90,29,77,85,75,88,104,81,111
9066,109,118,107,70,111,87,90,91,78,73,112,93,74,53,99,21,113,41,110,115,106,24
9067,107,101,86,113,92,99,90,80,74,95,106,87,20,116,73,78
9068,83,96,82,107,115,117,88,119,113,2,70,94,80,118,37,108,100,90
9069,70,99,81,77,83,106,86,98,116,80,113,103,100,78,95,85,82,118,4,107,101,54,94,117,76
9070,110,82,108,101,91,78,97,99,115,4,87,94,103,86,70,28,98,76,55,80,117,72,24,90,107,2,73,119
9071,94,110,83,70,91,98,85,76,60,80,99,106,107,90,74,75,113,119,115
9072,81,113,90,109,73,117,83,119,110,10,96,76,94,115,98,106,70,97,118
9073,118,116,83,119,79,104,113,85,76,74,100,33,94,115,95,93,106,101,97,117,102,90,112,53,109,91,88
9074,116,115,96,76,81,74,73,86,99,119,98,111,107,75,101,53,108
9075,29,112,83,78,98,97,70,111,101,86,108,82,80,85,76,107,12
9076,98,107,78,91,116,70,73,117,95,115,99,87,86,109,94,85,77,90,108,69,96
9077,79,116,83,101,94,75,103,78,102,106,88,76,82,73,104,117,95,90,26,49,15,109,77,111,91,119,87
9078,87,75,118,112,99,74,91,113,116,7,102,80,81,92,83,108,109,22,82,98
9079,86,85,119,90,82,75,91,70,117,108,109,115,96,73,92,118,100,104,93,99,45,102,76,81,22,74
9080,103,70,112,83,119,92,80,76,4,110,118,86,102,111,85,116,109
9081,107,101,79,76,91,24,118,94,78,85,113,90,4,75,54,115,82,97,74,117,15,103,109,92,106,87,99,104,95
9082,90,115,76,86,116,106,74,73,112,83,92,103,104,93,48,85,63
9083,57,87,85,88,118,103,98,79,99,101,77,80,75,96,91,106,104,100,112,119,78,111,16,90,97,115
9084,79,73,116,94,103,86,108,91,109,87,81,83,80,102,110,2,88,119,95,51,32,115,76,74,112,118,9,77
9085,76,87,113,111,108,78,99,85,94,73,82,101,79,100,112,103,31,92,110,117,98,104,109,102
9086,115,85,90,76,95,74,94,86,109,81,79,41,75,101,112,119,83,70
9087,80,113,109,87,117,103,99,101,118,83,27,112,90,20,107,5,73,119,10
9088,70,83,108,78,111,116,87,82,88,74,118,2,112,106,81,93,76,21,117,109,103,75,90
9089,73,118,90,108,104,115,75,83,94,79,85,36,99,74,86
9090,92,80,87,110,86,94,112,108,119,98,78,99,73,90,20,113,104,76,101,46,41,74
9091,110,103,80,109,81,96,95,88,106,102,116,90,54,76,104,75,97,87,93,111,98
9092,73,96,91,103,102,113,85,75,106,86,82,101,81,117,83,70,97,108,35,99,87
9093,92,80,113,91,119,73,88,109,103,112,111,2,85,96,78,74,90
9094,103,83,2,115,113,75,76,88,73,24,92,100,98,71,109,106,42
9095,78,91,116,113,111,74,82,73,77,80,99,83,85,96,57,107,86,118,81,119,102,44
9096,74,82,4,29,110,86,104,73,113,117,92,102,103,109,99,96,70,94,81,87,107,43,38,24
9097,87,107,116,74,101,96,73,115,92,118,102,78,91,112,104,99,30,88,113,79,110,119,80,76,103,93,81
9098,83,81,98,106,78,99,119,91,79,118,116,26,40,90,117,25,8,109,10,87
9099,90,106,112,80,110,73,78,109,104,70,115,75,101
9100,76,77,80,118,104,115,113,109,95,110,75,96,101,97,99,117,116,86,79,94,93,74,107
9101,86,75,80,118,76,108,98,103,101,106,74,87,116,95,73,113,78,91,3,117,111
9102,85,106,116,90,96,79,110,75,94,83,112,115,118,10,108,23
9103,113,109,87,75,112,115,81,100,74,91,80,94,71,97,93,107,92,96,119
9104,74,93,96,82,107,77,110,109,92,73,95,90,43,51,94,85,111,89,76
9105,73,116,96,74,107,108,82,93,40,95,91,102,110,31,119,88,104,87,109,85
9106,112,115,96,117,88,116,113,103,80,91,33,67,98,76,93,92,119,106,44
9107,80,118,74,81,101,104,87,95,90,102,106,78,62,77,67,115
9108,113,94,116,96,98,85,76,115,73,87,91,108,107,106,83,82,103,109,77,88,110,80,39,86,117
9109,76,101,116,90,103,77,73,104,102,109,115,99,118,93,2,110,31
9110,92,104,73,107,82,90,70,80,101,79,98,109,115,86,81,83,106,88,99,91,62,74
9111,86,96,108,75,87,85,111,119,115,112,98,76,100,80,118,105,113,109,116,13,61
9112,99,107,75,76,106,74,117,82,96,92,70,81,98,102,86,83,95,12,118,112,77,57,31,73,101,55,110
9113,117,104,74,90,73,116,98,88,95,102,32,79,91,109,75,77
9114,74,102,79,92,76,75,119,80,112,108,116,118,60,107,96,32,7,87,115,78
9115,115,108,81,85,73,106,116,98,113,104,99,88,118,94,46,102,75,111,79
9116,94,119,78,83,76,111,74,106,92,75,79,81,113,96,93,90,104,73,91,87,55,110,20,108
9117,81,103,92,70,109,83,77,116,110,101,112,75,82,108,87,19,99,88,111,100,98,76,80,30,107
9118,107,73,103,112,118,91,98,111,110,101,104,80,79
9119,80,118,111,85,116,99,104,81,101,2,113,50,70,1,119
9120,107,92,94,81,104,110,102,15,106,108,95,109,91,97,96,9,75,22,112
9121,116,111,103,109,91,112,73,80,106,98,108,107,113,81,97,79,87,58,94,117
9122,109,85,110,87,107,101,98,7,113,2,88,70,89,74,111,103,8,73,90,92
9123,115,81,87,112,98,86,91,99,73,88,116,100,74,118,4,38,14,77,119,101,35
9124,99,104,74,73,95,90,111,119,22,78,81,75,113,79,108,98,106,92,87,118
9125,115,108,112,111,82,87,90,119,70,118,98,75,92,109,33,76,73,96
9126,79,106,77,98,91,81,102,118,108,87,88,85,2,116,76,113,101,83,93,36,78
9127,75,116,86,91,88,112,70,106,101,90,81,79,111,107,23,119,83,76
9128,83,118,96,90,116,77,104,70,108,73,92,78,119,87,117,94,106,79,112,91,67,95,99
9129,94,117,83,79,109,112,74,80,107,75,103,90,77,78,113,111,73,93,76,13,70,21,118,115
9130,86,78,112,81,83,116,115,110,103,104,75,91,87,117,73,101,88,113,77,15,22,118
9131,86,119,102,106,98,79,75,103,73,83,70,40,115,96,81,110,66,78,113
9132,94,76,99,119,107,74,118,80,96,115,108,98,86,81,102,117,106,95,77,78,112,105,88,79
9133,82,100,91,70,80,76,94,114,78,92,90,101,108,110,5,113,4,109,77,97
9134,96,102,112,82,110,74,86,70,107,73,109,104,24,116,76,77,90,111,103
9135,109,101,103,74,102,108,111,91,112,98,77,95,87,78,73
9136,94,118,115,73,117,104,106,77,110,111,99,98,76,112,24,119,87,102,81,75
9137,115,107,96,88,109,111,91,92,112,99,103,87,101,90,108,68,95,64,78,94,15,118
9138,102,85,103,94,82,74,116,101,76,91,77,112,115,78,118,37,92,107,41,104,27,98,97,24
9139,96,113,109,81,79,101,112,93,70,98,80,108,115,103,117,95,77,118,2,75,111,85,7,102,82,74,47,83,91,76
9140,99,117,70,110,91,118,88,108,102,76,77,119,83,87,109,58,13,113
9141,74,13,108,81,103,94,83,109,90,78,102,92,118,119,65,82,99,79,85,75,31,115,95,88,76,87
9142,107,75,88,104,94,103,91,106,109,76,79,102,92,55,60,112,118,117,6,66,82,113,98,4,108,2,93,24,85,74
9143,87,111,115,92,118,78,119,76,96,108,98,95,112,99,74,83,93
9144,104,107,85,115,111,79,83,80,100,101,97,112,29,92,5,76,74,96,86,108,75,67,99,106,113,110,61,65,116,109
9145,109,85,76,92,108,111,101,118,81,116,79,80,90,102,99,96,91,82,2,113,106,75,87
9146,101,102,80,91,78,99,85,108,103,86,111,95,70,40,87,115,10,23,53,90,118,97,96
9147,101,113,110,116,111,108,91,92,107,75,112,103,85,88,80,86,102,104,87,94,109
9148,78,113,119,74,91,85,73,102,87,75,101,82,60,25
9149,117,94,75,78,81,80,110,107,119,108,70,101,118,96,115,104,116,90,76,24,73
9150,108,109,91,99,90,75,79,76,81,83,43,111,94,80,118,112,41,88,82
9151,110,85,104,96,113,103,115,109,99,108,119,98,92,106,67,73,63,68,88
9152,117,106,110,81,113,102,74,115,91,111,99,77,90,87,28,103,118,73,101,76,92,12,116,112,82,45,24
9153,29,109,73,113,111,77,102,81,94,92,86,104,82,70,100,98,74,116,79,108
9154,117,99,101,76,110,74,86,108,73,83,91,78,104,79,92,103,82,102,18,118,75,7,85,12,112
9155,73,76,86,115,107,101,88,87,79,96,80,111,85,118,104,83,90,58,78,99
9156,90,93,104,109,91,87,92,111,102,85,99,26,46,88,82,101,76,80,28,115,108,75,106
9157,75,91,88,78,119,108,90,110,102,101,80,83,49,9,106,116,8,2,70,111,104
9158,109,78,110,107,96,116,106,77,92,2,113,85,80,108,101,104,111,98,81,103,83,94,99
9159,119,78,98,101,109,81,106,113,111,86,99,73,76,87,104,70,102,84,45,103
9160,80,116,87,106,75,117,107,73,78,76,115,77,103,97,119,2,82,96,83,64,118,98
9161,114,76,108,106,80,117,90,91,109,70,98,116,85,75,104,73,110,61,86,82,119,89,111,41,77,74,112,43
9162,108,85,117,119,106,103,98,80,94,101,99,115,83,88,78,112,111,118,92,96,76,75,90
9163,106,90,80,86,85,111,108,77,2,92,81,103,99,107,78,112,113,33,93,119,117,91,101
9164,108,117,103,73,87,118,85,104,96,119,79,110,80,56,54,2,111,98,109
9165,91,113,98,75,119,95,90,73,115,11,88,118,86,71,112,102,78,117
9166,79,108,76,112,116,119,99,94,110,107,81,87,83,117,73,106,6,70
9167,85,112,88,99,107,108,92,111,2,117,10,116,87,72,42,20,94,81,46,106
9168,92,93,119,111,76,107,94,79,83,118,24,86,81,88,91,67,109,9,51,108,78,5,46,106
9169,113,96,107,101,110,85,77,100,99,116,112,115,82,83,102,98,94,78,95,119,106,45
9170,74,81,113,107,112,102,70,104,109,91,79,103,111,80,116,119,108,97,55,88,73
9171,70,73,85,94,109,103,116,82,102,15,96,77,115,106,86,87,54,104,78,110,12,66,113,101
9172,80,107,99,91,111,94,75,113,92,86,87,20,90,73,101,78,104,112,108,85
9173,109,104,78,96,117,92,79,77,102,75,74,39,101,118,88,65,98,86,2,4,90,107
9174,109,83,119,112,111,99,117,81,93,102,104,95,107,79,86,85,94,106
9175,76,118,94,113,101,79,90,99,58,109,73,51,78,106,56,92,102,115,100,18,77,87
9176,91,109,111,74,113,73,70,76,110,103,87,104,94,106,75,100,39,119
9177,112,117,116,115,88,85,118,91,2,7,4,99,80,76,90,97,70,98,110,109,77,78,73,107
9178,118,74,111,104,76,106,73,103,35,90,83,109,77,75,1,91,92,6,101,94,59,87
9179,87,92,86,103,95,112,116,90,73,108,75,78,79,107,110,111,106,119
9180,112,78,108,95,86,75,90,80,96,91,98,109,83,111,87,31,15,74
9181,115,81,70,94,101,112,106,77,110,87,107,56,91,95,99,45,73,96,86
9182,85,83,79,82,78,107,112,117,77,98,75,105,101,102,91,24,104,14,111,103,116
9183,74,90,92,91,98,88,96,102,113,3,48,112,52,114,79,83,20,106
9184,73,115,79,95,116,78,104,2,83,20,10,111,118,107,51,99,90,103,81,96
9185,83,77,91,102,101,86,109,100,73,90,110,107,24,80,79,117,98,22,104,36,106,4,108
9186,118,113,111,94,90,73,116,108,76,117,46,80,78,103,110,50,42,119,2,107,102
9187,98,88,103,110,111,77,114,85,94,83,91,109,106,107,102,82,78,70,99,31,96,116
9188,99,77,91,104,111,109,80,78,75,106,19,95,102,86,118,85,87,1,105,73,2,46
9189,76,87,73,111,85,83,90,99,108,116,50,17,94,31,84,88,117
9190,102,73,118,110,78,85,108,82,83,87,90,80,18,41,106,55,69,10,112,79,101,95
9191,119,70,115,76,79,83,110,87,91,109,106,46,40,58,15,88,107,96
9192,80,74,87,85,99,119,94,96,88,79,111,78,15,103,106,101,90,113,70,55
9193,103,94,100,96,83,78,108,102,88,95,119,112,76,104,81,113,115,75,110,98,24,60,90
9194,108,101,102,80,73,99,77,76,104,91,119,37,2,115,88,7,110
9195,109,104,101,112,85,108,107,81,102,98,115,111,80,88,103,86,16,6
9196,98,83,96,118,88,91,80,73,94,110,108,103,74,75,30,106,15,78
9197,90,104,82,118,79,100,91,108,83,2,15,98,102,106,112,117,96,119,85,86,78,76,103,47,99
9198,88,116,86,79,103,95,85,54,77,78,96,110,115,83,81,75,4,113,100,94,106,112,18,70,23
9199,88,106,94,118,93,2,110,92,85,81,113,73,70,96,82,10,12,23,7,91,79,32,116,83
9200,117,91,94,83,109,104,98,106,81,73,74,79,118,111,95,116,28,75,82,102,107,112,87,70,86,89
9201,92,99,80,117,115,91,55,70,75,74,48,107,86,44,10,116,77
9202,99,75,102,86,70,115,96,79,85,78,103,65,108,92,81,112,89,110,26,80,46,83
9203,113,96,106,86,92,90,80,98,87,101,85,104,79,118,73,112,2,75,43,94,6,78
9204,111,78,113,76,119,73,108,112,83,94,17,96,102,109,74,85,110
9205,91,73,75,87,118,78,85,110,111,119,76,99,116,94,98,14,115,101,62,6,96,80,79,82
9206,115,83,101,109,108,119,111,117,99,73,78,98,76
9207,106,75,99,119,108,98,87,94,73,111,107,41,6,78
9208,119,90,106,96,118,80,112,91,98,87,116,113,86,74,115,73,92,75,76
9209,90,77,83,95,85,99,81,98,76,102,82,78,111,65,117,109,12,63,73
9210,82,78,85,91,110,96,87,77,103,119,115,113,102,101,86,117,81,98,88,76
9211,76,115,117,63,119,110,59,104,99,83,4,43,102,34,98,106,105
9212,119,116,85,112,115,91,111,75,102,52,108,107,98,65,94,118,95,74,79
9213,103,110,111,117,98,86,91,70,94,74,76,85,88,104,87
9214,99,117,98,83,112,96,109,76,110,78,4,87,108,91,73,81,24,18,7,101,85
9215,117,79,70,109,75,87,92,83,86,88,96,95,91,104,81,7,101,116,29
9216,82,106,104,117,90,77,75,79,111,70,112,78,86,110,76,14,103,98,73,58,80,83
9217,103,115,110,98,112,107,88,118,87,94,95,92,83,96,117,85,81,109,73,90,28,101,108
9218,70,91,83,75,101,119,81,92,79,4,74,103,88,106,115,3,98,107,76,21,108,93,116,80
9219,72,108,92,104,87,81,111,110,96,73,102,106,85,107,94,61
9220,117,79,75,103,108,76,77,112,80,94,109,90,113,73
9221,108,111,88,76,112,101,116,99,115,118,117,70,75,29,82,73,86,5,87,102,78,79
9222,98,94,80,113,87,88,108,79,81,117,76,103,97,116,95,63,78,118,67,107,28,74,106
9223,112,75,80,82,117,96,116,78,94,109,106,76,113,81,70,111,79,57,98,86
9224,79,74,90,73,78,96,77,109,106,5,116,83,85,94,99,115,61,103,14,76,117,119,75
9225,91,76,99,87,85,96,104,107,108,78,102,81,110,66,118,116,88,82,75,94,117,113
9226,83,109,119,91,111,88,94,113,104,102,73,98,74,107,92
9227,76,118,109,114,86,95,91,78,77,82,119,110,35,79,111,101,107,85,75,73,33,92,106,98,115
9228,74,75,113,94,85,88,83,104,110,118,119,76,115,117,107,92,7,80,109,87,111
9229,102,86,115,78,111,76,79,73,98,117,47,37,90,75,93,92,88,80,106
9230,91,99,76,83,86,94,116,92,70,115,119,109,80,112,74,81,75,98,107,106,77,4,87,79,5,96,102,101,2
9231,98,99,81,110,119,80,94,115,83,118,101,102,113,103,91,74,25,45,66,43,106,107
9232,74,76,119,115,110,111,103,116,118,101,92,85,109,98,106,88,112,83,33,86
9233,107,119,85,54,88,106,115,117,75,77,81,78,102,109,82,90,25,45,74,104,9,92
9234,92,96,77,116,94,108,75,74,88,110,103,85,111,83,24,90,95,119,11,109,106,53
9235,87,108,110,115,111,106,118,73,98,90,119,101,91,102,86,88,107,22,75,81,2,104,116,78,56,113,103
9236,88,101,94,112,83,80,81,96,90,86,75,73,76,91,97,78,70,87,110,116,74
9237,75,102,76,91,85,98,103,100,81,87,104,95,90,99,94,53,79,78,74,108,80,62,111
9238,115,108,116,79,94,92,73,110,99,102,80,22,81,85,82,97,41,112,118,90
9239,78,82,117,88,98,79,91,112,85,108,101,45,80,71,110,52,75,104,119,76
9240,88,73,98,109,108,106,111,79,119,113,115,103,87,90,1,6,86
9241,96,93,116,75,115,111,99,81,85,83,103,107,98,108,73,92,104,95,74,94,112,84,10,90,110,19
9242,96,108,119,106,99,86,116,113,87,102,49,111,103,109,98,32,43,115,93,56,80,15
9243,86,83,94,81,85,70,103,116,73,99,98,91,95,92,4,115,74,119,77,65,104,108
9244,75,119,96,106,117,88,99,112,76,98,104,90,82,68,101,109,95,80,116,77,108
9245,107,79,80,85,116,117,104,92,75,83,112,115,101,32,111,114,87,15,94,14,119,95
9246,79,88,85,115,24,75,101,99,81,77,2,108,78,70,73,35,92,119,105,106,110,87,118
9247,73,116,111,92,110,24,99,112,88,98,75,118,69,106,86,109,52,74
9248,118,99,77,75,97,103,54,74,104,83,109,119,113,101,86,93
9249,94,92,99,110,81,79,106,77,80,96,87,88,95,115,104,111,74,113,73,58,119,117,86
9250,81,103,82,29,116,94,110,102,104,74,108,109,92,99,91,85,106,55,69,98,96,7,80
9251,90,116,73,110,113,115,74,78,111,117,70,51,87
9252,101,92,119,74,88,106,77,107,111,108,104,70,94,99,2,85,80,116
9253,103,108,78,111,90,87,75,116,83,94,81,118,8,92,109,63,36,86,82,79,107
9254,86,103,76,119,108,112,106,115,87,99,110,101,83,104,116,54,113,118,43,117
9255,70,90,106,79,119,75,113,115,87,86,96,94,99,8,73,6,116,78
9256,99,108,96,85,88,70,81,102,112,106,115,116,80,109,76,113,74,90,92
9257,76,108,102,109,96,73,119,83,117,80,104,51,85,81,70,107,92,101,115,78,30
9258,103,117,112,108,115,80,78,82,94,73,116,77,48,85,76,101,81,118,102,87
9259,77,113,83,110,112,111,73,85,87,109,58,80,70,102,115,78,74,65,118,108,75
9260,79,90,80,74,108,94,117,106,83,78,93,113,115,73,95,70,101,110,119,82,85,109,5,87,100
9261,96,4,100,110,107,117,90,79,1,23,81,7,101,75,104,97,113,85,94,83,111,29,93,12,116,87
9262,111,88,74,117,116,73,82,118,79,108,76,98,90,80,77,94,10,75,13,93,115,24,95
9263,73,110,75,113,85,117,87,77,111,119,106,91,81,99,114,40,86,83,14
9264,94,115,111,90,75,73,81,24,109,80,88,74,101,119,69
9265,85,54,110,86,96,76,90,109,118,117,81,74,113,80,58,111,77,112
9266,78,86,76,116,80,74,113,111,79,109,91,101,83,99,108,98,119,94,112,82,90
9267,83,116,107,110,77,96,70,106,108,73,97,98,87,25,57,29,118,104,2
9268,75,78,85,79,104,115,107,101,103,99,117,119,92,110,94,57,116,102,118,111,51,106,98
9269,113,74,118,109,80,86,70,107,112,92,91,73,119,87,108,83,78,116,110
9270,70,75,111,110,106,74,78,24,119,79,112,2,86,103,104,108,91,117,107,81,102,87,96
9271,99,73,101,110,78,81,77,117,118,113,86,70,76,109,103,106,115,104,2,98
9272,93,74,82,109,79,76,108,106,86,77,85,101,70,102,103,87,91,117,83,112,92,15
9273,76,74,104,119,83,107,70,103,108,110,112,75,99,95,73,102,117,85,116,115
9274,103,87,110,99,88,98,76,74,86,96,2,108,79,109,40,118,107,106,85,94
9275,90,109,119,70,107,117,73,104,74,80,87,118,99,111,94,44,101,108,102,79
9276,79,100,83,93,87,73,94,85,104,75,111,112,51,80,81,96,77,78,98,107,13,119,117,91
9277,87,108,99,107,90,96,74,118,86,102,75,85,112,83,17,116,91,19,77,65,14,103,101
9278,87,76,73,86,106,75,81,96,98,115,33,111,110,103,70,22,80,88
9279,76,73,78,80,81,100,110,109,86,85,111,103,106,95,97,87,118,75,99,10,30,91,65,74
9280,94,106,83,80,118,74,104,76,117,81,60,119,115,91,109,103,86,108,20,73,113,93,4,101,88
9281,91,111,78,76,86,101,80,119,103,113,70,109,110,85,64,82,87,96,94,99,73
9282,73,78,109,96,90,95,81,76,99,116,91,80,88,93,85,77,82,100,106,16,118,1,54,112,111,75
9283,78,76,82,111,112,96,98,110,99,91,93,80,86,107,106,7,85,74,73
9284,74,75,73,87,119,78,108,109,116,102,85,115,70,112,76,53,118,94
9285,82,24,88,93,70,90,103,78,2,112,74,119,96,30,107,94,73,76,75,108,111
9286,85,94,109,98,97,78,113,79,111,102,83,96,112,90,119,107,71,4,104
9287,102,104,103,82,106,94,93,109,1,70,91,81,110,100,89,117,41,76,23,87,65,119,111
9288,100,83,111,107,73,102,80,92,70,76,91,94,2,87,101,115,96,104,19,77,118,119,86
9289,77,96,99,86,70,111,90,79,98,78,112,95,108,76,103,88,104,2,106,109,15
9290,83,88,113,112,110,109,73,87,90,101,111,54,75,104,119,98,94,80
9291,76,116,99,111,104,117,98,87,102,85,2,110,43,97,73,94,78,96,77,101,82,100
9292,110,99,115,94,81,79,75,98,78,116,73,74,113,111,83,109,72,114,90,102,108,96
9293,101,96,98,79,99,112,88,115,106,78,110,94,75,73,85,108,107,109,104,116,70
9294,93,104,86,85,91,75,109,116,106,98,92,99,76,113,70,101,96,74,108,87
9295,108,116,70,99,87,117,86,85,94,109,106,81,101,118,107,74,83,79
9296,81,88,98,75,76,80,85,104,90,99,91,66,74,15,78,102,24,111,92
9297,102,92,88,106,70,29,82,112,74,115,95,76,101,90,71,2,81,63,107,98,116,67,79,94,83,119,75
9298,110,83,111,91,90,76,98,109,97,92,107,94,85,73,119,81,24,67,61,112,47
9299,70,83,110,98,78,80,74,81,101,91,54,73,77,116,118,111,117,109,24,86
9300,75,96,104,91,85,108,73,90,87,81,111,77,118,117,100,119,106,2,116,76,94,83,86,46
9301,85,90,101,80,95,76,88,83,117,96,112,70,107,106,87,102,73,98,9,108,44,20,109,116
9302,103,75,76,74,92,101,112,104,99,88,118,58,4,96,77,67,73,119,82,72,95,107,19,45,106
9303,85,112,96,79,118,88,109,90,106,101,111,99,117,91,86,87,82,98,76,83,110,44,116,94
9304,117,115,99,93,112,96,111,88,76,78,38,16,87,113,77,86,95,83
9305,109,70,95,117,87,92,77,96,2,107,98,103,8,69,90,100,73,19,99,113,91
9306,79,80,116,70,74,88,91,103,76,106,104,95,81,87,86,117,83,72,57,29,113,30,109,78,43,118
9307,116,106,88,80,117,94,77,90,74,92,78,109,79,96,83,115,87
9308,81,108,118,110,109,88,73,90,107,104,102,78,106,112,77,103,96,83,111
9309,75,80,74,115,108,101,91,82,79,65,96,100,116,73,15,87
9310,98,70,86,104,74,110,115,116,96,91,97,87,82,94,101,100,95,75,81,92,102,118
9311,99,112,118,75,85,9,109,116,86,103,119,23,2,76,95,113,74,107,70,94,4,101,117,91
9312,81,101,106,109,90,118,87,107,99,78,96,104,91,3,79,98,103,88
9313,117,90,75,83,80,106,95,77,96,116,76,73,79,115,97,118,111,119,32,5,86
9314,104,82,94,98,96,112,117,118,87,79,73,108,103,77,80,90,110,85,116,74,70,76,43
9315,117,80,101,104,94,82,115,91,108,106,81,110,111,88,85,96,65,87,83,5,105,107,67,90
9316,70,76,90,80,92,108,5,110,101,81,77,111,61,96,87,8,25,50,107
9317,85,86,92,81,73,101,102,109,111,2,103,99,110,119,106,45,70,112,4,87,107
9318,106,79,111,91,87,117,96,86,113,83,103,75,32,108,43,76,53,31,90
9319,90,99,94,113,80,106,91,77,92,102,76,86,66,79,74,109,88,83,112,98,100,95,70,110
9320,73,109,75,77,95,87,113,83,76,103,78,99,91,98,74,70,89,104,93,45,117,96,80,4,111
9321,98,116,74,79,90,92,101,104,113,73,112,95,86,4,62,78,99,117,107,68,21,105
9322,106,76,90,81,96,104,119,112,101,102,74,80,84,115,107,77,70,110
9323,112,109,110,119,82,79,90,103,102,85,117,78,83,74,107,111,115,87,11,98
9324,88,91,86,115,95,109,87,57,90,94,106,54,103,85,92,110,1,112,111,24,116,82,69,98
9325,88,81,98,75,79,77,78,110,80,85,107,90,96,109,116,101,118,74,108,52,117,76,111
9326,107,68,78,110,76,94,2,81,116,119,118,34,95,104,65,103,92,85,55,115
9327,107,118,88,92,115,70,96,111,102,73,87,85,103,108,74,101,94,112,55,119,54,45,110,117,80
9328,94,107,97,96,106,102,108,119,101,112,117,99,18,70,111,90,7,79,81,116,88,98
9329,87,110,91,96,78,112,98,86,106,109,81,101,73,80,95,79,113
9330,106,78,87,108,116,115,85,110,113,111,88,96,40,103
9331,88,101,102,90,79,75,117,91,109,98,73,116,20,108,14,24,83,94,70,112
9332,70,81,83,112,96,74,98,103,75,116,77,108,9,106,78
9333,87,85,116,98,79,54,112,99,119,2,30,73,80
9334,119,110,87,79,98,116,94,70,99,111,91,107,76,102,101
9335,98,116,110,74,117,86,95,113,77,119,99,106,87,96,111,85,19,76,75,79,2,102
9336,70,88,106,107,118,104,86,109,83,95,81,91,115,4,92,103,60,110,112,100,113,94,73,119,116
9337,73,85,90,104,110,118,112,82,106,100,96,25,98,103,83,1
9338,94,118,76,81,108,112,103,77,78,98,100,119,104,111,115,88,79,91,82,116
9339,109,81,110,74,117,94,82,119,90,76,115,87,118,83,78,30,86,80,99,92,70
9340,94,83,79,87,102,115,85,73,101,81,80,92,78,109,107,86,113,77,103,112,95,88
9341,99,111,75,73,104,119,80,90,110,88,106,87,86,57,68,113,74,115,23
9342,118,110,73,87,86,80,115,74,96,83,77,70,88,4,104,10,108,116,111,46,112
9343,94,90,82,106,88,117,99,103,112,73,83,111,76,74,119,108,77,100,70,24
9344,107,90,117,83,106,74,112,113,24,96,14,108,88,87,103,35
9345,96,106,85,99,80,117,102,81,100,103,101,111,110,2,29,109,26,76,91,90,1,86
9346,113,100,83,78,102,79,110,81,117,90,99,107,112,119,91,98,70,77,93,82,80,88,94,85,118,87,75
9347,76,99,110,111,78,86,88,102,81,112,90,25,119,114,73,103,109,107
9348,55,96,111,102,109,83,116,73,86,112,77,115,119,103,107,104,117,63,46,44,94,24
9349,88,119,77,113,116,85,98,90,78,92,102,115,111,75,118,110,95,107,97,117,94,86,19,37,80,76,87,99
9350,88,81,115,103,108,101,99,76,117,111,110,96,116,109,21,118,58,79,107
9351,82,116,115,81,106,94,78,95,102,104,79,108,84,76,70,99,74,103,111,109
9352,117,98,81,94,83,91,77,106,75,113,80,118,110,76,73,19,95,101,78,104,96,102
9353,101,73,70,103,82,75,88,104,76,77,85,110,63,79,112,100,102,4,24,94
9354,115,116,81,96,73,107,101,74,117,91,98,37,83,36,103,92,94,75,99,106,113
9355,91,108,77,90,111,81,98,79,115,80,104,110,63,112,88,75,65,94,85,20,76,97,82
9356,83,99,109,85,75,108,86,112,81,113,82,78,107,114,23
9357,110,80,86,88,109,115,111,90,108,89,70,98,73,14,101,99,36,77
9358,90,107,102,95,85,74,76,110,99,94,108,82,86,116,115,75,80,79,87,113,66,42,33,91
9359,79,118,77,4,119,73,5,101,97,20,81,102,10,117,98,71,74,100,88,103,22,62,108,76,32,104
9360,76,91,87,99,103,119,102,58,81,96,100,110,70,86,98,30,115,57,5,2,73,112,80,111
9361,78,109,119,87,98,117,83,113,74,96,70,99,93,65,110,27,94,24,111,92
9362,109,102,116,107,79,108,113,85,117,74,98,97,88,118,99,68,21,115,47,51,78
9363,115,82,83,91,74,90,73,103,75,109,79,97,85,86,100,78,99,98,29,87,102
9364,107,110,99,73,88,113,24,92,106,111,112,117,96,105,85,98,32,82
9365,88,117,109,76,112,95,98,87,92,29,2,103,119,77,83,90,79,111,75,113
9366,117,90,108,82,75,100,112,99,87,73,83,70,91,85,106,95,104,92,74,21,116,26,111,37,113,98,10,94
9367,119,110,70,99,86,107,108,102,85,112,94,75,5,101,91,12,14,106
9368,98,94,73,109,76,88,101,116,75,70,82,111,99,78,102,15,115,81,66,83,91
9369,88,90,95,104,102,119,7,108,92,76,6,10,116,2,77,111,73,81,83,85,94,96,78,98,87,113,91,112
9370,83,79,101,82,94,99,116,117,118,80,85,29,78,108,26,112,104,95,113,81
9371,74,110,92,116,113,90,99,101,119,78,76,108,94,75,30,111,70,61,79,115,66,85,83
9372,70,93,114,78,96,91,106,104,112,115,109,24,119,98,84,95,99,74,107,4,97,103,76,54,38,37,88,116,101
9373,112,109,113,90,91,116,83,111,98,74,117,119,99,110,55,106,73,93,34
9374,88,111,80,98,75,85,99,103,33,46,53,94,12,54,70
9375,100,85,86,99,115,118,83,90,79,110,112,103,94,81,30,70,101,74,14
9376,83,113,81,104,74,119,103,24,96,108,2,94,78,10,112,93,23,91,109,92,98,19,101
9377,119,111,87,90,79,85,77,91,103,88,115,113,106,81,110,86,73,48,76,93,50,80,108,75
9378,77,81,101,110,85,79,5,118,97,98,4,109,1,86,107,55,115,83,82,70,57,106,117
9379,108,91,110,109,80,70,118,115,96,111,116,106,94,102,90,76,73,83,87,107,98,92,104,77
9380,90,96,112,73,78,77,79,87,94,81,104,85,118,107,15,83,106,91,23,75,100,49,35,105
9381,119,90,96,73,108,78,83,86,102,101,75,107,113,106,112,76,116,6,109,118,88,111,103
9382,108,70,109,78,107,102,98,99,117,94,118,106,87,5,115,111,83,103,110,26,75,90,20,73
9383,109,92,119,115,81,77,104,94,74,76,106,75,70,118,117,86,48,116,84,88,62,80
9384,78,110,112,113,101,99,83,118,115,85,74,86,73,108,103,79,94,104,97,109,116,111,98,15,87,70
9385,101,96,83,77,74,108,109,79,111,94,116,97,103,99,86,78,6,80,63,88,112,93,70,91
9386,83,104,109,76,110,80,112,96,74,116,107,97,111,4,93,78,100,95,21,94,23,91,81,98,73
9387,112,79,106,108,115,86,88,29,119,113,96,38,25,70,24,76,21,74
9388,85,74,119,76,88,111,107,118,86,100,11,6,102,92,58,116,12,87
9389,87,113,88,73,78,75,98,86,83,106,76
9390,107,101,96,94,116,77,119,111,87,104,115,81,106,103,76,2,90,24,86
9391,78,74,86,98,85,73,115,94,112,96,116,91,76,87,35,113,81,10,101,109
9392,87,99,117,118,102,111,110,103,78,94,90,79,115,35,96,104,2,17,80,65,101,83,98
9393,116,81,108,98,85,99,76,83,103,82,77,88,75,112,92,95,79,12,94,86
9394,101,107,77,94,85,96,119,113,102,111,70,115,88,116,10,73,92
9395,80,107,104,103,101,119,109,113,117,115,96,99,116,91,81,111,100,112,77,102,114,78,93,110
9396,74,81,109,116,95,113,75,91,103,106,98,19,107,51,117,96,83,119,4,44,102,80,99,87,73
9397,76,108,106,87,94,92,96,110,75,115,104,109,5,77,56,117,82,69,98
9398,40,101,77,96,103,80,99,112,88,115,23,79,87,65,86,33,97,113,76
9399,77,96,119,102,98,82,74,115,107,103,85,86,101,38,116,112,106,83,108
9400,78,90,76,77,107,113,83,86,70,112,111,81,85,115,119,42,71,96,80
9401,76,80,73,86,117,113,70,115,118,104,119,100,99,75,78,85,26,81,52,61,96,87
9402,103,92,81,110,73,109,119,111,102,88,99,78,83,90,98,63,79,101,74,46,94
9403,109,115,98,78,112,10,113,104,54,111,79,73,119,49,103,75,99,94
9404,88,92,91,85,96,116,110,74,104,90,108,77,73,101,114,103,54,109,83
9405,106,77,96,86,104,79,74,103,81,98,75,76,99,111,115,88,63,94,73,102,109
9406,86,81,116,111,70,79,106,107,77,80,110,118,112,108,15,2,22,73,119,76
9407,102,96,116,91,98,117,81,88,99,109,78,79,70,111,24,85,105,77
9408,90,111,77,73,109,76,96,106,98,110,80,119,108,107,102,88,78,56,113,57,81,83
9409,103,78,108,96,99,106,112,90,88,91,113,118,75,70,79,77,87
9410,98,73,78,91,99,119,111,102,80,103,90,109,118,88,104,84,112,83,96,22,77,28,5,116
9411,119,112,74,111,118,88,116,101,92,86,104,113,75,106,109,117,95,96,107
9412,87,111,98,118,88,85,108,119,109,99,76,96,91,74,110,80,103,115,94
9413,96,57,75,110,118,104,113,119,86,108,117,102,70,81,74,103,73,91,84,116,85,97
9414,86,111,98,83,82,109,73,118,110,94,115,93,92,88,107,95,85,25,78,33,90,40,99,75,108
9415,90,103,111,85,79,91,110,15,78,92,81,115,95,106,9,5,104,98
9416,100,90,113,118,110,119,111,117,109,83,102,70,88,56,80,98,81,74,108,77
9417,96,70,117,109,108,102,119,111,113,95,91,112,110,82,42,99,76,44,116,85,101,106,43,118,103,87
9418,101,91,88,107,110,90,109,79,58,40,103,46,112,114,111,97,73
9419,91,116,85,98,119,80,103,113,78,79,76,74,112,108,83,30,75,96,1,100,115,107,99
9420,101,27,74,83,82,95,98,97,90,81,73,76,107,78,29,118,102,116,94,92,112,88
9421,81,80,101,108,112,117,118,107,87,75,111,79,104,119,91,32,77,74,88,98,6
9422,104,115,86,108,102,113,109,81,111,118,99,119,98,79,95,43,117,80,78,100,22,107
9423,90,88,80,108,99,74,106,101,85,86,115,87,23,5,117,73,78
9424,111,83,101,116,115,118,119,78,91,85,82,81,107,108,54,74,92,106,1,110,64,95,75,114,43,99,76,112,24
9425,81,107,115,94,116,106,117,77,118,80,102,95,103,91,29,88,25,98,114,93,76,87
9426,87,102,92,83,94,4,85,81,108,104,100,115,10,90,78,99,89,73,65,118,24
9427,86,115,83,113,110,78,4,91,118,108,2,88,102,119,103,93,44,92,112,116,52,90,22,96,77
9428,102,116,82,94,100,85,101,87,103,88,73,118,95,91,106,99,4,113,58,83,108,97,119
9429,85,70,113,83,111,103,81,86,91,109,96,100,110,99,80,20,24,98,28,115
9430,85,81,70,115,13,96,79,78,102,80,116,111,112,65,94,95,92,73,88,106,101,75
9431,80,118,75,96,87,81,107,88,98,106,116,91,79,111,117,102,112
9432,108,82,94,116,86,99,85,112,102,118,104,88,75,76,107,109,77,95,80,81,111
9433,93,78,98,106,119,76,104,88,82,110,111,115,80,77,108,85,117,81,20,99,79,91,15,94
9434,107,108,119,77,74,91,112,99,90,70,103,80,115,101,104,79,47,118,16,117,98,86,96,93,94,109
9435,119,116,99,78,106,73,74,111,118,107,80,85,96,86,52,62,91,21,98
9436,70,106,117,80,81,91,99,95,90,82,55,107,76,103,102,4,111,104,85,114,87,74,24,9,113,78,10,68
9437,74,109,106,85,99,118,117,82,80,112,116,104,90,79,108,110,115,75,119,102,73,100,70
9438,92,117,70,94,110,107,99,101,79,113,116,60,78,21,95,104,31,91,24,109,108,83,2,75
9439,70,83,105,112,117,78,90,115,108,119,109,79,74,94,111,118,81,107,100,98
9440,74,116,81,78,76,96,104,70,85,83,117,68,77,90,103,102,92,112,115,118,111,114,98,88
9441,112,117,110,76,103,116,91,82,74,109,118,86,30,20,81,90,36,113,83,24
9442,94,81,75,107,106,109,92,115,118,78,85,119,74,110,117,44,83,80,102,113,4,103,70
9443,77,78,74,86,113,111,117,103,118,88,96,75,119,24,70,116,76,80,109,100
9444,116,117,81,118,75,109,83,111,98,76,47,31,8,74,87,37,82,86
9445,106,94,99,70,76,112,86,110,111,103,87,80,82,75,90,93,107,77,44,73
9446,113,75,83,73,90,110,118,107,117,104,109,100,115,85,99,96,103,30,111,81,101,88,82,76
9447,119,76,96,87,115,116,112,106,78,104,108,91,111,82,109,117,100,118,81,54,75,15,113,77,92
9448,115,90,88,81,75,86,101,83,76,106,118,97,82,80,103,62,117,110,91,93,98,111,10,116,108,12,35,99,96,109
9449,92,87,106,77,88,91,117,76,83,113,85,74,110,107,97,35,82,111,103,108,115
9450,79,13,102,98,10,74,117,92,101,91,103,113,82,108,73,70,62,22,6,85,88,87,119,18,90,64,81,99,1
9451,118,117,78,77,113,103,119,112,91,99,85,70,110,82,73,80,2,74,66,92,81,88
9452,102,110,115,100,75,95,80,79,118,98,86,107,88,101,103,94,40,81,4,78,36,74,73,91,119,46,92
9453,98,96,117,75,81,106,112,92,85,101,113,97,108,111,54,74,78,15,30,76
9454,29,77,118,103,81,76,116,107,92,86,4,36,114,78,119,99,109,102,83,101,100,95,112
9455,70,86,119,98,107,118,103,87,99,88,96,85,113,75,110,90,73,102,92,74,47,108,34,2,95,80
9456,99,77,91,90,94,95,108,109,118,106,107,112,59,116,79,75,98,29,78,119,115
9457,78,82,93,115,117,92,111,79,85,94,118,70,62,98,102,77,113,24,103,109,88,95
9458,101,93,103,90,111,76,107,85,96,112,94,77,74,81,82,92,105,91,60,104
9459,101,88,107,79,94,74,110,106,118,81,117,96,111,116,71,6,92,24,103,73
9460,91,83,107,76,111,81,90,103,77,86,73,53,109,82,98,75,106,74
9461,110,85,91,111,70,77,73,66,86,115,4,82,95,78,88,104,79,90,108,113,107,119,117,2,19,103
9462,78,99,119,98,74,118,95,73,85,111,96,75,91,42,92,86,80,109,102,108
9463,79,116,94,104,103,80,86,73,112,119,87,107,17,59,111,53,91,102,96
9464,98,74,77,88,91,112,111,73,92,101,118,104,109,94,102,72,105
9465,88,91,74,79,83,78,70,98,24,76,116,87,96,106,75,107,73,101,49,90
9466,90,113,86,108,115,106,111,103,80,77,117,119,78,99,107,83,101,96,109,91,2,7,76
9467,109,113,99,75,88,98,116,90,77,69,101,96,80,55,119,82,79,14,44,111
9468,113,94,109,88,91,77,76,79,116,92,112,95,103,93,83,62,66,107,119,115
9469,81,74,103,109,80,73,79,83,118,110,86,98,42,66,27,99,112,90,49,78
9470,106,88,113,75,119,103,98,81,109,86,110,82,64,112,74,77,100,115,1,117,76,87,91,94,118,7,92,80
9471,92,111,79,73,86,108,109,101,117,87,110,113,78,75,116,80,31,91,96,83,118,106,102,81
9472,70,81,111,99,90,115,73,106,80,101,74,96,112,85,79,88,108,119,109
9473,102,117,87,74,94,103,98,91,81,119,108,76,110,26,73,107,79,88,83,106,104,111
9474,29,113,111,86,109,85,82,117,102,80,75,83,116,110,90,21,78,31,99,39,40,88,54
9475,109,106,92,98,115,87,110,103,70,86,78,99,90,117,93,111,85,96,24,46,80,88,74,42,2,94
9476,117,96,86,110,83,77,118,94,78,100,82,70,92,85,107,98,99,58,113,44,79,88,26,91
9477,113,91,106,92,80,103,76,73,70,117,108,99,97,94,86,88,111,82,77
9478,104,86,79,102,80,78,99,112,87,54,73,2,24,5,103,81,97,88,39,107,106,110
9479,87,113,79,83,106,81,92,74,85,90,108,118,76,96,88,112,28,116
9480,81,111,85,104,115,70,75,94,74,72,76,107,88,83,31,78,23,96,29,86
9481,75,79,96,106,90,99,78,56,76,116,60,98,70,104,81
9482,115,92,90,78,87,79,75,99,109,110,74,18,88,116,104,16,47,80
9483,113,78,75,106,77,98,80,73,90,101,87,83,110,92,100,107,86,20,93,97,70,115,116,85,19
9484,79,74,119,83,115,111,104,118,109,103,85,91,116,80,59,94,87,15,101,100,98,78,108
9485,116,111,94,74,85,117,102,88,107,99,70,109,95,103,101,59,58,112,82,96,110,97,104
9486,106,107,116,99,115,70,87,82,80,73,81,109,108,91,119,111,96,94,113,11,56,77,69,90
9487,87,75,99,80,112,70,116,111,83,79,81,110,107,76,106,73,94,61,98,97
9488,85,78,70,115,112,83,82,110,101,109,86,75,88,19,1,10,9,107,24,100,13,117,104,49,54,79
9489,86,118,104,112,110,90,85,88,75,108,101,103,81,70,54,5,99
9490,78,108,103,74,109,83,118,96,104,111,119,77,99,110,57,25,80,101
9491,74,111,87,109,73,75,85,119,94,106,113,110,118,79,55,90,107,71,116,77,70,31,115,78
9492,81,79,75,94,92,70,107,108,119,77,93,88,98,83,82,117,113,109,101,20,86,96,80,104
9493,78,95,82,113,92,76,107,88,87,79,21,83,54,98,100,97,111,84,109,103
9494,116,78,108,115,81,91,103,107,112,83,117,109,90,92,5,74
9495,79,113,83,85,101,117,109,77,98,73,106,112,86,88,115,107,35,90,28,103,108,92,91
9496,91,117,80,83,99,88,111,101,102,110,70,119,82,77,78,112,79,94,52,90,109,95,58,98,87
9497,70,88,101,106,96,118,91,80,75,76,74,113,109,2,54,94,26,86,112,98,73,90
9498,112,76,117,70,91,107,75,97,111,104,118,93,113,77,95,56,72,79,90,58,80,105,82,89,12
9499,29,118,73,79,98,74,88,80,75,103,115,106,92,91,96,78,1,62,2,113,77,95
9500,113,98,117,91,78,104,77,80,115,109,96,103,94,41,86,85,108,21,54,105,114,87,55,110,116
9501,85,117,115,79,119,106,74,116,76,111,108,110,70,84,88,95,118,94,107
9502,88,60,106,83,115,102,90,82,87,80,74,86,94,101,45,11,112,75,15,36,13,99,107,117,77,116,91,73
9503,108,78,79,94,86,99,81,90,111,102,98,39,115,104,93,113,19,112,97,66,110,101,96
9504,76,86,113,99,95,98,104,73,80,101,111,75,82,109,119,94,91,96,118
9505,118,92,79,109,76,104,110,117,82,73,111,83,100,108,91,80,70,62,4,102,49,75,107,17,112,94,28,119
9506,36,116,79,76,90,83,85,91,104,73,94,81,74,89,119,82,103,15,75,101
9507,109,76,75,83,73,95,111,86,88,101,82,113,87,42,78,106
9508,103,109,118,73,104,115,106,77,113,99,75,76,55,111,117,85,83,107,93
9509,80,90,86,99,108,75,76,112,81,92,119,88,83,109,94,77,102,115,73,70
9510,77,118,106,116,112,82,109,108,110,85,115,88,74,80,99,86,76,93,102,113
9511,113,86,75,85,98,81,115,96,116,106,87,91,117,76,104,97,36,112,100,94,95,109,114,2
9512,77,102,90,115,86,113,87,116,88,91,76,109,101,73,4,70,5,104
9513,111,54,78,75,112,81,96,77,119,83,94,70,109,115,93,58,108,116,91,95,104,73
9514,85,90,115,88,107,94,117,116,102,91,86,109,75,111,96,108,18,101,79,73,82,99,104,61,10,106,2,47,77
9515,96,90,78,76,118,113,115,93,74,85,100,4,94,5,111,28,119,10,73,98,2,92,114,97,109
9516,92,108,106,81,76,90,75,87,97,91,115,94,82,4,21,74,113,73,86,85,78,103,40
9517,81,111,75,117,91,99,98,96,74,104,101,79,2,106,87,109,116,115,60,80,92,119
9518,91,107,74,109,98,70,115,112,76,108,119,96,81,103,102,110,75,73
9519,87,112,86,106,103,85,98,96,110,4,78,113
9520,98,96,83,78,10,113,97,117,110,2,108,112,101,109,73,104,99
9521,86,78,87,74,96,110,99,115,75,116,73,79,92,102,109,91,80,70
9522,108,103,119,91,96,111,90,87,75,66,115,118,110,27,73,65,78,98,116,57,94
9523,101,75,85,92,117,112,87,70,103,81,77,107,88,62,118,96,110,114,108,98,2,102
9524,98,96,86,106,104,99,112,109,94,119,107,102,75,70,117,101,19,95,90,93,116,73,113
9525,96,87,88,99,101,78,90,111,108,109,116,81,73,79,94,75,113,118,107,115,92
9526,110,77,81,83,103,93,90,108,78,99,80,59,101,92,104
9527,110,108,115,109,87,79,106,88,74,86,119,23,111,80,91,70,99,66,81,112
9528,109,99,75,111,119,86,113,107,108,115,90,83,101,87,98,102,64,74
9529,78,73,115,85,88,108,111,92,109,82,99,94,110,103,26,12,80,79,116,18,100,93,105,83
9530,78,98,73,113,85,96,90,86,4,106,94,116,118,83,92,82,109,2,81,103,108,110,75,119,115,93
9531,74,82,108,118,92,85,111,103,109,101,42,112,52,80,44,77,91,106,102,94,113,104,96,70
9532,110,81,109,111,117,96,93,70,77,86,92,108,73,91,116,87,79,78,9,118,100
9533,100,96,79,109,85,92,77,113,116,95,101,74,94,80,75,87,71,107,73,70
9534,106,111,76,75,78,101,117,113,100,79,82,87,112,86,119,96,108,110,24,98,103,92,4,116,90
9535,107,80,74,92,103,98,75,109,102,94,2,70,96,76,90,82,118,10,64,113,85,91,117
9536,86,4,101,93,116,78,75,91,88,83,82,113,92,107,96,104,106,85,79,108,112,115
9537,80,85,74,70,98,113,79,92,96,111,87,118,73,110,116,2,83,75,82,81,108,78
9538,74,112,91,77,87,113,86,70,111,102,116,108,82,103,81,73,94,19,99,89,98,117
9539,79,103,112,78,70,80,73,90,91,117,119,96,101,98,111,113,75,85,48,94
9540,98,118,110,88,85,83,115,75,100,76,79,74,117,2,119,97,80,4,113,94,103
9541,91,70,104,108,7,29,119,113,92,77,3,103,109,94,110,106,40,86,102,12,62,112
9542,99,74,109,107,98,115,104,116,66,70,87,78,106,81,95,80
9543,107,24,88,76,86,80,94,70,81,85,96,75,82,91,110,117,83,118,30,73,56,77,92,22,11,106,72,74,109
9544,108,115,74,118,102,10,48,80,13,110,76,7,75,83
9545,78,113,93,70,85,110,86,98,77,117,102,91,81,94,112,118,31,107,74,99,84,65,104,33,103
9546,85,76,77,102,78,82,119,113,70,98,81,104,83,96,106,103,10,105,117,109,52,29,111,86
9547,115,107,88,73,113,87,108,118,75,119,117,85,110,101,116,91,83,112,56,103,29,21,86
9548,119,111,115,113,117,70,78,86,88,91,118,87,99,92,2,101,75,83,6,5,96,112,94
9549,77,70,94,106,92,83,107,76,101,111,54,117,60,87,112,82,102,81,116,108,6
9550,75,109,96,99,88,98,86,95,92,76,77,81,2,118,87,82,23,63,93,107,101,116,10,117
9551,80,118,90,92,96,79,78,117,76,2,75,109,88,116,86
9552,117,91,77,75,88,102,113,99,79,112,106,85,40,104,87,108,74,81,98,2,105,73,119
9553,87,113,83,118,99,78,98,102,94,119,88,90,112,76,109,93,85,111
9554,94,85,74,87,98,83,80,76,96,81,82,99,73,101,118,70,95,20,108,117,109,78,113
9555,90,109,79,88,94,118,70,76,83,85,78,119,20,108,95,87,86,106,117
9556,92,73,104,81,109,95,117,99,98,76,86,101,57,96,106,107,83,87
9557,102,117,92,23,96,77,110,111,1,113,112,108,106,87,70,73,85,101,97,86
9558,93,76,82,85,78,109,79,106,81,87,113,75,96,107,2,22,73,115,119,80,74,90,100
9559,107,116,78,80,81,90,79,98,91,74,112,104,70,73,87,24,75,106,77,96,109,113
9560,91,109,115,103,78,75,96,83,98,1,65,116,80,97,90,77,86,111,94,110,101,6,2
9561,111,75,119,110,85,77,91,102,98,100,108,73,117,106,92,101,99,80,118,94,79,112,76,89
9562,93,101,99,119,74,108,107,24,82,100,102,118,84,114,73,79,96,90,113,112,106,83
9563,98,101,80,108,110,82,74,73,85,87,109,118,81,65,37,12,115,90,79,95,54,116,91,17,77,76
9564,112,87,103,75,78,74,96,101,62,80,94,85,107,106,69,28,90,88
9565,29,93,82,112,113,111,81,118,119,88,79,83,117,54,108,116,74,106,76,6,75
9566,106,76,98,80,79,102,82,86,74,92,116,110,112,88,60,73,15,115
9567,75,80,107,90,119,85,116,88,118,82,63,91,102,108,76,83,71,96,112,109,26,81,78,86
9568,109,116,85,103,119,107,73,99,76,101,75,113,94,90,112,70,83,105,117,79,74,38,71,118,80
9569,98,109,91,70,97,96,75,63,113,73,85,115,67,74,106,93,77,100,14
9570,74,98,111,73,90,106,110,117,91,86,79,94,80,75,83,88,70,101,116,113,87,109,107
9571,76,79,80,82,81,90,96,78,86,102,98,114,70,4,106,97,101,103,105,75,41,115
9572,106,108,102,94,88,90,109,77,74,83,107,87,85,78,64,2,112,117,91,70,22,116,1
9573,94,73,100,106,83,82,96,75,78,119,102,90,87,111,91,88,81,107
9574,112,94,98,80,92,96,91,108,113,111,81,45,79,110,109,106,90,99,12,86,65,14,117,95,70,119
9575,102,117,98,86,95,83,106,92,74,81,119,90,115,99,101,37,76,57
9576,113,87,109,101,108,77,85,67,106,102,19,96,60,76
9577,98,91,101,108,119,110,106,68,116,88
9578,91,94,107,82,104,86,80,75,76,77,117,102,112,83,110,109,96,100,34,116,85,4,95
9579,70,113,80,106,111,110,74,85,90,108,109,81,94,92,95,82,102,99,115,50,40,91,101,116
9580,79,86,78,115,96,70,82,88,110,109,113,81,94,98,107,74,102,2,80
9581,73,79,119,103,110,78,111,115,117,75,112,83,107,87,94,82,67,99,48,37,76,30,91,70,26,98,106
9582,70,101,82,116,96,85,75,108,77,80,111,86,79,98,38,106,72,88,63
9583,73,109,88,115,80,77,94,54,117,90,98,100,57,92,70,116,111
9584,113,96,104,99,87,116,85,107,91,82,108,44,65,115,45,110,119,28,118,79
9585,85,113,88,101,95,110,74,116,109,118,82,108,92,81,103,30,2,41,90,62,102,99,86,79,97,117
9586,109,110,108,88,85,94,101,87,76,75,117,99,83,92,59,96,43,93,6,98,104,91,20
9587,110,79,113,93,91,76,98,119,70,82,100,102,101,111,116,112,40,26,83,10,86,12,77,9,33,78,2,99
9588,113,107,74,76,101,116,73,119,85,24,86,22,82,35,109,93,77,18,78,112,2,110,115,94
9589,82,111,80,91,90,116,73,109,87,83,86,74,63,22,119,88,85,94
9590,107,106,81,99,118,111,83,79,101,78,57,91,113,112,110
9591,117,108,115,74,112,102,78,113,110,101,73,76,80,99,106,109,104,71,116,70,87,79,42,92,91
9592,96,112,99,94,106,113,92,91,116,86,109,104,35,88,111,98,101,24,90
9593,77,99,115,94,102,119,113,116,96,75,82,106,85,104,87,108
9594,110,111,81,99,88,79,108,87,103,73,119,83,112,106,91,86,116,104,74,113
9595,87,106,85,86,98,91,78,113,109,107,119,115,102,94,20,112,70,81,110,117,6
9596,87,75,108,70,117,118,109,77,111,90,74,106,110,97,112,1,26,99,46,4,119,12,104
9597,108,110,81,106,79,104,86,111,109,116,70,115,91,118,94,77,87,74
9598,99,74,70,110,87,81,118,92,108,73,98,41,113,114,111,115,75,83
9599,2,112,108,81,91,78,107,83,101,90,118,99,102,103,87,94,92,79,98,38,11,109,24
9600,110,108,94,75,99,102,82,85,98,95,77,88,106,104,117,103,38,28,101
9601,96,74,91,86,109,81,111,82,73,113,119,112,75,58,57,116,79,106,92,88,83,101
9602,115,106,111,98,74,81,113,77,107,94,116,102,90,17
9603,88,81,110,113,73,106,108,96,101,78,111,90,97,102,114,112,76,80,103
9604,92,77,109,75,115,74,112,81,113,96,90,117,93,107,108,103,110,79,76
9605,102,99,79,112,96,110,107,106,111,82,118,87,119,115,117,109,108,75,86,92,78,93,23,21,74,103
9606,76,70,25,96,88,75,111,110,103,74,19,80,81,118,117,73,113,38,115,119,24,79,83,87,99,116
9607,113,116,107,118,91,76,86,24,88,96,103,106,111,119,104,81,109,102,110,70,117,87
9608,112,101,79,87,90,85,102,82,74,119,77,88,103,80,115,91,111,93,95,106,107,94,118,3,53,116,64
9609,73,115,88,75,85,118,94,119,101,74,107,108,80,36,95,92,104,116,69,87,98,82,109,90
9610,74,92,90,98,112,109,117,39,106,118,96,88,44,111,73,78
9611,91,79,74,103,73,109,106,99,85,113,107,90,96,75,102,115,98,101,57,108,111,87
9612,99,107,108,98,119,86,95,87,77,96,74,102,100,110,90,73,118
9613,119,74,111,112,81,86,97,102,116,90,80,118,87,104,28,73,10,48,79,92,83
9614,77,110,79,81,76,86,116,99,112,119,118,98,54,97,101,74,102,70,90,8,108,23,69,113
9615,96,12,74,99,117,119,110,107,85,104,112,92,94,106,76,33,111,70
9616,75,78,101,73,87,102,115,96,83,90,79,86,80,111,109,104,76,88,103
9617,94,74,79,119,98,83,92,109,90,108,81,76,118,69,106,6,78,115,112,73,86
9618,93,86,79,75,85,107,103,98,46,70,108,91,95,74,117,80,115,15,76,60,111,96
9619,76,101,92,99,100,78,113,90,112,88,81,107,116,104,71,36,115,117,94,75,105,98
9620,92,110,99,115,83,117,116,119,98,76,106,82,73,86,103,104,4,96,111,24,77,70
9621,88,112,102,108,77,93,103,91,101,92,96,85,113,90,82,15,78,28,111,45,67,94,73,97,87
9622,78,109,75,81,110,95,101,118,117,80,74,90,94,113,87,112,103,86
9623,87,115,101,112,106,88,118,79,107,74,99,76,116,83,109,73,90,113,85
9624,90,83,113,87,117,109,75,112,94,103,104,106,96,76,92,110,73,17,111,91
9625,94,107,96,93,75,87,81,77,116,86,73,79,91,101,98,97,85,104,115,76,3,4,112,83,119,90,118
9626,117,118,83,92,98,99,111,112,106,103,110,76,77,81,94,115,17,28,88,95,116,39,73
9627,85,2,82,111,70,80,115,74,78,75,83,91,36,73,104,112
9628,103,79,86,85,76,113,75,112,96,78,93,119,100,74,99,73,117,115,94,102,95,15,2,90,92,87
9629,102,87,78,108,74,109,88,95,83,75,112,81,111,119,103,73,96,76
9630,75,78,86,98,108,79,106,92,76,101,109,74,38,111,83,116,107,110,99,94,6
9631,106,83,107,99,113,98,78,117,119,94,96,71,102,26,42,65,111,87,110,81,82
9632,83,98,108,115,106,90,116,94,80,119,79,78,74,75,73,110,117,87,86,99,118,85,111
9633,87,117,98,44,88,111,112,76,116,103,96,110,79,27,115,78,99,75,109
9634,70,96,91,111,92,108,106,107,98,119,81,93,113,115,88,95,117,75,109,48,112,1,78
9635,104,80,111,98,108,110,81,90,92,20,66,96,101,5,107,8,78,73
9636,109,92,87,76,116,98,104,75,78,81,106,107,86,110,90,99,91,96,111,100,70,77,74
9637,115,94,82,119,111,90,81,77,83,117,37,76,75,88,57,24,109,55,98,106,87,70
9638,99,76,77,116,107,119,111,90,104,106,97,87,7,117,81,70,75,22,86,98
9639,111,79,96,116,82,106,81,78,103,101,75,80,107,109,88,87,1,108,13,97
9640,91,85,79,118,98,95,101,96,117,103,80,75,74,25,115,119,87,7,78,99,10,63,106,109,82,45,81,2,90,77
9641,96,76,104,101,97,87,86,106,98,88,102,119,77,99,74,90,116,118,109,73
9642,119,94,116,107,78,109,103,88,91,87,90,18,74,113,73,45,110,101,99,102,111
9643,109,73,104,115,74,106,83,107,103,87,85,118,91,102,78,101,108,100,113,62,77,86
9644,79,93,83,86,78,77,91,87,100,108,82,113,74,95,92,117,31,107,103,99,104,70,102,88,110
9645,82,117,88,115,73,100,4,111,101,119,75,103,116,76,102,85,93,90,38,95,104,34,118
9646,113,77,119,20,80,100,88,98,24,97,118,93,2,81,95,99,108,102,43,90,74,106,107
9647,90,87,70,110,112,118,80,109,113,98,88,42,37,44,66,14,75,91
9648,1,110,98,108,76,100,118,82,73,66,88,31,56,70,86,42,111,44,99,53
9649,109,78,117,94,87,74,113,88,85,98,104,106,96,103,110,119,36,95,116,69,91,115
9650,112,77,79,109,83,96,76,82,106,102,108,87,70,91,75,119,110,92,101,37,56,116,80
9651,119,107,90,83,70,104,99,95,80,96,103,75,101,87,113,108,117,2,78,94
9652,119,81,104,93,113,102,95,116,74,101,75,91,94,6,111,4,106,115,78,82,44,90,99,107,83
9653,90,77,102,80,115,82,85,116,108,88,95,112,70,98,110,118,24,14,78,103,74,113
9654,80,75,70,86,90,113,111,76,78,87,96,103,94,26,11,74,116
9655,86,92,79,104,94,112,90,102,116,73,115,109,96,98,63,99,75,88,54,119
9656,106,75,78,110,87,47,94,101,83,42,80,104,113,111,81,73,90,17,91,24
9657,115,91,112,81,75,90,74,111,96,92,109,86,82,97,102,70,104,42,116,110,4,72,87,83,106,107,20,79
9658,85,87,83,73,98,106,91,79,92,95,78,103,70,94,102,77,90,113,104,74,111,41,46,110,115
9659,92,119,102,74,116,103,109,115,7,104,70,78,110,113,8,79,80,114,83,90
9660,104,107,80,87,81,111,98,100,117,90,110,86,109,58,76,19,79,22,54,83,119
9661,94,78,108,113,90,92,111,112,87,37,66,118,99,79,2,86,11,88,115
9662,85,88,76,107,75,117,101,119,80,86,29,78,23,98,40,79,11,57,110,64
9663,57,118,106,119,110,83,4,116,99,80,115,108,86,73,101,81,66,111,11,2,98
9664,90,81,88,119,75,77,73,92,103,86,76,108,118,112,110,74,15,104,93,106,62,113,94,98
9665,102,87,98,80,73,78,70,106,103,99,110,119,90,60,109,96
9666,93,119,75,116,78,86,91,107,108,98,70,87,94,110,7,80,111,69,106,36,103
9667,77,94,118,115,106,119,103,83,101,112,73,54,108,110,98,46,24,91,76,70
9668,94,101,70,75,73,74,113,79,77,95,106,115,110,6,86,87,29,112,90,24,99,80
9669,93,74,86,81,80,118,113,116,94,117,95,109,83,57,75,29,87,111,70,82,7,99,101,88
9670,101,109,119,86,85,81,92,95,73,103,99,65,96,108,116,117,104
9671,101,108,86,103,70,78,92,77,76,20,75,111,90,48,94
9672,103,90,117,96,83,100,87,116,78,75,60,106,77,82,91,108,23,12,101,110,119,76
9673,74,106,119,103,83,88,99,78,112,76,96,102,113,111,93,80,39,100,70,117,108,42,86,94,73
9674,92,81,117,90,82,109,70,80,114,77,74,118,87,101,111,16,40,85,104,4,99,19,88,36,116
9675,77,118,99,74,117,113,70,19,2,80,63,41,103,94,36,69,88,82,90,76,79
9676,90,112,119,94,115,110,101,76,116,92,79,91,86,117,103,77,78,88,111
9677,82,101,116,104,119,103,75,86,115,83,87,76,9,117,96,91,112,92,110,88,100,108,79,10
9678,100,86,102,75,118,96,101,82,24,78,112,90,115,93,4,106,104,64,113,94,9,83,73
9679,85,101,77,109,112,113,118,90,79,76,2,102,107,96,106,83,69,86,111
9680,85,115,108,109,86,118,113,103,96,88,81,99,80,78,73,90,101,106,112,68,95,98,119
9681,100,112,101,78,106,82,90,94,116,103,76,111,118,104,108,87,77,91,86,24,83,70,11,74
9682,29,103,109,91,119,95,70,106,105,110,111,116,74,117,104,75,21,83,108,43,78,7,77,80,54,86
9683,108,116,106,85,100,117,83,95,93,70,91,76,2,119,107,111,104,49,82,90,86,115,39,33,87,118,78,9,23,102,74,62
9684,117,101,90,85,111,110,108,91,116,79,70,86,87,53,78,27,95,113,112,2,37
9685,91,95,82,117,85,98,94,119,77,104,90,86,76,113,118,101,20,107,75,96,24,108,1,73,115,87,10,116,18,80
9686,103,101,80,102,75,110,107,70,77,106,115,81,88,78,73
9687,107,78,110,92,75,90,109,73,119,77,105,113,80,95,97,111,1,19,98,106,30,91
9688,104,99,86,75,94,111,106,91,81,39,20,88,116,98
9689,85,86,116,119,91,96,78,112,90,73,79,74,118,107,113,110,108,19,103,104
9690,78,75,86,76,90,110,111,74,112,85,93,109,87,106,94,119,117,100,116,118,83,79,80,77,81
9691,91,98,106,119,80,99,78,102,101,74,87,73,67,111,118
9692,119,106,90,96,76,86,87,109,118,100,99,73,95,88,104,102,112,115,83,101,91,98,82,81
9693,81,116,91,98,117,111,80,110,101,82,76,90,107,119,75,95,85,42,46,115
9694,118,92,76,81,115,108,109,95,88,4,90,77,107,30,101,55,111,79,78,10,32,64,91,119,99,73,85
9695,116,107,118,110,70,106,73,88,74,94,76,30,4,85,83
9696,80,94,77,103,86,112,82,116,104,101,73,111,119,110,108,75,90,115,114,15,98,117,102,85
9697,93,116,36,88,80,107,113,119,94,108,101,110,104,96,86,97,105,90,118,112,75,92,91
9698,104,85,118,103,113,92,91,83,95,80,117,77,119,108,64,107,111,7,93,116,76
9699,112,116,98,94,86,110,85,99,113,92,70,77,90,104,119,87,19,106,15,111,83
9700,103,113,93,107,88,119,81,111,108,117,80,70,73,91,101,77,20,110,79,98,13
9701,113,80,87,92,76,103,118,83,96,102,88,26,82,79,115,38,77,99,111,98
9702,78,74,99,80,70,98,115,104,107,111,87,90,91,102,110,118,27,41,55,108
9703,77,92,94,74,91,108,86,99,88,83,70,100,73,72,117,85,96
9704,79,90,96,94,86,117,110,102,116,80,98,119,107,113,106,68,104
9705,78,118,116,94,73,86,111,98,108,119,99,107,102,88,110
9706,107,90,111,109,87,116,112,70,75,101,88,91,117,108,80,83,79,78,71,81,95,86,115
9707,112,29,82,111,88,101,91,90,100,113,94,73,96,78,104,86,102,76,110,106,75,84
9708,94,78,104,110,108,79,111,113,77,119,117,70,74,112,95,106,75,80,90,92
9709,96,82,43,85,107,88,102,119,48,115,86,33,29,101,73,91,97,87,20,111,109,83
9710,119,106,96,98,73,74,70,109,117,102,83,77,75,112,94,85,113,29,92,82,108
9711,93,110,86,81,101,70,99,118,90,108,103,57,42,85,109,113,54,114
9712,76,100,104,90,99,108,78,73,96,111,117,74,115,94,79,92,112,86,107,106
9713,75,116,106,73,86,76,92,74,88,93,112,104,59,79,95,85,61,101,91,23,44,78,81,117
9714,115,78,87,75,90,94,85,112,109,51,73,119,96,45,116,86,113,70,107,6,111
9715,102,81,86,112,115,65,113,117,106,98,116,101,99,75,54,78,94,108
9716,113,106,78,108,86,74,88,115,103,117,73,90,98,102,92,119,99,109,118,46,57,85,68,76
9717,83,90,78,94,98,99,119,117,2,79,97,87,107,70,73,92,4,116,81,85,21,96,80,118
9718,75,111,87,116,113,102,94,76,119,81,118,24,99,109,117,110,83,73
9719,81,92,78,88,87,106,82,99,70,117,85,98,7,111,118,94,110,75,76,109,116
9720,73,91,102,118,78,94,101,108,112,50,98,119,99,77,49,70,110,79
9721,108,80,94,88,104,83,107,117,97,74,101,73,111,78,118,52,92,53,21,47,85,13
9722,78,93,87,91,106,92,103,99,104,108,115,75,105,117,100,70,113,88,94,80,3,73
9723,106,94,102,104,119,88,101,96,118,74,79,76,75,111,99,91,98,77,108,80,73
9724,77,2,74,112,118,108,111,73,24,98,86,79,113,103,76,91,94,70,26,82,107,75,119,85,38,101,93
9725,79,99,94,78,81,73,110,103,83,111,88,98,107,115,96,113,101,119,87,102,64,104,70
9726,92,87,75,80,113,76,98,78,4,77,96,116,99,108,2,107,118,112,39,117,38,90,103,74,110,18
9727,74,115,110,116,96,113,73,91,101,90,28,118,106,99,107,87,94,80,97,109,85
9728,94,80,107,73,76,98,81,106,103,104,87,108,70,83,112,113,111,115,116,74,93,54,13,119,77,100
9729,91,119,107,104,102,109,74,101,79,67,2,80,82,81,90,111,99,113,106,35
9730,6,100,24,97,63,54,115,87,74,83,93,95,20,99,104,98,117,96,111,108,90,78,113,88,40,68,110,118
9731,86,106,76,85,115,88,75,94,100,118,110,119,77,91,93,24,112,78,101,117,82,102
9732,88,98,83,117,119,77,113,102,104,78,99,96,81,95,79,70,74,106,86,75,9,115,33,110,108
9733,75,96,117,92,112,88,76,118,101,90,104,74,77,116,81,107,80,42,85,111,102,115
9734,74,108,80,110,119,96,91,98,76,85,79,102,106,10,75,104,67,29,13,111,115
9735,104,107,118,74,75,106,79,117,116,95,81,115,99,86,96,70,15,110,78,92
9736,99,88,110,91,102,85,106,80,116,86,2,78,111,101,72,109,75
9737,94,70,106,108,104,74,98,111,107,73,24,76,112,110,101,113,87,85,119
9738,92,112,91,117,80,78,86,70,85,74,94,73,106,7,63,110,79,119,81,101,72
9739,81,113,98,101,115,85,112,86,109,118,104,117,106,99,91,76,10,75,107,102
9740,2,81,116,118,110,107,91,103,88,78,109,83,99,104,40,67,108,97,44,15
9741,103,116,104,92,107,88,98,73,109,83,101,27,117,18,90,94,112,108,24,76,78
9742,102,108,99,80,98,78,40,117,103,96,2,119,85,106,118,54,15,109,94,110
9743,93,70,116,110,90,81,101,108,88,98,77,83,103,87,78,79,3,10,96,107,73,112,94,31,85
9744,86,104,78,118,74,96,103,92,79,70,108,106,90,76,102,53,5,113,111,44,85
9745,74,78,115,118,112,90,117,86,83,103,9,70,114,108,24,7,76,62,22,31,99,97,94
9746,98,115,94,79,104,116,118,88,24,106,95,108,101,78,5,111,117,73,74
9747,78,79,102,107,73,76,90,106,94,100,92,99,116,88,2,86,82,77,110,8,23,70,83,17,118,75,74
9748,81,101,96,73,78,75,79,117,113,106,99,103,112,76,107,24,74,88,108,86,63,109,77,91,115,22,116
9749,110,91,82,99,109,78,112,94,85,81,108,111,77,101,88
9750,115,79,70,98,111,92,104,1,78,74,113,103,101,110,108,95,36,106,11,116,99,94,63
9751,99,91,81,94,101,73,87,76,117,85,19,119,118,110,113,24,1,115,75
9752,101,75,106,78,85,118,83,119,108,94,115,87,8,19,88,99,111,95,109,117
9753,103,110,78,119,98,107,118,94,73,113,85,74,108,80,88,81,114,55,96,79,102,92
9754,108,118,116,80,73,94,96,88,117,90,78,109,75,106,99,74,107,103,82,98,70
9755,74,79,92,80,98,111,101,85,115,38
9756,111,110,81,104,109,86,116,101,108,117,80,107,79,94,74,77,115,103,119
9757,81,78,113,119,111,4,70,101,117,80,83,73,86,110,102,107,39,90,115
9758,113,118,83,81,86,119,96,101,73,98,77,103,112,106,87,85,57,88,32,91,107,82,117,104,79
9759,77,74,83,80,91,86,70,113,100,103,119,107,33,101,98,117,88,2,10,73,13,41,12,116,118
9760,94,115,81,96,77,118,76,83,91,75,98,88,78,90,104,87,116,2,92,27,18,74,23,108
9761,119,99,88,118,74,101,108,116,111,1,97,2,112,115,24,31
9762,81,92,94,112,102,103,88,111,101,115,76,117,75,90,99,110,107,65,74,71,80,70
9763,104,80,108,82,86,119,110,88,101,109,116,118,79,107,74,92,73,85,90,115,91,111,106
9764,113,82,96,88,115,81,118,70,108,111,94,116,78,75,76,30,112,109,40
9765,88,104,110,81,86,90,99,87,76,106,83,2,118,74,39,117,35,116,115,78,108
9766,117,102,7,73,90,111,119,118,74,70,115,25,112,81,75,83,9,98,54,116,77,101,31,80
9767,112,107,113,111,87,80,119,99,96,104,88,86,75,118,102,85,77,95,115,78
9768,74,91,109,79,117,108,90,85,80,96,68,101,73,118,111,115
9769,94,107,86,76,73,70,102,109,96,98,75,77,74,112,78,81,111,115,113,80,88,95,91
9770,93,90,76,77,95,101,119,115,112,82,94,24,117,86,108,70,80,102,85,60,78,91,96,111,81,79
9771,81,111,80,76,101,73,75,113,98,83,91,106,115,2,88,93,109,110
9772,92,114,116,100,90,94,98,109,2,96,101,86,99,112,107,119,97,74,1
9773,108,91,83,103,119,82,99,86,111,90,73,117,59,78,79,30,10,77,85,74
9774,70,102,91,82,100,98,77,113,83,119,94,112,86,87,80,58,90,79,45,88,99,107
9775,103,115,108,85,118,101,2,96,11,78,76,104,97,29,92,74,99,79,113,24,64,107,88,112,91,4
9776,99,74,116,83,90,117,86,111,109,71,28,88,75,119,76,101,94,85,98
9777,108,75,88,110,82,96,99,107,101,115,117,79,78,102,100,116,93,77,109,83,80,4,118,85
9778,74,80,76,108,73,79,86,112,94,77,117,96,104,53,106,116,14,39,92,98
9779,73,110,115,117,113,118,91,99,76,75,102,80,81,104,74,92,26,96,119,85,23,95,108,29,86,4
9780,119,87,104,98,80,110,77,76,95,101,74,81,86,111,85,116,49,115,83,114
9781,2,110,81,93,104,76,82,112,113,111,90,88,117,73,94,114,107,83,98,46,101
9782,85,87,86,107,96,81,78,116,106,118,70,73,2,74,103,111,9,109,92,99,104,79,90,110
9783,78,90,119,74,70,80,83,21,101,99,96,87,76,88,58
9784,83,104,112,73,75,90,88,97,119,81,76,85,98,87,99,79,13,103,95,106,109,92
9785,112,98,107,91,106,75,81,28,70,115,109,79,101,103,2
9786,76,98,100,110,83,107,86,106,117,115,85,80,79,4,111,74,90,112,73,91,24,7,94,75,11,118,108
9787,81,83,75,102,90,73,113,78,101,118,82,88,91,116,107,76,62,117,65,119,96
9788,74,92,80,116,112,90,115,113,82,99,94,96,104,91,103,119,9,107,109,79,118,106
9789,90,118,103,74,108,101,117,109,78,96,30,40,107,76,98,8,69,73
9790,75,92,99,90,118,73,76,103,109,116,106,115,18,97,88,79,67
9791,113,74,94,111,82,92,88,104,73,87,116,25,110,45,9,63,6,95,85,84,10,99,15,112,1,97,5,76,79
9792,106,112,90,74,86,88,108,73,119,116,91,98,111,118,77,80,70,95,85
9793,94,88,117,75,91,107,77,79,86,70,113,76,78,104,115,99,54,95,83,92,106,118
9794,87,110,96,95,83,43,78,74,88,73,108,101,112,103,98,107,104,14,113,117,70,100,97
9795,83,90,113,112,81,111,76,73,74,82,102,115,107,110,84,12,101,94,85,103,98,99,91,106
9796,76,111,88,106,107,75,99,117,2,74,83,119,108,81,116,54,68,90,109
9797,113,98,73,88,91,75,115,106,2,117,81,92,112,108,110,119,67,107,70,7,74,116,76,95
9798,76,81,119,96,115,87,83,106,108,95,90,78,117,75,82,104,73,99,116,110,93,70,85,43,107,91,24,80,77,23
9799,103,111,73,115,104,87,119,113,116,118,75,117,88,109,79,110,35,106,39,107,68,83,91,78,70,80,102,64
9800,92,109,74,88,82,75,77,80,95,20,28,112,98,81,110,101,99,100
9801,115,98,85,92,77,109,79,119,78,112,108,75,106,82,111,83,96,90,91
9802,85,106,78,117,110,94,109,101,116,108,69,104,73,102,112,114,15,21,91,77
9803,110,79,116,70,75,115,101,6,67,57,88,90,119,112,81
9804,102,101,106,112,78,116,90,115,88,113,92,85,119,73,96,77,86,81,2,99,103,107,75,104
9805,88,98,91,104,107,118,87,116,76,70,108,112,109,115,101,111,75,78,92,73
9806,111,108,115,75,101,98,99,110,79,118,69,23,86,102,1,78
9807,97,86,96,106,102,78,101,76,87,115,2,111,73,91,107,110,109,82
9808,104,76,73,83,108,118,113,94,106,97,90,87,91,111,82,107,74,10,112,4,96,21,85,115,86,119,43,54,75,110
9809,75,74,94,118,83,82,91,85,88,87,109,86,101,98,119,30,106,36,2,116
9810,93,97,81,108,87,92,82,98,91,101,77,80,79,109,115,119,102,96,76,99,106,103,110,74
9811,77,80,104,116,74,92,81,106,118,113,79,83,88,95,76,119,57,75,21,78
9812,85,90,115,91,74,2,107,108,24,98,70,113,83,80,102,110,109,111,95,87,112,78,77,76,81,106
9813,101,87,112,75,78,118,111,77,106,70,85,86,115,108,92,103,107,79,98
9814,83,99,101,108,116,75,112,119,73,110,78,90,113,81,36,30,88,87,107,91,38,111,26,10,93,94
9815,81,90,108,91,119,85,106,96,73,112,92,99,102,109,110
9816,90,76,101,113,115,93,82,111,80,81,92,102,95,74,96,118,85,97,106,77,75,119
9817,77,75,113,70,85,2,74,100,76,101,73,78,119,97,94,81,110,102,116,79,82,83,91,65,88
9818,103,94,74,91,88,117,77,119,78,86,82,113,75,110,9,73,118,40,31,116,13
9819,101,77,111,86,104,98,109,75,119,83,88,78,118,7,108
9820,109,90,77,108,110,91,113,117,112,106,118,86,98,88,65,74,111,76,79,89,15,104
9821,83,104,73,90,99,98,91,112,87,108,116,111,85,96,94,44,106,6,118,81,75,78
9822,112,80,100,79,103,111,115,76,117,94,109,86,93,2,78,95,104,81,91,5,102,87,96,64,83,110,12,74,28,88
9823,115,70,103,116,74,101,96,80,87,83,79,82,94,113,88,107,102,7,91,93,90,100,111,77,119,110,63,109,65,86,98,54
9824,96,78,111,88,74,109,101,106,76,73,91,100,95,99,81,118,12,68,49,110
9825,101,106,108,119,91,116,88,109,81,73,111,107,78,110,113,53,49,102,115,118,112,98
9826,119,98,112,111,99,106,96,94,109,74,118,81,44,70,87,115,107,79,2,29,17,91
9827,87,80,94,86,116,85,104,117,70,109,111,96,81,115,76,98,68,48,91,24
9828,108,99,115,110,87,118,116,117,85,76,106,1,112,107,44,80,86,98,73
9829,73,110,94,112,91,103,76,88,107,102,106,70,86,116,75,82,96
9830,106,111,96,102,94,79,117,80,113,108,86,87,101,97,90,112,109,20,118,104,103,76,63
9831,14,91,119,78,102,110,113,96,111,73,112,16,80,25,103,108
9832,101,86,102,92,83,88,73,117,70,96,81,93,94,11,116,74,108,104,113,91,107,24,46,79
