0,5,15,26,34,84,25,18,97,4,14,63,92,109,23,117,93,8,58,52,20
1,23,20,5,28,95,89,25,2,114,43,18,84,7,92,97,10,62,6,46,94,48,8,16,104,11,55,26
2,1,28,12,8,14,6,34,46,95,117,25,55,97,19,114,22,32,10,2,5,89
3,23,8,5,24,66,16,91,17,63,4,3,14,55,42,2,28,54,43,26,13,84
4,20,13,12,24,63,3,4,10,25,5,46,22,15,19,16,21,114,11,95,7,1,93,84,9
5,21,18,2,22,6,66,17,19,1,46,16,47,119,112,15,14
6,119,1,92,54,16,18,42,63,8,37,89,83
7,22,34,114,18,25,13,55,89,6,21,9,71,11,2
8,66,3,26,34,9,8,114,24,97,20,102,15,106,19,16,89,1,14,79,45
9,21,22,6,97,17,3,63,25,10,34,8,55,13,12,2,115,58,14,5,92,26,62,104,16
10,26,21,22,71,114,12,107,15,117,64,55,4,97
11,10,2,5,16,97,63,12,13,95,92,8,50,18,114,103,20,93,87,21,15,53,3
12,9,1,25,10,84,63,18,3,92,8,46,97,34,24,5,12,6
13,12,5,9,34,21,4,16,13,63,24,89,17,23,14
14,18,3,34,8,16,26,14,95,2,10,4,1,13,58,12,24,46
15,18,26,14,6,16,17,92,10,11,34,3,5,28,8,13,43,58
16,97,43,3,2,92,9,8,22,55,12,26,17,46,114,18,19,83,45,84,6,63,77,25,21
17,89,97,5,18,3,17,1,26,10,14,20,67,114,9,76,66,6
18,2,15,5,25,104,10,114,30,14,34,35,95,16,76,29,6,65,7
19,18,22,89,46,19,13,5,3,17,7,114,43,20,24,12,9,10,6,95,26,34,2
20,15,25,34,7,63,18,58,104,92,55,14,1,62,11,46,26,66,102,13,83,97
21,6,84,28,25,18,8,34,114,17,12,62,24,19,5,45,66,1,89,15,4,46,22,87,104
22,14,25,22,6,66,21,46,17,63,18,10,26,13,87,114,91
23,107,13,20,28,17,43,12,16,24,95,46,19,8,117,4,89,108,10,21,52,96,23,6
24,89,6,16,18,9,92,47,19,7,97,15,2,23,21,83,14,13,22,26,43
25,6,1,20,22,7,17,46,11,14,95,114,66,2,89,5,13,9,96,84,103
26,3,5,24,22,9,13,14,21,89,46,114,1,19,112,95,4
27,63,26,1,9,21,85,6,89,84,17,66,46,119,11,14
28,1,17,97,7,23,12,102,22,15,26,24,33,89,111,91,5,92,108,18,2
29,16,89,55,8,6,15,25,34,24,5,117,4,110,13,114,72,27,64,2,97
30,14,7,89,3,15,17,2,23,8,1,78,95,4,5,46,55,22,9,30,34
31,14,46,18,21,97,10,84,25,16,56,114,89,3,12,41
32,12,14,21,104,23,2,97,6,13,26,95,92,9,8,55,114,15,1,113,3
33,9,84,17,28,7,23,12,97,60,18,95,11,8,3,20,40,25,4,88,62
34,18,3,17,1,114,13,10,22,7,25,33,20,116,12,107,95,97,5,26,21,50,99
35,15,114,5,24,16,21,22,84,26,19,18,6,97,23,57,3,13,25,9,34,12,20,2,89
36,25,92,24,20,84,97,8,5,3,58,26,14,4,66,47,9,19,6,21,87,89,7,2,10,114,12
37,16,89,6,10,17,97,95,12,15,55,22,7,25,72,26,14,62,38,1
38,17,21,84,3,25,7,22,24,6,12,20,2,4,49,23,51,15
39,22,21,10,43,25,12,13,8,63,7,6,14,15,97,114,58,89
40,2,24,25,21,15,20,10,6,5,73,11,3,13,1,18,104,66,19,17
41,8,92,66,117,17,84,97,14,89,29,114,57,62,18,22,85,34,83,12
42,7,24,26,17,16,95,20,52,11,21,5,14,12,100,19,87,71,97,40
43,12,8,89,114,19,58,66,21,15,40,5,23,104,57,16,35
44,14,114,3,21,111,12,15,1,46,92,89,7,22,18,95,5,9,62
45,84,117,97,22,25,3,11,114,17,24,92,21,33,81,89,79,26
46,7,10,26,89,11,15,22,9,21,4,92,18,5,28,17,20,64,3,55,8,2,35,46
47,15,20,34,11,22,12,25,1,89,16,7,2,23,68,9,43,28,19,82,95
48,2,23,9,20,1,25,16,12,19,18,117,104,95,46,13,10,34
49,6,24,3,22,1,11,97,21,34,49,10,20,95,92,75,69,40,2
50,104,63,11,89,25,43,22,12,6,58,15,28,92,94,4,26,24,19,5,54,33,7,60,3,46,14,78,62,41,76,20,16
51,1,91,6,25,19,103,23,3,7,20,2,97,4,44,14,84,24,13
52,84,17,97,22,20,66,114,13,24,117,34,101,95,68,85,18
53,19,7,15,13,55,3,10,6,26,4,16,63,106,97,95,21,66,54,2,1,35,114,20,5
54,9,114,3,11,17,7,16,22,21,43,58,115,5,23,107,78
55,20,95,24,2,84,25,115,118,9,7,28,71,3,16,69,62
56,19,21,8,28,93,89,22,11,110,20,2,5,23,13,52,9
57,17,12,6,9,20,34,95,11,63,39,114,16,23,5,1,7,66,49,3
58,46,17,23,66,28,6,10,89,16,94,95,26,25,7,113,98,92,90,8,9,47,13
59,28,15,6,7,14,107,16,4,34,11,55,90,95,113,5,53
60,34,14,15,11,92,16,17,6,25,9,18,13,8,53,5,12,111,89
61,34,12,3,18,2,23,16,5,46,25,14,43,6,13,1,24
62,46,26,114,2,104,13,89,8,6,7,5,66,4,25,9,14,42,28,79,21,20
63,6,9,24,14,97,89,95,20,55,21,13,11,8,61,19,18,5,16
64,66,84,3,95,14,9,11,93,8,22,46,12,117,15,7,26,4,92,18,54,62,2,5,115,30,45,25,58
65,9,18,114,92,84,5,54,23,72,2,4,1,64,7,97,14,6,10,12,20
66,18,1,12,6,114,63,16,89,17,9,7,43,97,117,8,13,5,24,95,55,10,2,70,14
67,2,12,8,3,19,18,22,95,23,25,11,17,10,1,56,63,97
68,97,24,19,66,4,18,95,63,6,16,46,7,84,36,60,25,17,15,28
69,46,7,58,62,24,97,18,22,13,26,3,20,4,2,12,25,43,91,95,84
70,5,10,17,7,92,13,22,4,2,114,57,27,34,62,23,18,25,11,1
71,21,114,12,24,84,7,6,3,13,8,25,2,5,50,17,11,16,18,22,34,26,89
72,92,5,8,66,22,9,2,24,14,10,26,4,46,63,62,67,19,75,3,34
73,18,12,21,66,14,10,15,20,28,25,4,8,3,96,7
74,92,25,1,43,84,89,55,104,83,7,11,13,10,19,18,20,5,103,62,114,117,45,24,4,2,58,21,16,34,78,41
75,21,18,15,3,10,46,25,23,43,14,84,97,34
76,103,8,89,15,3,25,17,7,24,18,13,97,1,14,9,2,19,21,11,27
77,6,5,114,11,8,2,84,96,92,91,34,113,89,83,17,51,61
78,21,63,9,114,92,11,46,17,12,5,3,43,23,15,1,24,90,53,94,16,10,26,61
79,25,10,89,3,114,84,5,22,7,78,2,104,15,54,93
80,26,7,16,63,17,10,8,24,1,13,73,97,34,21,11,20,15,25
81,7,63,13,21,55,11,34,20,17,1,58,24,16,18,117,39,19,5,43,96,59
82,84,95,14,6,15,3,7,16,4,58,89,97,17,111,114,55,27,49,93
83,26,12,14,46,17,104,107,7,89,21,24,64,54,84,66,31,9,10,117,16,93,97,55
84,25,15,11,10,14,6,34,26,22,20,89,23,97,63,9,92,5,77,2,74,16
85,22,7,1,46,6,20,25,63,12,17,24,66,5,23,2,102,97,80,84,77,15
86,24,21,20,23,92,15,13,10,2,85,90,9,56,89,95,1,12,3
87,6,8,28,15,46,14,16,19,13,34,1,5,18,9,2,80,3,17
88,11,19,82,20,95,18,14,12,25,63,24,43,4,89,2,15,26,77,93,72,85,62,83,92
89,12,8,5,89,21,10,3,6,18,20,114,4,63,62,113,92,17,2
90,17,26,18,24,10,25,7,63,3,93,13,89,110,8,62,43
91,17,114,25,12,84,16,5,11,63,26,91,73,85,46,47,2,89,9,44,97,22,109
92,5,15,84,9,20,22,4,97,17,6,85,10,56,104,19,21,36,2
93,2,114,17,11,25,10,26,92,34,16,21,14,7,20,9,97,18
94,46,3,4,15,11,24,20,27,9,1,58,89,95,5,64,34,10,112,19
95,14,6,10,25,5,2,1,15,9,114,16,63,21,24,95,12,7,97,55,51,17
96,34,28,114,8,92,16,55,2,84,43,18,119,4,14,3
97,26,14,84,92,15,23,43,11,25,1,16,67,17,37,58,48,22,93,83,8,9,117
98,3,15,1,55,23,14,25,19,6,10,24,95,9,104,5,22,48,31,12,17,114
99,6,84,11,7,54,10,19,1,16,89,92,2,20,4,26,18,12,8,50,21,9
100,14,7,63,2,15,21,19,23,3,95,25,84,50,22,16,6,62,92,66,77,34,67,54,71,47,24,39
101,15,21,11,14,18,2,55,26,7,13,3,25,1,38,16,95,97
102,89,21,2,34,114,11,84,22,6,13,16,58,19,66,93,95,12,3,7,10,15,9
103,11,8,13,18,7,9,4,34,97,63,25,89,21,42,14,16,55,32,104,107,87,24,15,102,22
104,21,3,23,10,11,46,91,18,12,114,38,5,79,113,6,66,68
105,34,16,114,5,24,18,6,89,3,26,20,4
106,11,8,16,5,89,58,114,90,66,77,100,20
107,20,34,43,21,13,84,16,2,22,15,82,17,52,3,30,12,114
108,11,26,24,92,2,15,10,7,103,54,18,1,5,20,22,12,34
109,22,25,34,4,19,93,46,62,14,28,83,42,5,26,32,9,117,55,6,41
110,46,63,6,9,8,26,12,105,35,84,20,113,3,95,43,7,45,11,96,5
111,46,114,5,6,84,17,43,63,20,22,25,7,1,54,30,51,15,72,85,34,35,2,8,78,92,23,9
112,10,22,46,26,18,97,114,4,6,84,17,19,89,2,54,7,104,21,3,36,67,33,68,119,43
113,5,10,6,19,13,18,95,4,23,63,12,25,9,1,3,16,66,14,79,54,115,97,15
114,89,25,9,18,19,20,6,10,8,14,95,97,5,91,34,109,21,13,4,42
115,8,22,19,11,25,18,9,26,95,16,117,66,15,114,3,33,21,1,46,63,56,50,2
116,22,17,16,3,95,84,9,20,10,97,11,26,5,66,21,109,2,25,89
117,3,13,25,7,5,26,14,23,22,21,2,11,1,104,19,8,10
118,6,8,12,95,3,11,18,34,63,13,24,71,84,97,31,22,73,28,19,87,25,101,66,30
119,2,22,36,58,9,13,14,12,66,15,8,114,6,95,18,20,1,10,29,63
120,10,22,95,5,13,66,46,2,19,3,11,23,6,101,21,12,54,25
121,10,9,95,7,3,46,34,97,5,108,61,43,35,25,23
122,12,14,55,22,7,62,1,20,17,8,15,84,26,89,10,9,46,24,18,115,95,66,28,116,88
123,19,97,18,89,114,7,10,6,22,9,21,84,95,20,25,98,2
124,34,6,11,12,18,20,16,2,84,1,4,24,58,17,13
125,89,15,20,84,5,19,22,17,14,8,16,7,21,34,26,10
126,25,14,19,34,55,9,13,28,21,66,46,8,22,18,7,3,114,33,92,15
127,14,84,103,63,55,18,46,24,20,23,11,16,4,17,47,12,104,6,40,19,5,60
128,8,89,2,14,16,24,22,6,1,66,3
129,18,3,1,20,26,16,19,24,92,8,43,2,58,71,9,90,97,35,4,108,12
130,2,15,10,21,22,26,9,13,24,46,20,8,59,3
131,21,10,6,18,25,24,22,43,7,9,23,20,83,8,57,76,26
132,19,20,84,2,66,114,23,11,89,97,78,105,22,113,116,16,70,102,77,17
133,11,17,19,22,28,24,95,25,14,1,117,92,26,55,12,85,84,53,7,43,97,49,58,34
134,1,9,2,22,95,18,7,25,6,34,11,13,20,84
135,18,16,92,50,3,86,5,26,114,95,63,31,9,21,17,4,10,76,77,56,116,60,97,14,93
136,63,92,24,12,117,22,8,103,23,97,1,38,4,5,25,11,14,50,58,6,26,55,33,66
137,17,26,15,2,117,9,21,8,1,22,18,5,46,66,23,12,10,16,118,13,84
138,12,20,14,2,11,16,8,89,21,34,25,10,17,13,114,49,71,5
139,7,22,13,9,34,12,58,28,19,95,17,4,8,2,14,18,97,62,61,36,33,11,54
140,14,9,84,18,10,7,21,4,95,26,54,46,89,6,63,20,17,58,15,68,13,79,5,19
141,3,25,7,5,20,8,2,14,18,46,65,23,9,15,10,114,17,13
142,10,84,6,63,114,15,18,26,16,95,1,25,14,19,17,34,72,23,97,93,22,56,3,5,55
143,16,3,15,97,10,26,23,18,8,104,92,119,2,48,13
144,34,7,8,17,23,114,11,101,62,25,55,54,117,66,22,111,20,97,18,2,15
145,66,89,19,7,95,11,2,97,12,54,26,79,9,87,4,77,21,16,8
146,20,15,95,92,104,97,89,5,3,9,19,18,25,84,56,33,11,21
147,13,2,12,26,66,23,8,4,11,20,7,15,33,3,58,22,69,17,34,55,14,100
148,19,16,18,89,34,8,46,9,24,95,6,26,97,7,1,13,17,14,55,15,12
149,18,16,33,63,95,1,114,7,20,25,9,28,8,14,19,3,103,58,34
150,13,9,6,19,114,18,24,65,7,51,5,89,14,21,15,3,119,12,63
151,84,26,22,10,114,66,9,17,15,8,19,97,7,95,24,43,14,18,89,23,109,16
152,2,114,1,95,58,89,19,63,20,5,12,28,8,25,43,68,14,98,92,84,99,16,64,13,6
153,3,10,12,43,11,1,21,7,14,6,95,97,17,115,19,15,5,24
154,25,18,5,12,4,24,84,63,8,22,7,43,17,19,34,16,33,13,2,86,92,9,11,36,20,3
155,12,43,6,66,14,3,11,15,1,13,16,34,46,104,118,24
156,6,84,9,23,28,4,92,97,2,46,10,43,1,14,91,47,78,106,7,33,20
157,8,46,92,89,82,55,9,7,103,14,6,21,17,98,42,26,12,5,19,91,23,25,97,16
158,10,18,25,19,55,56,15,24,4,89,16,109,9,22,80,6,84
159,22,20,21,16,18,12,92,34,10,6,7,112,8,66,59
160,84,95,3,46,5,8,4,43,34,23,51,66,17,55,6,19,61,11,58
161,26,89,11,114,5,9,14,2,92,7,25,97,66,43,35,3,50
162,66,17,22,15,20,7,6,9,84,34,23,21,92,12,43,77,16,102,36,14,11,18
163,34,2,12,28,16,95,84,9,14,3,23,62,24,13,31,26,100,112,7,21,55
164,63,84,21,3,26,18,8,25,77,19,1,66,103,116
165,24,55,19,62,8,5,66,97,22,63,26,23,115,34,4,16,54,1,103,7
166,22,3,97,26,25,4,103,1,20,14,91,24,89,84,11,10,114,28,23
167,24,104,34,89,114,63,10,26,17,1,95,7,16
168,14,6,21,12,114,15,89,11,17,113,112,84,18
169,1,18,43,84,24,97,28,4,2,22,14,9,23,20,6,7,12,16
170,20,89,84,92,17,22,18,4,62,34,13,21,1,24,38,110,5,49,25,97,63,101,66
171,84,8,34,3,25,58,2,117,24,46,23,5,19,22,16,18,7
172,3,15,16,7,46,84,8,11,54,43,33,97,12,10,34,22,71
173,21,8,16,84,97,13,7,9,4,114,19,34,15,92,89,6,43,63
174,21,8,12,10,1,114,17,6,13,38,2,46,15,91,54,11,72,22,81,19
175,22,2,20,34,26,24,11,18,7,10,103,97,13,47,40,50,3,25,89,17
176,19,20,104,2,26,3,18,94,27,9,10
177,7,46,16,84,11,17,66,97,41,15,5,23,12,25,114,22,26,107,3,1
178,17,86,3,114,24,11,95,58,19,5,26,107,34,89,94,6,9
179,11,89,21,97,66,15,12,14,9,22,7,34,43,72,1,6,24,17
180,21,9,2,25,18,5,4,22,63,19,58,10,1,11,115,24,89,86,8,54,34,3,6,95,49
181,9,84,1,18,46,97,25,23,20,69,5,8,104,99,10,79,58,28,14,63,66,11
182,5,19,21,89,24,9,34,33,10,114,51
183,9,25,21,34,1,10,11,104,26,95,63,77,13,101,90,92,18,117,66,46,3,8,49,16,12
184,16,17,34,10,14,92,95,23,25,4,89,11,9,8,15,58,43,21,63,6,5,96,2,28,1,3
185,20,22,9,2,7,10,46,23,1,11,36,52,50,34,67,91,94,3,8,106
186,24,12,23,10,21,46,13,5,16,104,55,115,20,19,101,3,6,43,103,31,8,18,9
187,22,8,89,97,92,9,16,34,18,104,19,10,1,21,5,98,20,32,41,26,114,90
188,23,10,34,7,8,92,114,54,9,2,14,28,19,58,88,42,3,91,26,64,11,53
189,16,95,17,84,18,6,114,11,46,15,89,2,14,97,51,50,1,63,37,94
190,26,114,25,89,97,19,12,8,2,1,20,13,16,92,28,21
191,34,9,97,81,63,95,20,24,4,13,7,23,62,14,26,80,5,11,92,28,93,15,25
192,107,21,3,23,18,24,13,84,46,1,19,106,12,58,34,47,2
193,19,25,23,13,4,10,114,58,84,3,15,55,7,89
194,17,24,18,84,16,46,20,22,66,26,13,34,12
195,18,1,95,20,46,12,43,25,30,2,63,9,15,8,26,114,5,21,24,22
196,12,20,26,63,13,16,34,18,5,97,24,80,4,3
197,89,63,18,97,1,2,21,10,104,11,22,105,13,37,55,20,42,35,16
198,21,89,8,10,2,18,20,15,9,19,26,51,22,13,3,6
199,20,21,89,6,4,2,3,84,63,5,111,15,9,94,34,114,13,18,1,54,7,104,25,95
200,55,46,25,38,21,3,17,16,32,2,26,43,84,10,75,15,97,24,7
201,12,16,2,89,7,97,46,21,92,114,13,18,26,5,77,43,4,65
202,21,9,15,2,18,20,8,76,17,23,3,34,43,75,22
203,5,89,20,22,8,13,34,95,46,17,24,23,117,7,96,26,1,59,2,36,92,97
204,17,26,16,8,114,1,84,5,18,14,15,92,21,54,46,6,109,10,66,24
205,2,4,19,8,62,11,103,23,5,28,77,55,22,20,7,78,37,6,18,59,63,13,66
206,9,14,2,10,15,19,89,7,117,94,5,59,25,1,18
207,25,23,26,6,4,24,8,3,10,1,17,94,2,16,113,7,82,95,107,11,18,22
208,13,16,19,15,12,18,26,92,115,11,7,8,28,33,95,20,55,4,34,5,21
209,13,21,63,17,6,84,27,25,2,77,24,44,74,117,10,79,1,19,114
210,26,114,13,11,66,2,97,10,104,8,18,6,46,24,64,20,5,12,9,21,84
211,26,6,5,7,4,95,43,89,22,10,19,58,34,46,12,8,23,14,21
212,17,13,14,6,114,84,2,97,63,46,34,19,18,22,9,24,117
213,4,9,66,114,3,97,55,117,84,22,21,20,12,26,100,8,17,112,85
214,46,9,34,18,89,22,11,24,26,21,114,15,97,20,74,37,16,8
215,46,20,92,7,4,21,103,23,13,3,43,24,45,16,89,8,100,1,35,9,117,25
216,1,25,114,84,10,46,3,8,26,5,22,2,95,13,117,7,118,36,17,63,93,34
217,7,63,19,8,1,104,5,97,89,14,62,15,13,21,114,2,6,17
218,10,34,14,3,6,1,8,88,23,12,25,17
219,26,63,34,22,97,28,25,7,9,15,19,14,84,114,8,42,21,107,3,23,20,10,18
220,9,11,8,18,2,84,1,17,10,5,26,25,115,15,3,48,6,114
221,34,5,66,11,17,10,28,25,84,117,19,58,7,50,92,114,77,100,99
222,5,12,18,46,11,16,19,43,119,7,21,9,25,34,22,13,84,100,3,79,4
223,17,18,16,20,7,84,46,22,10,9,3,47,104,64,40,25,31,34,66,5
224,8,23,22,9,4,26,18,114,11,5,19,97,10,1,24,12,47,34
225,7,17,13,63,24,4,25,89,20,26,14,84,117,34,23,104,5,92,50,18
226,34,13,21,1,26,14,97,20,23,62,2,24,43,17,89,27,11,19,25,88,58,93
227,12,7,9,24,58,17,14,28,92,8,25,19,116,4,61,1,31
228,5,14,11,1,3,95,63,15,23,55,7,19,94,89,10,2,84,97,58,28,6,43,33,20,21
229,34,12,20,13,114,4,6,112,1,23,48,89,7,11,8,10,21
230,22,6,5,24,13,20,92,10,18,17,88,7,12,8,119,97,14,3
231,6,16,26,1,2,24,63,12,11,14,71,21,18,23
232,16,9,97,12,25,84,19,20,89,2,114,13,117,34,95,63
233,24,4,8,2,25,19,11,92,34,66,26,16,111,3
234,89,17,25,11,19,12,2,4,64,95,21,102,18,8,23,28,79
235,13,5,2,28,7,22,3,95,27,34,11,107,17,35,116,18,63,9
236,46,4,25,3,19,34,16,8,9,92,6,26,1,60,89,47,118,73
237,13,6,114,89,3,9,8,25,4,12,10,1,5,23,88,19,2
238,15,89,3,21,46,18,20,34,24,31,58,1,14,104,23,17,5,45,55,107
239,23,63,4,17,18,24,21,43,119,11,7,9,2
240,1,3,84,24,4,97,10,103,117,116,76,13,34,102,93,89,15,19,33,36,100
241,25,6,24,66,9,97,22,92,14,2,84,34,26,21,19,42,17,15,11,23
242,7,1,103,6,11,21,34,22,84,5,2,54,9,66,17,55,20,109,14,43,89,3
243,3,15,22,7,11,46,21,84,13,34,6,63,10,2,4,97,112
244,24,89,54,4,14,7,15,92,16,12,66,9,33,95,3,18,96,46,13,1,63
245,46,22,20,21,8,7,14,117,10,63,25,23,1,4,5
246,13,24,25,97,117,19,41,22,17,12,18,8,21,62,20,14,1,75,34,6,42,15,114,5,50,10,4,2,92
247,20,46,7,13,34,22,84,14,66,11,43,25,63,91,6,105,102,16
248,22,43,9,11,55,63,14,95,10,8,1,26,87,107,4,2,19,20,16,18
249,9,89,114,18,84,5,66,2,20,3,8,16,14,26,102,12,17,11,58
250,11,34,58,4,24,19,9,84,6,2,89,12,102,57,114,106,7,97
251,21,63,97,5,9,4,3,8,12,114,2,22,1,7,18,17,54
252,17,1,6,104,16,92,26,43,48,22,95,55,84,97,39,23,99,18,82,15
253,22,20,14,114,12,66,26,8,97,18,6,34,25,82,11,107,35,95
254,7,89,12,14,114,2,3,25,11,97,15,6,13,62,63
255,13,12,89,18,10,25,84,26,6,46,72,5,16,14
256,1,34,23,12,89,28,19,6,20,62,15,97,3,114,110,46
257,34,66,46,84,5,43,3,16,24,23,95,13,38,21,55,25,45,92,14,8,22,97
258,46,24,21,17,20,5,16,89,34,10,13,12,14,18,97,1,26,8,95,63,6,84,43
259,17,15,58,24,26,11,114,66,3,1,55,22,34,9,92,100,71,18,12,38,89,46,7,14,6,95,20
260,6,97,114,13,1,19,46,2,55,22,34,9,20,18,103,4,15,5,92,89,51,48,63,26,43
261,63,95,20,7,18,5,22,21,16,54,11,30,92,10,97,8,12,81
262,46,14,7,22,89,15,3,17,10,84,9,13,21,11,26,5,4,16,2,117,18
263,25,66,20,6,34,15,1,13,18,63,28,26,114,17,16,5,23,79,97,61,12,64,58,71,24,11
264,11,9,10,1,20,97,14,63,19,24,66,6,12,8,23,5,16,3,15,2,89,58,34
265,34,73,2,22,84,18,9,23,17,20,63,58,15,62,13,11,7,26,3,77,114,116,21
266,19,6,7,114,9,10,2,97,26,12,23,3,14,46,8
267,6,13,25,18,2,3,34,84,22,17,26,21,10,76,9
268,21,7,20,66,84,5,95,97,10,2,28,16,32,13,27,11,9,14,12,91,43,62
269,2,16,20,8,21,89,6,15,34,19,3,22
270,10,1,15,11,7,13,104,46,58,23,55,34,114,19,68,24,26,89,92,6
271,25,2,26,14,34,114,9,46,4,15,7,29,3,20,8,6
272,11,114,19,10,28,3,43,54,26,20,4,21,15,18,92,2,40,25,7
273,6,9,2,22,26,16,114,97,43,4,12,46,89,23,86,84,3,52,29,82,18
274,13,20,9,11,12,55,28,1,63,62,7,89,79,95,114,84,54,36,22,17,66
275,17,16,97,18,12,89,114,3,6,22,100,14,50,41,66,5,117,7,26,55,54,2
276,34,21,9,117,8,5,43,97,46,114,20,6,16,89,7,95,11,15,22,81,63,19
277,24,84,114,25,1,107,16,23,10,55,97,89,103,6,8,21,20,12,58,92,4,95
278,84,8,9,24,18,7,78,89,97,11,34,106,2
279,3,92,4,1,16,64,7,5,97,58,34,114,19,13,95,17
280,3,104,11,22,84,15,26,16,20,4,114,17,5,21,10,34
281,46,21,10,117,9,17,95,13,65,15,4,58,18,12,20,2
282,5,9,11,20,3,34,43,92,46,26,89,21,10,23,63,84,6,50,4,8
283,46,10,14,89,20,18,4,8,114,6,93,21
284,25,26,3,66,97,28,95,79,77,4,5,16,46,24,18,89,13,2,92,101,17,1
285,3,17,14,5,46,100,49,117,12,114,95,69,15,52,34,31,43
286,66,18,7,25,17,9,84,22,20,1,15,23,12,14,95,60,34,96,5,26,33
287,5,89,17,4,16,46,3,25,2,97,11,23,50,22,61,80,7,15,103,13,8
288,1,17,10,2,12,23,9,5,15,91,48,114,101,105,96,6,7,19,3
289,89,24,63,34,5,26,8,84,119,25,2,87,95,114,12
290,5,114,10,92,103,26,18,21,46,113,61,6,11,19,1,15,55,84,66,89,2,4
291,11,14,24,16,21,18,8,12,66,84,7,20,106,6,26,92,53,5
292,15,6,63,46,66,89,4,1,64,12,10,17,65,43,116,103,23,58,101,20,41,82,24,99,26
293,20,26,8,25,18,13,6,46,97,61,17,15,38,56,84,69,7,63,22,39,95,112
294,2,46,5,1,62,14,55,22,43,110,13,38,10,114,25,15,12,54,100,7,72,18,59
295,3,63,21,9,55,1,18,19,22,66,43,95,6,46,7,4,16,10,12,15,84,114
296,12,2,15,25,9,89,21,114,7,16,63,57,34,19,10,8,1,73,20
297,12,97,24,6,46,84,89,95,20,5,7,18,104,26,2,4,22,31,115,10,71,58,19,37,62
298,2,92,103,46,18,9,11,6,25,28,104,4,42,8,24,26
299,11,2,9,46,12,14,17,20,95,6,26,22,16,79,23,62,7,89,75
300,1,7,3,22,17,14,18,5,46,15,24,16,12,8,25,97,107,114,9,33
301,24,89,18,97,3,9,5,81,68,66,105
302,89,24,97,22,4,25,16,8,15,3,12,63,43,5,6,50,65,93,115,9,11
303,13,26,10,12,2,9,46,63,15,19,16,25,92,79,7,117,69,3,89,28,11,58,1
304,8,114,3,7,23,14,28,54,12,55,25,1,19,84,18,33,46,63,58,31,89,62
305,20,8,12,3,15,5,63,28,114,1,47,24,40,31,109,66
306,92,9,4,10,5,24,95,23,3,26,7,8,63,6,13,50,20,62,1
307,17,26,97,58,12,33,2,5,34,69,6,11,89
308,46,6,97,14,92,2,8,18,12,15,3,25,26,40,62,80,10,117
309,3,63,4,13,114,1,25,21,19,89,73,15,33,12,10,2,32,67,17,87,28,84,58
310,13,84,19,63,6,18,28,1,41,9,58,23,92,103,43,55,97,85,50,77,24,3,15,11,25,27
311,17,5,66,92,4,11,63,1,89,15,30,20,58,67,57,24,6,14,23,114,12
312,14,6,2,89,9,1,95,20,12,3,79,15,23,92,13,10,46,114,97
313,25,10,117,19,21,14,89,20,5,26,55,34,71,95,49,9,18,109,22,24
314,18,21,46,9,10,20,34,2,117,43,5,29,114,58,23,24,28,91,104,14,15,84,110,63,3
315,10,21,34,14,95,4,69,41,11,26,8,38,7,42,17
316,1,6,34,63,7,13,5,20,2,25,9,97,10,26,104,84,46,14,100,19,114
317,58,6,12,21,16,34,9,13,95,7,66,22,46,24,40,20,4,113,38,55,91,114
318,17,15,63,92,19,20,7,4,1,3,95,25,24,13,97,72,64,38,2,39,12,9
319,2,14,28,1,8,9,97,24,55,20,62,15,6,26,113,34,66,92,43,54,5,90,65
320,84,5,12,97,15,114,24,10,13,46,89,16,98,21,8,34,18,119,22,9,19,58,39
321,7,21,24,17,16,46,4,117,18,73,12,114,11,13,95,2,9,54,43,93,25
322,16,2,3,110,22,21,34,15,5
323,10,34,11,26,2,20,17,46,18,7,15,114,95,22,24,36,32,62,4,50,25,59,119
324,16,95,84,5,10,66,7,55,104,37,21,87,46,113,31,22
325,9,10,3,4,23,8,14,7,63,11,114,92,31,12,24,38,55,46,21,58,15
326,89,14,9,97,6,7,21,17,8,5,46,66,95,64,2,25,34,23,79,60,63,3
327,17,15,92,26,114,12,7,18,84,34,41,1,38,9,95,23,5,16
328,25,1,11,114,20,10,2,97,46,92,89,83,17,6
329,25,5,10,1,21,14,23,13,22,2,58,16,87,41,7,6,40,103
330,11,10,18,22,114,13,1,46,58,6,16,95,84,61,102,75,92
331,12,15,23,43,46,3,54,2,89,16,22,84,62,14,19,59,21,92,5,85,97
332,114,67,28,6,95,16,24,4,117,15,17,46,43,87,3,100,10,11,2,71,92,12
333,89,46,82,66,11,84,34,100,8,14,27,63,114,113,1,42,24,54,43,41,21,16,86,19,55
334,6,21,89,8,24,13,114,46,3,34,14,43,4,19,69,18
335,15,114,17,26,28,46,25,89,62,22,11,1,95,54,34,24,58,64,97
336,10,13,11,20,8,14,21,84,1,7,24,89,25,97,17,117,9,114
337,15,13,26,11,9,8,24,21,46,63,110,7,58
338,20,95,92,19,84,89,21,24,12,13,34,102,8,14,97,4,45,104,9,119,86,41,62,82,5,101,18
339,22,34,18,13,26,3,9,58,5,23,17,20,1,100,14
340,92,14,8,9,114,41,28,46,20,66,12,1,4,117,5,15,100,94,19,2,29
341,46,25,23,20,63,26,66,58,16,50,6,17,42,89,109,1,97,95
342,13,92,5,63,14,4,15,95,24,23,11,83,54,10,57,19,26,81,53,16,2,31
343,18,13,89,9,95,10,8,16,15,23,55,58,3,84,117,12,19,20
344,9,62,22,24,5,16,97,17,89,4,58,14,21,20,41,2,29,99,3,13,15,18,6
345,34,22,3,14,66,11,63,24,18,13,92,80,67,9,21,55,71,6,15
346,2,14,26,6,20,17,89,3,4,16,34,56,75,46,33,97,15,13,19,36,53
347,46,18,8,11,23,25,43,62,16,89,20,3,53,15,5,7,13,33,1,94,66,86
348,11,31,63,34,43,16,18,55,62,20,9,97,17,1,25,100,86,8,22,5,13,28,84,42,4,117,14,2
349,18,24,66,30,46,5,84,34,26,36,16,14,115,42,3,95,89,7,41,8,10,6
350,14,20,34,46,92,89,62,61,21,19,112,84,2,38,25,3
351,22,9,3,25,15,7,18,5,95,14,79,36,51,26,110
352,20,12,114,17,4,97,3,21,46,25,89,18,92,6,9,15,22,19,11
353,18,7,2,20,5,15,89,22,73,90,69,45,55,11,17,111,63,13,34,12
354,17,46,3,97,16,4,62,55,20,14,24,25,7,90,58,9,12,19,22,105,10,61,6
355,63,42,25,12,71,21,69,10,72,28,45,27,66,38,2,5,15,114,23,1,62,26,97,11,20,49,54
356,46,8,2,15,92,7,17,84,12,10,25,5,3,19,6,16,26,21
357,9,16,8,7,95,24,6,15,117,63,20,97,92,89,3,61,12,69,101,25
358,17,7,97,89,13,14,23,1,66,19,72,5,25,46,8,51,61,113,73,2
359,104,25,5,89,46,16,21,93,12,14,15,9,73,7
360,23,63,66,34,111,12,58,14,3,53,20,52,2,18,97,102,15,89
361,97,62,28,4,117,11,1,19,3,93,8,76,25,63,6,34,92,107,88,89,7,73
362,92,21,20,8,89,26,13,114,19,66,2,10,107,16,5,34,18,17,97,39,43,102,12
363,25,24,114,15,6,34,12,5,14,11,4,111,2,103,19,20
364,5,22,6,8,84,3,25,15,114,1,9,10,21,44,7,34,33,14,31,18,2,24
365,66,20,15,89,11,12,13,24,26,3,57,43,114,28,27,2,22,7,34,87,25
366,13,9,26,5,114,12,8,20,84,117,15,6,10,97,95,17,2,31,47,89
367,89,10,1,114,23,22,11,14,19,55,3,103,54,24,8,36,20,13
368,63,34,24,6,84,18,97,11,9,7,77,66,67,8,21,1,89,28,26
369,89,19,20,17,114,2,28,24,66,25,92,55,7,35,43,8,58,5,3,21,107,95,12
370,16,26,5,10,21,43,92,95,63,6,15,23,114,9,22,34
371,84,14,63,11,10,28,8,65,13,97,16,15,24,17,95,25,20,87,41,89,117,18
372,6,89,97,17,1,2,26,11,95,21,71,9,18,115,7,65,13
373,89,18,66,114,34,84,5,3,39,17,20,50,7,1,8,32,2,21,51,63
374,25,16,84,5,14,6,23,66,97,24,22,18,20,58,46,114,77,1,95
375,114,34,13,4,55,20,89,5,7,92,46,19,18,24,58,106,56,117,21,2,43,88
376,1,6,10,23,114,34,15,21,95,14,11,5,46,8,93,84,63,37,16
377,15,8,6,25,18,16,20,84,19,100,43,7,98,97,107,117,1,31,95,3
378,2,24,22,21,66,95,17,18,89,79,3,11,6,53,117,13,8
379,8,7,17,63,3,4,25,5,15,54,24,9,1,34,89,43,92,6,116,117,106,61,10
380,2,22,24,63,55,34,12,6,58,17,51,10,92,35,102,100,7,54,46,21,104,26,45,66,14
381,18,3,9,15,19,5,4,6,28,97,25,23,85,21,24,53,2
382,3,10,5,9,20,2,12,25,19,18,14,1,15,63,23,24,103,90,92,97
383,17,1,25,114,14,34,8,26,16,84,24,32,20,58
384,19,1,26,114,89,18,46,10,20,3,25,12,68,107,17,16,24,9,63,55
385,14,92,13,34,8,3,20,89,15,7,93,43,1,95
386,26,2,14,3,89,19,11,17,92,95,15,102,114,16
387,24,9,62,7,89,92,14,16,28,59,10,34,32,5,74,23,8,97,26,4
388,22,8,28,5,17,79,7,21,1,9,46,3,23,117,34,2,114,14,13,12
389,24,2,19,26,22,107,34,1,95,117,7,92,114,13,28,15,84,9,93,14
390,14,3,19,9,107,26,15,25,6,16,5,44,84,106,64,95,34,62,90,92,7,50,103,21,77,13
391,12,6,7,2,84,5,14,20,77,9,17,13,114,24,15,19,28,92,23,1,21,10
392,12,5,89,6,24,14,84,15,68,2,22,26,114,21,16,9
393,114,66,16,15,25,5,19,7,97,84,92,24,18,20,9,54,46,14,26,57,12,53,89,43
394,89,11,66,9,21,10,5,13,8,26,1,18,2,22,55,17,95,25,4,12,88
395,16,46,103,43,6,11,25,23,7,114,1,14,84,62,92,15,21,95,26
396,22,21,25,19,58,43,61,60,17,114,15,23,56,82,4,112,10,32,33,7,92,89,96,97,34,117
397,1,4,46,5,22,104,16,28,24,58,55,20,7,116,97,76,10,25,53,3,26
398,8,3,1,89,12,9,114,34,63,24,33,65,62,97,2,20,15,43,46,55,10,75,85,82,14
399,10,20,15,6,14,3,9,5,12,25,13,98,22,58
400,63,3,17,24,26,12,22,9,6,7,34,11,84,4,25,92,10,97,5,43,104
401,10,103,3,19,24,25,17,11,9,7,2,97,13,41,22,63,55,104,14,54
402,14,25,9,97,62,58,46,63,3,20,17,43,34,4,7,22,84,114,26,95,19,5,112,10
403,66,22,4,5,7,117,63,2,14,46,18,28,95,104,43,13,6,69,3,55,62,20
404,15,10,16,8,7,25,46,107,104,14,84,92,2,12,4,34,43,64,97
405,114,2,84,7,9,46,34,22,18,10,25,26,21,1,5,3
406,114,46,89,1,95,25,55,13,26,43,10,103,17,11,35,98,110,70,34
407,17,95,25,1,10,12,20,11,43,15,34,16,21,13,97,84,102
408,3,22,24,66,20,63,16,25,114,54,18,89,19,9
409,12,8,2,14,3,26,54,63,4,19,9,15,25,43,64,30,21,104,20,82,74,7,84,100
410,25,26,28,9,21,11,46,13,17,23,86,1,115,38,33,89,16
411,17,26,14,7,13,15,97,1,4,12,63,89,46,11,8,102,23,18
412,16,89,12,46,20,15,5,114,84,58,63,25,26,34,3,10,9,7,1,105,74
413,46,89,58,3,25,69,92,12,2,26,19,6,112,63,102,29,23,35,13,16,78,14,72
414,8,24,6,46,114,13,23,21,20,89,97,7,92,43,38,103,58,104,40,85,4,91
415,3,5,6,25,92,1,22,21,26,7,2,11,63,46,54,30,114,28,23,18,27
416,63,34,13,95,97,9,12,22,25,118,10,24,20,4,1,30,17,11,18,119,19,21
417,17,24,13,18,95,2,15,1,7,19,54,104,6,9,96,29,27,58,80,20,84,50
418,8,103,23,1,84,97,14,92,4,66,3,25,77,58,93,6,17,54,12,2
419,19,17,9,25,21,97,6,10,15,84,23,13,26,18,11,3,117
420,18,14,1,11,28,97,43,23,62,17,9,26,19,10,107,12,20,119,7,90
421,22,10,13,25,14,34,43,21,23,12,95,97,4,104,32,19,85,46
422,34,10,17,24,97,25,95,114,19,104,46,4,92,98,79,50,30,6
423,103,89,5,34,92,15,46,28,1,97,63,19,7,18,11,12,30,10,3,22,99,58,84,23,9
424,95,84,17,11,20,7,9,63,4,23,3,14,13,58,10,18,34,92,97,12,46,16
425,21,19,6,26,34,13,12,2,8,89,20,23,67,16,97,85,103
426,11,114,84,18,26,21,63,113,34,54,104,102,46,7,42,2,60,47,77,3,117
427,3,34,55,95,24,46,14,22,15,2,20,17,9,16,25,92,27,86,8,12,43
428,16,34,26,9,66,12,5,92,114,17,11,58,84,102,25,2,43,97,14,54,21,18,4,50,23
429,14,2,19,23,11,42,97,5,55,16,92,21,46,3,9,15,58,62,117,84,25,49,7,18
430,8,114,13,24,7,17,95,3,18,2,92,9,46,5,1,26,12
431,84,16,46,95,114,21,19,38,17,3,59,119,51,93,9,104,53,23,6,36
432,24,84,21,11,14,28,43,44,22,8,97,12,3,53,45,66,19,20,67
433,14,20,92,19,8,97,34,31,12,11,3,13,71,9,10,89,55,48,21,82,66,43,25
434,89,13,15,4,5,103,22,10,34,46,23,114,16,3,84,97,42,63,9,62,87,14,57,8,24,58
435,16,15,18,97,66,13,12,21,9,7,101,25,84,6,3,63,19,95,4
436,22,97,34,2,4,26,23,13,20,24,11,25,21,7,63,5,16,43
437,15,12,46,26,16,7,11,89,17,3,92,58,19,8,114
438,7,95,14,89,25,6,17,26,11,22,13,1,92,9,15,84,97,10,19,2
439,10,55,26,9,13,63,46,23,2,89,7,21,4,8,25,95,15,34,11,17,19,24,84,92
440,7,13,15,16,25,26,8,114,12,95,24,79,89,2,40,10,50,92,3,19,1,28,11,117,84,9,62
441,16,20,12,8,34,117,89,24,2,28,92,84,104,114,97,6
442,3,16,89,114,15,7,4,28,26,9,34,17,19,40,109,50,104,45,5,95,97,91,12
443,11,22,13,21,38,34,28,24
444,7,114,17,18,2,12,10,9,19,13,66,20,58,117,76,22,84
445,92,84,14,25,21,10,12,7,11,8,18,24,23,95,55,117,74,4,102,19,58,34,22
446,16,114,17,97,23,92,25,9,95,15,18,34,8,10,58,84,91,90,89,46,6,100,7,4,72,56,20,29
447,7,11,12,97,22,6,40,5,10,20,16,24,81,84,92,13,18
448,10,8,2,18,114,117,16,23,15,66,84,109,6,7,103,82
449,49,14,114,25,66,26,8,55,16,20,2,30,34,18,7,5,33,28,31,17,27,38,63,62,84,23
450,20,22,84,15,11,13,25,3,8,10,14,99,23,30,1,16,73,97
451,14,16,19,15,84,66,9,3,89,43,24,1,17,12,7,18,5,22,20,23,21
452,13,92,18,55,28,43,54,84,3,2,22,6,25,36,63,19,97,89,65,118
453,114,14,3,21,20,16,9,89,34,18,55,1
454,84,17,20,46,24,54,32,6,89,95,79,12,5,16,25,2,21
455,97,34,23,114,95,9,22,3,117,1,18,11,63,26,16,104,12,92,14,25,84,113,67,89,79,6,62
456,24,20,66,22,15,92,6,117,13,12,23,16,5,46,10,25,1,18
457,2,18,21,22,97,9,1,55,11,6,119,16,84,8,104,17,26,3,25,89,114
458,63,23,6,25,11,10,12,13,22,34,4,21,16,84,8,101,100
459,66,13,25,22,92,10,5,24,34,20,26,95,7,8,28,11,2,115,42
460,114,6,7,34,63,58,46,13,3,21,16,97,55,84,9,2,22,1
461,5,18,6,19,95,114,22,2,64,13,68,7
462,18,97,26,9,5,12,6,7,95,114,23,64,50,34
463,6,7,13,114,34,21,17,3,25,15,14,84,58,79,8,41
464,6,1,89,11,23,66,4,84,2,58,17,3,7,25,71,19,8,112,62,104,46,95,21
465,22,17,33,46,16,89,18,77,73,21,2,25,71,36,64,34
466,9,15,23,19,14,21,26,34,13,49,11,3,117,7,107
467,20,66,14,2,5,22,23,1,12,24,9,34,21,95,17,55
468,34,1,9,89,19,12,13,95,11,4,84,113,92,58,104,21,20,43
469,6,89,95,7,92,5,97,46,1,20,68,11,25,22,90,55,9,63
470,16,17,15,8,26,13,46,18,6,84,1,89,97,9,74,36,33,73,22,19
471,2,34,6,11,22,21,84,19,24,3,46,92,28,20,25,23,1
472,1,17,28,7,34,10,18,25,22,14,95,55,33,15,8,84,103,13,4,64,83
473,89,95,46,58,10,21,6,55,1,20,79,17,16,19,92,18,54,28,74,23,62,47,22,15,14
474,114,12,15,33,17,11,21,10,104,14,19,7,13,6,58,27
475,2,114,22,11,5,18,10,6,26,63,55,9,13,90,21,47,89,97
476,26,34,16,2,12,92,24,23,114,1,42,15,19,77,89,21,74,6,79,83
477,2,22,25,11,18,46,26,24,63,10,4,66,9,3,34,95,80,107,6,21,70,16,42,36,17,15,50,97
478,10,24,117,7,46,114,34,66,14,4,116,21,28,97,56,37,6,2
479,3,26,11,25,84,23,5,8,4,18,13,7,95,114,20,118,112,53,34,79
480,1,16,12,95,28,20,18,11,15,19,4,6,43,10,9,17
481,9,114,18,34,11,87,36,20,29,89,4,10,17,16,22,50
482,5,21,1,3,14,104,9,22,35,23,4,34,112,11,114,107,103,15
483,2,46,7,18,3,5,16,12,8,10,1,6,63,26,22,52,82,71,94,97
484,46,5,20,19,14,13,114,18,11,117,23,7,58,97,2,22,12,42,26,3,84
485,17,26,63,84,34,89,25,43,13,44,49,20,15,28,64,18,69,66,24
486,12,26,3,25,30,92,5,1,17,21,6,18,13,84,19,97,11,46,95,51,28
487,2,28,18,14,84,13,114,21,26,78,4,25,104,9,17,6,97
488,14,13,11,104,21,25,2,84,17,19,20,95,97,115,46,23,10,3,54,43
489,6,2,1,20,114,34,4,25,22,21,9,29,16,84,13,14,63
490,22,12,14,34,7,95,21,20,16,114,1,84,26,44,4,27,107,105,19,23,9,11
491,22,89,66,97,17,2,84,46,34,20,23,15,40,55,1,93,21,104,38,107,18,4,11,117,54,68
492,8,3,89,20,25,104,95,102,12,97,15,24,117,23,69,41,2,17,87,66,43,63,11,5,22
493,8,6,9,46,7,21,20,12,16,63,5,15,4,24,95,2,14,92,114,69,96
494,8,114,21,16,17,25,46,12,24,14,38,64,6,34,3,51,54
495,46,63,112,12,7,2,11,8,104,17,5
496,97,3,95,24,6,15,23,8,34,17,25,76,27,82,26
497,2,15,25,10,1,24,23,58,46,3,6,34,95,8,21,17,89,9,13,114,20,12
498,13,24,14,63,1,97,15,20,26,11,6,4,34,23,18,10,35,5,12
499,89,66,6,92,117,9,7,15,3,84,16,18,24,19,46,12,96,11,21,103,5
500,26,25,8,63,22,11,34,24,20,97,117,55,95,23,3,73,67,101
501,34,1,16,8,23,46,12,11,2,66,24,97,3,55,14,68,91,58,7,79,10
502,25,6,21,46,19,89,20,3,8,26,5,9,11,103,16,84,24,13,68,58,1
503,18,63,11,22,19,4,92,8,24,3,97,62,17,58,25,7,84,9,104,21,15,83,117,115,10,13,6,35,16,57,91
504,10,9,22,17,26,8,3,63,18,11,21,16,13,109,79,19,66,42,33,74,24,114,104,7,97,15,34,43,6
505,13,46,62,104,19,102,117,15,95,25,6,66,114,17,84,7,11,14,91,21,2,9
506,9,55,2,19,8,38,84,104,5,31,103,26,13,7,20,24,117,53,72,89,39,16,42,21,46,3,30,28,25
507,11,34,97,9,95,25,10,6,12,4,27,46,84,8,92,113,26,75,77,17
508,5,26,24,8,10,7,2,1,97,18,11,20,89,117,28,114
509,23,84,20,26,1,13,24,104,46,18,89,21,17,3,62,72,55,93,16,44,8,5,14
510,25,8,92,13,46,66,17,88,63,19,84,58,10,98,5,82,50,6,74,64
511,25,5,97,18,11,10,2,34,46,15,22,12,28,58
512,6,9,23,25,19,55,16,20,97,117,64,36,7,17,114,82,4,89,46,80,1,113,10
513,14,13,22,5,9,34,114,97,25,23,66,3,7,1,21,2,81,4
514,20,21,10,117,24,114,5,14,3,13,28,26,25,18,55,17,6,9,97,7,62,1
515,2,1,114,15,95,3,18,63,4,21,28,72,17,12,16,23,24,26,5
516,1,114,13,10,5,58,11,33,95,20,8,24,22,17,25,12,46,63,44,7,110
517,26,6,14,25,1,13,5,2,66,114,3,15,22,85,18,7,67,46
518,28,34,1,114,19,16,84,7,26,11,21,50,14,89,73,23,38,12,33,10,41,118
519,8,26,18,2,15,79,20,1,23,16,14,9,25,96,21,4,88,84
520,22,114,21,92,11,8,1,15,7,25,13,9,16,12,2,101,72,109,4,18,10,97
521,34,16,2,114,9,15,11,22,18,64,19,24,63,12,10,20,13,54,7,55,25,14,118,62,93
522,16,12,14,22,7,114,65,97,3,85,1,4,21,26,5,95,98,2,81
523,13,14,7,3,2,117,89,43,25,10,1,114,4,101,76,50,11,97,84
524,6,15,114,25,21,89,22,11,2,112,3,1,95,17,26,7,4
525,22,13,11,66,10,89,26,114,16,46,24,34,63,7,14,23,20,19,55,8,28,29,35,104,15
526,16,10,17,3,63,7,84,13,64,79,68,23,14,54,22,62,8
527,114,5,92,26,10,1,23,17,13,24,14,43,20,42,3,60,77,88,19,104,25
528,3,26,9,114,12,13,25,66,18,7,55,64,92,21,97,65,11,31,10,17,1
529,22,7,16,84,5,13,21,24,102,3,20,25,43,1,91,96
530,22,25,3,1,89,14,20,95,114,13,105,6,63,19,9,47,106,94,17,116,54,4
531,8,46,19,66,25,54,62,24,33,97,100,7,20,3,5,26,15,22,11,10,43,114,55,12,73,17,16,21,64,84
532,19,8,89,15,22,46,6,24,11,114,13,1,2,92
533,14,43,92,22,46,9,66,89,3,20,63,62,84,24,11,93,101,15,28,16,34,21,23,25
534,10,17,92,2,5,20,14,18,13,8,9,95,46,24,89
535,20,8,10,21,66,19,16,11,92,55,4,9,54,26,25,33,43,97,2,76,29,78,89,42,61,3,22,77,7
536,46,12,34,3,89,15,9,7,24,114,23,8,5,26,117,1,84
537,114,17,97,25,13,3,9,26,2,19,12,1,43,92,46,24,6,55,5,16,76,79,18
538,1,21,2,17,6,10,97,89,7,18,63,5,9,22,25,12,91,14
539,1,14,49,46,22,25,23,55,64,34,97,62,92,69,27,32,18,26,10
540,2,18,26,103,5,16,15,46,28,14,95,1,22,4,7,24,20,39,63,13
541,16,11,6,66,1,34,97,22,25,5,54,26,4,12,62,60,19,28,58,13,82,52,72
542,17,23,2,66,24,55,5,19,13,92,3,97,10,34,118,85,6,61,60
543,25,19,11,66,114,1,46,6,26,3,17,24,9,20,4,2,18,65,21,92,55,28
544,14,9,34,63,25,2,17,102,55,92,8,62,15,114,30,83,10,5,43,18,89,28,119,23,6
545,24,26,7,22,55,4,104,25,17,74,88,18,92,102,16,46,5,115,23
546,89,8,20,13,7,12,16,46,4,17,21,3,19,114,83,37,64
547,11,46,24,6,13,3,34,9,114,87,19,5,25,18,14,95,84,89,2,17
548,34,28,8,1,7,104,19,13,81,11,61,16,2,5,9,97,6
549,13,6,1,95,21,84,8,11,16,20,97,114,89,109,10,94,2,44,28,12
550,6,16,5,9,26,10,1,13,19,34,114,78,105,17,104,24,20,84
551,20,3,34,15,5,66,103,22,114,62,92,89,11,63,95,54,85,97,58,12,37,13,84,44,38,9
552,19,3,9,84,15,21,23,34,18,7,95,5,16,24,26,104,63,37
553,9,84,18,46,21,24,43,66,26,32,8,95,54,77,27,83,68,63,17,45,50,58
554,84,92,13,8,10,117,11,97,3,23,2,16,18,22,17,103,95,96,26,12
555,14,114,20,9,28,2,18,10,34,43,63,97,36,26,11,89,16,23,46,5
556,7,25,11,54,8,66,2,3,89,21,46,60,94,62,13,4,43,20,14,1,41,104,82
557,26,1,97,12,10,13,28,11,34,58,117,114,23,81,9,102,20,22,38,95,15,103,55
558,18,7,114,63,92,11,113,17,21,4,2,62,33,65,47,13,8,37,23,3
559,21,16,58,4,15,66,7,10,11,55,20,97,8,17,84,24,14,61,18,12
560,22,16,33,20,8,34,117,63,97,95,18,15,1,23,21,6,12,9,94,13,7,26,28,2,53,10
561,10,34,114,95,54,9,16,63,12,5,6,1,4,14,21,25,13,7,79,8,18,11,84
562,89,17,103,25,97,114,62,18,2,5,20,21,22,66,57,9,23,105,8
563,17,8,15,89,12,66,13,9,114,7,84,35,105,92,67,63,25,20,18,83
564,12,24,17,46,11,4,3,8,84,15,92,54,9,28,104,10,7,22,48,21,47,43,61,34,62
565,25,6,21,22,20,26,17,14,3,62,50,23,7,59,97,13
566,9,11,25,6,34,63,66,117,84,46,4,27,10,58,26,17,98,16,5,8,21,13
567,26,8,21,84,22,97,9,34,58,25,20,28,114,103,19,7,17,13,92,80,119,29,117
568,24,7,89,25,13,12,3,66,95,6,5,114,10,17,55,92,22,8,26,85,2,4
569,26,1,62,17,6,2,18,21,14,24,22,3,61,25
570,3,14,26,9,55,15,62,93,70,112,7,2,46,17,24,21
571,11,62,28,84,34,115,103,8,5,35,19,9,77,10,24,117,7,13,3,79,17,50,2,111,57
572,46,6,34,11,7,20,66,24,23,58,30,12,16,75,3,106,25,97,54,21,92,8,69
573,11,26,7,14,46,58,22,21,89,15,1,3,16,10,34,48,28,24
574,10,9,11,13,43,63,95,12,34,1,26,48,6,54,84,25,58,15,22,114,7
575,114,3,15,95,46,28,55,25,16,2,26,58,5,34,38,6,61,103,117
576,10,89,2,15,3,84,30,97,9,26,107
577,34,13,63,28,6,1,16,25,20,26,84,87,97,18,5,112,10,46,50
578,66,5,9,7,43,114,16,14,41,84,4,1,49,15,95,65,24,71,18,26,102,91,58
579,16,19,17,58,12,114,15,34,14,97,63,105,11,25,13,46,6,3,21,37
580,58,42,20,14,18,12,97,46,15,66,23,1,34,24,13,119,114
581,20,7,11,21,34,26,14,13,28,18,6,12,4,83,22,25,113,64,101
582,2,1,21,114,10,97,7,46,9,22,19,8,11,12,77,18,53,3
583,15,26,46,6,10,17,34,19,89,1,58,7,97,18,20,25
584,22,18,3,84,26,16,103,10,8,11,34,24,7,58,20,14,92,44,61,6,70,9
585,1,95,19,11,9,34,92,97,14,84,2,62,18,104
586,7,1,20,117,84,6,4,22,18,54,27,91,43,8,48,3,79,87,25,19,10,44,45,9,114,34
587,12,18,89,66,21,13,25,5,34,3,9,84,114,7,95,94,54,20,23,51
588,17,18,97,15,3,46,8,6,23,1,89,2,20,99,22,10,14
589,114,23,24,9,84,7,3,8,26,34,22,1,6,50,4,16,19,44,21,27,17,55,69
590,34,17,3,4,1,19,11,84,117,9,101,29,15,22,95,20,25,67
591,7,10,89,13,46,24,15,55,114,5,11,26,22,40,12,97,3
592,2,12,8,92,63,55,97,15,26,43,95,17,5,117,108,18,4,105,34,14,46
593,17,9,10,63,7,15,84,26,18,66,95,11,3,21,6,1,5,34,85,12,97,14,65,89
594,7,95,114,43,20,13,34,104,3,63,117,12,14,6,11,24,15,40,70,26,92,2,4
595,58,92,20,26,21,15,18,16,8,96,34,104,97,43,11,4,24,36,6,2,28,19,91,115,50,84
596,11,15,2,24,95,48,92,81,6,4,23,34,94,9,26
597,5,28,11,34,89,14,62,1,2,20,55,13,84,9,23,4,18,81,103,16,22,66,7,12
598,1,3,9,17,16,12,11,2,19,13,22,66,6,7,25,26,101,84,10,21
599,19,12,34,2,63,9,4,95,104,60,114,13,58,42,8,22,46,3,117,84,59,66
600,1,6,66,14,4,15,62,41,10,21,58,84,29,24,22,11,114,17,47,13,63,23,16
601,34,26,15,8,21,89,25,77,18,17,28,95,114,80,111,22,20,11,6,19,41,84
602,18,14,66,8,6,114,15,92,95,63,19,89,12,10,24,2,25,42,13,11,28,49,93,5,30,84,22,54,104
603,9,63,3,17,46,26,43,19,76,24,72,105,23,116,74,54
604,7,46,114,97,4,95,9,102,89,65,54,84,10,22,92,8,23,25,63,24
605,34,58,92,2,46,93,3,21,14,54,16,10,63,26,11,43,25,13,57,18
606,19,9,12,43,92,95,89,34,16,3,14,6,17,46,114,101,100,107,78,24,58,1,63,5,28,2,15,21,42
607,14,89,103,46,84,95,26,3,10,92,55,24,20,33,58,87,25,5,98,2,114
608,2,9,89,11,17,114,25,46,7,14,95,55,18,22,13,97,19,8,34,63,1,12
609,18,3,11,6,23,4,84,10,97,92,70,32,46,16,113,34,68
610,24,18,15,34,26,95,54,13,22,1,2,55,45,104,92,35,6,12,10,113,62,19,64,53,8
611,10,3,13,26,28,29,17,114,21,97,46,34,63,62,8,22,27,4,20,61,9,89,1,43
612,19,104,24,17,13,23,9,18,8,102,25,42,20,89,26,108,33
613,10,9,5,12,7,13,6,34,21,24,23,114,97,11,25,14,8,33,2,84,3
614,92,89,95,9,7,66,17,14,1,33,5,26,108,34,21,104,97
615,9,10,12,92,19,14,54,84,63,3,89,16,1,2,26,97,20,46,15
616,14,25,10,16,22,3,65,9,6
617,21,10,5,8,11,26,18,23,9,55,92,13,50,43,62,47,1,93,24,63,4
618,114,14,62,38,54,92,23,8,20,15,103,11,66,45,31,57,26,115,17,3,1,16,12
619,17,20,12,9,84,8,3,14,69,95,25,21,46,6,33,16,103,77
620,114,58,103,14,7,89,107,6,3,97,91,92,28,23,22,66,117,30,5,55,101,85,15,11,56,35,4,34,43
621,26,9,6,13,66,43,34,21,55,8,58,24,46,23,67,63,10,5,19,92,54,2,11,41,20,114
622,66,5,89,4,23,34,14,58,9,55,21,53,7,25,97,2
623,9,8,15,13,23,2,24,89,17,63,114,64,84,19,113,42,22,10,95,21,58,65,107,26,97,14
624,25,24,21,114,1,23,46,10,18,55,86,2,12,84,6,3,5,71
625,12,5,18,16,15,7,2,17,114,13,58,97,63,89,24,4,1,20,46,25,56,9
626,34,6,5,19,25,4,13,89,71,1,22,92,63,97,3
627,13,2,22,10,17,43,15,92,8,26,67,19,33,58,3,84,54,89,97,66,31,25,103
628,11,1,16,3,6,19,7,25,62,22,46,14,92,115,55,58,15,17,103,114,10
629,12,97,9,13,7,89,19,34,24,25,6,66,16,1,101,3,75,29,5,2,63
630,3,46,5,25,6,13,8,16,84,1,11,104,58,10,19,12,103,62,14,37,45,28,63
631,25,21,7,8,2,22,92,63,14,16,17,95,10,6,114,89,86
632,13,16,18,12,21,8,38,89,2,3,10,51,14,32,5
633,21,15,22,10,24,89,46,114,104,11,8,23,18,26,1,40,58,20,33,9,3,30,54
634,8,5,21,46,34,23,84,92,104,11,73,26,53,16,63,1,14
635,7,5,18,13,43,8,4,34,14,62,55,97,96,26,3,84,12,91
636,25,22,17,5,103,20,45,102,10,14,12,24,66,2,9,23,43,53,89
637,4,25,1,19,23,24,34,11,6,21,89,97,109,16,84,42
638,114,34,66,8,1,46,17,7,25,55,23,10,24,74,97,117,9,101,95,63,43,62,11
639,1,11,24,12,5,18,20,19,16,15,25,10,3,22,9,4,106,23
640,18,13,12,6,7,15,1,14,5,34,3,22,11,95,8,46,114,10,55,47,9,97
641,21,17,34,66,63,5,89,1,46,92,16,55,2,19,68,14,33,114,13,8
642,17,97,46,20,10,3,1,84,2,16,15,7,95,25,50,92,76,57,26
643,10,112,46,9,25,114,2,16,17,94,11,87,1,24
644,20,12,10,14,9,8,26,5,25,89,43,1,45,19,28
645,25,5,6,11,24,84,22,46,21,12,13,20,100,18,33,70,15,103,1
646,1,97,84,89,7,18,117,92,52,11,112,13,2,17,82,4,12,22,5,99,3,15
647,3,7,22,1,12,26,14,6,5,114,11,104,28,19,34,46,58,97
648,34,3,95,5,17,8,4,89,23,87,114,27,6,55,24,14,26,111,21
649,16,11,6,114,14,26,24,5,15,25,1,28,12
650,8,12,17,22,7,10,46,9,2,1,114,18,25,13,3,26,86,6
651,12,2,10,114,63,3,95,1,21,18,43,23,104,26,92,38,14,16,25,35,107,66,7
652,95,97,2,54,13,5,15,26,34,12,20,25,108,114,52,118,3,31,100,63,19,23
653,23,10,6,55,114,92,25,34,7,26,46,2,1,4,5,18,66,15
654,16,95,114,26,55,14,62,13,34,117,2,24,5,6,97,17,18,3,91,1
655,26,17,20,97,13,16,19,43,15,11,92,14,84,79,65,3,23,91
656,6,22,10,97,26,66,16,19,34,2,46,102,95,18,3,55,14,13,23
657,16,10,2,14,46,17,5,7,22,18,13,9,34,24,63,97,95,11
658,18,7,89,16,20,10,46,13,69,56,58,6,41,79,104,21
659,8,12,23,63,17,97,6,4,24,5,114,70,89,7,25,112,15,54,58,11,66
660,14,66,28,1,95,97,6,13,17,25,92,11,12,4,18,16,96,62,72,49,10,34,46,9
661,3,25,16,4,11,7,43,42,114,18,15,2,96,97,10,22,12,13
662,46,6,34,13,89,4,20,11,1,95,37,112,12,38,17,2,51,66,79,26,24
663,5,20,10,16,89,97,22,8,25,2,24,101,19,6,52,92
664,3,5,10,2,17,21,89,15,26,109,7,12,22,14,95
665,24,15,7,18,8,6,89,21,63,13,66,100,117,95,16,62,115,1,14,50,22
666,9,95,34,23,10,16,89,20,11,63,58,32,5,28,13,12,8,25,46,17
667,10,5,11,21,1,3,114,14,9,26,84,104,7,19,55,25
668,6,84,89,3,8,22,7,26,11,12,15,25,46,20,34,1,63,18,43,55,21
669,46,64,20,114,43,16,6,92,28,11,13,66,18,55,58,10,14,9,3,12,8,41,107,84,63,21
670,26,46,34,17,2,3,25,10,95,76,21,9,11,15,88,19,30,107,20,22,54,6,97
671,46,17,18,89,2,11,114,14,20,3,66,8,104,12,30,9,78,92,23,16,15
672,11,9,6,19,89,17,25,20,5,92,95,26,84,13,97,4,23,2,8,1,58,24,7,79,14
673,15,1,95,5,10,8,34,84,13,46,18,9,22,74,58,16
674,21,13,12,7,11,1,25,18,89,4,22,14,63,3,8,16,58,90
675,114,34,15,19,4,3,92,95,1,21,7,81,6,63,28,17,94,18
676,63,55,20,95,104,22,19,62,6,92,9,2,7,12,10,23,43,25,21,113,46,50,35
677,17,5,89,18,3,66,46,92,20,21,12,2,7,13,6,15,105
678,21,22,2,34,1,26,11,43,97,14,92,23,3,8,6,13,66,55,7,91,63,68,53,114,84,64,117
679,17,83,24,43,14,97,55,66,89,15,6,7,8,13,84,112,114,34,9,11,16
680,10,89,26,63,25,118,114,3,66,12,5,34,92,9,79,95,14,19
681,19,3,28,63,84,9,2,20,4,7,15,23,26,43,1,117,5,46,54,38,17,74,14,115,62,30
682,9,63,34,114,10,92,22,2,11,84,70,96,55,1,21,54,15,93,4,82,95
683,13,26,8,63,6,7,5,4,66,54,17,1,11,95,92,78,18,9,77,24
684,8,46,92,26,103,6,5,11,58,66,23,13,9,54,50,114,3,113,70,95,12,93,22
685,34,3,7,62,104,24,23,10,13,26,12,89,8,16,36,58,9,45,5,6,63
686,18,17,95,16,6,21,10,97,4,108,92,115,101,13,55,24,26,14,1
687,7,20,15,13,84,17,19,92,26,18,11,1,100,6,77,22,4,50,114
688,18,3,14,46,28,1,7,8,21,97,5,22,6,95,44,117,63,19,2,4,15
689,16,1,9,22,12,5,3,21,15,7,13,62,14,34,63,46,92,11
690,11,9,18,16,6,2,20,84,10,26,14,12,59,114
691,5,103,12,21,95,114,16,43,10,14,20,13,3,17,60,30,15,68,7,11
692,46,17,26,21,2,20,63,24,97,85,13,18,3,66,7
693,17,84,13,114,6,97,8,20,12,3,34,28,91,18,2,60,32,68
694,2,34,12,97,114,3,92,46,15,24,23,57,9,1,16,89,14,83,8
695,20,5,18,66,3,14,97,2,12,11,4,113,40,24,6,63,8,107,39,95,23,13,10,16
696,1,66,10,89,22,46,15,6,114,11,25,12,18,17,20,100,71,57
697,8,16,25,23,14,19,95,63,9,117,43,1,2,84,34,22,55,89,21,3
698,16,5,9,15,34,25,1,13,11,66,26,20,89,8,101,46,27,48,103,24,12,109,43
699,16,3,12,63,21,46,104,2,22,8,9,58,25,6,20,24,11,92,10
700,5,7,114,21,14,46,26,95,1,8,97,15,24,22,89,84,41,55,104
701,5,25,46,4,97,18,11,14,41,95,2,62,1,12,24,72,86,17,117,55,26,84,34
702,3,97,10,34,46,23,89,117,114,14,1,11,18,8,22,16
703,46,22,84,14,19,24,6,9,51,23,114,79,8,78,97
704,18,63,5,8,21,54,19,114,25,7,15,34,17,108,58,22
705,19,63,24,6,8,12,14,3,1,114,25,23,4,34,16,22,13,83,78,2,5,11
706,6,23,10,89,58,11,43,28,21,98,34,95,86,2,52
707,14,6,18,13,8,34,10,114,54,26,7,25,2,92,4,97,24,55,9
708,82,12,5,18,9,34,13,28,10,63,20,7,46,16,92,104,1,17,49,54,15
709,5,14,103,4,9,19,8,16,84,43,26,11,33,17,89,1,91,25,82,46,10,41
710,13,63,9,14,12,84,43,81,10,21,89,97,16,19,15,2,104,28,1,25
711,5,84,16,10,7,89,22,24,92,21,68,9,76,23,104,15,1,13
712,16,46,25,18,3,82,97,34,28,63,19,22,117,17,61,13,12,8,64,6,43,66,31
713,1,24,49,103,9,66,2,20,19,3,34,23,26,4,58,25,5,97,79,18,52,17,92
714,97,25,4,114,24,63,22,10,6,46,102,58,95,78,110,96,3
715,34,1,46,38,114,22,8,66,21,19,67,47,84,16,93,17,40,64,97,6
716,7,16,21,117,17,46,2,58,26,25,89,24,54,51,92,32,9,12,43,28,13
717,22,15,6,1,89,18,39,25,13,24,76,16,106,9
718,8,18,114,43,20,19,9,104,1,89,74,10,2,28,86,17,7,6,13,66,54,102,14,12,98
719,2,11,12,18,23,15,3,1,9,62,79,28,89,44,19,26,17,33,7,54,4,95,21
720,7,9,17,14,25,20,114,10,79,5,95,1,26,2,4,63,6,3
721,22,97,8,21,10,11,46,1,114,95,19,66,77,18,28,4,12,2,13
722,26,18,5,12,13,20,92,11,2,94,81,3,15
723,5,17,23,66,3,84,6,1,95,54,20,46,25,26,13,86,38,50
724,25,12,15,63,22,16,19,26,7,20,89,66,34,97,14,11,23,51,17,8,95,18,6
725,66,16,11,14,18,7,22,10,15,3,95,1,21
726,84,63,95,18,7,21,20,3,23,24,35,5,41,69,26,37,16,38,98,12,10,14
727,46,7,9,8,24,5,66,21,117,3,26,103,12,6,13,51,14,20,89,70,114,19
728,34,21,89,5,6,25,24,20,3,18,84,10,104,12,95,19,9,35,11,97,93,13
729,24,84,20,19,4,55,12,3,26,97,15,6,7,14,89,23,1,53,95,21,16,8
730,8,9,6,21,19,16,4,17,18,5,22,95,34,97,92,31,10,3,104,43,114
731,22,21,5,15,19,34,13,46,58,11,110,84,103,2,7,113,106,23,25
732,63,22,114,20,19,107,21,92,35,95,2,97,34,83,13,118,5,112,27,15
733,21,19,89,15,6,12,17,8,7,22,10,14,1,97,25,95,92,74,2,23,103,9,3,84,42
734,26,3,23,114,8,21,2,63,58,20,14,45,95,15,11,10,69,43,28,84,6,9
735,9,5,25,10,13,16,14,95,30,99,43,19,8,114,12,117,46,24
736,14,6,8,15,9,1,117,4,97,112,46,84,34,10
737,5,15,9,55,1,7,24,14,13,2,23,34,119,22,20,31,3,12,66,21,50,51,6,27
738,84,26,114,3,34,20,16,46,11,15,23,33,79,101,24,41,21,25,110,22,2,95
739,25,84,7,9,3,20,11,46,16,95,72,14,10
740,15,20,17,13,10,12,24,18,4,84,21,114,34,19,97,22,103,62,25
741,5,2,46,14,15,12,113,17,67,26
742,17,13,22,7,20,11,10,19,15,3,84,95,2,14,38,18,6,63,114,4,12,8
743,28,103,25,46,17,20,114,63,14,8,42,104,18,64,34,68,11,54,26,6
744,17,3,22,84,92,13,43,11,114,97,14,10,104,26,2,7,51,89,66,19,5,103
745,89,84,8,24,114,21,92,15,50,17,34,78,11,1
746,89,1,84,8,93,26,24,9,11,2,58,22,50,18,17,19,43,6
747,98,7,63,17,15,19,114,1,25,11,38,95
748,21,46,20,16,25,18,66,89,104,9,23,17,34,3,8,84,51,10
749,46,9,26,18,34,11,43,16,97,112,5,4,20
750,21,15,95,11,89,20,84,52,85,8,5,19,9
751,6,22,46,5,23,9,89,34,14,18,21,19,95,105,54,42,117,83,8
752,21,10,114,22,89,19,95,70,20,30,62,25,14,41,2,66,17
753,16,23,21,12,10,15,17,97,34,63,1,46,43,8,18,86,72,24,20
754,25,26,12,4,24,20,10,34,5,38,13,107,46,3,17,53
755,1,92,63,22,20,6,16,21,117,90,25,7,102,26,10,8,19,23,60,53,2,36
756,21,17,6,10,19,114,14,20,79,25,26,9,84,11,77,5,22
757,2,24,6,23,89,10,21,1,7,17,92,22,111,4,8,34,104,100,15,25,9,46
758,19,12,20,18,26,54,4,21,24,84,89,14,63,5,114,22,10,95,83,11
759,14,21,25,63,1,10,97,24,46,89,9,84,95,13,112,11
760,15,7,97,95,6,9,54,8,66,12,85,61,84,21,19,46,20,107,34,63,10,23,2,3,89,16,53
761,24,16,29,14,84,20,34,46,21,11,8,114,66,58,107,13,97,89,19,7
762,10,21,17,14,13,24,19,46,8,66,9,6,63,12,109,15,97
763,25,9,5,103,8,63,58,18,62,1,46,97,84,69,32,6,10,37,89,45,74,44,24
764,34,3,20,5,10,11,28,24,114,117,95,14,17,84,15,1,9,36,16,22,58,40,55,38,47
765,20,15,11,28,8,34,24,22,17,4,18,102,14,5,9,97
766,7,11,6,114,34,5,25,21,22,28,24,55,20,58,37,41,46,111
767,2,97,30,23,34,28,95,25,115,24,13,26,22,21,1,15,14,10
768,24,63,43,92,11,21,15,14,10,12,2,54,17,104,13,114,88,71,7,93,72
769,66,46,2,22,14,84,21,97,15,17,8,18,5,4,1,58,16,10,13,95,47,34
770,103,20,16,95,5,14,11,92,8,23,97,63,7,24,73,19,10,61,1,43,13,4,38,12,47,6,89
771,24,22,16,9,23,3,84,20,4,61,89,28,15,79,26
772,66,46,22,11,63,92,13,26,114,20,89,3,59,77,1,45,107,2,7
773,89,18,20,8,95,84,12,55,22,13,16,10,1,26,24,11,117,92,34,106,23
774,46,24,28,97,43,12,21,2,84,114,92,1,93,63,71,29,8,14,5,55,37,117,18,10,89
775,63,26,22,66,7,9,12,13,84,21,5,46,43,89,58,39,23,8
776,3,114,89,7,6,21,24,16,20,63,23,25,43,104,91,1,86,26,54,34,12,10,53
777,7,114,17,46,44,12,10,95,3,21,97,4,18,23,15,25,20,11,33,16,2,13
778,7,2,84,3,17,21,11,5,22,47,10,24,114,13,15,20
779,15,9,89,46,3,24,92,13,4,2,11,97,5,7,8
780,34,10,1,23,8,9,22,11,7,26,24,115,4,92,15,84,6,50,13
781,5,1,8,10,12,88,28,14,84,13,19,2,3,92,15,21,115
782,46,21,18,34,38,117,22,39,11,2,24,26,84,14,28,35,10,60,6,1,59,19
783,114,10,55,89,19,13,63,7,104,8,1,22,18,34,11,23,24,12,17,91,84,64,36,16,4
784,46,7,92,17,14,13,12,3,20,114,95,72,10,5,69,63,58
785,8,15,6,13,104,11,34,46,16,22,71,113,5,66,17,10,54,102,24,27,89,1,58
786,21,14,10,66,17,95,97,15,84,3,55,25,9,119,99,68,1,30
787,34,16,11,20,15,8,3,63,12,22,17,7,116,26,67,65,89,102,42,66,13,24,10
788,11,84,12,95,25,7,10,20,14,5,17,4,16,13,58,53,34,89,24
789,10,11,24,14,22,17,43,26,87,7,12,15,34
790,34,17,92,7,20,66,22,89,13,46,14,6,19,2,55,10,11,79,21,3,15
791,84,10,8,15,1,23,55,4,5,20,18,17,92,24,11,6,46,104,21,25,95,14
792,11,97,54,17,12,55,58,3,63,84,15,46,6,43,2,19,35,21,13,53,7,61,16,4
793,20,46,34,17,95,89,13,2,4,104,7,66,63,43,12,8,3,58,25,74,21,117,106,5,97
794,114,19,103,10,2,25,21,3,34,1,23,97,20,64,13,102,8,112,106,95,89,31,28,18,22
795,34,25,15,9,8,66,89,7,95,1,14,91,2,17,22,11,24,45,12
796,2,18,33,13,16,21,24,40,46,12,26,63
797,38,2,43,54,20,21,16,17,25,89,19,18,60,37,58,24,77,71,14,100,11,3,63,70
798,21,18,9,8,89,12,114,6,34,3,20,13,65,102,7,10,17,25,11,15,117
799,24,28,92,16,6,89,20,5,8,25,62,58,21,4,46,63,61,22,117,43,11,17,3,84,114,19,14
800,15,10,7,6,4,46,14,11,16,41,44,22,18,5,3,55,66,25,84,34,8,114
801,2,21,13,9,11,16,25,8,15,66,26,114,24,23,5,60,17
802,9,3,5,26,114,11,19,6,84,7,92,18,1,21,74,15,14,117,12,63
803,3,84,89,5,10,95,97,26,1,18,34,13,11,70,94,21,2,22,14,12,92,7
804,1,46,92,17,89,34,15,6,10,2,8,35,12,3,5,7,20,26
805,46,34,7,17,19,24,63,84,5,26,1,104,20,25,3,62,22,42,4,16,66,41,14,89
806,14,63,22,92,54,2,6,34,46,7,20,25,95,69,3,117,19,26,90,8,24,96,89,83,9,84
807,15,22,89,112,20,10,84,25,77,8,5,23,4,62,21,58,3,69,11
808,89,12,16,97,19,21,9,34,23,13,11,10,66,8,22,25,95,2,46,14,114,7,17,18
809,46,16,20,17,9,22,1,89,25,8,43,55,19,97,84,34,6,79,63,21,85
810,20,3,2,5,1,9,6,92,97,100,89,84,10,19,17,85,25,13
811,12,5,10,20,8,11,6,95,13,17,16,34,46,15,2,92,24,23,114,38,26,79,7,117
812,25,14,15,11,92,8,7,89,19,34,22,20,4,77,3
813,26,1,25,16,14,9,23,3,95,6,28,84,15,97,20,55,24,46,66,107,41,92,5
814,8,97,23,7,5,114,34,2,89,95,1,22,26,93,15,78,13,10
815,10,92,97,89,63,16,7,20,21,95,29,17,108,11,12,18,37,25,28
816,89,95,17,9,114,55,84,23,16,18,6,1,10,97,8,104,28,26
817,15,20,24,95,17,84,114,97,9,22,5,92,100,11,31,1,19,33,2,85,25,10,12,90,3
818,26,21,25,16,9,20,1,6,5,40,22,34,18,78,11
819,46,8,104,12,18,34,1,13,63,66,24,43,84,117,9,115,76,5,7,21,113,89,19
820,3,5,22,13,89,10,4,1,46,16,66,11,63,58,92,29,23,102,12,43
821,114,1,2,10,26,3,69,5,28,97,16,57,18,23,22
822,3,16,21,12,97,9,19,8,14,87,34,93,2,69
823,22,12,21,13,84,6,92,63,89,17,2,102,15,11,20,95,23,70,112,19,1,30,114,14,103,8,3
824,25,26,3,18,34,17,20,89,13,16,1,96,97,114,92
825,89,9,95,2,24,7,22,63,58,5,1,114,102,23,66,82,40,93,84,45,16,72
826,8,25,10,21,46,34,26,2,92,53,117,24,15,20,4,89,13,11,23,7,22,3,17,84
827,2,15,6,92,8,11,97,5,7,43,54,26,3,117,21,103,46
828,17,3,9,18,5,11,20,89,14,24,95,13,92,4,38,19,21,26,2,25,8
829,89,22,84,12,25,46,1,8,16,117,66,2,24,58,5,26
830,14,97,2,63,22,21,16,25,15,7,11,18,12,28,84,20,80,46,8,24,34
831,17,21,19,26,22,2,9,11,10,16,3,7,38,5,66,114,92,54
832,34,95,25,15,107,26,19,58,13,24,28,22,14,114,55,93,7,1,109,8,60,5,43,18
833,18,14,24,5,16,28,3,8,11,62,2,12,92,95,17,46,13,10,72
834,8,7,20,16,21,97,17,25,11,6,114,95,84,119,22,71,18,43,14
835,6,63,22,24,55,34,114,16,95,5,21,84,102,13,52,23,54,96,11,20,10,26,17,3
836,12,28,14,5,26,103,9,17,69,8,54,6,24,21,116,13,70,29,31,97,22
837,7,13,21,23,34,9,10,18,25,106,89,15,24,14,48,8,19,1,22,65
838,26,10,20,22,6,16,119,92,15
839,24,25,20,12,26,16,13,10,52,53,22,97,102,5,19,18
840,3,25,14,34,15,66,95,100,19,11,20,22,54,9,1,84,23,89,16,21,2,30,102,68
841,9,10,7,114,8,1,42,65,21,28,11,16,3
842,1,16,19,117,95,22,15,14,104,4,9,92,54,21,55,2
843,15,18,2,6,43,114,104,58,8,89,21,17,5,14,20,10,1,41,23,33,26,13
844,16,26,9,25,66,84,14,58,23,41,21,18,89,71,34,1,13,11,97,24,45
845,12,55,92,9,21,15,14,89,26,97,17,63,13,8,11,10,104,95,119
846,58,114,5,46,6,107,38,49,20,13,21,11,24,16,8,22,103,2,116,9,12,34,25,18
847,14,25,9,2,7,16,46,114,10,13,84,20,101,18,35,5,8,89,15,81,6,87
848,89,104,16,11,21,95,23,117,32,25,5,15,54,46,18,7
849,89,10,1,20,26,4,90,24,2,34,12,15,55,97,58,9,17
850,2,103,19,13,55,8,24,4,28,43,109,77,9,114,62,112,34,97,7,83,3,25,21,11,12
851,21,5,3,20,15,12,97,11,23,77,22,43,101,114,84,92,96,13,100,26,81,14,82,32,10,17,63,18
852,22,46,9,15,84,54,17,4,25,114,89,20,7,104,28,97,34,42,11,10,19,2,14,3,24,65,58,26
853,5,13,10,55,18,104,23,8,28,84,6,9,24,26,14,3,114,17,16,34,22,119,31
854,22,21,84,13,11,6,3,92,114,23,46,17,32,34,8,31,95,2
855,8,10,46,26,12,89,14,1,18,15,25,7,20,6,16,2,38,73,97,51,85
856,46,82,10,17,19,65,12,11,28,73,113,89,105,5,9,114,92,63
857,13,10,9,19,92,89,15,14,63,17,25,18,66,87,2,114,61,20,21,26,95,103,22,35,77,8
858,20,12,25,19,22,11,14,7,3,9,43,114,15,51,37,53,4,91
859,95,92,117,46,15,1,54,14,2,21,51,3,84,67
860,20,1,21,24,14,15,2,18,34,105,76,19,62,6,11,95,30,5
861,1,3,24,6,26,12,21,8,22,95,5,46,89,4,10,28,18,34,13,54,64,2,15,116,97,114
862,22,11,15,9,10,63,95,24,8,21,34,16,1,12,4,114,7,2
863,11,34,92,17,114,89,46,13,104,28,43,6,63,19,79,110,95,9,2,45
864,89,18,10,84,20,34,14,11,25,63,73,3,15,114,2,43,42,22
865,11,6,46,7,19,23,103,13,26,43,16,21,22,25,20,17,49,8,9,24,95,63,2,104
866,84,20,34,25,16,78,19,43,10,24,55,18,96,116,89,23,22,46,7,8
867,7,21,46,11,23,14,66,17,6,12,25,55,1
868,24,66,21,55,89,22,23,58,6,13,51,63,10,39,118
869,21,9,18,28,2,95,46,12,26,11,119,10,5,35,8,89,66,24,3
870,10,14,22,23,12,46,25,2,11,6,16,108,7
871,24,114,22,5,7,13,17,34,2,21,20,10,4,89,46,11
872,8,89,5,24,104,25,7,116,114,58,95
873,10,13,7,66,11,100,25,20,9,2,97,1,26,8,19,16,116,65,89,84,14,69,91
874,25,114,8,14,24,34,5,17,22,26,11,16,42,97
875,9,63,7,97,14,43,84,6,16,17,22,15,20,10,8,83,92,26,90,46,24,3
876,26,55,13,19,12,84,54,25,8,46,91,114,6,11,97,58,3,10,24,72
877,46,114,6,3,5,22,12,15,10,87,1,96,18,8,66,104,13,19
878,25,34,84,11,54,97,20,2,3,13,92,68,33,7,38,117,109,95,77,9,32
879,25,2,46,22,5,97,3,20,66,114,26,15,34,24,18,57,6,12
880,89,84,102,12,16,9,43,2,114,95,25,1,33,34,44,117,98,22,97,24
881,16,20,6,1,3,13,8,7,2,9,84,22,14,89,25,24,17,94,11,97
882,10,7,20,114,24,5,55,1,26,15,22,13,14,3,25,8,17,12
883,21,46,114,9,15,24,89,22,5,12,3,14,34,28,92,16,103,104,7,32,31,8
884,89,17,12,11,7,25,66,4,1,114,34,84,95,97,14,9,55,38,22,18,70,68,21
885,2,11,28,17,24,26,15,10,21,6,18,54,53,97,1,13,34,78,43,102,86,23,46,55,59
886,84,24,23,89,22,26,97,117,11,10,25,46,63,7,6,5,66,3,15,95,114,55,2
887,66,20,13,6,25,34,58,95,21,1,114,24,5,2,17,3,84,35,56,97,10,7
888,114,16,33,6,13,84,27,21,2,8,30,7,12,52,9,39,14,112
889,7,2,14,25,34,1,26,66,97,6,63,46,15,13,35,18,68,89,20
890,8,26,15,12,13,23,10,97,7,17,20,74,6,34,98,18,16,84,21,43,22,19
891,20,1,23,15,11,22,18,12,14,7,17,35,46,111,50,76,10,99,92
892,2,14,9,16,17,5,10,84,55,6,18,45,51,4,62,20,1,24,65,26
893,7,5,92,10,4,63,28,20,26,25,1,13,74,95,22,15,55,34
894,25,21,20,23,34,11,89,2,9,92,1,97,8,95,55,19,3,5,24,119
895,17,84,47,3,114,7,25,95,21,6,20,34,13,24,15,92,10,74
896,6,3,9,114,5,17,1,43,95,55,48,89,8,67,19,104,66,14,34,20
897,16,15,11,14,28,22,23,66,58,2,92,97,84,1,6,20,107,7,95,19,91,117,34,75,25
898,20,23,43,113,8,11,14,114,95,61,107,5,74,9,4,7,48,84
899,14,17,3,89,22,25,21,2,34,41,11,10,61,33,12,28,54,43,18,26,88,62,7
900,5,22,14,6,115,10,8,70,13,33,104,12,7,11,17,109,18,45
901,97,14,10,11,18,20,1,4,3,85,46,12,104,9,21,8,19
902,9,6,15,84,5,28,46,119,63,3,54,8,10,43,12,22,16,25,21,91,58,7,55,34,18,4
903,18,28,24,9,8,22,11,19,5,17,67,34,84,97,26,12,3,2
904,9,1,12,42,97,72,22,3,47,88,7,30,4,16,93,96,15,21,29,27
905,18,11,13,2,97,17,6,8,92,15,3,84,9,99,25,66,57,16
906,17,114,25,13,5,22,2,12,21,23,7,15,10,46,43,18,113,24,6,53,44,9,26
907,89,14,23,95,28,24,19,104,10,22,114,7,43,1,72,76,2,44,21,30,26
908,63,14,6,89,95,15,24,55,92,2,34,104,9,19,84,1,13,22,35,77,109,25,114,3,46,38
909,22,12,3,95,18,63,7,4,11,17,20,10,6,97,8,1,115,19
910,26,25,20,63,82,15,9,7,1,17,19,10,28,64,2,43,58,16,3,71,13,86,111,105,8,96,84,89
911,7,14,2,11,26,89,16,34,6,97,17,21,46,13,92,9,114,20,42,58,5,12
912,16,8,46,97,11,92,24,3,71,26,18,21,67,14,22,57,9,94,61,95
913,9,10,34,3,24,12,1,63,11,79,7,39,89,46,53,54,21,72,92,13,16,19
914,17,21,89,114,6,11,13,25,63,34,16,46,2,3,26,103,15,38
915,1,11,20,55,89,3,19,23,34,21,14,12,22,6,7,97,2,25,33,100,10,42,15
916,12,16,22,7,20,9,13,97,15,95,66,4,3,92,116,6,82,102,21,5,88,24,14
917,15,22,46,5,8,26,63,117,25,34,60,81,77,16,10,83,89,21,49,6,1,11
918,34,46,89,18,6,17,95,10,8,66,5,16,26,25,9,93,19
919,3,26,66,107,114,17,14,19,92,15,43,117,102,12,38,37,18,84,54,62,28,74,95,16,2,11,86,6,41
920,5,7,14,16,21,4,26,10,6,22,12,3,8,67,17,81,20,24
921,22,20,10,97,92,55,26,25,3,14,21,16,86,19,58,63,1,91,9,13,11
922,17,114,3,24,13,89,66,42,84,117,104,18,7,21,97,9,28,102,23,100,46,14
923,16,6,20,66,46,1,8,2,7,12,50,5,15,10,92,11,9,97,22,104
924,92,95,12,15,23,18,4,93,109,102,9,97,84,3,104,21,25,50,117,6,62,5,118,113,24,19,44,2,13
925,8,25,26,2,32,22,5,50,13,18,62,82
926,8,21,17,22,14,46,10,18,84,19,34,20,2,24,114,12,60,94,3
927,89,114,97,7,25,46,12,95,17,92,53,20,9,18
928,57,97,16,1,17,29,8,22,18,5,19,2,3,34,4,39,63,24,46
929,7,9,5,3,17,24,23,34,10,92,63,62,28,13,26,15,106,85
930,34,66,28,9,13,17,54,92,18,4,97,1,6,95,58,26,23,91,3,15,5,89,2,82,84,11
931,20,34,95,89,6,17,8,19,92,11,26,48,119,46,64
932,34,26,11,5,9,2,103,23,13,16,46,114,64,84
933,7,18,13,23,15,10,84,1,92,117,8,95,22,3,12,89
934,3,5,15,26,12,54,95,97,84,20,117,83,22,8,2,89,10,67,65,114,42,73,19
935,14,34,9,11,10,33,46,20,1,18,55,39,24,23,49,12,22
936,12,8,16,13,5,84,17,54,22,85,73,26,25,103,7,15,11,30,4,88,74
937,14,58,38,20,63,18,92,84,4,12,23,1,65,8,64,36,5,3,7,11,16,34,19,52,28,105,115
938,15,63,4,92,17,14,16,10,24,61,111,46,57,9,19,26,43,22,23,1,79,38,13,2,103,89
939,10,7,13,3,114,89,15,8,6,16,117,28,1,66,5,24,4,74,92,23
940,25,11,1,114,17,5,3,63,14,6,16,92,89,10
941,84,34,92,13,97,58,95,8,1,2,14,23,9,22,17,55,24,26,28
942,97,20,7,6,4,15,9,84,10,18,55,103,12,34,26,28,58,11,78,16,25,43,72,21
943,2,17,97,84,11,20,7,28,43,46,3,10,25,21,53,19,23,66,82,72,15,63,55
944,6,15,25,13,97,92,66,2,7,88,12,1,14,21,28,58,72,85,8
945,26,16,34,2,1,12,10,14,97,7,17,84,19,103,89,15,50,21,66,13,65,112,23
946,3,6,18,5,9,12,20,2,10,11,17,114,92,39,23
947,2,18,24,22,19,1,95,84,66,21,12,16,92,6,34,55,63,15,85,7
948,5,13,66,114,89,18,3,34,16,12,43,54,25,63,119,4,29,7,9,97
949,17,63,18,8,5,10,24,2,55,62,15,58,66,6,28,90,46,22,11,7,34,97,69
950,9,8,16,14,17,89,18,22,10,34,15,24,2,38,19,11,90,21
951,11,5,21,8,18,64,7,37,20,81,16,22,34,12
952,15,46,25,22,6,18,71,69,11,34,12,98,13,90,8,97,2
953,19,95,7,11,2,3,20,24,46,26,5,25,114,101,58,104,10,31,13
954,22,10,66,97,89,95,8,7,34,24,31,114,18,9,2
955,11,6,13,4,12,95,7,26,9,114,89,25,19,22,24,23,1,69,46,5
956,18,12,84,20,22,58,46,89,63,14,29,117,95,96,92,41,5,31,6,23,25,91,13,26,97
957,66,20,11,46,8,3,10,114,95,23,25,26,92,104,5,2,16,102,21,15,13,84,7,58,14
958,9,55,25,34,92,58,17,5,107,117,24,62,19,12,22,84,20,21,1,18,97,26,56,2
959,22,2,63,26,19,84,58,24,5,12,114,14,10,41,101,21
960,11,9,103,2,114,46,18,5,1,95,83,102,84,97,38,54,34,23,32,89,62,63,13
961,34,23,7,5,2,15,10,46,66,22,11,37,35,42,14,8,101,114,95
962,11,23,3,21,103,53,34,12,5,55,89,26
963,14,2,16,20,15,34,26,24,12,46,28,22,45
964,14,21,92,89,46,9,5,97,12,104,26,7,48,35,34,84,20,15,113,66
965,9,95,19,114,63,24,26,92,4,13,46,43,21,117,10,1,25,12,30,103,84,118,6,107
966,6,20,114,22,92,4,17,97,19,89,12,95,69,105,21,14
967,14,15,17,20,18,2,24,16,7,37,3,97,11,26,21
968,15,26,14,13,9,95,114,97,89,103,16,63,23,74,20,65,67,7,45,90,17,78
969,19,9,97,84,20,13,92,22,8,10,7,26,89,11,48,46,102,18,15,59,6,12
970,28,55,24,95,63,17,15,107,3,34,84,54,12,10,14,89,93,39,45,119,60,88,72,25,7,114,103,47,9,42,22,64
971,114,34,58,11,26,6,21,63,54,1,84,14,20,90,15,16
972,16,9,14,4,22,10,18,65,95,5,21,23,24,12
973,14,8,24,46,16,107,26,84,12,23,1,22,60,19,91,3,63,20,10,7,72
974,6,43,25,26,1,33,34,16,23,13,84,11,62,7,82,22,46,89,91,9,45,4,24,2
975,15,14,18,3,25,43,17,114,12,7,34,22,11
976,25,89,18,7,62,43,5,34,79,23,110,10,102,66,11,8,24,117,33,13,27,20
977,7,11,89,63,34,54,25,28,43,62,13,75,18,20,29,95,99,26,35,68,49,92,50,103,15
978,10,18,4,95,15,25,92,14,21,97,16,66,2,20,6,3,1,112,46,24,8,71,26,42,23,7
979,6,17,34,19,7,24,97,18,1,119,11,92,3,26,38,15,42,112,25
980,15,84,114,4,1,8,20,5,16,17,3,18,6,52,2,107,25,34,11,97,103,24
981,7,9,18,12,66,14,89,62,25,13,24,19,91,92,47,63,28,99,2,58,34,3,103,74,11
982,84,15,14,16,3,1,4,26,66,22,24,20,25,9,46,5,36,35,97,13,40,60
983,95,14,9,5,19,43,13,25,20,37,97,79,2,60,62,34,4,71,12,115,24
984,85,9,55,4,10,16,8,15,7,19,87,3,58,22,26,13,25,33,62,46
985,1,11,5,17,8,20,114,24,89,18,7,46,97,81,55,2,33,23,95,104,87
986,13,15,23,21,7,20,3,8,114,22,89,1,26,10,2,46,95,6
987,12,84,7,97,63,43,55,21,25,17,3,111,34,1,22,24,11
988,25,2,16,18,26,97,46,6,12,11,19,89,13,74,62,72,14,44,75,22,8,43,21,34
989,46,23,2,10,5,43,11,25,26,84,18,95,20,27,17,1,16,89
990,16,8,26,3,1,18,95,114,7,89,10,23,12,9,30,79
991,10,89,15,117,9,2,12,7,6,116,25,63,21,51,95,23
992,114,6,46,19,10,9,4,23,34,12,15,57,36,26,7,14,117
993,18,15,114,13,97,10,1,21,16,3,22,8,84,47,25,20,89,34
994,12,17,1,43,13,28,18,95,30,25,85,7,63,21,53,20,15,80,103
995,18,15,16,22,25,20,2,5,8,21,95,3,113,10,24,63,6,17,11,7,4,14,46,97,13
996,15,10,11,24,17,21,9,14,84,95,16,43,13,58,28,19,72,29,6,89,46,103,23
997,14,39,11,1,10,20,23,84,82,81,92,24,27,34,104,4,46,5,16,12,114,15
998,5,97,11,26,12,103,2,19,4,1,23,24,89,75,16,115,7
999,26,16,7,25,22,18,20,99,14,10,17,3,33
1000,46,20,2,34,10,24,19,97,23,22,8,17,84,14,56,3
1001,12,9,26,13,20,18,34,28,21,43,114,6,95,104,77,19,16,57,17,25,5,33,73,62
1002,17,8,24,19,10,89,92,84,12,95,7,117,62,55,45,21,114,97,20,4,11
1003,5,10,3,21,13,12,9,1,7,14,6,44,74,97,89,62,67,84,8
1004,84,15,2,13,92,6,25,36,10,117,14,24,11,77,89,31,8,18,4
1005,7,26,92,9,15,12,17,18,89,21,4,25,19,56,2,74,14,114,107
1006,13,2,63,4,25,8,1,28,34,77,11,92,18,114,22,19
1007,46,18,7,6,114,10,89,22,63,15,16,97,31,14,8
1008,17,9,20,13,43,89,19,14,10,34,15,11,6,8,92,64,97,102,3,16,95
1009,114,15,18,6,66,11,104,97,23,14,9,12,5,2,58,95,21,92,60,7,22
1010,46,24,14,26,5,63,19,17,10,9,2,13,3,15,23,33,22,21,97,30,66,42,95,7
1011,6,25,97,2,38,84,15,3,46,20,17,23,78,114,22
1012,12,6,14,114,89,92,2,24,44,7,22,13,66,1
1013,24,21,34,14,10,97,25,2,84,55,3,16,7,8,15,6
1014,15,13,8,18,2,7,10,4,26,9,46,23,3,25,5,89
1015,34,58,84,18,63,28,6,10,15,2,19,12,55,22,97,66,11,54,119,26
1016,6,14,97,10,58,8,17,9,54,22,21,16,114,46,7,2,1,68,20,72,51
1017,11,82,89,66,9,26,13,22,7,5,21,18,10,23,63,114,20,61,95,15,16,3
1018,46,5,15,92,84,33,25,67,24,54,89,2,3,18,40,7
1019,26,25,92,63,33,13,16,20,6,11,7,84,103,3,22,12,9,15
1020,28,84,24,62,90,17,34,7,13,23,35,21,19,18,114,89,8,5,14,99
1021,22,14,89,114,8,16,1,7,34,46,37,15,3,62,109,74,81,103,17
1022,84,5,17,6,22,13,7,15,70,117,2,28,39,106,12,63,25
1023,6,3,84,46,17,11,95,92,16,1,9,19,25,8,7,119,41,10
1024,46,84,10,21,14,9,7,92,11,1,18,114,66,95,16,34,42,12,117,22,17,89,2,19,3,8,58
1025,6,22,20,95,1,17,84,13,3,7,25,63,21,15,2,58,8
1026,4,89,9,14,11,92,26,12,5,117,8,119,13,22,97,17,36,55,43,23,25,46,63
1027,3,43,13,117,34,8,103,46,25,5,16,2,11,21,20,1,58,109,28,19
1028,89,11,2,104,114,63,1,6,84,3,34,15,13,43,26,92,46,23,10,93,8
1029,1,64,10,16,8,34,25,23,69,50,5,95,84,46,55,22
1030,10,25,8,89,13,21,1,5,24,23,114,97,46,6,84,14,19,2,11,28,55,12,9
1031,34,58,95,28,5,19,64,20,84,25,89,82,55,22,78,114,100,11,12,18
1032,26,2,9,1,8,24,22,7,11,5,25,56,87,89,104,92,12
1033,89,7,25,17,18,1,13,14,66,6,20,26,24,93,60,9,15,92
1034,10,5,46,14,24,4,12,17,2,114,21,59,20,97,22,105,79,45,8,56,9
1035,63,89,14,28,24,5,46,97,114,34,58,4,16,22,2,80,20,92,23,21
1036,95,13,5,10,24,20,104,97,89,15,17,99,14,4,9
1037,3,26,23,25,63,55,1,35,22,79,9,46,91,19,54,4,7,2,14,43,114
1038,3,28,11,15,25,34,16,92,24,14,33,77,5,1,21,23,22,97,103,2,6
1039,10,89,77,2,63,7,18,16,17,5,15,1,13,24,72,92,34,40,65,86,8
1040,10,11,104,8,6,13,22,84,5,95,89,34,18,26,27,15
1041,3,114,7,66,84,97,26,95,1,18,10,2,15,17,9,60,6,46,62
1042,13,43,62,23,14,66,25,18,11,89,10,28,7,2,74,26,112,46,114,22
1043,89,18,15,21,84,20,26,9,16,17,6,25,58,116,92,38,8,97,95,1,71,7,2
1044,10,55,2,6,95,114,9,1,22,7,46,18,100,25,63,19,15,5
1045,46,7,6,20,2,3,16,95,1,4,22,9,21,24,84,48,89,79,11
1046,26,103,25,11,17,1,97,12,7,116,46,23,20,34,108,16,8,74,18,4,10
1047,15,5,34,13,92,51,22,65,26,3,21,84,24,12,11
1048,11,23,16,26,7,1,20,6,25,116,13,95,83,17,82,9,24,43,15
1049,46,3,89,17,23,114,12,6,21,11,104,109,7,24,84
1050,16,21,20,12,43,114,18,7,5,62,31,4,3,112,51,103,25,91,84
1051,25,5,12,84,10,89,3,18,92,13,39,70,79,42,26,97,60,24,55
1052,34,16,22,23,114,12,8,9,4,26,43,15,84,11,54,2
1053,15,95,84,13,8,28,20,6,25,21,102,2,97,81,19,41,11,76,12
1054,12,8,7,13,5,92,34,17,24,43,16,80,22,14,105,114,2
1055,14,6,12,23,84,38,20,114,95,97,18,10,17,5,61,116,31,80,7,88,92,100
1056,9,95,17,25,19,46,3,7,11,4,12,62,15,26,73,89,113,63,97,87,69,36,1,30,104,33
1057,46,3,22,19,25,16,6,84,13,8,12,5,23,7,39,11,50
1058,18,1,3,2,114,21,4,12,91,115,93,19,73,90,15,106,14,5,92
1059,20,18,21,5,10,11,8,84,34,46,63,14,4,7,79,33,69,12,116,117,58,95,6,48
1060,14,12,22,46,34,66,18,5,16,95,3,17,2,9,55,92,25,7,52,100,19,91,13
1061,84,9,7,1,25,114,34,58,15,10,12,97,89,47,20,13,50,95,36,11,92,46
1062,26,20,114,84,5,25,24,11,58,2,18,14,92,30,23,56
1063,114,34,7,20,22,9,43,19,18,21,66,15,33,25,6,2,63,67,79,11,58,31,12
1064,6,34,20,15,3,25,2,84,16,8,10,95,4,111,5,60,24,117,89,102
1065,18,6,114,14,2,11,26,23,4,66,13,10,19,34,61
1066,18,34,16,5,55,114,25,15,9,89,62,3,7,4,22,14,12,21,95,52,17
1067,25,2,10,6,11,114,5,1,9,3,97,8,42,12,18,24,7,95,16,43,63,13,87,23,26,22
1068,89,23,5,21,109,13,16,104,40,43,20,63,79,85,108,2,84,36,12,54
1069,15,24,58,97,17,89,13,6,2,92,5,3,105,11,26
1070,97,1,95,12,84,63,55,3,46,62,54,89,42,114,5,117,58,17,4,65,53,39,11,45,32,28
1071,22,9,1,12,8,2,3,63,84,117,34,54,104,55,21,4,19,97,18,95,14,64,27,78,43
1072,12,66,1,9,102,14,25,46,21,20,22,18,7
1073,114,9,6,11,26,4,2,5,25,12,51,7,17,21,55,15
1074,1,24,97,8,15,2,11,22,20,19,46,21,104,84,9,12,26,63,13,5
1075,12,8,6,11,1,14,5,2,18,3,9,114,33,92,84,19,97,25,15,17,55,113
1076,11,14,18,10,97,55,84,26,1,8,66,12,95,9,52,22,17,34,13,74
1077,46,8,3,5,14,17,63,114,92,54,117,26,22,95
1078,15,21,89,17,11,84,66,13,92,10,20,34,104,63
1079,18,14,2,9,25,5,46,1,12,22,10,7,114,32,17,3
1080,114,21,12,15,10,14,66,84,24,3,95,63,23,59,89,90,32,40,2,13,20
1081,114,34,13,7,92,93,89,1,23,55,66,117,54,25,18,6,19,10,4,71,30,12,2,97,40
1082,9,46,6,8,97,114,95,25,84,17,7,40,53,15,4,14,27,58,59,5,19,11,66,18
1083,22,92,23,46,14,3,97,115,20,10,80,35,16,7,19,83,15,26,113,24
1084,8,18,10,89,2,26,1,84,19,83,97,42,62,79,13,66,5,85,61,63,34,119
1085,89,22,84,13,9,17,1,97,7,63,46,19,6,74,28,58,11,113,43,26,5
1086,19,7,79,2,26,5,22,1,13,23,17,103,11,68,67,35,65,66,6
1087,82,18,25,63,17,84,97,7,89,11,23,85,13,113,61,54
1088,21,13,11,3,5,58,8,12,7,20,34,1,28,17,95,16,9,101,76,47,25,114,39,54
1089,46,24,23,10,18,11,4,13,70,1,41,84,62,22,7,9,25,89,8,19,104,114,97
1090,10,84,21,66,22,92,24,17,114,18,96,3,101,89,35,5,103,97,26,8,43,34
1091,103,62,117,16,1,18,10,9,13,25,89,114,8,21,41,23,28
1092,114,9,20,2,11,17,21,26,1,66,46,4,43,75,67,89,79
1093,19,26,5,17,7,24,92,10,9,12,18,6,89,22,116,16,57
1094,16,3,117,46,2,26,95,63,5,84,15,23,89,111,37,10,1,34,28
1095,34,23,12,107,43,24,8,3,1,20,11,7,62,58,63,29,111,75,14,27,82,50
1096,20,27,26,13,95,46,2,1,5,34,25,10,66,23,92,19,103,17,16,3,113,7,37,63
1097,8,14,63,2,55,20,9,13,17,97,10,35,103,22,24,16,25,59,72
1098,18,114,16,24,8,89,11,2,7,104,6
1099,114,10,22,11,16,34,20,8,18,55,15,23,95,49,14,58,5,117,26,1,12
1100,1,9,24,50,62,18,34,25,114,92,15,26,12,59,69,54,95,97,11,77
1101,17,16,84,89,23,58,19,11,4,25,26,46,119,3,1,95,77,42,21,5
1102,7,24,18,89,66,8,84,17,21,1,50,45,2,6,33,25,81,10,9
1103,24,26,31,22,15,21,5,34,114,89,63,46,14,18,117,66,54,4,8,112,68,92,71,60,10
1104,114,63,12,11,4,66,118,6,92,20,14,55,88,13,2,26,8,1,34,25,7,95,104,9,19
1105,6,2,89,104,20,26,13,25,84,21,86,107,16
1106,89,6,16,21,3,8,10,26,13,15,114,24,58,23,20,9,63
1107,2,55,25,92,97,8,104,117,11,16,12,28,22,34,20,75,38,9,3,46,89,60,14,10
1108,46,3,89,7,15,17,4,10,26,1,63,14,2,11,95,13,66,25,6,72,58,21
1109,24,97,19,16,4,7,60,21,25,95,48,15,63,58,17,117,96,92,8,22,31,103
1110,5,2,4,46,54,16,25,10,89,15,7,6,23,21,24,12,91,33,63,88,20
1111,18,17,2,9,46,24,16,26,13,20,8,89,5,1,19,92,14
1112,92,26,9,107,84,2,24,17,43,11,66,116,114,21,6,38,8,14,28,113,3,97,19
1113,19,15,1,16,2,6,43,58,11,84,8,114,17,30,22,46,27,21,33,97
1114,2,8,18,12,17,13,89,103,84,19,114,24,26,11,4,102,55,50,5,95,42,3,10,6
1115,6,4,63,11,25,55,7,117,19,114,53,8,31,13,21,103,14,27,58,54,16,62
1116,76,6,8,25,18,24,95,19,97,16,56,89,5,35
1117,26,17,18,9,25,3,4,97,50,21,12,2,16,6,32,89,10
1118,89,63,3,92,20,5,84,58,16,26,19,25,12,29,11,38,4,34,10,96,21,7,18
1119,12,10,2,5,8,4,9,66,55,13,19,89,22,24,92,105,35,18,61,31,23,65,97,11,101,62,117,16,54,73,7,63,25
1120,63,26,4,6,9,2,20,7,10,43,34,35,11,46,14,3,89,97,58,1,8
1121,18,70,6,20,11,12,15,92,84,90,24,52,34,2,55
1122,9,89,25,66,7,14,97,16,55,85,2,8,95,24,11,92,19,46,114,34,116,117,62,18,1
1123,12,25,11,92,66,46,21,13,5,8,43,23,17,28,18,7,114,34,4,1
1124,114,16,8,84,17,10,3,93,43,89,25,15,11,24,13,95,20,56,92,97,47,6,94
1125,114,97,19,18,84,25,2,9,10,89,62,15,1,55,13,24,34,3,6
1126,24,7,46,12,28,23,114,16,43,15,92,97,84,26,61,93,59,3,36,1
1127,7,25,8,97,114,20,10,5,24,19,34,18,71,72,15,80,21
1128,84,3,10,16,2,34,11,14,95,4,43,58,9,1,19,15,13,6,92,26,21,66,46
1129,64,34,21,117,5,55,63,17,66,19,93,43,114,33,79,9,24,8,10,49,59,31,92,30,4,26,13,115
1130,1,24,21,7,12,81,13,66,34,104,76,15,101,6,36,25,11
1131,114,12,43,36,84,14,13,64,23,18,92,54,86,34,2,21,7,74,16,103
1132,5,19,20,84,18,100,34,13,14,62,2,32,117,73,10,25,106,22,17
1133,8,97,10,9,11,5,46,23,1,22,25,64,43,20,6,3,14,16,52,61,54,62,7
1134,2,15,22,18,46,95,19,78,8,74,13
1135,8,15,10,92,6,18,66,97,43,13,58,24,46,31,37,84,89,14,22,71,2,23,117,16,88,95,63,3,103,9
1136,2,1,8,18,22,15,43,89,84,23,114,14,20,11,26,97,51,34,66
1137,25,46,5,17,28,89,14,103,24,18,3,9,19
1138,12,22,23,63,4,19,64,17,55,1,15,62,101,16,48,21,89,84,18,3,47,42,25
1139,11,10,22,13,7,15,66,2,34,43,58,63,84,9,95,16,21,38,25,8,45,96,6
1140,9,20,8,5,14,55,66,11,116,24,85,74,65,63,88,26,95,13,6,41,62
1141,5,34,4,8,84,1,17,3,26,25,16,15,66,10,95,18,11,114,19
1142,21,24,55,89,46,11,97,114,5,13,35,19,18
1143,8,66,16,63,21,84,11,4,22,25,14,17,9,12,1,6,34
1144,24,15,23,2,11,6,19,84,25,1,3,104,66,13,32,90,18,20,43,17,34
1145,15,26,17,8,23,84,22,89,3,4,6,95,5,97,114
1146,46,34,19,55,8,63,5,54,7,109,84,26,1,40,97,25,6,64
1147,1,8,114,25,5,7,21,3,22,9,84,26,53,24,46
1148,84,25,9,20,15,18,21,17,24,107,96,5,6,13,23,32,3
1149,25,10,22,17,5,16,3,50,38,2,24,96
1150,3,34,104,18,97,6,15,20,14,2,17,16,12,69,7,114,21,10
1151,1,46,19,8,2,25,20,15,26,14,13,5,9,7,114,71,16,55,12,83,92,62,77
1152,26,15,46,97,12,19,16,4,23,11,114,117,104,103,89,13,34,54,88,71,2,53
1153,61,1,22,12,114,46,21,97,11,104,14,78,31,10,26,66,89,67,15
1154,25,8,114,18,46,22,13,9,14,15,20,86,59,80,95,16,40,83,29
1155,18,1,10,11,8,3,26,24,6,58,34,97,92,114,25,12,14,2
1156,25,12,19,28,14,3,55,16,89,114,84,24,8
1157,82,8,22,34,1,26,10,6,55,16,23,3,114,18,97,4,89,31,21,58,19
1158,66,2,20,117,9,21,84,92,22,19,23,5,14,89,25,46,54,1,107,61,34
1159,14,10,114,13,97,16,55,20,1,95,2,58,84,43,5,28,23
1160,46,2,20,34,15,66,16,43,95,17,58,85,96,10,97,6,19,8,117
1161,12,22,66,26,25,20,15,6,95,10,16,5,7,34,11,4,23,14,55,21,113,62,29
1162,17,19,2,24,14,10,63,7,6,3,34,21,9,8
1163,12,7,15,5,66,13,26,20,21,22,46,14,28,70,33,50,19,89,84,45,67,97
1164,97,14,10,21,13,114,34,17,84,25,8,72,9,24,3,15,64,4,12
1165,2,22,62,7,14,95,54,84,104,63,6,20,24,8,19,13,97,118,60,9,114,3
1166,34,66,12,19,13,8,16,2,20,114,11,21,95,63,117,46,104,7,42,28,15,83
1167,18,13,17,114,15,2,55,95,96,26,10,63,92,12,19,66,21,11,23,6,107,84
1168,5,18,20,13,46,28,84,26,21,7,6,92,12,95,53,94,4,3,41
1169,10,17,20,5,55,3,104,34,8,83,62,114,97,84,95,1,11,18
1170,20,10,11,6,21,97,28,17,55,92,46,43,2,19,12,22,13
1171,11,15,2,10,4,26,97,24,115,1,17,43,7,42,25,71,104,6,114,16,13,8,3,14,92
1172,11,8,16,2,23,18,4,3,24,34,6,26,14,114,15,84,85,67,87,91
1173,22,101,15,59,7,3,21,92,66,12,26,54,77,10,1,16,5,46,24,81,95,34,17
1174,13,34,54,106,17,14,74,9,97,3,114,6,20,111,58,2
1175,15,89,34,6,8,84,119,55,7,53,98
1176,6,46,15,19,5,23,16,34,25,7,20,29,115,84,55,9,14,18,95
1177,26,77,18,63,22,6,21,34,84,89,118,47,10,8,96,29,3,95
1178,34,1,103,25,97,22,13,89,20,23,114,12,4,104,16,95,9,17,8,43,14
1179,12,25,14,114,97,26,6,21,103,28,4,63,18,13,5,117,66,85,60
1180,16,24,7,8,23,10,17,63,89,5,6,46,21,14,113,34,12,38,31,15,19
1181,26,8,17,34,97,10,16,23,22,92,33,14,1,55,66,68,18,72,7,21,35,102,74,85,89,104
1182,5,25,19,28,89,79,21,17,20,13,24,23,2,95,43,40,46,54,9
1183,20,34,26,7,114,4,104,18,117,46,5,23,22,19,17,100,86,82,21,95,8
1184,16,18,17,3,89,84,114,112,6,97,22,2,19,13
1185,20,66,93,16,23,107,100,89,34,12,21,11,9,46,92,117,1,3,18,36,82,91,2,71,77,26,43,68,4,81
1186,7,8,26,11,17,25,39,24,84,16,114,22,106,78,102,15,3,73,1
1187,16,89,5,6,24,31,97,84,52,20,2,95,17,39
1188,89,21,8,12,11,6,99,16,46,19,92,23,17,111
1189,34,12,89,97,92,95,10,42,114,3,26,17,16,43
1190,89,10,8,18,17,15,25,114,7,14,116,55,5,24,117,63,21,50,38,11,58,9,71,43,74,19,3,26
1191,25,12,1,21,18,26,13,117,20,4,84,11,16,81,8,44,108,41,10,22
1192,14,1,15,20,46,84,66,97,9,24,11,114,92,100,30,8,18,37,6,58,54,2
1193,3,14,4,21,97,22,46,18,5,89,20,11,103,19,24,114,113,34,15
1194,84,14,23,11,24,55,43,25,20,16,46,7,5,63,91,81,17,79,6,2,104
1195,34,2,8,114,17,22,92,25,10,19,1,43,26,7,6,46,23,15,97,59,67,85
1196,11,34,25,43,4,58,22,26,3,15,18,28,117,14,89,30,6,9
1197,25,17,22,10,11,46,26,89,94,76,2,18,12,15,14,72
1198,11,13,5,58,2,12,66,34,17,3,103,95,6,24,85,84,8,18,50,92,61,22
1199,7,21,46,17,5,9,18,1,13,14,20,68,15,11
1200,25,13,66,28,26,17,47,103,43,20,65,12,8,117,7,4,35
1201,114,11,8,21,7,18,9,92,17,13,5,77,16,2,23,91,1,14
1202,15,92,104,24,66,117,107,13,10,19,2,22,11,94,5,1,53,28,95
1203,66,2,17,25,11,63,9,24,7,104,1,114,79,27,10,30,89,14,19,18,50,12,20,84
1204,18,34,3,4,19,17,92,22,5,14,8,1,7,11,46,98,83,58,15,116,16,117,2,85
1205,26,33,97,84,43,46,62,22,11,18,10,15,114,58,13,25,55,99,7,14,9,115,51,103,79,66,5,63,78
1206,22,84,2,14,92,10,12,9,1,95,15,6,26,17,20,38,21,18,54,58,46,16,25
1207,13,63,3,9,14,19,11,8,15,18,25,7,67,21,1,113
1208,89,1,114,8,22,11,3,104,46,24,95,58,2,26,109,16,60,4
1209,18,114,6,66,5,26,21,89,105,64,25,14,104,38
1210,22,5,4,9,14,84,20,89,29,24,69,6,25,95,17,8,43
1211,6,10,17,46,16,2,12,13,53,42,1,21,14,8,47,89,11,4,91,18,20
1212,13,3,8,12,46,95,11,10,66,72,20,2,34,25,97,7,32,21,112,54,58
1213,24,15,18,7,1,5,22,16,26,66,46
1214,9,8,3,12,46,18,114,14,21,25,33,55,13,92,97,22,95,1,104
1215,11,5,9,19,16,55,14,20,22,26,86,53,15,1,114,37
1216,18,20,63,7,66,97,26,114,9,8,21,22,89,1,95
1217,9,2,16,84,26,46,114,34,14,6,17,11,28,3,18,66,36,1
1218,2,16,51,22,20,46,17,34,84,6,101,63,10,72,26,3,21,5,54
1219,8,13,20,6,17,97,26,14,5,4,24,15,43,7,3,2,9,49,63,104,23,10
1220,1,34,46,21,63,14,114,84,26,30,3,102,24,5,85,22,25,16,28,15,8
1221,66,84,19,97,55,34,114,46,14,28,58,3,10,2,63,11,104,73,1,9,92,7,4
1222,5,16,19,13,92,97,24,117,55,34,7,26,89,58,18,111,21,14
1223,12,21,17,5,11,3,46,8,19,6,58,22,1,7,95,61,100,10
1224,6,9,19,22,2,26,3,46,84,16,15,117,29,4,95,5,92,24,97
1225,14,28,46,20,95,25,22,1,62,55,114,84,12,13,11,2,19,9,17,15,23,33,92,37,88,89,50,6
1226,63,89,82,95,10,12,11,25,28,16,4,7,55,20,1,113,52,93,79,62,5,13
1227,7,14,2,3,24,12,17,23,34,9,21,16,26,25,28,89
1228,20,17,26,14,25,28,1,23,24,63,18,65,55,5,114,34,103
1229,114,14,11,95,4,16,26,20,7,2,3,17,25,117,6,34,28,15,97,18,31,75,9
1230,25,5,1,46,15,10,8,21,114,9,7,17,89,11,24,6,117,115,23,34
1231,18,1,14,5,34,9,26,10,7,84,77,21,118,65,11,31,12
1232,8,25,6,34,17,12,14,95,5,2,10,92,54,20,3,114,42,11,84,76,16,24,72,28,43,18
1233,28,26,5,19,66,23,114,4,34,1,25,18,6,46,97,2,16,11,94,13,15,112,73,89
1234,5,24,10,92,66,17,13,26,34,11,14,12,22,55,1,46,117,2,20,8,106,18,27,70,23,9,79,43
1235,1,11,63,97,46,23,64,18,12,24,25,5,14,20,6,48,114,8,10,62,3,95,16
1236,22,114,97,21,5,66,33,13,4,23,16,15,24,95,11,9,25,84,1,8,12,43,117,62,77,80,34,30,18
1237,6,3,16,89,25,21,84,15,8,24,97,62,1,2,4,26,7,10,46,61,55,95,12,22
1238,20,28,3,15,54,66,7,46,18,6,14,10,4,97,89,11,12,26,17,64,22,84
1239,26,12,6,11,22,34,63,92,17,13,14,15,18,23,4,24,104,20,21,84,89
1240,114,26,7,84,9,19,24,11,22,2,4,14,15,18,43,25,42,69,44,5,6,53
1241,17,22,18,11,6,12,97,63,95,66,34,58,16,13,113,26,3,20,23
1242,10,24,15,21,11,97,17,84,46,4,63,19,92,58,3,13,93,77,6,33,5,1,78,106,9,89,16
1243,14,4,16,18,5,46,84,7,97,6,24,10,114,92,26,21,28,11,9
1244,5,25,3,97,63,66,117,16,84,43,92,67,10,22,19,64,11,20,7,15,46,6,55,14,13,24
1245,34,12,46,13,14,63,11,17,92,61,24,26,36,65,6,73,104,20,84
1246,97,26,46,34,22,15,84,17,4,54,7,13,64,95,20,104,3,82,9,5
1247,114,25,1,18,15,11,7,16,119,13,6,65,9,3,71,34,21
1248,92,12,6,95,17,43,13,24,4,84,14,89,63,34,23,20,72,55,49,29,50,22,9,15
1249,24,18,67,25,3,5,60,11,8,35,14,9,95,101,62,61,2,97,89,91,19
1250,25,89,12,18,92,15,46,26,17,114,6,14,19,10,97,33,5,21,16,104,1,34
1251,34,1,43,30,7,16,89,10,46,84,97,9,60,101,18,4,47
1252,6,97,22,12,46,9,89,4,5,26,11,114,16,15,21,10,107,17,14
1253,20,6,1,46,92,14,18,11,21,16,23,3,9,7,8,109,37,13,36,17,97,22
1254,7,10,66,34,1,21,25,17,46,84,114,3,8,48,4,14,67,22,95,103,97,15
1255,21,7,92,5,24,3,84,23,19,12,4,63,96,10,9,97,89,1,15
1256,8,10,14,19,24,21,22,43,5,13,17,66,12,89,2,55,95,11,23,117,99,84
1257,1,20,25,26,10,84,24,14,7,6,97,2,43,33,11,15,17,34
1258,5,97,103,28,46,25,15,34,95,119,18,16,23,12,75
1259,46,26,10,24,43,11,14,6,97,54,63,8,5,95,28,23,31,12,34,64,19,56,59,25,55
1260,1,15,12,104,7,16,24,6,89,93,9,54,8,34,46,3,2,14
1261,5,22,9,10,20,14,26,16,21,13,12,63,17,23,65,2,78,75,11
1262,6,1,20,5,19,97,95,17,25,34,28,12,18,74,85,4,26,79,43,10
1263,10,14,13,46,26,34,16,7,20,6,19,58,118,72,104,95,15,18,84
1264,8,9,15,63,89,3,26,7,97,13,54,6,43,12,66,44,21,5,17,22,16,25,19,24,4
1265,21,2,17,26,46,8,1,89,20,79,7,34,9,15,14,11
1266,9,22,14,10,114,5,18,28,21,63,2,23,46,71,95,43,91,52,88,102,104,67,79,72
1267,13,3,89,23,114,6,11,8,25,47,26,9,106,19
1268,17,18,2,1,16,21,92,20,5,12,22,63,14,13,6,103,79
1269,17,25,8,15,13,7,6,26,46,66,80,22,9,20,16
1270,46,22,34,7,92,107,15,89,9,17,3,2,6,54,100,20,23,81,32,77
1271,17,95,107,92,54,63,114,3,89,21,28,93,12,26,77,104,5,16,69,8,30,53,79,88
1272,11,84,13,4,12,8,5,15,43,33,89,17,1,16,103,20
1273,6,14,15,17,43,21,54,4,2,8,19,63,95,9,76,89,92,112
1274,26,1,14,10,7,23,46,114,3,24,79,4
1275,14,25,26,1,17,13,18,97,21,89,15,104,3,37,9
1276,6,16,19,8,97,26,13,25,15,20,2,89,24,34,17,22
1277,9,4,46,26,58,13,20,17,8,114,11,1,10,18,12,6,22,89
1278,26,23,11,21,20,97,6,43,5,34,104,22,89,109,10,37,82,13
1279,89,25,34,9,7,11,84,5,15,16,63,18,46,96,77,21,24,50,97
1280,16,5,46,13,10,1,21,58,24,43,100,55,17,14,11,66,20,104,54,2,25,71,19,63,97,18,38
1281,9,63,17,89,6,10,55,11,26,58,2,34,7,21,20,46
1282,19,2,114,63,104,95,21,9,43,54,4,15,113,11,58,22,66,88,14,8,97
1283,7,114,92,13,18,5,11,24,10,15,25,34,26,12,20,46,95,6,1,82
1284,6,3,8,18,9,7,1,84,24,12,13,14,89,21,28,49,17
1285,8,18,13,14,19,1,84,3,5,22,54,110,46,45,17,10,16,89,2,31,100
1286,18,17,19,10,97,26,16,6,24,63,8,104,20,9,100,89,61,3,34,11,2,14,93,66
1287,114,28,16,11,20,18,117,43,25,7,24,1,104,2,14,15,103,64
1288,9,46,43,1,11,7,21,24,89,58,63,106,19,10,12,104,2,34,97
1289,3,20,9,46,26,19,117,1,101,21,95,112,63,12,104,54,42,8,13
1290,15,63,114,84,3,2,20,97,55,17,7,23,21,26,13,53,25,118
1291,14,26,16,12,11,89,114,25,15,4,7,46,28,22,18,67,24,60,6,13,2,5
1292,21,11,117,17,28,34,19,89,5,10,7,20,6,92,18,39,46,107,1,116,84,62,63,29,2,4
1293,84,2,8,55,17,102,5,18,46,67,82,86,104,4,59,10,53,78,6,58
1294,18,26,84,89,14,17,66,46,6,22,11,92,13,23,85,19,20,7,8,3
1295,7,10,97,14,15,6,92,20,26,18,11,4,102,46,89,9,12,17,19
1296,84,11,21,89,6,26,95,92,9,114,117,82,17,8,20,5,28,43,16,18
1297,6,2,95,107,10,43,55,24,46,22,84,11,89,3,114,26,4,35,13,36,28,8,119,66,15,16,63
1298,16,34,104,46,19,12,13,23,103,17,22,8,7,62,4,1,87,24,9,64,11
1299,114,22,20,2,63,17,7,4,23,16,54,104,11,6,64,9,57,12,8,66
1300,1,16,13,15,6,10,3,2,22,81,64,86,97,23,114,34
1301,21,22,95,10,5,19,20,9,24,2,26,13,55,12,89,97,102,84,48
1302,15,16,46,89,104,79,5,114,110,13,84,41,3,19,63,2,14,97,36
1303,22,34,10,7,18,25,26,6,5,16,20,8,9,30,95,89,53,66
1304,3,7,9,46,5,114,8,1,12,17,6,89,13,84,10,97
1305,1,89,15,7,11,26,17,95,24,8,14,46,25,6,28,97,101,5,79,12,3,19,22,9
1306,26,7,14,97,46,16,21,20,24,55,2,84,6,17,12,38,75,89,31,15,117,107,3,62,11
1307,46,3,15,6,63,12,55,5,14,2,29,89,18,97,114,7,8,9,62,17,20,102
1308,8,13,11,6,43,114,17,14,22,26,66,2,12,58,84,109,24,30,1,10,29,46,33,85,21,7,95
1309,8,12,92,46,18,84,34,89,20,26,63,25,112,19,2,23,3,97,15,9,88
1310,15,1,102,46,20,9,10,17,22,3,89,19,26,18,104,7,97
1311,15,69,28,55,34,7,114,89,12,108,84,26,22,97,8,112,21,23,5
1312,22,97,26,92,3,8,84,103,15,11,1,89,14,57,16,79,13,119
1313,25,114,107,5,11,18,92,24,63,21,87,26,17,84,1,2,58,22,88,59,42
1314,84,8,18,23,16,7,1,46,15,34,92,102,89,26,83,55
1315,18,2,19,10,89,13,9,58,97,73,17,6,24,26,11,54,33,8,4,117
1316,12,10,1,54,95,24,2,23,63,84,16,22,89,97,4,21,92,32,33,5,43,36,55,19,101,9,58
1317,97,25,46,2,11,21,92,19,12,13,17,104,23,84,58,16,41,14,18
1318,93,13,15,16,46,23,12,34,2,89,19,43,95,81,18,1
1319,23,95,9,19,25,11,8,3,24,26,6,12,38,80,92,114,5,34,59,66,4
1320,10,8,12,97,95,2,25,46,32,22,50,114,20,5,1
1321,92,114,95,18,46,6,17,1,5,10,16,22,25,97,24
1322,9,84,14,29,24,2,21,63,23,7,58,12,17,1,4,10,26,89,66,6,55
1323,22,114,6,26,7,10,11,46,18,3,29,1,4,24,89,43,20,95,49,25,15,63
1324,84,24,14,66,17,23,12,46,7,34,77,3,22,44,68,15,13
1325,12,34,89,114,2,21,18,9,109,92,97,16,81,29
1326,10,25,9,97,22,13,20,7,16,14,103
1327,20,10,24,46,13,12,4,39,21,66,45,3,18,62,5,7,6,43,55,1
1328,22,12,7,13,18,54,15,5,20,34,96,114,9,29,95,4,10,104,111,11,117,16,38,17
1329,26,11,3,21,23,114,15,17,95,22,16,58,13,46,34,19,14,55,97,9,39,83,5,82,66
1330,8,3,15,13,6,43,28,25,114,26,63,11,99,14,84,1,24,9,34
1331,6,13,5,1,103,18,34,95,20,22,114,56,89,117,26,107,14,10,17,119,21
1332,89,25,43,3,15,97,26,34,95,10,84,22,8,5,114,9,35,33,12,21,16,17,46,67,102,106
1333,46,1,25,14,22,107,97,16,89,117,92,13,114,118,113,19,99,23,4,63,20
1334,8,18,24,11,113,95,17,25,16,71,100,78,104
1335,55,11,7,3,54,84,2,95,14,24,8,46,43,26,19,97,9,17,62,63,28,104
1336,15,6,5,22,34,25,13,7,89,114,11,70,16,4,1,55,117
1337,2,9,28,8,22,21,12,55,46,66,17,16,63,68,56,36,19,1,82
1338,9,34,117,16,55,46,26,95,17,11,20,97,71,4,12,43
1339,20,5,95,9,21,19,1,24,14,28,16,3,62,7,66,2,11,13,15,22,43,4,25,38,26
1340,12,13,84,17,46,2,92,26,23,19,5,97,82,89,15,16,28,18,1,34,11,42
1341,18,15,14,25,7,9,13,63,4,33,23,97,19,104,84,58,12,45,5,62,24,2,28,60,3,22
1342,12,7,15,64,24,18,43,28,20,8,21,114,53,58,54,2,61,6,97,14,16
1343,5,22,26,10,20,63,8,2,46,89,11,17,37,1,14,60,13,58,95
1344,15,17,38,97,18,6,20,21,5,84,8,14,10,1,22,3,89,40,19,58
1345,114,23,9,18,20,26,10,1,15,21,5,7,16,95,4,69,19,24,52,63
1346,12,3,66,14,15,97,8,55,11,26,34,23,95,16,22,5,1,91,25,27,19,6,84
1347,34,2,24,55,18,84,13,6,97,26,115,94
1348,11,66,20,24,21,6,7,2,8,92,46,5,116,3,43,1,88,18,10,114
1349,34,19,114,24,8,92,3,21,62,66,84,43,22,14,97,93,54,9,53,29,26
1350,14,18,7,2,97,10,9,12,34,26,8,43,22,5,21
1351,89,9,97,10,43,8,55,16,84,11,29,15,34,74,22,17,4,19,20
1352,7,5,14,8,58,1,42,21,16,10,15,9,2,17,25,18,97,19,91,3,4,50,26
1353,7,11,23,46,20,19,84,92,16,8,3,5,9,89,54,102,18,22,83,2,43,13,17,59
1354,58,7,14,103,3,26,8,5,10,97,13,2,18,21,66,84,25,113,16,89,6
1355,89,43,34,25,11,21,20,104,5,7,63,16,3,54,17,13,4,58,87,71,23,106
1356,13,2,12,24,34,97,9,4,8,114,61,6,14,46,18,107,55,84,58,48,62,47,53
1357,22,14,46,66,15,20,2,1,95,12,36,10,18
1358,10,2,46,11,3,117,97,8,113,43,16,34,26,24,104
1359,21,114,4,17,13,34,88,20,92,36,26,25,3,7,116,66,23
1360,12,22,5,3,15,13,2,7,26,84,17,14,90,9,100,62,34,114
1361,13,17,117,63,54,22,93,46,19,55,84,18,115,7,62,3,79,4,23,25,6,41,2,21,12
1362,8,46,11,16,34,25,92,33,3,6,55,89,13,12,61,2,7,58,15
1363,15,18,1,16,92,20,2,24,89,103,8,97,52,5,34,55,4
1364,5,6,13,7,42,9,8,43,69,79,30,12,75,10,80,16
1365,24,103,15,95,1,62,93,14,19,20,11,43,89,55,35,92,16,84,9,25,22,3,54,63
1366,34,17,84,46,106,100,99,14,104,2,35,3,18,92,23
1367,10,17,6,24,20,34,11,15,5,18,25,27,13,97
1368,20,114,7,63,23,2,84,17,11,16,12,25,5,14,92,43,90,82,115,74,22,89,104,38,21,18
1369,7,18,11,46,9,4,20,21,24,28,63,91,5,8,54,117
1370,11,16,95,21,13,117,89,34,2,58,15,9,76,4,12,20,106,6
1371,21,11,6,13,97,15,5,18,19,26,2,75,95,55,89,16,20,67,4,12
1372,21,20,89,3,17,12,6,15,13,34,95,25,11,18,97,86,5,19,69,58,47,33,26,114
1373,9,26,3,5,2,55,22,97,89,99,46,58,15,33,7,34,18,24,21
1374,10,19,18,34,97,54,9,92,3,21,25,12,112,82,23,8,83,62,66,47,22,28
1375,15,12,89,18,114,11,34,23,55,92,8,24,19,46,41,51,7,3,71,9,32,25
1376,17,11,24,97,43,18,6,26,20,89,90,63,5
1377,17,15,22,114,95,84,2,60,7,34,58,45,66,97,89,103,14
1378,12,5,22,16,2,63,15,114,20,95,6,7,73,54,23,62,10,17,24,92
1379,13,95,17,20,4,34,46,7,12,89,25,114,9,87,10,45,66,84,11,3
1380,84,14,114,16,55,19,25,18,71,1,12,10,93,15,103,9,43,119,89,95
1381,21,13,14,22,12,25,20,34,26,15,24,7,18,23,89,46,92,63,66,114,1
1382,7,21,20,15,84,28,12,46,5,11,8,19,18,103,30,22,23,13,117,80,1,35,97
1383,8,26,12,89,24,9,10,20,63,13,15,7,21,1,97,17,22,115,18,109,16,14,84
1384,25,46,21,63,34,11,58,24,9,2,12,15,19,1,51,8,20,22,16,17,33,114,5,116,10,26,4,14,89,66
1385,92,17,14,97,66,15,22,26,11,6,12,62,5,25,16,79
1386,12,66,46,9,3,11,84,62,2,14,28,117,113,5,21,20,115,58,114,55,23,82,17
1387,84,1,114,6,22,14,11,97,90,13,17,2,4
1388,46,2,89,17,14,20,23,9,6,24,34,92,4
1389,3,62,2,25,28,9,5,24,10,7,1,18,8,103,20,42,14,100,6,22
1390,17,73,16,109,95,90,46,3,5,11,26,22,21,9,92,97
1391,10,34,114,15,46,117,2,17,12,92,66,8,19,20,22,1,21,63,5,6,89,14,11
1392,16,11,34,3,92,18,10,25,45,84,114,2,97
1393,5,11,4,16,14,26,9,34,46,17,20,8,97,63,56,82,18
1394,26,46,11,14,13,28,43,17,16,34,58,22,45,114,25,5,21,89,7,3,84
1395,24,64,10,18,28,63,7,26,34,84,15,104,8,12,95,4,23,114,9,19,66,6,76,29,1,74,53,43,107
1396,21,2,114,13,97,7,89,20,17,24,14,63,30,6,11,3,66,23,34,10,46,19
1397,19,46,16,89,34,13,92,14,79,104,52,114,12,26,66,22,10,84,5,94,87
1398,9,25,66,5,7,8,43,3,89,11,2,13,17,23,28
1399,2,97,13,1,10,8,117,4,17,19,12,11,96,15,9,25,66
1400,16,17,12,15,84,54,7,9,81,2,20,3,55,39,111,19,10,58,117,94,6,63
1401,7,97,16,11,20,1,34,12,2,8,114,27,9,19,96,23,95
1402,14,20,89,21,66,24,16,13,104,18,46,1,86,19,47,9,4,11,93,7
1403,18,33,22,95,14,3,20,10,84,8,11,66,7,25,69,21,23,92,2
1404,12,14,34,15,1,8,28,11,22,89,24,5,26,48,104,23,18,9,17
1405,15,17,18,92,46,6,95,26,8,1,20,7,10,62,72,93,84,104,12
1406,17,9,46,97,1,18,15,24,26,89,10,38,5,16,14,20,21
1407,11,15,14,7,16,26,19,91,21,107,54,9,3,64,2,95
1408,9,20,21,95,18,103,97,89,12,34,16,65,25,2,26,4,17,43,10,55,63
1409,2,5,84,24,17,22,95,18,16,114,92,7,57,20,116,6
1410,46,25,95,10,24,7,55,92,8,89,20,21,17,105,33,11,110,63,109,14,117
1411,63,46,7,4,3,11,6,14,58,95,21,19,2,42,91
1412,3,15,89,5,7,26,22,14,1,2,6,84,20,66,17,63,13,9,65,19,74
1413,21,16,26,17,20,43,6,5,13,54,22,15,2,89,66,10,23,92,24
1414,26,89,22,24,95,1,2,12,3,10,97,14,15,21,4,13,79,92
1415,84,23,2,55,17,89,8,22,104,99,24,15,4,90
1416,15,14,17,66,33,13,4,6,9,28,53,58,26,18,22,39,12,19
1417,14,22,23,92,24,10,84,18,25,89,1,97,19,117,17,9,21,28,26,15
1418,1,2,67,94,14,34,58,63,18,28,24,62,32,19,17,12,11,9
1419,28,62,2,63,46,24,20,11,8,55,89,101,92,95,84,4,29,83,26,75,102,104,13,81
1420,7,14,8,23,55,89,2,34,26,24,62,16,3,58,39,47,1,6
1421,3,46,66,15,11,7,20,84,23,19,14,24,54,9,8,114,85,5,10,21,17,62,32,22,26,55,1,6,89
1422,22,6,16,18,17,5,13,26,46,4,11,2
1423,19,104,25,66,114,14,95,46,21,91,28,5,10,13,18,62,86,12,43,20,34,23
1424,8,10,21,1,6,46,95,5,20,25,22,114,4,11,104,7,32,89,36
1425,15,11,63,103,84,97,16,114,79,10,85,1,14,102,21,12,25,7,43
1426,9,18,22,10,7,6,95,11,20,8,26,5,15,97,2,34,119,43,89,4
1427,26,14,15,17,97,84,103,6,66,25,96,21,18,9,1,16,62,95,28,49,22,58,3,10
1428,3,2,11,25,21,5,14,17,7,62,55,89,4,97,102,114,13,1,54,43,117,10,68,45,28
1429,7,25,3,9,21,16,46,2,95,66,18,8,12,1,15,92,116,100
1430,84,9,12,114,95,20,13,19,18,107,2,103,7,3,15,21,8
1431,14,11,12,97,6,25,114,3,89,16,98,38,10,5,92,15,34,95,2,54,46,22
1432,20,15,103,24,95,7,18,25,4,11,96,77,5,8,35,114,92,57,34,62,6,63,100
1433,18,10,1,5,57,89,16,25,2,15,66,85,7,97,34,13,6,9,8,63,84
1434,11,6,97,9,5,55,4,13,89,26,18,21,8,107,7,14
1435,1,84,114,46,103,11,8,55,19,43,28,5,15,3,72,7,62,104,17,21,97,22,6,24,54,66,14
1436,24,21,6,18,15,26,14,1,55,7,22,8,9,5,19,27,10,17,28
1437,24,25,2,5,3,97,105,55,7,63,95,46,89,84,21,114,70,20,22
1438,26,18,34,8,20,19,12,13,21,17,1,23,95,11,66,3,4,15,10,65,9,100
1439,95,16,13,11,9,103,84,19,1,6,104,5,114,10,117,113,24,40,92,8,74,26,17,2,62,65,119,18
1440,89,58,17,16,10,18,87,84,45,34,13,26,21,7
1441,5,15,46,24,3,7,2,20,14,33,92,61,66,113,104,19,89,25,97,103
1442,3,2,84,95,13,22,89,23,114,97,24,58,18,73,34,71,19,26
1443,14,1,12,10,55,17,28,43,9,34,97,54,24,2,46,18,20,21,95,119,89
1444,22,24,89,10,20,5,9,2,25,1,43,13,17,7,34,6,46,114,19
1445,97,46,5,19,2,95,34,10,18,23,104,58,62,29,28,24,100,22,84,36,7
1446,114,21,58,46,95,2,4,97,92,18,11,1,23,6,12,14,34,5,84
1447,19,34,22,89,6,5,13,9,3,95,20,14,24,17,16,26,15,117,46,55,41
1448,18,13,46,22,21,14,89,25,36,37,49,117,92,44,97,3,28,19
1449,97,63,6,12,14,2,55,66,89,25,8,18,5,3,39,19,15,16,26,119,64,114,46,67,23,34
1450,16,9,89,14,3,55,7,25,28,1,21,95,6,10,12,4,91,106,92,23,103,11,8,24
1451,20,46,58,26,97,2,84,8,17,25,14,22,3,82,113,24,93,21,1,43
1452,14,9,55,16,66,20,114,13,12,87,1,119,18,5,6,10,22,101,89,49,74
1453,19,16,13,26,11,23,79,5,77,4,87,117,6,92,89,1,14
1454,34,114,9,12,18,63,14,21,104,58,46,22,6,2,89,92,24,97,1,26,4
1455,89,15,9,114,13,4,66,58,18,26,86,35,21,25,92,8,46,12,10
1456,12,16,7,28,5,34,66,24,1,10,114,84,11,55,78,93,63,101,21,95,35,8,54,45
1457,26,17,14,50,18,95,9,3,12,89,37,84,104,5,97,82,21,110,24,16,7
1458,25,3,17,5,10,104,46,15,18,43,2,8,108,52,84,111,22
1459,14,7,21,114,16,46,12,1,3,44,9,13,8,24,26,88,25,2
1460,14,22,89,34,20,4,25,21,8,5,7,15,95,43,10,19,58,13,62,3,11
1461,17,26,60,16,55,66,10,92,6,9,11,112,8,15,28,84,49,2,97
1462,66,9,16,114,63,14,95,26,5,92,22,24,58,19,11,1,17,23,46
1463,10,20,14,11,25,7,8,22,3,54,34,5,104,21,6,117,23,118,9,46,63,58,1
1464,66,89,84,11,114,77,13,16,19,25,26,20,63,18,95,70,23,42,5,7
1465,84,14,15,89,46,10,26,34,5,24,30,55
1466,1,21,89,25,18,66,79,39,104,6,117,23,3
1467,10,21,23,63,89,24,92,20,22,7,13,43,30,1,114
1468,11,84,1,16,22,46,63,6,54,4,13,20,17,89,91,95,64,24,104,28,73,33,19
1469,15,2,87,114,12,24,26,14,23,25,5,34,92,8,95,52,9,11,55,3,16,13,103
1470,84,114,14,102,19,10,2,5,104,15,3,34,54,63,6,113,110,96,18
1471,21,10,5,11,89,46,18,2,12,114,8,17,4,16,39,36
1472,24,18,1,9,8,11,3,13,67,89
1473,114,11,26,10,4,16,22,7,18,23,17,3,6,84,20,34
1474,16,36,18,14,17,24,12,89,10,9,43,90,13,97,55,19,53,95
1475,26,8,10,7,106,14,69,11,15,16,38,6,5,2,9,18,114,89,34,42,117,84,75
1476,84,1,26,16,104,66,114,14,55,21,19,23,3,95,103,43,34,92,18,22,63,2,8
1477,9,14,17,24,95,55,2,18,7,8,63,11,23,117,25,28,104,16,21,97,78,89,43,58,19,12,114
1478,21,7,66,22,8,12,46,9,11,26,34,25,16,79,20,15
1479,15,25,10,84,3,16,43,114,104,107,95,97
1480,19,10,26,4,46,5,104,17,11,84,21,8,61,20,1,14,114,16
1481,5,22,114,13,46,16,18,55,23,24,28,57,95,7,9,71,104,6
1482,11,15,8,97,89,63,16,21,18,13,3,43,7,10,72,42,14
1483,9,2,89,10,20,11,13,5,19,17,114,26,12,7,6,72,15,58
1484,24,3,25,9,26,63,43,66,30,18,46,7,34,72,10,91,22,8,106,65,4,16,62,97,102,5,55
1485,89,6,97,14,4,43,28,104,15,92,21,23,93,13,20,55,12,103,34,54,19,11,66,25,26
1486,14,13,43,2,25,97,12,102,1,33,28,84,8,22,107,104,96,11,63,30,72,4,109,86,7
1487,14,6,8,5,114,11,104,112,1,21,92,16,3,37,9,15
1488,10,18,16,66,84,54,6,20,15,1,13,12,24,97,60,8,14,89,9,55,27,21,105,102
1489,92,22,12,34,26,71,14,6,7,73,32,20,19
1490,2,46,1,11,24,20,15,9,5,26,89,14,4,18,75,114,58,70,95,3,92
1491,114,19,12,13,84,22,63,17,8,18,11,10,2,26,14,73,95
1492,63,11,103,19,9,114,107,89,92,26,15,6,43,75,18,55,23,21,14,16,33,5,10,12,17,84
1493,34,77,8,6,114,12,22,1,63,26,23,11,17,115,7
1494,16,21,3,17,97,66,15,9,14,13,84,92,95,38,43,18,2,34,57,58,26,36,8
1495,34,9,22,95,46,10,28,21,38,97,24,11,4,53,17,6,13,89,103
1496,13,19,84,5,114,89,14,3,15,92,36,39,22,46,9,34,97
1497,19,3,89,1,26,14,25,11,43,13,58,10,114,23,38,119,53,88,2,4
1498,20,9,24,18,1,19,89,97,114,15,77,46,21,43,2,34,63,82,28
1499,95,20,18,24,6,97,2,104,8,21,50,63,84,3,7,29,17,57,89,55,26,13,46,9
1500,1,9,89,13,14,114,6,41,71,46,20,7,63,19,15
1501,14,5,17,9,22,95,26,11,18,16,3,53,113,41,84,10,28,34
1502,18,14,6,89,8,9,3,13,25,23,34,2,87,19,22,17,95,10
1503,15,9,11,16,26,55,117,1,22,62,24,89,5,97,34,46,66,25,28,6,23,33,17
1504,13,11,24,4,92,12,18,20,43,22,63,23,3,6,17,114,25,115,107,2,60
1505,23,66,9,16,6,34,24,7,12,46,21,14,4,43,10,54,89,55,97,58,2,25,95
1506,1,12,20,10,24,9,26,114,3,8,13,84,51,22,19,34,7,16,15,46
1507,10,24,16,1,11,84,2,23,62,3,63,55,114,46,117,78,8,92,17,116
1508,10,3,107,6,17,104,46,97,63,95,7,18,5,38,2,23,117,1,26,94,34,28,12,30,72
1509,24,15,97,63,92,58,43,16,84,2,9,7,12,34,46,14,114,11,22,20,5
1510,13,17,8,22,66,11,10,34,97,20,14,69,18,114,19,73,63,4,26
1511,16,7,9,8,26,63,39,15,43,67,11,14,18,27,2,54,1,12
1512,22,18,12,2,7,20,94,24,70,6,67,21
1513,28,58,114,25,66,10,17,104,63,14,22,42,15,26,89,2,18,97,6,95,11,35,12,53,46,60,19
1514,63,103,55,62,23,43,5,24,93,84,12,117,21,66,1,15,26,46,9,54,18,17,81,28,4
1515,10,34,5,9,13,4,25,95,57,31,28,17,66,20,84
1516,89,18,63,8,5,22,114,20,119,13,34,25,58,26,21,15,92,16
1517,2,26,8,14,5,13,22,16,21,63,3,114,54,4,55,97
1518,2,16,15,5,4,25,23,8,26,46,17,7,1,13,11,35,92,24,55,40,22,45
1519,84,104,12,22,24,63,18,15,17,62,34,8,46,11,55,113,43,1,69,89,117,53,107,3
1520,7,9,8,22,84,20,46,34,54,26,64,104,25,75,12,44,1,23,5,97,10,11
1521,20,24,15,97,22,4,12,26,13,3,8,19,43,119,5,25,84,75,79,17,42,94,35,55
1522,14,5,34,7,114,12,22,11,20,10,13,17,1,19,55,21,4,8,97,74,16
1523,3,14,43,18,24,92,54,25,13,17,55,2,5,9,7,86,64,27,84,19,32,67
1524,16,11,4,10,1,97,114,5,3,13,25,19,48,21
1525,17,2,22,24,20,63,13,62,27,16,97,43,105,114,60,58,11,70,72,73,15,101,95,107,54
1526,89,17,9,11,25,18,8,77,12,28,81,15,82,20,46,10,95,16
1527,46,63,66,13,21,7,114,95,20,2,25,19,34,17,3,97,15,18,61,14,93,43
1528,38,63,102,46,95,9,15,19,17,22,18,43,11,2,14,41,92,62,76,110,67,24
1529,89,18,1,8,2,9,20,21,16,22,24,34,62
1530,11,82,3,97,64,12,114,26,13,55,10,102,30,1,34,60,14,43,5
1531,114,26,1,20,5,17,92,89,18,22,43,7,33,24,9,11
1532,22,44,18,7,84,19,95,9,6,17,97,16,75,27,8,34,43,88,13,103
1533,20,13,24,17,97,10,21,34,8,12,3,89,84,117,25,43,4,29,23,46,72,81,2,11,32,6,22
1534,9,5,10,8,1,84,4,13,55,46,95,15,2,26,6,114,20,89
1535,6,92,84,18,16,97,114,89,11,3,46,21,2,54,4,25,10,95,26
1536,6,46,15,1,97,14,84,10,21,4,17,7,3,64,114,2,9,11,79
1537,34,24,1,13,10,21,2,5,42,20,89,9,97,79,23,12,14,26,11
1538,89,16,19,3,7,20,11,92,54,78,1,48,8,6,33,83,18,21
1539,5,3,13,84,24,17,9,8,89,114,12,95,46,117,19,103,104,92,11,10,16
1540,21,5,8,19,6,14,1,24,3,66,9,22,26,18,15,17,97,58,95,34,46,114
1541,26,17,12,18,6,95,16,9,7,2,14,25,74,5,97
1542,20,26,25,8,114,21,14,92,11,22,24,34,4,7,28,3
1543,6,46,97,5,63,1,34,2,25,8,43,51,7,4,49,65,12,114,14,22
1544,12,1,3,5,43,10,23,34,26,102,15,6,17,14,16,13,40
1545,14,66,24,84,3,8,12,114,6,89,92,21,93,33,1,46,5,60,34,28
1546,114,7,12,63,24,11,3,4,1,93,16,84,37,115,6,70,89,8,73,100
1547,3,1,13,21,95,14,2,10,104,24,103,7,46,114,8,43,34,19,63,84,17,6,15,100,18
1548,3,11,84,15,14,62,22,43,51,13,2,77,46,117,33,119,60,4,24
1549,5,24,114,17,28,84,97,11,16,13,46,117,9,14,39,2,10,92,86,48,20,104,34,66,3,6,7,58
1550,86,14,18,24,34,9,102,13,92,4,84,77,1,101,22,21,88,73,17
1551,19,2,18,6,14,15,20,12,5,25,1,90,16,99,24,110
1552,25,21,20,2,3,16,11,15,12,17,95,97,34,14,23,5,57
1553,9,5,95,20,17,89,1,3,26,7,6,23,53,98,18,2,21
1554,7,14,114,12,5,63,16,2,71,100,77,10,60,19
1555,84,114,26,21,29,13,16,19,2,7,5,20,113,62,61,63,23
1556,18,6,8,95,5,20,10,17,12,7,24,89,46,28,73,13,54,68,94,14
1557,8,84,5,12,25,22,18,10,1,34,95,102,66,24,46,63,6,112,11,7,83,97,20,104
1558,3,14,25,5,24,19,84,2,13,96,6,10,9,1,58,16,15,63
1559,89,1,9,2,104,14,114,23,22,12,5,18,46,20,26,25,54,102,3,97,15
1560,7,4,66,17,79,63,11,5,54,61,2,22,84,23,114,19,104,46
1561,8,19,17,1,89,14,33,23,93,21,43,9,6,12,66,77,20,16,4,15,24,2,63,56,13,34,84
1562,14,20,18,97,89,8,24,58,23,27,6,46,19,2,7,1,5,91,84,63,15,25,36
1563,17,11,97,55,2,16,26,66,9,34,3,25,62,7,18,8,79,109,21,4,65,43
1564,26,46,13,24,34,9,12,5,60,1,8,87,89,84,66,20,114,23,62,25,95
1565,22,11,95,26,19,5,4,66,24,41,20,17,13,16,63,89,2,6,33
1566,11,10,28,54,14,95,15,6,9,34,23,97,24,114,7,51,55,107,12
1567,97,4,11,7,3,9,95,37,21,16,23,24,92,26,106,53,17,101,20,60,72,5
1568,21,34,18,46,1,114,6,92,97,11,19,66,15,8,4,103,13,48,3,10,28,31
1569,14,13,28,22,24,63,115,12,5,15,114,66,3,20,97,23,67,16,58,6,19,89,119,92
1570,19,114,18,20,21,89,2,15,22,81,13,4,23,3,80,6,17,7,58
1571,20,22,5,12,84,14,16,4,9,3,15,92,28,17,25,6,35,10,94,58,24
1572,10,26,34,14,2,21,20,15,28,5,12,100,25,92,45,38,43,109,63
1573,25,12,34,16,95,23,1,2,114,26,5,8,84,3,43,14,20,15,46,49
1574,11,22,34,46,9,14,25,13,8,55,27,20,21,37,7,15,26,10,56,24
1575,12,3,22,15,95,11,97,8,34,114,10,16,104,61,13,45,118,7,72,2,88,17
1576,25,18,84,6,97,3,17,14,11,46,92,75,43,67,117,16,55,87,91,5
1577,17,3,24,11,2,55,23,8,95,50,81,10,6,7,119,18,89
1578,12,84,25,117,63,24,22,1,26,4,58,95,89,93,28,34,100,46,54,5
1579,10,3,26,92,7,23,103,4,22,97,19,114,38,69,32,14,89,16,116,6,2,95
1580,2,19,103,14,46,84,16,22,1,63,6,4,86,39,89
1581,114,7,21,20,84,16,17,5,25,2,22,11,23,46,10,33
1582,20,26,6,33,18,66,28,19,104,63,84,14,85,13,10,25,1,11,2,17
1583,97,21,89,12,14,11,95,6,15,92,84,114,46,20,55,13,7,101,26,10,19
1584,8,103,12,84,17,13,43,10,91,66,9,28,101,14,97,21,19
1585,10,15,2,26,18,7,17,89,84,25,11,92,106,21,12
1586,20,5,17,18,2,89,19,21,9,63,6,13,114,34,40,46,15,84,95,10,24
1587,20,8,63,26,66,15,95,1,24,22,6,18,7,5,108,17,44,12,99,53,21
1588,95,13,92,8,34,20,114,104,10,22,14,118,6,60,62
1589,22,12,66,46,6,5,18,9,84,17,43,97,26,79,7,21,91,25
1590,17,5,21,8,12,16,4,2,23,25,14,82,11,73,7,28,114,27,58,97
1591,11,25,46,20,15,24,12,5,34,8,92,97,16,89,7,119,90,10,22,91,6
1592,26,16,13,14,34,12,46,7,1,9,18,3,44,62,4,11
1593,24,7,5,97,92,55,3,46,2,8,11,20,95,34,18,78,84,14,17,26,19
1594,12,18,20,17,34,22,10,63,95,11,5,14,2,1,117,112,6,67,97,107
1595,10,12,2,8,95,46,21,88,17,6,23,114
1596,21,13,20,7,12,8,22,24,95,97,9,6,14,79,34,5,89,1,68,10,48
1597,3,20,7,6,54,89,14,28,19,116,78,84,22,113,30,43,93,8,118,13,60,85,62,12
1598,2,24,4,34,21,9,8,26,114,111,19,89,43,104,23,40,1,103,11
1599,10,2,5,14,92,34,26,84,20,19,18,8,17,119,9,21,97
1600,1,26,17,46,22,5,20,2,12,109,16,18,14,21,117,9,92
1601,89,5,6,1,11,10,22,7,104,117,16,8,20,14
1602,9,10,3,97,18,2,26,1,21,13,89,25,11,8,28,19,6,44
1603,114,14,7,16,9,10,17,1,28,8,95,117,26,2,46,115,6,66,97,21
1604,1,46,14,89,20,103,10,54,28,95,13,43,26,17,12,97,22,68,66,34,38,6,11
1605,117,95,1,16,11,66,89,19,100,3,9,26,63,62,73,41,97,85,20,8,79,14
1606,14,33,2,25,6,18,9,114,34,8,95,3,58,15,50,62,37,20
1607,34,103,63,9,46,4,25,23,14,8,49,73,95,82,32,64,102,100,5,21,67
1608,8,55,34,43,62,1,23,21,15,19,95,79,26,22,116,6,89,88,87,10,64,7,63,17
1609,24,97,15,8,17,89,102,3,23,16,13,28,33,34,104,7,54,38,91,26,19,43,35,2,62,11,6,14
1610,89,3,17,15,10,92,46,8,22,19,49,12,25,23
1611,7,2,26,11,5,21,63,9,14,12,10,68,22,64,1,3,62,24
1612,9,46,21,6,114,34,1,10,66,4,2,24,25,20,54,5,118,23,18
1613,34,66,11,4,92,1,15,19,24,25,13,7,17,21,10,5,95
1614,3,14,63,18,13,25,4,22,46,8,92,21,66,82,23,10,12,95,91,16,2
1615,16,8,21,1,34,66,14,2,12,92,84,11,114,55,26,17,63,89,45,18,9
1616,7,20,15,14,1,10,55,63,41,34,24,102,119,18,26,92,115,17,71,19
1617,14,4,3,1,19,84,100,55,24,95,18,114,117,26,77,104,22,67,13,25,101,62,91,79
1618,11,89,24,25,15,26,18,114,23,102,93,107,117,55
1619,6,13,24,18,21,26,12,89,50,25,17,23,10,9,46,1,51,104,8,16
1620,46,55,21,20,114,12,24,14,62,28,3,92,47,19,4,34,7,117,23,103,5,9,82,89
1621,21,2,63,5,3,1,58,4,12,89,18,22,44,13,7,111,26,11
1622,12,3,11,26,6,1,22,16,9,5,14,24,19,55,20,51,46,13,58,92
1623,3,114,15,8,34,12,11,21,7,23,58,25,6,13,17,66,89
1624,15,89,33,34,66,3,9,8,25,6,1,62,26,22,28,73,16,70,86,63,4,11,20
1625,7,17,25,89,114,5,12,63,24,22,34,97,77,8,10
1626,103,5,3,17,104,58,30,62,42,14,19,114,26,16,113,43,84,35,1,37,6,66,34,117
1627,6,2,9,63,20,28,12,24,34,46,3,95,19,97,18,55,11,103,22,66
1628,9,7,8,46,23,3,14,22,24,15,62,21,29,5,59,10
1629,20,1,6,46,3,11,12,19,84,26,13,21,58,23,33,8,9,50
1630,84,1,8,10,14,18,66,19,7,12,3,89,4,104,95,15,34,70,97,26
1631,22,13,6,2,14,24,25,15,8,89,9,5,47,66,84,7
1632,6,16,104,117,15,30,92,8,103,17,20,51,112,102,7,37,3,118,19,66,14,5,9,96,34,24
1633,89,14,97,26,13,5,92,54,110,12,114,76,118,10
1634,14,20,6,15,46,103,13,24,89,2,33,10,19,72,22,55
1635,22,84,89,21,8,92,66,28,46,50,11,101,26,62,13,55,43,25,2,111,6,15,34
1636,13,2,3,20,34,63,46,14,102,15,5,43,28,84,23,95,97,54,89,26,11,18
1637,25,95,2,15,24,84,21,17,43,55,46,4,26,64,16,12,10,18,111,1,34
1638,26,38,21,15,8,14,1,18,5,46,95,89,34,22,33,23
1639,5,15,4,7,26,12,3,16,114,84,2,92,24,8,28,47,118,11,25,19
1640,14,66,17,114,8,34,26,60,6,43,54,36,13,28,12,24
1641,46,21,14,84,23,24,26,2,89,28,101,53,17,107,10,22,92
1642,18,34,17,46,114,84,89,93,101,9,42
1643,114,9,4,5,19,15,25,12,11,1,22,3,103,33,20,95,70
1644,6,18,5,14,110,24,20,95,13,97,1,2,104,19,21,89,25
1645,5,20,1,25,22,15,3,106,6,21,89,26,11,24,2,17,14,19,55,85
1646,13,3,89,46,63,21,43,2,15,4,17,53,27,24,113,5,31,48,9,6,56,60,71
1647,89,15,63,34,20,26,8,84,21,16,17,97,28,95,18,114,58,12,11,10
1648,66,21,63,14,20,1,15,19,114,13,43,46,28,17,36,6,73,7
1649,7,55,62,25,46,8,102,11,33,10,119,87,65,84,114,74,5,53,97,19,15
1650,84,6,21,5,114,26,15,46,20,22,14,8,9
1651,18,12,114,17,63,117,3,19,43,21,9,5,13,26,2,46,74,95,16,14,118,60
1652,2,7,22,21,25,26,97,92,118,58,15,103,23,3,91,1,114
1653,84,55,95,11,103,9,19,14,15,2,69,3,7,108,10,46
1654,21,95,97,19,15,33,6,16,63,9,18,14,22,92
1655,2,20,34,1,17,23,24,55,58,114,10,9,85,97,95,46,21,15,115,31
1656,5,24,19,63,3,64,9,4,15,12,117,2,55,22,108,21,14,107,101,103,73,16,96,95
1657,25,16,1,26,9,21,20,66,18,34,22,19,89,13,67,24,97,58,10,12
1658,8,24,7,16,25,12,21,114,5,89,26,84,10,63,15,3,93,19,13
1659,89,25,114,5,23,10,6,24,68,43,9,113,19,59,22,115,117,12
1660,46,1,25,43,20,15,92,3,17,22,2,64,14,10,117,21
1661,21,46,19,89,18,11,23,16,2,34,84,26,3,17,58,66,15,7,6,25,63,22,9
1662,24,6,11,22,97,4,18,21,68,26,65,8,3
1663,8,23,15,3,5,95,10,104,19,25,114,22,64,97,24,28,1,20,62,12
1664,114,12,5,10,6,3,43,14,89,87,97,21,22,1,8,82,24
1665,5,13,15,17,9,34,66,8,4,10,95,62,1,3,89,6,107,47,103,18,60,84,24
1666,17,24,71,1,8,18,22,9,69,117,26,3,67,11,95,38,91,14,47,5
1667,22,13,8,4,20,2,12,89,17,11,66,37,97,1,10,24,95,67,28
1668,34,24,1,114,5,15,6,9,46,95,79,22,7,20,21,2,57,25,11,12
1669,17,89,11,16,97,7,46,5,28,1,114,34,4,24,38,14,20,6,64,10
1670,8,17,18,34,20,58,1,84,12,15,14,24,16,78,33,46
1671,22,15,16,11,46,114,95,3,43,10,24,9,2,5,66,79,100,8,18,21,6,62
1672,23,22,14,25,92,8,66,16,5,62,7,19,21,55,46,34,10,45,64,4,33,6,89
1673,5,26,9,16,18,6,2,20,12,114,89,10,14,22,34,11,104,64,7
1674,17,16,43,10,21,2,7,114,9,13,34,19,3,11,6,89,63,15,101,14,102,46,58
1675,22,11,8,34,20,63,17,26,1,18,23,95,3,19,16,9,21,117
1676,19,28,15,97,11,12,23,13,20,1,10,21,43,89,5,34,40,26,67
1677,17,21,14,103,6,95,3,15,8,91,102,89,55,24,2,16,7,58,97,112,19,35,18,66,86,22
1678,46,19,8,20,2,104,11,22,5,1,63,9,33,16,7,10,13,114,89,43,29,103,92,102,15,93,26,55,40
1679,34,97,7,114,18,29,117,11,83,49,54,118,10
1680,7,34,24,6,3,8,94,89,1,2,107,16,85,25,67,21
1681,25,2,84,26,46,12,66,114,17,21,8,1,104,63,55,35,15,95,9
1682,8,5,12,7,3,13,92,24,4,43,93,46,58,26,14,1,16,100,10,32,34,114,84,54
1683,97,8,15,11,5,9,13,84,20,7,22,26,17,3,23,94
1684,84,15,8,2,89,5,24,17,9,7,3,41,30,12,6
1685,13,19,4,6,10,26,43,89,84,17,45,70,30,21,107,68,7,110,104,117,38,49,16,23
1686,6,1,19,5,95,10,8,89,11,20,16,7,21,25,23,66,3,18,15,9,107,97
1687,6,21,114,12,26,1,10,2,24,11,5,29,17,98,54,7,25,46,3,8
1688,18,66,6,13,26,21,11,1,17,19,58,9,92,20,10,34,2,93,95,97
1689,19,12,95,114,16,5,14,84,89,8,20,92,17,26,63,2,10,79,23,35,7,34,66
1690,22,18,8,66,1,102,6,114,13,14,117,15,4,10,58,26,50,97,24,25
1691,12,34,21,58,4,9,13,22,23,25,1,11,55,7,95,3,78,117,16,43
1692,25,1,7,4,21,23,114,22,26,34,11,12,15,92,83,5,117,28,27,119,16,82,20
1693,63,97,12,11,22,18,31,47,16,46
1694,97,89,5,15,3,12,11,1,8,6,24,32,2,10,58,43,23,35,19
1695,6,4,1,25,43,15,97,12,34,7,23,89,95,2,18,17,104,36,28,63,13,87,21,8
1696,17,5,16,11,22,66,2,7,20,25,6,19,15,113,35
1697,21,15,92,18,3,26,17,28,8,7,11,14,9,62,12,89,106,16,22,10,32,19,5,1
1698,22,5,8,4,15,46,2,47,97,12,20,14,117,65,21,88,7,118,24,63,6
1699,89,8,15,34,84,17,5,54,66,3,11,102,107,23,1,24
1700,8,2,1,3,12,25,16,9,10,15,24,95,11,84,22,87,45,60,26,114,90,100
1701,3,92,103,46,43,12,5,1,34,14,58,20,104,11,10,39,50,4,80,6,89,86,8,66
1702,11,103,9,21,13,63,4,46,23,114,3,24,19,2,16,55,14,28,68,10,7
1703,3,21,13,10,114,66,75,23,16,11,26,12,34,103,1,38,17
1704,23,20,26,7,89,95,21,8,25,22,46,16,18,113,96,34,114
1705,8,16,95,22,26,1,66,58,15,92,6,20,21,3,84,19,68,119
1706,17,1,26,14,24,89,97,13,2,18,87,100,25,118,21,19
1707,2,18,11,10,46,13,19,24,22,23,114,93,92,91,8,97,58,52,1
1708,9,20,46,25,66,16,38,26,10,92,15,117,6,21,24,89,107,18,8,5,1
1709,24,105,30,18,6,12,13,11,42,4,22,3,97,32,34,115,59,63,48,89
1710,15,10,63,43,55,20,4,17,117,28,24,25,5,16,54,84,89,91,1,51,3,9
1711,2,5,25,22,10,12,16,18,11,6,97,21,8,26,14,46
1712,20,25,14,17,95,46,114,23,13,12,5,21,18,103,84
1713,21,8,34,1,46,25,84,18,23,10,28,24,117,3,116,9,22,89,12,17,63,6
1714,9,21,7,34,20,8,104,63,85,106,1,24,96,3,60,15
1715,89,3,34,14,28,23,15,6,25,46,11,72,20,1,103,97,104,62
1716,22,26,34,24,43,18,6,9,13,66,63,8,7,92,23,97,59,4,54
1717,66,16,111,103,91,26,84,2,28,7,82,25,11,21,15
1718,22,114,9,3,46,55,24,25,17,7,66,6,16
1719,3,8,9,19,14,16,5,20,2,7,12,25,1,89,92,10,6
1720,20,9,24,5,26,4,34,19,18,11,1,21,3,106,7,95,6
1721,25,15,8,89,66,113,16,46,22,19,55,1,60,3,17
1722,11,46,18,10,55,7,1,16,6,24,20,117,13,22,89,28,12
1723,20,3,103,13,15,10,12,9,17,116,26,38,114,47,7,1
1724,13,20,9,17,6,26,25,5,15,33,8,93,82,71,43,114,2,22
1725,12,24,7,16,26,46,34,8,103,89,21,55,92,17,19,42,95,104,84
1726,13,8,23,95,26,24,22,18,20,7,89,5,34,2,19,41,62,17,6,14
1727,25,63,3,17,92,23,11,95,9,13,21,97,12,4,16,20,118,55,54,42,88,37,96,40,58,31
1728,34,11,33,89,16,22,84,43,7,17,6,14,20,1,107,74,115,24,13,3,2
1729,25,13,43,16,33,62,92,63,42,11,24,95,26,22,46,14,19,100,4,64
1730,7,8,24,5,89,10,46,25,3,60,11,6,43,97,65,63,62,23,29,20,15,40,9,19
1731,21,10,63,25,22,2,95,7,103,5,43,104,44,4,8,6,15,92,18,3,53,19,16
1732,1,14,84,95,9,3,25,13,97,91,38,2,7,67,19,117,16,5,6,89,63
1733,13,16,7,24,12,25,20,15,17,95,2,6,34,8,18,117,5,66,22,46,3,1
1734,3,15,92,26,17,10,21,4,46,7,1,11,54,5,63,2,8,9
1735,20,22,12,95,21,17,84,19,10,4,80,13,63,18
1736,46,8,22,89,6,1,3,52,36,16,79,97,92
1737,3,6,16,34,14,26,1,114,84,5,20,58,13,11,23,7,17,15
1738,24,10,21,18,14,4,19,8,26,2,25,7,95,16,114,12,28,13,115,92,29,75,72,3,93,78,60,9
1739,14,7,22,92,10,16,66,8,114,34,12,26,13,54,63,21,20,84
1740,25,2,89,13,5,84,26,58,62,10,103,97,66,117,46,15,27,113,24,16
1741,24,92,46,7,114,21,13,8,5,17,15,19,25,97,58,1,107,14,10,23,66,41,22,12,6
1742,11,16,3,26,13,10,4,84,7,21,63,8,22,89,34,97,24,46,12,25,5,19,110,20,114
1743,5,11,9,3,34,28,55,16,46,18,58,74,6,21,25,10,102,93,109,14,92,89,23
1744,18,97,13,10,89,25,26,20,95,11,34,4,6,17,5,8,15,50,24,12,14,22,7,2,33,9,3
1745,89,5,16,6,114,1,24,7,46,19,17,2,12,92,53,35,21,38,10,18,20
1746,14,21,6,10,34,84,11,18,9,3,16,7,8
1747,8,84,15,63,24,28,25,9,26,7,6,104,3,95,11,58,107,103,54,43,20,21,23,22,34
1748,8,2,25,10,55,6,23,13,24,110,34,4,117,87,89,26,1
1749,2,26,13,114,24,18,19,4,23,43,8,3,97,84,7,22,55,21,16,25,6,89,5
1750,8,6,9,84,15,11,4,25,63,55,44,18,64,10,66,34
1751,4,2,21,26,1,66,10,46,16,19,54,9,3,5,6,47,117,13,97
1752,7,10,9,14,17,20,95,60,15,63,114,84,13,21,101,27,5
1753,18,26,63,7,8,89,13,34,23,1,43,2,17,77,16,31,10,72,22,14,101,5,12
1754,34,12,24,18,114,7,21,6,89,8,23,92,13,26,3,5,9,14,25,15,4
1755,22,10,15,46,7,14,89,24,16,55,21,11,12,3,17,95,8,23,36,63,114,101
1756,17,34,1,20,89,22,25,114,84,3,5,9,23,2,18,15,46,6,106,16,115,43
1757,9,11,1,84,14,25,21,15,89,23,24,3,6,46,43,16,13,26,22,17,10,85,45,69
1758,28,5,10,26,2,55,6,24,3,20,16,17,97,66,22,25,107,7,115,46,84,62,92,43
1759,18,9,22,103,7,2,66,97,3,93,10,12,21,11,5,23,47,89,43,114,20,33,60
1760,7,63,87,114,84,15,18,89,25,54,5,20,14,43,97,66,92,40,6,78,102,79,60,46,34
1761,21,9,18,7,63,2,95,48,51,106,17,5,12,40,111
1762,25,21,10,22,4,97,11,17,20,12,13,3,44,114,95,15,57,8,54,117,84
1763,9,1,13,19,25,18,84,92,28,109,63,97,16,3,8,22,118,60,52,76,2,17,83,34,4
1764,14,8,3,46,26,15,2,89,12,6,5,22,109,34,25,84,16,24
1765,21,16,15,17,6,20,11,23,3,13,1,10,19,96,33
1766,84,6,13,9,3,34,63,46,95,88,12,43,2,14,15,26,54,1,7,17,24
1767,16,3,114,28,1,9,11,100,7,89,17,8,61,101,12,19,6,117,95
1768,46,2,15,1,16,7,66,22,89,14,11,33,24,13,20
1769,16,21,38,18,5,46,97,1,12,2,25,15,86,84,66,6,33,22,19,27,58,17
1770,66,5,7,15,92,17,54,14,16,20,26,9,104,42,12,21,118,34,89,24,97
1771,22,84,3,66,7,4,16,14,95,26,17,47,90,63,89,19,45,69,28,8,91
1772,13,26,97,35,20,21,10,46,55,18,17,84,6,81,15,31,7
1773,46,95,6,14,34,7,5,17,16,15,18,62,24,10,102,8,9,55,31,1,20
1774,24,17,34,1,19,7,3,97,10,14,2,9,18,43,21,20,70,13
1775,10,15,97,5,16,103,25,18,11,19,95,26,2,6,46,77,21,92,8,54,12,17,28,20,4
1776,21,12,18,19,8,26,14,89,102,7,114,5,46,117,11,92,15,16,79,38,24
1777,34,11,9,2,16,97,4,3,24,28,37,20,15,18,46,92,40,26,86,103,84,5,95
1778,2,7,63,5,97,11,43,89,4,24,92,26,103,34,18,8,12,45
1779,26,5,24,22,3,1,7,18,112,89,45,29,55,4
1780,3,18,20,97,5,84,55,58,9,33,63,92,26,19,12,93,117,103,8,16,21,43,66,13,34,15
1781,21,15,24,7,1,46,114,89,19,58,63,13,104,18,25,34
1782,6,97,3,19,103,16,24,4,9,89,17,5,11,18,15,20,12,34,46
1783,8,24,84,7,16,34,10,19,66,21,20
1784,9,1,13,3,12,15,97,66,16,18,89,94,118,91,22,14
1785,84,114,18,8,24,2,13,16,91,14,46,92,11,34,4,95,1
1786,13,15,17,34,11,97,26,92,1,18,79,84,28,5,6,89,58,20,25
1787,26,24,3,19,21,15,97,17,20,25,13,5,34,18,11,92
1788,46,13,25,14,89,3,7,6,9,84,104,58,114,97,2,35
1789,17,6,95,12,25,8,97,15,20,18,5,19,47,112,23,26,13,2,7,16,64,34
1790,7,97,15,25,24,11,14,26,89,95,62,5,28,23,10,54,13,20,21,2,3,16,43
1791,89,5,16,8,46,11,104,2,114,57,4,15
1792,10,92,2,18,46,89,97,7,9,11,20,4,16,21,24,28,112,3,22,8
1793,20,95,6,7,13,17,14,11,34,63,1,91,19,5,2,12
1794,6,2,19,22,12,5,9,95,7,74,11,3,1,16,15,52,10,85
1795,55,7,8,2,15,26,62,114,11,4,9,89,14,75,17,5,92,38,84,54,6,13
1796,5,6,23,46,84,97,26,63,53,17,50,21,11,22,13,96,66,12,9,4
1797,24,16,22,12,26,34,6,66,18,65,10,95,89,56,13,84,9,85,97,28
1798,34,89,20,114,11,12,25,17,6,57,71,46,74,94,90,92,14,66,61,55,54,29,21
1799,10,5,114,46,103,15,66,14,55,95,25,69,34,57,1,4,54,68,42,2,59,24
1800,14,26,18,12,16,17,34,15,8,13,97,119,11,19,74,51,89,6
1801,6,21,8,14,34,17,95,2,7,55,23,46,27,64,15,10,84,19,13,20,54,66
1802,8,9,46,43,11,14,20,1,12,17,55,16,92,68,107,21,2,63,19
1803,17,11,84,8,10,21,117,1,26,6,46,7,14,15,18
1804,34,11,114,25,1,16,10,21,58,20,14,5,33,63,46,24,13
1805,15,33,22,25,8,16,14,12,100,21,55,102,84,19,7,63,97,95,52,64,88,89,23,2,77,34,58
1806,3,18,22,7,12,9,63,117,10,2,11,114,13,43,47,23,19,5,21
1807,26,3,46,11,6,17,12,8,24,34,95,15,2,89,92,7,20,104,16
1808,19,97,55,3,101,53,4,24,17,8,63,23,16,85,43,46
1809,15,92,9,23,107,22,66,17,13,25,104,117,16,5,10,36,34,1,88,32,89,72,18,77,7
1810,18,1,25,15,17,54,114,6,12,13,9,19,95,28,24,34,62,46,38,111,8,68
1811,2,3,17,95,23,8,11,13,20,7,21,118,18,46,113,1,9,25
1812,7,10,13,26,6,9,16,19,1,61,17,24,84,20,27,95,11,34,50,106,21,14,109
1813,17,7,26,18,5,43,22,20,2,6,89,4,13,97,58,34,3,25,46
1814,1,82,5,103,23,77,20,11,14,58,4,104,59,111,26,46,33,6,10,97,7,30,62,2,25,22,9,15
1815,18,46,19,21,97,63,3,16,12,24,95,53,92,102,2,6
1816,28,7,23,19,16,25,63,119,45,2,112
1817,114,25,21,14,46,8,66,63,97,13,55,2,23,62,117,54,64,20,65,3,36,7,61
1818,19,13,89,34,43,3,1,22,58,9,5,46,115,95,55,100,99,78,7,6,117
1819,17,22,3,10,92,19,7,16,5,14,23,89,114,107,8,13,43,11,1,79
1820,8,97,21,1,46,9,114,28,3,41,83,7,81,20,34,10,6,52,85
1821,13,2,63,46,16,50,5,20,89,29,24,31,26,66,15,21,94
1822,7,8,25,18,22,26,114,89,11,6,67,1,17,16,54,97,14,15
1823,8,24,114,20,4,25,18,16,13,90,17,63,65,6,7,34
1824,114,7,20,33,84,13,9,58,19,15,46,31,10,5,16,4,23,6,34,55,74,79
1825,89,9,34,58,5,21,2,19,11,7,84,3,54,38,97,70,61,1,104,14,6,82,55,95,16,15
1826,1,89,8,5,92,63,7,25,20,12,13,9,54,4,46,42,107,24,62,14,18,79
1827,97,12,84,14,16,6,89,57,36,25,111,26,1
1828,46,16,18,89,66,84,17,2,14,8,58,25,48,23,71,10
1829,14,5,46,89,8,13,26,50,95,6,1,9,10,3,21,84,20,17,58,18
1830,2,46,97,1,95,114,21,3,16,4,7,8,20,17,23,55,69,10,34
1831,15,5,18,3,16,34,25,84,55,113,20,114,24,19,112,17
1832,2,89,21,34,23,14,17,9,13,22,3,84,92,114,11,29,96,26,12,24
1833,1,2,18,20,8,34,7,28,89,24,23,66,43,16,76,15,13
1834,114,95,6,117,17,46,89,66,103,28,1,15,21,100,2,18,24,31,25,11,34
1835,46,1,13,2,55,15,114,92,103,108,26,25,80,10,89
1836,3,5,24,8,26,95,6,16,34,116,84,25,97,11,89,13,62
1837,20,18,114,92,17,8,10,14,119,80,89,16,4,109,26,33,84,1,96,12
1838,25,46,19,11,15,28,12,26,2,7,20,114
1839,18,14,34,1,3,26,8,2,15,13,10,20
1840,34,43,14,2,9,22,89,114,17,97,8,21,13,28,25,15,55,104,62,66,7
1841,84,14,21,114,117,13,25,11,9,2,57,58,45,7,5,38,18,19
1842,17,5,26,22,9,19,6,20,14,97,43,66,8,83,90,63,18,65,10
1843,18,9,16,3,1,14,26,89,2,92,12,46,25,55,13,20,11,6
1844,5,89,12,14,18,46,17,1,26,95,24,114,21,2,66,56,58,97,13,11
1845,26,22,3,21,25,55,17,95,23,20,39,64,114,6,13,92,87,45,78,24,18,10
1846,89,15,4,16,54,14,43,12,103,17,21,25,114,60,22,119,55,95,81,11,2
1847,5,89,7,4,25,63,23,1,2,106,13,14,53,8,84,12,10
1848,9,34,24,6,25,58,46,114,19,62,11,95,43,17,22,16,55,92,12
1849,89,26,18,97,6,20,24,117,114,7,63,25,85,74,95,16,23
1850,17,84,7,24,10,18,16,11,97,22,2,46,81,28,9,34,43,3
1851,5,114,14,34,3,20,19,84,89,16,92,17,67,12,95,93
1852,2,89,84,95,22,9,26,21,111,46,18,62,47,94,34,13
1853,66,16,15,2,9,1,84,24,10,14,114,6,92,100,18,49,25,23,55,19,63,54
1854,12,66,63,18,5,1,106,34,11,10,4,104,42,21,20,23,2,32,61,22,46,3
1855,11,12,10,16,7,13,62,43,8,26,97,42,17,95,18,102
1856,24,17,16,7,22,26,63,25,9,14,12,19,5,69,18,2,67,3,1,21,28,71,102,20
1857,10,6,21,2,17,14,25,15,18,24,3,84,1,11,20,23,5,26,13,28,31,34
1858,15,13,24,25,114,18,2,20,22,4,92,53,14,36,119,56,109,69,8,9,55,21
1859,97,4,63,3,16,26,11,100,12,15,66,95,17,96,21,45,84,67,25,35,18
1860,46,3,6,24,25,89,114,100,17,14,21,63,77,66,22,84,95,7,19,1,16,8,20,71,10,104,11,58
1861,3,92,16,66,24,12,89,2,21,11,14,78,97,22,6,18
1862,13,1,18,84,89,61,11,95,10,71,43,7,32,3
1863,24,11,21,19,17,89,104,95,8,34,7,9,46,93,2,51,3,12,14,114,97,68
1864,5,84,18,3,14,28,66,7,17,22,10,4,19,56,2,102,62,26,95,76,9,13,82
1865,16,13,7,22,1,14,11,5,46,114,58,17,94,9,6,4,21,27,34
1866,11,8,18,46,26,17,34,13,96,23,21,58,16,3,92,2,76
1867,16,3,9,26,15,20,5,2,21,106,79,114,46,73,55
1868,5,2,21,89,34,8,18,9,22,102,24,4,20
1869,16,95,2,26,97,6,20,7,12,5,18,66,17,15,104,113,9,10
1870,18,22,11,8,6,26,17,19,12,3,2,10,5,1,55,58,59,79,9,83
1871,1,21,19,7,3,26,25,84,34,24,22,67,18,117,66,30,12
1872,68,11,114,2,44,17,22,8,23,50,13,97,15,18,16,59,95,113,5,58,25,35
1873,9,14,34,17,114,22,21,16,11,117,18,97,2,102,38,23,42
1874,1,26,17,6,10,22,12,114,84,16,5,9,14,8,18,95,100,34,25,44,33,73
1875,8,11,26,6,2,14,114,21,22,25,89,103,85,23,20,107,7,24,12
1876,114,15,34,6,21,25,46,3,11,24,1,19,22,8,20,66,43,17,12,33,18,108,14,4
1877,46,17,20,43,95,89,14,84,91,13,19,18,11,25,5,65,8,16
1878,89,33,1,11,97,43,63,15,62,14,28,9,12,16,55,76,59,70,44,4,84,6,46,13
1879,2,12,10,66,21,97,22,95,18,1,13,20,28,96,6,65,35,3
1880,10,21,22,8,84,9,12,114,54,15,104,19,23,46,58,6,82,42,5
1881,19,17,18,3,26,5,14,16,20,46,95,6,15,13,56,4
1882,95,20,8,3,114,18,16,1,7,23,27,84,5,22,92,21,74,64,13,9,117,10,46
1883,11,25,13,19,17,18,7,55,58,26,12,10,24,104,109,9,40,43,79
1884,13,28,1,9,95,25,20,17,36,105,117,4,93,22
1885,18,12,3,13,46,24,16,21,8,4,32,9,7,14,67,34,89
1886,16,46,5,15,17,21,14,7,12,4,95,8,58,113,2,48,9,34,26
1887,34,54,1,25,18,114,14,66,24,28,22,4,113,7,19,11,67,3,20,6,10,99,13
1888,21,92,7,14,11,12,114,15,2,59,5,66,34,40,1,9,88,13
1889,15,16,10,6,13,25,17,18,81,11,92,102,119,83,21,34,3
1890,16,10,15,9,5,20,12,84,18,6,17,89,14,82,107,1
1891,3,6,26,114,84,9,12,18,19,89,10,58,25,91,23,97,5,39
1892,46,63,58,20,12,21,84,15,10,92,6,25,75,34,1,97,26,38,24,5,43,95,61,16,102,17
1893,15,17,23,9,13,63,12,11,3,4,22,46,93,24,114,16,27,84,21,26
1894,11,34,12,25,43,13,4,1,26,84,62,23,19,20,32,18,83,87,64,24,33,9,55,114
1895,9,2,24,18,17,20,84,15,7,74,21,28,91,13,16,62
1896,11,54,89,92,8,22,95,5,43,44,25,63,62,34,58,40,18,19
1897,26,118,17,19,5,34,96,47,24,3,46
1898,20,3,63,18,28,5,1,84,6,25,22,24,114,10,46,34
1899,46,95,9,22,3,34,26,23,17,5,16,109,8,4,11,13,19
1900,18,12,19,89,4,20,104,21,26,3,84,38,79,49,10,7,73,63,97
1901,97,25,20,16,46,114,8,63,24,103,2,9,14,89,115,119,11,17,84,13,62,64,19,7,6,91
1902,97,5,11,7,1,104,22,20,2,17,21,58,46,107,26,68,19,6,10
1903,25,21,10,13,12,4,20,38,97,24,6,45,7,100,33,63,11,15,103,17,5,55,1
1904,46,22,14,34,95,104,84,3,63,8,10,97,2,11,93,54,113,16,112,17,5,13,89
1905,22,13,17,20,2,18,79,6,14,5,11,24,48,25,55
1906,34,28,13,25,7,24,46,21,92,118,100,114,66,6,10,102,23
1907,11,9,12,5,19,20,21,7,24,17,18,2,89,14,104,25,26,114,74
1908,18,20,34,22,14,55,16,2,25,23,97,5,9,11,89,27,15,84,21
1909,84,18,5,13,82,10,92,97,6,12,22,1,25,24,43,17,102,54,44,16,29,14,114,100,26,110,28
1910,3,19,97,117,22,34,6,23,15,95,10,9,16,39,73,1,113,82,7,24
1911,89,61,3,20,25,7,17,19,13,97,15,9,6,21,16,73,30
1912,114,18,95,25,63,10,7,117,38,35,58,17,92,11,89,20,84,5,3,85,26
1913,11,5,18,89,74,109,119,6,34,46,1,15,22
1914,20,46,1,103,15,19,28,26,2,63,95,25,21,16,84,13,6,69,5,53,34,11,67
1915,22,8,66,6,3,13,20,46,58,25,9,24,63,18,26,7,28,114,11,97,21
1916,34,22,12,15,13,26,89,24,21,2,8,25,7,71,10,16,40,55,84,44,18
1917,89,4,72,98,18,3,6,43,21,11,14,13,7
1918,9,19,84,11,89,25,20,26,55,68,81,2,32,22,13,53,17
1919,25,1,84,22,63,23,21,89,92,43,14,16,95,119,18,12,29,115,54
1920,13,34,24,12,9,46,14,84,2,25,22,38,8,6,89,7,58,26,15,20
1921,19,3,2,8,14,26,114,1,12,95,6,66,24,16,104,7,77,46,4,23,92,25
1922,89,1,46,22,14,3,19,97,18,17,5,95,10,114,16,103,6
1923,7,114,6,26,66,8,34,5,12,9,22,58,61,2,43,52,24,55,14,84,45,17,16,23,11,3,20,25,19
1924,15,89,24,46,19,14,21,6,84,115,63,25,104,83,10,12,26,23,56,73
1925,25,20,114,84,63,18,2,75,46,55,34,43,88,113,6,23,69
1926,2,14,1,7,21,54,10,49,35,89,36,79,12,99,6,63,47,23,8
1927,19,11,84,95,6,2,12,4,23,89,114,26,5,15,25,21,34
1928,16,18,114,21,34,92,17,20,1,3,63,95,8,117,111,84,22,14,6,46,4
1929,22,4,46,92,6,21,2,13,19,18,58,24,55,20,11,16,33,89,29,8,17,40,23,36,14,118
1930,63,97,95,16,25,5,1,3,7,11,22,43,26,13,84,10,62,15,12,6
1931,16,8,21,106,91,95,29,14,22,92,117,4,18,64,6,20,11,63
1932,20,16,21,1,25,15,66,95,12,34,62,89,23,11,8,4,14,35,92,17,104
1933,11,21,92,9,89,20,3,2,63,24,34,58,13,7,12,32,17,8,16,28
1934,17,7,22,18,46,9,84,6,16,10,1,14,12,54,5,62,26,113,97
1935,9,2,7,18,22,1,66,13,17,25,10,20,84,4,16
1936,12,10,2,5,13,7,20,97,95,117,18,23,63,9,24,1,4,78,104,22,111
1937,103,34,13,62,18,89,95,55,117,15,92,28,23,43,3,11,22,21,52,96,19,16
1938,92,24,13,22,46,17,20,21,4,8,16,114,102,34,30,59,36,66,107,25,74,15,14,45
1939,5,13,97,89,24,58,2,14,54,42,12,19,6,10,1,26,95,46,23,92,7
1940,34,22,84,13,92,8,28,16,18,6,95,70,114,23,2,33,17,24,9,89,72
1941,13,97,14,58,63,6,84,1,95,3,9,7,8,12,34,4,16,23,25,72,19,5,100,43
1942,20,38,2,9,4,54,92,88,15,89,1,12,66,34,17,16,63,77,46,95,79,73,7,85,36,10,18
1943,34,92,114,95,20,43,5,25,23,84,63,97,7,10,18,17,28,58,46,11,78,19,89
1944,20,114,3,15,21,25,10,18,26,85,8,4,22,43,37
1945,10,12,46,114,15,117,63,16,20,22,21,6,1,58,112,2,95,34,96,18,24,60,25,55,9,89,54,92
1946,7,34,3,54,17,28,8,95,19,20,16,84,11,97,110,104,88,107,12,6
1947,82,20,15,66,9,1,19,3,11,24,25,95,117,10,58,43,89,64,22,92,46,41,62,103
1948,7,16,8,11,14,46,12,15,97,34,58,19,20,66,5,71,23
1949,9,5,7,18,26,34,6,89,84,95,15,54,2,19,3,55,90,13,92,43,110,12,63,64
1950,25,55,19,41,1,103,26,43,63,97,89,54,22,11,84,3,56,48,99,31,12,18,62,20,88,4,114,17
1951,66,5,21,10,114,3,97,12,7,1,14,24,95,89,18,63,15,13,20,11,8,16
1952,17,34,6,20,2,1,21,66,8,93,12,22,89,109,9,24,115,114,112,7,97,19
1953,3,17,34,26,63,12,20,10,18,4,103,22,25,104,7,1,43
1954,114,6,18,3,10,22,1,23,9,89,24,63,5,115,92
1955,46,16,89,12,10,5,114,18,15,1,2,9,21,20,51,85,26,117,14,92,23,19
1956,84,25,11,1,21,23,20,58,7,43,18,26,35,24,44,16,12,17,89
1957,89,13,15,24,14,7,22,117,16,6,3,2,8,12,17,77,20,34,62,1,11
1958,17,84,6,14,21,114,23,8,44,38,75,15
1959,34,9,5,43,20,26,89,46,42,84,36,66,19,88,21,28,11,12,39,7,85,2
1960,11,16,26,2,5,20,22,91,10,89,92,17,34,19
1961,5,8,10,25,97,3,34,18,46,22,14,12,89,75,15,2,30,9,19,6,58
1962,58,26,1,18,14,23,5,84,15,11,20,17,94,12
1963,89,63,14,6,20,95,23,84,97,62,34,15,9,24,17,11,1,5,22,21
1964,12,97,24,6,46,84,89,95,20,5,7,18,13,2,41,22,31,115,47,37
1965,2,92,103,46,43,18,88,9,11,6,25,7,28,104,4,8,24,26
1966,11,2,9,46,12,14,17,20,95,6,26,22,16,15,25,79,23,7,89,19,75
1967,1,79,23,7,95,3,22,17,14,62,18,5,46,15,24,63,16,12,8,92,97,96,114,9,47,33
1968,84,85,63,104,24,103,23,89,79,18,97,3,9,107,117,5,99,80,27,4,13,15,81,22,68,106,95,46,2
1969,89,24,97,22,25,16,8,15,3,12,43,92,5,6,79,50,88,99,115,9,11
1970,13,26,10,12,2,9,46,15,16,25,92,79,7,117,71,60,11,119,58,100
1971,8,114,3,96,7,23,14,12,55,100,25,1,108,19,26,77,84,18,46,24,103,10,63,22,89,62
1972,20,8,12,3,15,5,28,53,105,47,4,24,92,17,84,109,66
1973,92,104,9,4,10,5,24,95,23,3,26,7,8,63,6,13,50,20,1
1974,26,97,112,5,34,6,11,30,89
1975,46,6,14,92,2,8,18,12,15,3,25,26,4,85,21,10
1976,104,3,79,63,4,13,114,1,25,21,19,89,15,119,12,10,2,32,96,27,84,76
1977,13,19,63,6,18,28,1,9,58,23,92,43,46,10,97,85,26,24,3,15,75,79,25,101,54
1978,17,5,95,92,4,11,63,119,1,89,15,98,20,58,22,24,6,14,88,100,117,23,114,12,90
1979,14,6,111,84,2,104,89,85,9,1,95,20,43,3,79,30,77,51,92,13,10,100,114,97
1980,28,25,10,104,79,19,21,14,89,20,5,26,74,99,34,95,49,9,18,107,109,15,22,24
1981,18,21,46,9,10,20,34,2,117,43,5,12,69,114,56,23,24,28,15,63,3
1982,97,10,21,23,34,14,95,41,19,52,11,26,8,88,46,113,38,63,7,31,17
1983,1,6,34,7,13,5,20,2,25,9,97,10,104,84,44,14,89,100,19,60
1984,6,12,21,16,34,9,13,95,7,66,22,46,64,24,40,25,20,113,114
1985,17,15,63,92,19,20,7,4,1,3,95,25,24,13,97,74,64,78,2,39,26,12,9
1986,2,14,28,1,8,9,97,24,55,20,15,6,46,26,113,34,92,5,117,82
1987,5,12,97,15,114,24,10,13,46,89,16,21,8,34,18,95,119,22,9,19,112,26,104
1988,7,21,24,17,16,46,4,117,18,73,12,114,11,13,95,2,9,43,63,26,59
1989,16,63,2,3,97,22,21,34,15,57,108
1990,82,10,34,104,11,26,2,20,46,18,103,7,15,114,95,5,22,110,74,24,62,4,69,25,59,91,101
1991,16,95,84,5,117,96,10,7,57,55,104,37,21,107,46,108,2,22
1992,9,10,3,23,8,14,7,11,114,92,12,24,85,5,113,49,70,46,21,15
1993,89,14,9,97,6,7,21,17,8,80,5,46,85,2,25,111,34,36,62,1,23,60,63,3
1994,17,15,92,26,114,12,7,18,90,19,84,34,115,1,43,8,9,62,24,117,95,88,23,16
1995,25,1,11,4,114,38,20,10,2,97,43,46,111,92,66,89,15,17,32,6
1996,25,55,79,5,10,1,21,14,23,13,106,108,109,22,2,48,87,41,11,74,7,35,18,38
1997,11,10,18,22,114,13,19,1,46,35,16,95,24,109,34,92
1998,12,15,23,46,3,2,89,16,22,14,59,74,21,92,117,79,42,97
1999,114,19,67,28,6,95,16,62,24,4,117,15,17,46,26,43,14,3,35,10,11,2,13,80,12
2000,89,46,66,11,84,34,8,14,27,28,114,1,77,24,54,43,41,16,19,5,55
2001,6,21,89,119,95,8,24,13,90,114,46,54,3,34,14,43,19,116,5,18
2002,15,114,17,26,40,25,89,108,65,22,11,1,95,3,54,34,24,103,97
2003,10,13,19,23,11,20,8,14,21,84,1,4,62,7,119,24,89,25,97,55,17,117,9,114
2004,15,13,26,11,40,9,8,79,107,24,71,21,46,63,5,7,29,102,54,92,96
2005,20,95,92,19,84,89,21,24,12,13,34,102,8,14,97,4,45,35,9,119,86,49,90,82,5,101,111
2006,53,96,34,18,13,26,3,9,5,111,23,104,17,55,20,1,100,113,14,21
2007,14,8,9,114,46,20,12,1,4,5,15,104,94,19,17,2
2008,104,46,25,23,73,20,63,26,66,58,16,50,6,17,22,89,2,1,97,74,91,95
2009,13,92,5,63,14,4,15,95,24,23,112,83,54,10,57,19,117,26,8,105,2
2010,18,13,89,88,9,95,10,8,16,15,119,44,3,84,80,117,12,43,60,19,20,63
2011,9,62,22,24,5,16,112,97,89,65,4,14,21,20,41,8,2,11,3,13,15,18,6
2012,34,103,22,3,14,66,23,11,63,91,24,100,18,28,13,92,102,12,106,9,21,55,85,99,111,6,15
2013,2,14,26,6,32,20,17,89,3,62,16,34,1,56,46,97,15,98,13,19
2014,46,18,8,11,92,23,25,16,89,20,3,97,15,5,7,13,95,1,94,9,66,107
2015,11,34,16,18,20,9,97,1,25,15,22,94,13,4,14,2
2016,18,24,92,103,46,5,84,26,36,48,14,90,99,79,115,3,95,89,7,41,8,10,6,85
2017,14,20,117,100,34,90,4,118,47,92,89,62,61,21,19,91,43,2,86,25,57
2018,22,9,3,4,25,15,7,18,115,80,5,83,94,86,119,107,30,118,43,82,95,71,106,92,111,11,51,24,26
2019,20,12,114,17,4,97,3,21,46,25,89,18,92,53,41,9,54,93,15,68,22,19,11
2020,18,92,7,2,62,23,20,5,15,89,28,22,99,58,73,90,95,69,118,61,11,17,19,63,70,13,12
2021,17,46,3,97,16,4,55,20,14,24,25,7,65,9,12,34,19,104,22,10,61,6
2022,25,12,21,10,34,2,5,46,15,114,23,1,62,26,97,89,11,20,18
2023,46,8,2,15,104,63,92,7,84,10,25,5,3,19,6,47,112,16,26,21,111
2024,9,16,8,7,95,24,102,77,6,104,59,15,86,117,46,63,36,20,97,92,89,3,12,26,101,25
2025,17,7,97,89,13,28,23,95,1,19,101,5,74,25,46,51,99,11,90,113,73,2
2026,19,104,10,25,5,89,46,16,90,21,12,14,15,9,73,7
2027,23,84,92,63,19,34,104,12,14,3,7,20,52,68,79,2,85,119,62,28,18,97,102,15,89
2028,97,62,28,4,1,19,3,8,76,119,25,91,6,39,112,89,7
2029,92,21,20,8,89,26,13,114,91,2,10,107,16,5,34,18,17,39,55
2030,25,55,28,24,114,15,6,62,34,12,5,14,11,1,104,58,4,111,21,2,103,19,20
2031,5,22,6,8,84,3,25,28,15,114,1,9,10,21,4,7,34,78,14,31,52,87,116,2,24
2032,66,23,20,15,103,89,11,12,13,24,26,84,3,101,57,58,45,28,2,22,7,34,61,87,119,25
2033,13,24,9,26,5,114,12,8,20,117,15,6,25,97,95,2,1,89
2034,89,10,1,114,23,22,11,14,79,55,3,18,24,8,88,20,13
2035,114,34,24,6,84,18,97,11,9,68,104,16,66,103,8,21,102,26
2036,89,19,20,17,114,2,28,24,66,25,92,7,36,5,3,107,95,12,103
2037,16,26,5,10,21,92,95,63,6,101,15,23,114,79,77,9,22,85,34
2038,13,1,12,20,97,16,23,2,9,22,88,109,31,18,17,35,94,7,25
2039,14,63,11,10,28,8,107,13,101,97,15,24,74,25,41,89,73,111
2040,19,6,89,97,17,1,2,26,11,112,21,34,9,77,18,7,28,13
2041,97,89,18,66,114,34,84,23,5,3,17,7,1,19,8,32,2,21,110,61
2042,25,55,16,84,5,14,6,23,97,117,24,22,18,20,28,46,98,77,13,1,82,95,90
2043,34,23,13,4,55,20,89,5,7,104,92,6,46,19,68,18,24,98,106,3,56,117,21,2,88,22
2044,1,6,103,55,10,23,114,34,15,21,95,14,11,5,46,8,7,84,63,111,117
2045,15,104,8,6,25,18,16,20,84,19,82,111,24,7,13,97,107,117,74,1,95,51
2046,2,24,22,97,21,66,95,17,87,18,89,79,3,11,50,6,81,61,104,55,13,86,8
2047,8,7,17,63,3,4,25,5,15,78,24,9,1,34,89,43,21,92,19,6,117,106,10,100
2048,2,22,24,63,34,12,6,58,17,10,92,5,100,7,54,37,31,21,104,26,45,107,14
2049,18,104,3,9,15,19,5,4,6,97,57,25,23,112,62,85,24,58,22,2
2050,3,10,5,9,20,2,12,25,19,18,14,1,15,47,24,92,97
2051,17,1,25,114,14,34,8,26,30,16,84,24,46,93,7,79,104,102,77,101,20
2052,19,92,1,26,114,89,18,46,10,20,4,3,25,12,68,22,17,16,24,44,9
2053,14,13,34,4,8,3,20,89,91,15,73,7,16,43,1,95
2054,26,2,14,3,89,19,11,117,92,84,95,97,46,15,102,24,77,45,114,16
2055,24,9,7,89,92,14,16,10,46,34,5,8,26,56,4
2056,22,8,80,5,17,82,101,79,26,7,21,85,109,1,9,103,104,3,77,117,64,34,56,2,81,114,14,99,115,13,12,102
2057,24,23,67,2,19,26,22,107,72,34,1,95,117,25,7,92,114,13,28,50,59,63,9,11,14
2058,14,3,19,9,26,15,25,6,16,5,89,84,95,34,90,92,7,103,21,77,13
2059,4,12,6,7,2,84,5,14,20,9,17,13,114,24,19,92,23,1,21,31,10
2060,12,19,23,5,89,6,24,14,63,84,4,91,82,11,104,97,2,22,26,114,21,16,74,9
2061,114,16,15,25,5,19,7,102,97,84,92,24,18,91,9,46,14,26,57,12,89,43
2062,89,11,23,9,63,21,10,101,5,13,8,26,104,1,18,2,98,55,44,68,25,4,43
2063,16,46,6,11,23,32,7,114,1,14,84,111,92,15,21,95,26
2064,22,21,25,19,17,114,15,23,26,46,10,7,92,89,97,34,117,111
2065,1,4,46,5,22,16,24,79,20,7,9,97,23,10,25,3,26
2066,8,3,1,89,12,9,114,34,63,24,33,62,97,2,20,15,43,46,107,10,75,103,76,14
2067,103,10,20,15,6,14,92,3,9,74,5,12,88,100,25,13,21,64,57,63,58
2068,3,17,26,12,22,9,6,7,34,11,4,25,92,10,83,5
2069,10,103,3,19,24,25,101,79,17,11,9,7,2,97,13,22,102,63,104,98,14
2070,14,25,9,97,46,63,3,20,17,34,4,7,22,84,114,91,95,19,5,92,10
2071,22,4,5,7,2,14,46,18,95,104,43,13,24,6,3,55,20
2072,114,15,10,16,8,7,25,81,52,84,92,2,110,12,4,43,97
2073,92,114,27,84,7,9,46,34,73,107,57,18,10,25,26,21,1,66,108,3
2074,114,46,89,19,1,95,25,55,13,26,43,10,61,103,17,11,90,9,67,98,101,54,110,34
2075,24,17,95,25,1,10,12,79,20,11,96,15,34,55,16,107,21,13,97,84
2076,3,22,111,24,66,43,109,103,85,74,73,20,63,16,57,114,118,17,104,93,11,88,18,81,89,102,27,106,95,9
2077,12,8,2,14,3,26,54,63,4,19,9,15,112,25,43,92,21,104,20,55,106,74,102,7,84
2078,25,26,4,28,9,21,43,55,11,46,13,17,23,95,1,62,107,33,16
2079,17,26,14,7,13,15,97,96,115,1,4,28,12,63,89,46,73,11,8,102,43,23,18
2080,16,89,92,12,46,20,15,5,114,84,63,25,26,34,3,10,9,73,113,7,119,94,112,78,116,105,8,87
2081,46,89,3,25,103,92,12,2,26,19,6,8,63,24,23,13,16,78
2082,8,24,6,46,114,13,23,21,20,89,97,7,92,71,78,90,85,4,9
2083,3,5,6,25,24,92,1,22,21,117,26,7,2,11,91,74,46,54,114,84,28,23,100,18
2084,34,13,97,9,12,103,102,22,25,62,118,10,24,20,4,101,1,30,17,11,18,19,21
2085,8,103,95,23,75,1,97,14,92,4,3,110,30,86,77,58,6,17,54,55,12,2
2086,19,17,9,25,30,59,6,106,23,72,13,26,11,3,104
2087,18,14,1,11,97,23,17,9,26,42,19,10,12,20,53,7,88
2088,22,10,13,25,14,34,43,21,90,23,12,95,37,97,113,4,104,70,19,85,46
2089,34,10,17,24,97,25,95,114,102,19,104,46,74,117,92,79,50,110,112,56,21,96
2090,103,89,5,34,92,15,46,1,97,63,19,7,18,11,12,10,3,22,9,79
2091,17,11,20,7,9,1,4,23,3,14,13,10,18,92,6,106,12,16
2092,21,4,107,19,73,26,13,12,2,8,89,20,23,38,16,97,85,103
2093,11,114,84,18,19,26,21,111,113,34,1,61,104,46,64,2,95,103,3,4,117,112
2094,3,107,34,55,95,24,46,14,22,15,2,20,17,9,16,25,92,97,27,103,63,93,8,113,12
2095,16,34,26,9,28,12,88,5,74,99,92,114,17,11,107,113,84,102,73,25,2,43,119,97,81,64,14,54,91,21,18,112,4,23
2096,14,2,19,23,11,97,28,5,16,92,21,46,3,9,15,58,115,62,117,25,49,7,18,90
2097,8,114,13,24,7,17,95,3,18,103,2,9,5,1,26,12
2098,16,46,95,114,21,19,17,3,12,9,89,23,5,6
2099,24,21,11,14,28,43,74,22,97,12,3,48,62,45,66,19,20
2100,14,20,92,8,97,34,12,11,3,83,13,9,10,89,48,21,63,66,4,88,65
2101,89,13,15,4,5,103,22,10,34,46,23,114,16,3,84,97,42,63,9,62,87,14,75,93,79,71,61,8,24
2102,16,15,18,97,13,12,21,9,7,25,84,6,3,19,42
2103,22,97,34,2,4,26,94,23,13,20,24,104,11,19,29,53,7,63,5,109,16,43
2104,15,12,46,26,16,7,11,89,17,3,33,96,111,19,8,114
2105,7,95,14,89,25,6,17,26,11,22,13,1,92,9,15,84,97,10,19,2
2106,10,26,9,13,63,46,23,2,89,7,21,8,25,95,70,15,34,11,17,19,24,84,116,92,77,79,88
2107,7,13,15,16,25,26,8,114,12,95,24,79,89,2,40,10,108,3,19,1,28,11,117,110,9,62
2108,16,20,54,12,88,8,34,117,63,87,89,24,2,28,81,38,92,84,104,114,64,44,103,94,6
2109,3,16,89,114,15,7,4,28,26,9,34,17,19,109,50,31,45,5,97,91,12
2110,11,22,95,43,63,97,13,61,21,19,62,23,34,28,24
2111,7,114,17,18,2,12,54,10,9,19,13,15,41,104,20,64,117,76,22,84
2112,14,25,21,10,12,7,11,8,18,38,23,96,95,117,37,63,19,114,34,22
2113,16,114,17,97,92,25,9,95,15,18,34,8,21,10,84,89,46,6,7,55,20
2114,27,11,12,97,22,6,5,63,10,20,16,33,89,114,92,13,18
2115,10,42,8,2,104,18,114,16,23,15,66,84,38,86,109,6,74,28,7,32,48,103,20
2116,49,14,114,25,66,97,88,26,8,74,16,102,20,103,2,13,34,18,7,5,28,31,79,107,96,38,86,63,62,85,70,116,119,23
2117,20,22,84,15,11,13,25,3,8,101,14,104,111,112,1,97
2118,63,14,16,28,19,15,110,84,66,9,3,89,43,24,1,17,12,7,83,18,5,22,20,23,21
2119,46,13,92,18,55,28,43,54,84,3,2,22,6,41,25,36,63,19,32,89,91,5
2120,97,114,14,3,21,20,16,30,9,89,63,78,69,18,55,1
2121,84,17,20,46,24,54,6,89,95,19,79,12,5,16,25,102,21
2122,34,114,95,9,22,3,117,1,18,11,63,26,16,104,12,92,14,25,84,46,67,99,78,6,103,111
2123,24,20,63,22,15,92,6,89,13,104,12,111,16,5,46,10,25,1,18
2124,2,18,21,22,97,9,1,55,11,6,14,95,16,84,8,104,26,47,25,24,89,114
2125,63,23,6,25,11,10,12,13,22,34,4,21,16,8,3
2126,66,13,63,25,22,92,10,5,24,34,20,26,95,7,8,11,2,58,55,78
2127,114,6,7,34,19,46,13,3,21,117,16,97,75,104,84,9,2,22,1
2128,5,18,6,19,52,114,22,2,68,7
2129,18,97,103,26,9,5,12,6,7,95,114,43,13,23,85,54,46,50,90,79,34
2130,6,92,7,13,114,34,21,3,25,14,103,37,79,12,8,41,111
2131,6,1,89,24,11,23,4,84,2,17,63,7,41,25,115,71,99,19,8,62,104,46,95,21
2132,22,17,33,14,16,89,18,55,21,2,25,92,15,114,83,113,34
2133,9,15,23,19,14,21,26,34,13,119,84,111,11,3,75,7,43
2134,20,14,2,5,22,84,92,12,24,9,34,21,95
2135,34,1,9,89,19,12,13,95,11,4,84,26,92,55,88,85,104,21,20,43
2136,6,89,4,95,7,92,5,97,46,1,20,68,11,10,88,62,25,22,90,55,9,63
2137,16,17,15,8,26,13,46,18,6,84,1,89,103,104,75,37,62,7,97,74,21,4,22,19
2138,2,34,6,11,107,22,21,84,104,19,24,3,119,54,92,28,8,25,63,23,40
2139,1,17,7,34,10,18,25,22,14,35,15,8,9,103,13,4,62
2140,89,95,46,10,21,6,103,55,1,20,17,85,19,92,18,119,62,47,71,14
2141,114,12,15,103,17,55,11,85,21,107,10,37,108,19,86,7,44,74,98,110,29,6,46,31,90
2142,103,2,114,22,11,5,117,18,10,6,26,1,55,34,9,60,13,74,90,21,47,25,89,97
2143,26,34,16,2,12,24,23,114,1,42,15,19,31,111,89,21,55,6
2144,2,22,25,11,18,46,26,24,10,4,9,3,34,95,6,21,47,16,36,17,15,97
2145,10,24,7,46,114,34,66,14,4,116,21,52,102,37,6,2
2146,97,3,61,63,26,11,25,84,117,23,5,8,4,86,18,13,7,95,114,20,2,112,108,34,79,1
2147,1,16,12,28,20,18,11,15,19,4,103,6,10,9,17,79
2148,9,114,18,34,11,7,14,20,89,4,21,10,17,16,22,12
2149,5,21,1,3,14,104,9,22,35,7,23,4,34,11,110,114,103,15
2150,2,46,7,18,28,3,5,16,12,107,8,10,1,6,63,26,36,22,30,52,4,97
2151,8,46,5,20,19,14,13,114,18,11,117,23,7,97,2,22,78,37,26,3,84,102
2152,17,36,111,63,84,104,34,89,79,25,65,43,103,13,44,49,20,15,28,4,64,93,91,66,61,96,24
2153,12,26,3,104,25,62,92,5,1,17,23,78,6,18,13,84,19,97,11,74,46,95,64
2154,95,2,18,14,84,13,114,21,26,23,4,80,96,119,111,63,37,25,9,91,6,97
2155,14,13,11,104,21,81,100,25,2,84,17,116,20,114,95,79,110,98,97,119,115,46,23,112,10,3,73,43
2156,6,23,79,2,1,20,114,34,4,55,25,22,21,89,9,28,16,13,102,64,63
2157,22,12,14,34,7,95,35,21,20,16,114,1,84,26,44,4,8,105,19,23,9,11
2158,22,89,66,97,2,84,46,34,20,43,23,15,55,1,93,21,104,107,18,4
2159,8,3,111,89,20,25,104,95,88,13,12,97,15,24,73,23,69,41,2,94,17,4,66,43,63,27,5,116,22
2160,8,6,9,46,7,21,20,12,16,63,5,15,24,95,30,2,92,38,44,37,84
2161,109,114,21,16,17,25,46,12,24,14,74,63,10,64,6,34,45,3,51,117,116,89
2162,84,99,88,78,102,110,46,63,90,97,12,7,2,11,39,104,25,92,17,96,79,95,5,119
2163,97,28,3,95,24,6,15,23,8,34,17,89,25,46,27,119,41,114,88,26
2164,2,15,25,10,1,24,46,3,6,34,95,102,8,21,17,89,9,13,114,104,20,12
2165,13,24,62,14,63,1,97,28,15,20,26,11,104,6,4,91,34,23,18,10,64,79,35,5,12
2166,89,66,6,92,117,9,7,15,3,84,16,18,24,19,119,90,46,12,96,93,57,73,11,21,77,5,85
2167,26,25,8,63,22,11,34,24,20,97,117,55,95,43,23,69,3,73,19,67
2168,34,1,16,8,23,46,12,11,2,24,97,3,55,14,28,91,111,7,53,87,10
2169,25,6,21,46,19,89,20,3,8,26,5,81,9,117,16,77,24,13,55,1
2170,18,63,11,22,19,92,8,24,3,97,62,17,25,79,7,84,107,9,104,21,15,95,83,117,10,13,6,35,16,57,102
2171,10,9,22,17,26,8,3,18,11,21,16,13,25,79,19,33,47,24,114,104,7,97,15,34,43,6
2172,13,46,104,19,102,12,117,15,95,25,6,8,51,114,17,84,7,11,53,14,116,119,21,2,113,9
2173,9,55,2,19,8,104,5,103,26,13,7,20,24,117,89,16,42,91,46,3,28,25
2174,11,34,97,9,28,95,103,53,88,63,25,10,64,6,12,4,2,55,21,46,84,8,92,113,26,75,24,17
2175,5,26,24,8,10,7,2,1,97,18,104,11,84,20,40,89,117,114
2176,23,20,26,1,13,24,104,46,79,18,89,21,17,3,62,72,55,90,93,16,8,5,14,64
2177,25,8,92,111,90,13,46,66,17,88,118,85,96,19,94,102,84,58,10,98,16,5,6,87,28
2178,25,43,5,111,97,18,11,10,2,34,66,46,61,15,22,12,75,27
2179,6,9,23,25,95,19,16,20,97,34,54,36,94,82,89,46,40,1,113,10
2180,14,13,22,5,9,34,114,97,62,25,23,55,3,7,29,21,2,68,4,104
2181,20,21,10,24,114,5,104,14,3,13,26,25,18,75,90,55,17,6,97,7,62,94,92,1
2182,2,1,114,15,95,3,18,21,42,12,16,23,33,5,68
2183,1,114,13,10,28,43,5,58,11,111,95,20,8,70,24,22,84,25,86,12,46,63,44,7
2184,26,6,14,25,1,13,5,2,114,3,15,33,22,18,7,46
2185,28,34,1,114,19,16,84,7,26,11,21,93,5,14,89,23,49,94,12,107,74,10,41
2186,8,26,18,2,15,20,1,23,16,58,14,9,25,43,70,96,21,31,4,97,88,84
2187,22,114,21,92,11,8,1,15,7,95,25,9,16,12,2,38,109,18,10,97
2188,34,16,2,114,9,15,11,22,18,43,19,24,63,12,10,70,20,13,7,55,25,46,14,62,93
2189,16,12,14,22,7,114,65,97,104,3,85,4,60,26,5,95,23,98,2,39,117
2190,74,13,14,7,3,2,89,43,25,10,1,114,58,4,81,34,63,47,20,97,84
2191,6,15,103,114,25,62,21,89,43,55,22,11,2,112,29,3,1,54,17,26,7,102
2192,22,13,11,66,10,89,26,114,16,46,24,34,63,7,14,23,20,19,55,78,8,28,95,96,104,15
2193,16,10,17,3,55,111,7,84,13,4,79,34,23,14,74,54,62,8,88,104
2194,114,5,92,26,10,1,90,106,17,13,95,81,14,20,46,3,22,88,55,19,85
2195,63,111,3,26,9,114,12,13,25,66,18,7,92,21,97,65,28,22,11,10,17,1
2196,22,7,16,84,5,13,21,24,102,3,65,103,117,25,43,81,110,88,35,91,89,96,118
2197,22,25,3,1,89,14,20,95,114,13,6,63,19,9,102,17,84,54,4
2198,8,46,19,25,24,97,7,20,3,5,26,15,22,11,102,43,114,55,12,2,17,16,21
2199,19,8,89,104,15,22,63,46,43,6,24,11,114,85,87,13,115,1,101,2,86,35,92
2200,14,92,22,46,9,66,89,3,20,63,84,103,112,91,24,51,93,72,16,34,21,114,25
2201,10,63,17,92,2,5,20,14,74,43,18,13,8,69,9,95,29,45,90,46,85,24,89
2202,20,8,10,21,66,16,11,92,4,9,54,26,25,43,97,2,88,29,78,42,40,22,101,7
2203,46,12,34,3,89,15,9,28,7,24,98,103,23,8,5,26,104,64,1
2204,114,17,97,25,13,111,3,9,26,2,19,12,1,37,92,46,99,6,102,5,16,21,115,18
2205,1,21,2,17,6,10,97,89,7,18,63,5,71,9,22,25,12,104,91,14
2206,1,14,46,22,58,88,25,23,111,34,97,62,69,91,40,106,26,10
2207,2,18,26,5,16,15,117,46,43,28,14,95,1,22,4,7,24,73,39,13
2208,16,11,6,66,1,34,97,22,25,5,26,4,12,62,19,81,28,102,45,117,83
2209,17,2,24,5,19,13,92,3,97,10,34,99,16,87,6,21,117
2210,25,19,79,11,66,114,104,1,46,6,31,26,3,17,24,9,20,4,117,2,65,34,21,29,28
2211,14,9,34,63,25,2,17,40,15,107,114,12,10,5,43,18,89,23,6
2212,24,26,7,22,4,104,25,17,112,49,88,41,102,16,46,5,115,106,23
2213,89,8,20,13,7,12,16,111,46,4,104,17,110,21,3,74,19,114,62,34,96,84,106,26,94
2214,11,46,24,6,13,3,34,9,114,19,5,64,75,96,14,95,89,7,2,17
2215,34,28,85,8,92,1,7,104,19,13,91,81,11,90,16,79,2,109,9,97,102,6
2216,13,6,1,19,95,103,21,84,8,11,16,20,97,114,104,89,81,15,109,36,9,2,28,12
2217,6,16,5,9,26,10,1,13,19,114,79,25,14,17,104,24,80,84,95
2218,20,3,34,15,5,103,22,114,62,92,89,11,63,95,54,18,12,74,104,55,13,115,84,24,38,9
2219,97,93,19,28,88,3,117,9,84,73,15,21,23,107,61,18,7,95,14,5,16,24,114,70,26,94,54,63,62
2220,9,18,46,92,21,24,26,8,95,119,73,79,117,14,31,7,68,63,42,58
2221,84,92,13,48,10,117,83,11,97,3,23,2,79,18,91,22,17,46,103,95,96,26,12
2222,14,114,20,9,2,18,10,34,63,97,58,26,11,89,32,16,23,46,5
2223,7,25,11,8,2,3,89,21,46,62,13,117,4,43,20,14,1,61,30,41,82,102
2224,26,1,97,12,10,13,54,28,107,11,34,117,110,114,23,32,3,9,79,20,22,77,64,95,90,15,17,103,65,55,111
2225,18,24,7,114,63,92,11,104,113,21,4,2,20,13,8,88,23,103,3
2226,21,16,58,4,15,70,7,10,11,20,97,103,8,17,84,24,101,14,5,18,12
2227,22,16,33,20,8,34,117,63,97,95,18,15,1,23,21,6,12,9,54,94,13,7,111,93,104,28,2,10
2228,10,34,114,104,95,9,16,63,12,5,76,1,4,85,117,14,21,25,13,7,79,8,18,11,100,84
2229,89,17,103,28,107,25,99,97,114,62,18,2,5,20,21,22,90,113,9,98,94,19,108,12,8,70
2230,17,8,15,89,12,66,13,9,114,104,49,88,84,62,86,64,117,105,92,67,42,25,20,18,44,96,83,107
2231,12,24,17,107,46,11,3,8,84,15,92,65,116,60,10,7,22,21,26,43,31,63
2232,25,6,21,22,20,26,17,14,46,3,62,43,23,100,7,68,13
2233,9,11,32,25,6,34,63,66,117,84,46,4,27,10,58,26,96,17,16,5,93,8,21,13
2234,24,7,89,25,13,12,3,95,97,6,5,114,10,17,92,22,73,8,26,2,4
2235,26,1,17,6,2,74,79,18,21,14,24,90,22,37,61,7,91
2236,3,14,26,9,103,55,15,28,62,93,10,70,7,2,46,17,24,21
2237,11,62,28,84,34,46,103,8,5,35,19,9,81,10,24,7,79,2,6,118
2238,46,6,34,11,7,20,24,23,12,16,111,28,106,97,54,21,92,100,69,119
2239,11,19,26,7,14,46,22,21,89,67,15,1,3,16,10,34,95,104,28,24
2240,10,9,11,13,43,63,95,12,34,103,1,26,4,6,79,84,25,22,114,7,19
2241,114,3,15,95,46,25,66,16,2,93,58,5,34,38,6,61,86
2242,10,89,2,92,15,3,84,30,97,20,9,26,107
2243,34,13,63,28,6,1,16,117,25,20,26,84,97,18,5,112,10,62
2244,19,66,5,9,7,43,114,16,14,84,4,35,1,39,15,117,65,24,10,97,71,26,13,58,88
2245,16,19,17,12,114,85,15,34,14,97,104,11,25,13,46,6,3,21,20
2246,20,14,79,18,92,12,46,15,23,1,101,34,103,24,13
2247,20,7,11,95,21,34,26,14,13,28,18,6,12,4,63,115,22,25,113,84,16
2248,2,1,21,114,10,97,7,46,9,22,49,101,11,94,12,39,77,18,20,3
2249,15,26,46,6,10,17,19,89,92,1,7,97,18,20,25
2250,22,46,18,3,84,26,16,10,8,11,34,24,7,58,20,94,44,6,63,9,43
2251,1,11,9,92,97,14,2,53,104
2252,7,1,95,20,117,84,6,4,22,18,62,23,27,8,48,3,79,17,25,55,19,10,100,45,9,74,11,34
2253,12,41,103,18,89,66,21,13,25,34,86,3,9,84,114,7,74,47,42,26,20,23,77
2254,17,18,97,15,3,46,8,6,1,89,2,20,22,10,63,50
2255,114,24,9,7,3,8,26,22,1,6,16,21,27,17,89
2256,20,21,34,18,6,12,11,22,26,9,46,58,89,8,1,13,24,15
2257,34,97,17,3,104,4,1,74,19,11,90,30,84,8,63,117,101,60,15,22,95,107,20,25,67
2258,7,10,89,13,46,24,15,55,114,5,111,11,86,26,75,12,97,83,3
2259,2,12,8,92,63,107,55,97,15,78,101,62,90,26,118,95,17,5,117,19,18,23,4,88,34,76,28,53,46
2260,17,9,10,63,7,15,26,18,66,95,11,3,21,6,1,33,5,34,83,30,103,115,12,97,14,89
2261,7,114,43,20,13,34,104,3,112,63,93,73,67,74,98,107,6,102,11,24,15,40,70,26,88,92,2,4
2262,92,20,26,21,15,18,16,8,100,34,104,97,43,11,54,4,24,6,2,19,66
2263,8,11,50,15,2,24,95,12,92,111,6,108,23,34,94,9,26,45
2264,5,28,11,34,89,14,1,2,20,55,13,110,4,18,17,22,7,12
2265,1,3,9,17,16,12,11,2,19,13,22,6,7,25,26,101,114,77,85,10,115,21
2266,19,12,34,2,63,9,4,95,104,114,13,7,8,22,46,3,117,84,24,66
2267,1,6,14,4,15,10,21,24,22,11,114,20,17,13,63,27,23,91,16
2268,34,26,15,8,21,89,25,77,18,62,28,50,114,111,22,20,73,44,11,6,19,5,84
2269,18,14,8,6,114,15,92,95,63,19,89,12,10,24,2,25,13,11,23,93,46,5,84,87,22,80,104
2270,9,3,17,46,26,19,24,14,64,16,23,95,55
2271,7,46,114,97,4,95,9,89,1,82,84,10,22,92,23,25,24
2272,34,97,92,2,46,3,21,14,16,10,79,26,11,70,25,113,57,18
2273,9,12,92,95,89,34,16,3,14,6,17,46,114,115,13,107,78,24,1,5,28,2,15,21
2274,14,89,46,84,43,95,26,3,10,92,55,24,20,27,101,86,112,5,98,2,114
2275,2,9,89,11,17,114,25,46,7,14,95,18,74,22,13,97,19,8,34,96,1,12
2276,18,3,11,6,23,4,84,10,97,92,88,13,51,16,43,113,63,34
2277,24,18,15,34,26,95,54,13,22,1,2,55,45,104,92,6,12,47,113,57,102,62,19,8
2278,10,3,13,26,17,114,21,97,46,92,34,63,62,74,82,22,27,4,20,9,89,1,43
2279,19,104,24,17,54,13,23,9,18,8,102,25,42,20,89,26,34,103
2280,10,9,5,12,96,7,13,6,34,21,24,23,114,97,11,25,14,63,8,2,73,3
2281,92,89,90,74,103,73,85,106,95,9,55,110,84,7,17,102,14,77,46,111,1,99,87,114,109,5,26,34,21,104,97
2282,9,10,12,19,109,14,84,3,89,36,16,1,2,26,97,20,46,48,15
2283,14,25,10,19,16,22,29,3,7,9,80
2284,21,10,5,8,11,26,18,23,9,55,92,13,62,47,1,115,84,104,4
2285,114,14,92,23,8,20,15,11,90,22,33,26,63,17,3,16,79,12
2286,17,20,12,9,84,8,3,43,14,34,115,25,21,6,16,90,24,41,77
2287,6,17,4,19,95,16,92,97,22,3,67,86,76,89,15,46,24
2288,114,103,14,7,89,107,6,3,97,91,92,23,22,66,117,30,88,55,101,85,15,11,4,8,27,43
2289,26,9,6,13,66,119,34,21,55,8,24,46,23,102,63,73,10,87,5,19,92,14,107,54,99,2,11,41,20,114,1
2290,66,5,89,103,4,23,28,34,14,9,104,87,55,21,79,7,25,107,97,117,2,62
2291,9,8,15,13,88,23,2,24,89,17,63,114,84,19,48,22,10,95,107,26,97,14
2292,25,24,21,114,1,23,100,46,10,18,55,62,2,12,6,3,5,37,72,85
2293,12,5,18,16,15,107,7,2,90,114,13,103,97,63,89,24,4,1,73,20,46,62,25,102,56,9
2294,95,34,6,5,19,25,4,13,89,15,1,22,92,63,97,3
2295,13,2,55,22,10,17,15,92,8,26,67,14,19,33,3,84,63,4,117,97,66,25,103
2296,11,1,16,3,6,19,7,25,22,46,14,92,115,55,15,17,114,10
2297,12,97,104,9,13,7,90,89,19,34,73,24,43,96,25,6,66,16,1,8,3,39,75,88,5,2,63
2298,3,46,5,25,6,13,8,79,16,84,1,11,104,10,19,12,99,14,37,22,28,92
2299,25,21,7,8,2,22,84,36,63,14,16,81,17,77,10,24,79,6,114
2300,13,16,23,18,19,12,21,8,95,82,2,3,51,14,4,5
2301,21,15,22,10,24,19,89,46,114,104,11,8,23,18,26,63,1,78,9,110,3
2302,8,5,21,46,34,23,84,92,104,103,11,73,9,26,53,16,82,66,95,63,1,58,14,54,107
2303,7,5,18,13,63,8,4,34,14,97,26,3,84,12
2304,25,22,17,5,103,20,92,10,14,12,24,56,66,2,9,23,21,53,89
2305,4,25,1,19,23,24,34,11,6,21,89,33,12,97,88,71,17,104
2306,114,34,8,1,46,17,7,25,23,10,24,97,117,29,19,101,95,63,43,11
2307,1,11,24,111,12,5,18,20,66,19,16,15,25,10,117,40,9,4,62,43,64
2308,18,13,12,6,7,15,1,14,5,34,3,22,11,95,43,36,91,46,114,10,16,9,97
2309,21,17,34,5,89,1,46,12,92,16,55,2,19,95,50,13,8
2310,17,46,20,10,3,1,2,16,15,7,95,77,25,101,30,63,26
2311,10,112,46,9,25,114,2,103,16,17,34,85,11,43,1,24
2312,20,12,14,9,8,26,77,25,29,102,89,117,13,1,45,19,28
2313,25,5,6,11,104,24,85,84,79,22,46,21,12,13,20,100,88,18,10,70,34,15,1
2314,1,97,84,89,7,18,111,117,90,92,43,58,70,11,2,17,4,74,12,22,54,99,3,15,103
2315,3,7,22,1,12,26,14,6,5,114,11,104,37,28,19,34,108,58,97
2316,97,34,3,95,5,17,54,8,4,67,89,23,103,119,87,13,107,118,114,109,6,55,24,88,113,116,14,26,104,101,25,105
2317,97,103,16,11,117,6,114,14,26,100,24,5,15,119,25,1,48,12
2318,8,12,17,22,7,10,46,9,2,63,1,114,66,18,25,116,13,3,26,83,101,84,86,92,85,6
2319,12,2,10,114,63,3,95,1,21,18,23,104,26,92,108,14,16,25,41,9,17,66,7
2320,95,97,2,13,5,15,26,34,12,20,25,114,51,8,46,3,31,63,72,23
2321,23,10,6,114,19,92,24,25,34,7,26,46,2,1,4,28,51,18,66,86,11,15
2322,16,23,95,114,26,55,14,13,34,117,2,24,5,6,97,17,18,19,42,91,1
2323,26,17,20,97,13,16,19,43,15,11,92,14,84,85,68,65,3,23,91,114,56
2324,6,22,10,97,26,16,19,34,2,46,102,95,18,3,55,14,13,23,114
2325,16,10,2,14,46,17,5,107,7,23,22,19,43,117,88,18,26,13,112,9,68,24,63,97,95,11
2326,18,7,89,16,20,10,46,13,58,6,41,79,21,51
2327,8,12,23,63,17,90,28,62,97,6,4,24,5,114,13,89,7,25,112,15,54,11,66
2328,14,1,95,88,97,6,13,17,25,92,108,11,12,113,4,18,16,96,62,5,76,10,34,46,9
2329,3,104,25,16,4,11,7,43,101,42,114,18,15,2,97,10,22,13,91
2330,46,6,34,13,19,89,4,20,11,1,95,25,12,38,2,66,18,27,79,26
2331,5,62,55,20,10,79,16,89,97,22,8,25,2,24,56,19,6,52,92
2332,3,5,10,2,17,21,89,52,15,26,12,22,14,95
2333,24,15,7,18,8,6,89,21,63,13,108,100,35,16,62,46,1,14,22
2334,9,95,34,23,10,16,89,62,20,41,11,63,5,28,13,12,92,8,25,46,17
2335,95,10,5,11,21,1,3,114,14,9,26,104,7,58,19,13,25,81
2336,6,89,3,8,22,7,26,11,12,15,25,92,46,20,97,34,1,72,18,43,55,16,21
2337,46,20,114,16,6,92,79,11,13,88,66,18,55,101,14,77,3,85,83,12,41,107,75,56,32,84,63,21
2338,26,46,34,17,2,3,25,10,95,21,9,11,61,19,107,20,22,54,82,104,97
2339,46,17,18,89,2,11,114,14,101,3,88,66,8,104,58,12,115,9,92,23,16,15
2340,11,9,6,89,17,25,20,5,92,95,26,13,97,22,4,23,2,8,90,1,78,24,99,79,14,10
2341,15,1,5,10,8,34,84,25,13,90,46,18,9,22,74,16
2342,21,13,12,7,11,1,25,18,89,4,22,14,41,8,82,16
2343,114,34,15,19,3,92,95,116,21,7,6,63,49,17,94,106,18
2344,63,54,55,20,95,104,22,90,19,62,6,92,93,9,2,7,12,10,23,43,25,21,26,58,59,44,17
2345,17,5,89,18,3,66,46,92,20,21,12,26,2,7,13,6,104
2346,21,22,2,34,1,26,11,97,14,92,23,3,8,6,13,54,66,7,63,109,68,76,84,42,88,117
2347,17,83,43,14,97,55,89,15,6,7,13,27,21,114,34,9,11,62,16
2348,23,10,55,90,89,26,100,63,25,46,114,3,115,66,111,104,99,12,103,34,92,50,82,9,79,95,14,19
2349,19,3,84,9,2,20,4,7,15,23,26,1,5,77,42,54,96,90,74,14,115,93
2350,9,34,114,10,92,22,2,103,11,23,55,1,21,54,15,5,93,4,82,95
2351,13,26,8,6,7,79,107,5,4,17,111,1,64,11,92,27,9,24
2352,46,92,26,103,6,5,11,23,13,80,90,3,113,104,70,12,93,22
2353,34,107,7,24,23,10,13,26,12,89,8,16,85,52,72,5,6,63
2354,18,95,16,6,21,10,97,7,92,115,13,36,54,1
2355,95,7,20,15,13,84,17,19,92,26,18,119,11,1,100,21,6,77,22,4,50,64
2356,12,18,3,14,46,1,7,8,21,97,5,22,6,95,38,63,19,74,2,102,104,15
2357,16,1,9,22,12,114,5,3,21,15,7,13,14,119,23,34,111,63,46,92,11
2358,79,11,9,18,16,6,24,2,20,10,68,44,91,14,12,114
2359,5,97,102,103,12,21,111,87,73,104,95,114,16,10,94,14,28,81,38,108,20,99,13,64,79,69,17,15,68,7,11
2360,46,17,26,21,2,20,63,24,97,85,13,18,3,59,66,38,7
2361,114,16,33,6,13,84,21,2,8,7,58,12,23,9,95,18,74,20,14,15
2362,7,2,14,25,34,1,26,97,92,6,63,46,15,13,18,68,89,20
2363,8,26,15,12,13,23,10,97,7,17,20,6,34,18,16,84,21,43,92
2364,20,1,23,43,15,11,22,18,12,14,7,17,13,46,50,76,10,92
2365,2,14,9,16,17,5,10,84,55,18,36,19,51,62,22,20,1,80,24,106,28
2366,7,5,92,79,10,4,63,20,25,1,14,13,19,95,22,15,55,34
2367,25,21,20,23,34,11,89,2,9,92,112,1,117,53,8,95,19,3,56,5,73,24,119,114
2368,17,3,114,7,25,95,21,6,20,34,13,24,15,92,10,1
2369,6,3,9,114,5,17,1,89,8,19,68,104,14,113,34,20
2370,16,15,11,14,54,28,22,23,2,92,97,84,1,6,20,107,7,95,19,115,117,109,34,64,25
2371,20,3,8,11,14,114,95,61,13,107,5,74,9,4,7,86
2372,14,17,3,89,22,25,21,2,34,46,11,10,65,48,43,18,66,88,15,7
2373,5,22,95,14,6,10,8,13,46,24,4,15,33,43,12,92,55,11,17,18,54,98,88
2374,9,6,15,84,5,46,63,3,8,10,85,51,16,25,31,103,91,7,34,18,4
2375,18,104,24,9,8,103,22,11,19,5,17,34,53,83,97,26,12,3,2,62
2376,9,13,1,12,97,22,3,7,4,16,10,15,21,29
2377,18,11,82,13,2,93,107,112,116,102,97,111,83,109,17,6,74,119,8,92,104,88,101,15,78,3,91,79,84,9,81,99,25,28,75,76,113,57,43,16,77
2378,17,114,25,13,5,22,2,12,21,23,7,15,95,103,10,46,18,62,54,24,6,44,9,26
2379,89,14,95,24,19,79,104,10,22,114,7,70,1,25,76,2,44,11,26
2380,14,6,89,95,15,24,92,2,34,104,9,19,75,1,13,22,35,11,77,109,25,114,88,46
2381,22,12,3,95,18,63,7,4,43,11,17,20,10,78,97,93,84,94,1,82
2382,26,25,20,82,15,9,7,1,17,19,10,28,2,103,100,85,21,16,3,13,99,108,98,86,97,104,105,8,75,113,96,84,89
2383,7,14,2,11,26,89,16,34,6,97,17,21,46,13,9,65,114,20,63,42,5,12
2384,16,8,46,97,93,11,92,29,24,3,26,18,21,67,90,14,22,28,9,94,95
2385,9,103,10,34,62,100,3,95,24,12,1,63,11,79,39,89,46,54,75,21,104,92,13,16,19
2386,102,17,21,89,114,95,6,11,13,25,63,34,16,46,2,3,26,103,15
2387,1,11,20,55,89,3,19,23,34,21,14,12,22,28,6,7,97,25,33,100,10,103,15
2388,12,111,16,22,7,20,9,13,97,15,95,66,77,116,10,82,11,5,8,88,24
2389,15,22,46,5,8,26,25,34,60,112,55,79,77,10,93,89,21,103,6,1,11
2390,34,46,89,18,6,17,95,23,10,8,66,5,16,26,107,52,28,9,104,19
2391,3,26,57,107,114,17,14,19,92,15,43,117,102,104,73,12,88,82,37,18,99,84,54,62,28,74,16,2,11,86,6,91
2392,5,7,14,16,21,4,26,10,6,22,12,112,41,34,43,97,8,17,113,20,24
2393,22,111,20,10,97,90,104,92,110,87,26,25,94,28,3,14,21,43,16,98,38,17,19,118,41,63,1,91,72,11
2394,17,114,3,24,13,89,66,84,117,104,103,78,7,21,60,30,9,86,102,23,100,46,14
2395,16,6,20,46,1,8,2,7,12,15,10,42,11,97,22,114
2396,92,95,12,15,23,18,4,93,102,9,97,3,104,21,25,117,6,62,5,118,113,96,24,19,44,2,27,13
2397,114,92,8,25,26,2,41,46,22,88,5,38,13,18,96,60,15,107
2398,8,38,17,22,14,46,10,18,19,34,20,2,59,71,12,94,3
2399,89,114,97,7,25,46,19,12,95,17,22,92,8,9,66,18
2400,6,97,16,1,104,17,90,8,119,22,18,5,19,2,3,91,34,4,62,63,88,28,24,46
2401,7,97,9,5,3,17,24,23,34,69,10,67,63,88,79,62,102,13,68,15,106,41,94
2402,34,9,13,17,92,18,4,97,1,6,95,26,23,38,3,15,80,89,2,115,88,11
2403,20,34,95,89,6,17,8,19,92,11,26,68,90,33,5,119,81,46
2404,34,26,11,5,9,2,103,117,23,4,29,16,46,114,112,64,10,84
2405,7,18,104,13,23,15,41,10,4,84,1,88,92,8,95,22,115,3,55,73,77,42,57,12,110,89
2406,3,5,15,26,12,95,97,84,20,117,62,22,8,2,70,89,10,34,65,100,25,69,27,19
2407,14,34,9,11,10,43,46,4,20,1,114,18,39,24,23,12,92,22,63
2408,12,8,16,13,5,119,84,17,104,54,22,85,73,106,26,25,103,7,15,11,4,88,55
2409,14,20,18,92,84,4,12,73,23,103,1,8,114,5,3,7,11,16,98,34,25,19,109,15
2410,15,42,92,17,62,14,16,10,24,61,46,9,19,26,43,22,23,98,77,13,2,103,89
2411,10,7,13,3,114,89,15,8,6,60,16,90,28,1,99,66,5,40,92,67,23
2412,25,11,1,41,114,17,79,104,5,3,91,63,82,14,6,19,16,74,92,88,89,95,98,10,100,118,58
2413,84,34,92,13,97,58,95,8,1,2,14,23,9,22,55,24,26,82,114,96,116
2414,20,7,6,4,15,9,84,10,117,18,103,12,34,26,11,78,16,25,66,21
2415,2,17,97,11,20,7,92,28,43,46,3,10,25,40,21,14,101,19,23,85,26,15,63,55
2416,26,16,34,2,1,12,10,14,97,7,17,84,19,62,103,118,89,31,15,20,21,46,13,63,23
2417,3,6,18,5,9,12,20,2,10,11,17,114,7,92,77,23,46
2418,2,111,101,18,24,22,1,95,21,12,16,92,6,34,55,15,86,7
2419,5,13,114,89,18,103,3,34,16,12,43,25,63,119,4,20,29,79,7,9,97
2420,75,63,18,8,5,117,10,24,2,55,62,15,79,102,6,96,90,46,3,32,74,22,115,11,7,83,34,73,97
2421,9,4,16,104,14,17,89,18,22,10,34,95,15,24,2,19,96,107,23,11,21
2422,11,5,21,8,119,65,18,100,111,64,54,20,81,16,22,12
2423,104,15,46,25,36,22,6,111,18,113,112,5,11,84,34,12,66,24,13,90,8,97,2
2424,19,95,7,11,2,3,20,24,46,26,5,37,59,10,13
2425,22,10,66,92,43,97,89,95,46,8,28,7,34,24,117,94,114,18,9,2
2426,11,6,13,12,95,7,104,26,9,114,89,25,117,19,22,24,23,1,46,5
2427,18,12,20,22,46,89,63,14,95,92,85,31,6,23,91,81,26,97
2428,66,20,11,46,8,3,10,114,95,23,25,92,104,5,2,16,44,21,15,13,84,7,14
2429,95,9,55,25,34,92,17,5,107,117,24,62,19,12,22,84,31,21,1,18,97,79,56,80
2430,22,2,63,26,19,23,24,5,12,61,114,14,79,10,112,7,21
2431,11,9,103,2,114,46,18,5,1,95,25,84,97,60,92,54,34,23,89,62,63,13
2432,34,23,7,5,2,15,10,46,22,4,11,35,42,55,14,60,8,101,95,47
2433,11,23,3,21,91,103,14,34,12,5,79,55,66,26,86,116,104
2434,14,2,16,20,92,15,34,26,99,24,12,118,46,28,22
2435,14,79,21,92,89,46,9,5,44,97,12,104,26,7,103,3,58,86,34,88,20,15,113,85
2436,9,95,19,23,114,63,24,26,92,4,13,46,43,21,117,10,1,90,42,30,62,47,103,84,118,6,55,101
2437,6,20,114,22,92,4,17,97,19,89,12,95,75,69,107,21,93,83,14
2438,14,15,17,20,18,2,24,16,7,3,97,11,100,105,63,34,8,21
2439,15,26,4,14,13,9,95,114,97,89,103,16,117,88,63,23,74,20,77,79,7,85,45,25
2440,19,9,97,20,13,92,22,8,10,7,111,26,89,100,11,46,18,15,115,59,6,113,12
2441,24,17,15,3,34,84,54,12,10,14,89,93,8,119,26,72,69,7,47,42,22,64
2442,103,85,114,74,111,34,79,11,117,26,28,6,21,63,1,106,13,87,102,116,107,88,4,115,42,14,20,78,119,15,16,33,55,98,80
2443,16,97,9,14,28,88,22,10,18,89,65,95,5,21,23,66,38,24,12
2444,14,8,24,46,16,107,26,84,12,101,23,1,22,19,91,3,63,20,10,7
2445,6,25,26,1,34,16,23,13,84,11,81,117,7,22,46,89,68,9,45,4,24,2
2446,15,14,18,92,3,25,17,114,63,12,73,7,34,22,11
2447,25,89,18,7,5,34,23,10,66,11,8,24,13,27,20
2448,7,73,11,89,63,34,54,25,28,43,13,75,20,95,35,100,46,92,103
2449,10,18,4,95,15,25,92,14,21,97,16,66,2,90,20,6,3,1,112,110,38,35,8,26,104,23,7
2450,6,17,34,19,79,7,24,97,18,1,35,5,11,95,92,26,4,102,50,42,25
2451,15,55,84,114,62,4,1,8,87,20,5,73,16,17,104,82,90,3,23,18,6,14,2,107,25,34,11,97,103,24
2452,7,9,18,12,66,14,89,25,13,24,19,92,47,20,2,58,3,103,104,11
2453,15,14,16,3,1,4,26,22,24,20,25,9,46,5,92,108,13,118
2454,95,14,9,106,19,76,13,25,20,97,39,2,60,83,4,11,12,68,117,115,24
2455,85,9,55,4,10,16,8,15,7,19,103,43,53,87,29,3,106,22,26,13,25,64,47,62,46
2456,1,11,5,8,20,114,24,89,107,18,7,110,46,12,97,78,81,26,58,2,33,117,23,95,103,104,43
2457,13,15,23,21,7,20,3,8,92,114,22,89,1,26,10,2,30,95,6
2458,12,102,13,80,7,97,63,76,103,21,25,62,112,46,17,3,111,1,22,24,11
2459,25,2,16,18,26,97,46,6,12,11,19,89,13,9,72,14,28,53,22,8,21,34
2460,16,8,26,3,1,18,58,95,34,114,7,89,10,23,12,11,9,15,79,22,111
2461,10,89,92,15,5,9,112,2,12,7,6,1,116,25,63,21,95,23
2462,114,6,46,19,10,9,4,23,34,12,15,99,104,57,36,26,7,14,117
2463,18,114,13,97,10,1,21,55,16,3,22,8,72,20,71,89,34
2464,12,17,1,43,13,28,79,18,95,25,55,7,104,63,53,20,15,102,70,103
2465,19,92,18,15,16,22,25,20,2,5,8,21,103,95,3,113,10,24,6,17,11,7,68,89,102,4,46,13
2466,10,114,17,12,46,26,19,27,34,88,92,2,39,28,69,18,104,83,79,115,4,11,24
2467,15,10,11,24,17,21,9,14,84,95,16,43,13,58,28,19,77,110,29,6,89,46,23
2468,14,11,97,1,10,20,23,84,26,117,82,81,92,51,24,27,34,104,46,5,16,12,85,15
2469,28,104,5,97,11,26,12,103,2,19,4,1,23,24,91,89,75,16,43,31,7,101
2470,26,58,16,7,25,22,18,88,23,20,63,12,14,10,17,90,38,3,81
2471,46,20,95,2,13,34,10,24,103,19,97,119,22,8,84,14,1,3
2472,23,12,9,26,13,20,18,34,28,21,43,114,6,95,104,19,16,106,61,17,3,25,5,33
2473,17,8,24,19,10,89,92,84,12,95,7,117,62,55,103,21,9,78,114,97,20,4,87,86,108,93
2474,5,10,3,21,13,103,23,12,92,9,1,7,14,73,6,110,16,111,97,102,89,62,67,83,116,87,91,98,8
2475,84,15,2,13,92,6,25,36,10,109,74,11,77,104,111,31,8,69,4
2476,7,26,92,9,15,12,17,18,85,89,103,21,96,27,59,19,2,74,14,114,115
2477,13,90,2,63,4,83,25,8,1,28,34,73,11,82,92,18,114,22,68,40,19,104
2478,46,107,18,7,6,114,10,89,22,95,63,62,15,4,104,16,55,85,119,97,79,41,14,8
2479,17,9,20,13,43,89,85,19,14,119,10,15,11,6,82,62,8,49,64,1,97,46,102,111,3,16,95
2480,114,15,18,6,66,11,104,97,79,23,14,64,9,12,5,2,61,95,21,32,92,7,22
2481,46,24,14,26,5,88,19,17,10,9,2,13,3,15,23,33,22,21,95,65,7,31
2482,6,25,97,2,104,14,15,3,106,46,20,17,13,4,114,22
2483,12,6,14,114,19,118,82,88,78,54,28,89,103,92,110,2,24,85,44,7,61,17,22,97,83,66,1,107
2484,9,17,2,11,104,4,21,46,16,3,15,5,114,19,14,97,117,62,111,110,29,35
2485,13,24,103,21,34,14,10,12,97,25,2,83,3,16,7,8,6
2486,15,19,13,8,18,2,7,10,4,26,9,62,46,43,23,24,3,49,5,89
2487,34,84,18,63,6,10,15,2,19,35,55,22,97,25,11,40,42,4
2488,6,14,97,10,8,17,9,54,22,21,16,114,46,7,2,1,68,20
2489,11,89,9,26,13,22,7,5,21,18,10,23,63,114,20,104,95,15,4,16,3
2490,46,5,15,92,84,88,74,104,26,25,105,95,23,67,24,54,89,2,3,18,91,7,55,62
2491,43,95,26,25,92,63,13,16,20,6,7,19,82,3,22,12,9,15
2492,24,62,2,17,34,7,13,23,21,19,18,114,63,89,8,1,5,14,43
2493,22,14,89,114,28,43,8,16,5,1,7,34,111,115,4,65,62,109,20,119,104,81,17
2494,111,99,5,17,22,7,15,104,117,72,2,28,39,12,45,55,25
2495,6,3,84,46,85,17,11,24,95,92,79,73,1,58,9,19,25,8,7,72,10
2496,46,10,21,14,9,7,92,11,1,18,114,66,95,28,16,74,34,55,12,117,17,96,89,2,19,3,8,81
2497,6,22,46,20,95,1,17,13,68,3,7,25,63,21,15,113,29,58,8
2498,4,89,9,14,11,92,26,12,5,117,8,119,13,22,97,54,93,19,55,23,25,103,46,63
2499,3,13,117,34,8,103,46,25,5,16,2,74,11,73,21,1,58,95,19
2500,89,11,2,104,62,114,63,1,6,84,3,112,103,34,15,13,43,26,92,54,46,23,10,93,72
2501,1,63,64,10,103,16,74,8,34,25,23,5,112,95,46,104,81,22
2502,10,25,8,89,13,21,1,5,24,23,114,43,97,51,108,84,19,2,54,11,28,12,36,9
2503,34,5,19,20,25,4,89,9,22,78,11,119,18
2504,26,2,9,1,8,22,7,11,5,25,112,15,43,91,89,104,85,12
2505,89,7,25,17,18,1,54,13,14,66,6,20,26,24,111,93,22,60,9,100,15,113,104,76,92
2506,10,5,46,14,24,4,12,17,2,114,21,59,20,97,92,84,22,7,8,104,38,9
2507,63,89,14,28,24,5,46,97,114,34,112,58,4,16,22,2,54,17,110,104,20,92,23,87,111,21
2508,95,13,60,10,24,20,104,97,89,15,17,107,39,14,11,117,102,9
2509,3,26,23,25,17,1,5,95,78,22,9,46,19,54,7,2,14,114
2510,3,11,15,25,34,16,92,24,14,5,1,21,23,22,104,36,2,6
2511,10,89,53,77,2,63,7,18,16,17,5,15,104,1,13,24,21,92,34,3,87,86,8
2512,63,10,11,104,8,6,13,22,5,52,89,44,34,18,26,87,35,15,101
2513,3,114,7,66,84,97,26,1,18,10,56,67,2,15,93,17,9,60,118,6,46,11
2514,55,92,13,4,43,62,23,14,25,18,11,89,10,28,37,45,2,112,46,101,114,22
2515,89,18,15,21,20,26,9,16,17,6,19,25,92,38,8,5,97,27,95,1,88,7,2
2516,10,2,6,95,114,9,1,22,7,46,85,47,37,14,15,5,66
2517,46,7,6,20,2,3,16,95,1,4,22,33,101,24,105,116,63,89,58,79,102
2518,26,103,25,11,17,1,97,40,12,7,116,88,23,20,29,34,108,16,8,24,74,18,4,10,79
2519,15,5,23,62,34,13,92,57,65,4,54,3,112,101,21,43,24,12,11
2520,11,23,16,26,7,1,20,64,25,42,83,22,63,24,43,15
2521,46,3,89,41,17,114,12,54,6,21,11,104,97,109,8,100,24
2522,16,21,20,12,114,18,7,92,5,13,4,3,117,51,46,103,25
2523,25,5,12,84,10,89,3,18,43,28,35,92,58,13,95,79,91,26,97,14,54,24,55
2524,34,16,22,23,114,12,8,9,43,15,11,54,2
2525,13,8,20,6,25,114,21,2,97,24,81,41,79,11,12
2526,32,87,8,88,7,119,13,5,92,34,17,24,43,16,80,22,104,73,95,6,114,2,37,101,54
2527,14,6,12,23,84,20,114,95,97,18,103,10,17,86,5,66,117,29,78,7,85,88,65,92,100
2528,9,95,17,25,19,46,3,7,11,4,12,62,15,26,89,97,21,69,36,1,104
2529,46,3,22,19,25,16,6,84,13,8,66,5,23,7,11,97
2530,23,18,1,3,2,114,21,4,12,10,79,19,8,56,95,15,106,14,5,92
2531,20,18,21,5,10,11,8,84,34,46,14,7,41,12,58,95,26
2532,14,12,22,46,34,18,5,16,95,3,17,2,9,92,25,7,21,100,19,72,13
2533,84,9,7,1,25,114,34,15,10,12,97,89,20,13,8,95,36,11
2534,26,20,114,84,63,5,25,24,117,11,104,2,18,88,14,23,17,10
2535,114,34,7,84,20,22,9,43,19,18,21,66,15,33,25,6,2,28,38,67,55,30,76,60
2536,6,34,20,28,15,3,107,25,2,84,16,8,10,95,4,30,5,60,105,110,24,76,81,74,89,102
2537,18,6,114,14,2,11,26,23,4,66,13,111,10,19,34,12,93,55
2538,85,18,34,16,55,114,25,15,9,89,44,3,7,4,22,14,12,21,95,52,92,59
2539,25,2,10,104,6,11,114,103,5,73,1,9,3,97,8,4,42,12,18,24,92,7,95,16,43,63,13,117,119,23,26,22
2540,89,23,31,74,21,109,13,16,104,40,43,20,63,27,81,76,85,114,2,84,36
2541,15,24,97,17,89,13,85,6,2,80,92,5,3,55,10,11,83,26,67
2542,97,1,95,12,84,63,55,3,46,62,90,89,114,5,102,58,17,4,41,49,99,28,110
2543,22,9,1,12,8,2,3,63,84,117,93,34,104,21,90,4,19,97,32,95,111,116,50,14,76,41,78,43
2544,12,66,1,9,56,14,25,46,21,29,20,22,18,7
2545,114,9,6,11,26,4,108,2,5,25,12,7,49,53,55,15
2546,1,24,92,97,8,15,2,11,22,20,19,46,43,21,104,9,79,50,26,63,55,13,5
2547,12,8,6,11,1,14,5,2,18,3,9,114,92,19,97,88,25,15,17,106,111
2548,11,14,92,18,10,97,55,84,79,26,1,8,64,24,12,38,90,9,22,17,77,13,91
2549,46,8,3,5,67,14,17,63,114,92,74,1,54,117,57,72,22,93,95,104
2550,15,21,89,17,11,107,78,13,92,55,75,93,10,20,49,34,104,110,28
2551,18,14,2,9,25,28,5,46,1,12,22,69,10,7,114,32,17,35
2552,114,21,12,15,10,14,84,24,3,107,95,69,101,23,110,89,90,17,111,7,115,2,13,20
2553,114,34,85,13,7,92,93,89,1,23,55,117,28,25,18,6,101,19,10,4,73,30,12,2,97,16,116
2554,9,46,6,8,97,114,95,25,17,92,112,7,88,54,15,4,14,75,5,19,11,66,18
2555,22,92,23,103,46,85,14,101,3,98,97,73,115,20,10,8,16,7,19,83,88,15,118,26,13,119,78,91,24
2556,18,10,89,2,26,1,84,19,97,25,13,5,63,34,69,119,14,103
2557,89,22,13,9,17,1,97,7,63,23,46,19,85,105,11,90,27,43,26,5
2558,19,29,26,5,22,1,13,23,44,103,11,68,67,35,117,64,6
2559,18,25,63,84,97,7,89,11,23,77,85,28,111,15,52
2560,92,31,96,21,13,11,3,5,8,12,7,108,20,34,1,28,88,17,16,9,116,76,22,25,40,114,54
2561,46,24,23,10,18,11,4,13,21,1,71,6,88,22,50,7,9,25,77,8,19,104,114,97
2562,10,21,66,22,92,24,17,114,18,96,108,3,101,89,35,83,97,26,43,34
2563,16,1,18,10,9,13,25,89,114,37,8,21,41,23
2564,114,9,20,2,11,17,21,26,1,66,46,4,43,24,77,92,67,89,79
2565,103,19,26,74,5,96,7,24,92,88,10,9,84,12,18,6,89,85,22,23,62,3,16,13
2566,16,3,46,2,26,95,5,84,15,89,37,10,1,34,28
2567,34,102,23,12,107,85,24,8,93,3,1,20,11,90,7,62,115,63,29,111,114,14,4,15,79
2568,20,27,26,13,95,46,2,1,5,34,25,10,23,19,17,16,3,24,113,7
2569,8,14,63,2,55,20,9,13,90,17,97,10,35,22,24,43,110,25,59,93,38,102,21,104
2570,18,114,16,24,8,89,11,97,2,7,79,55,23,119
2571,114,10,22,11,16,34,20,104,8,18,55,15,23,95,13,14,5,93,117,99,26,1,88,12
2572,1,9,24,104,4,62,18,34,103,25,114,92,15,43,26,107,88,16,117,55,22,106,54,95,97,64,11,73
2573,17,16,84,89,23,19,105,4,35,79,26,46,119,3,45,73,95,42,21,5,62
2574,7,24,18,89,8,84,17,21,2,32,60,43,25,30,10,9
2575,24,26,97,22,15,21,5,34,114,89,63,46,14,18,117,66,4,8,3,112,92,108,10,107
2576,63,12,11,6,92,20,14,13,2,26,34,25,7,95,9,19
2577,6,2,89,104,20,26,77,13,25,84,21,8,71,111,16
2578,11,8,89,20,6,97,21,13,22,111,95,25,26
2579,2,15,9,14,1,4,17,25,24,11,6,89,66,26,10,21,19,96,7
2580,89,6,16,21,3,8,10,26,13,15,47,114,24,95,118,20,38,9,103
2581,2,55,25,92,97,8,117,11,16,12,28,22,4,20,119,9,3,46,89,14,10
2582,97,46,3,89,7,15,17,10,26,1,63,14,2,11,95,13,66,25,6,79,84,117,21
2583,24,97,19,16,7,21,25,95,10,15,28,63,17,96,32,8,22,31,103
2584,5,2,46,16,25,10,89,15,7,6,23,21,24,70,1,33,63,20
2585,18,17,2,9,104,46,24,16,26,95,13,20,8,89,5,1,19,72,31,55
2586,92,26,9,107,84,2,24,17,43,108,62,11,83,91,116,114,21,6,38,8,14,46,3,97,19
2587,19,15,23,1,16,2,6,43,104,11,84,8,114,117,78,87,27,95,21,97
2588,2,8,18,12,17,89,103,19,114,24,26,11,4,5,95,3,10,6
2589,6,4,63,11,25,55,7,117,19,114,8,26,13,21,81,103,14,27,95,58,54,62
2590,1,6,8,79,25,18,24,95,19,97,16,89,117,5
2591,26,95,17,18,43,9,25,3,4,55,97,30,106,57,83,12,64,16,6,58,24,89,10,110
2592,89,55,3,92,20,5,111,85,16,75,83,107,25,29,38,112,4,88,34,91,79,7,18,73
2593,14,15,11,24,16,2,19,21,23,7,84,97,73,22,92,34,28,1,12,41,89,13,25
2594,12,10,2,5,8,9,66,13,19,89,22,24,92,105,18,61,31,65,69,11,101,117,16,104,48,73,63,25
2595,63,26,4,6,9,92,2,20,7,10,35,11,46,14,3,42,89,97,58,1,8
2596,18,70,6,20,11,12,19,15,92,111,96,3,84,8,13,24,117,74,34,2,83,16
2597,9,89,25,7,14,97,16,55,85,2,8,86,95,24,11,92,19,100,111,114,34,79,28,116,117,104,62,18,1
2598,101,79,12,63,25,11,92,46,21,95,13,19,5,8,23,17,18,54,7,114,119,1
2599,114,16,8,17,10,3,43,89,25,104,15,11,24,13,95,20,56,97,65,47,111,6,4
2600,114,97,19,104,18,84,25,2,9,10,89,62,15,118,1,55,13,24,34,3,6,107
2601,24,7,46,12,28,23,114,16,43,15,92,97,8,26,5,14,54,3,36,1
2602,7,25,8,97,20,10,5,19,109,18,6,21
2603,3,10,16,2,34,11,14,85,95,96,4,58,9,1,19,15,13,6,92,26,21,97,46,20,31
2604,34,21,117,5,55,17,19,33,106,9,24,8,10,84,59,30,4,26,13
2605,1,4,24,21,7,63,12,10,13,34,55,23,14,112,15,25,11
2606,12,14,13,18,92,86,34,2,21,74,24,16
2607,5,20,18,34,13,14,2,73,25,105,22
2608,8,10,9,11,5,46,23,91,22,25,20,6,14,16,7
2609,8,15,10,92,6,18,66,86,97,43,96,13,24,46,100,84,89,14,22,48,2,23,16,25,88,95,63,3,103,87,9
2610,2,1,8,18,22,15,43,89,23,114,14,20,11,95,46,26,51,34
2611,25,62,46,5,17,28,89,14,84,24,18,112,9,19,77,43
2612,84,25,89,34,20,8,23,92,1,46,66,79,12,24,109,111,40,18,81,19,55,98
2613,12,22,23,63,4,85,19,17,55,1,15,62,26,16,83,111,21,89,84,18,3,92,6,91,39,102,25
2614,11,10,22,13,7,15,2,34,43,63,84,9,95,21,38,25,8,91,6
2615,9,20,8,5,14,11,107,94,79,117,112,99,77,24,73,90,119,50,63,26,95,13,6,41
2616,34,8,84,1,17,3,26,25,16,15,66,14,31,10,95,18,117,115,11,114,19
2617,21,24,89,104,95,46,11,97,114,96,15,5,13,19,9,68,103,98,8
2618,8,16,93,84,11,4,22,25,14,38,17,48,9,12,1,6,34,85
2619,24,15,23,2,11,6,19,84,86,25,1,3,83,104,55,13,90,36,85,88,113,34
2620,119,15,26,17,104,8,92,23,84,116,22,89,3,4,107,82,6,95,101,110,70,97,114
2621,46,34,19,55,8,63,5,54,50,31,1,97,25,6,92
2622,1,8,114,88,25,5,92,7,55,28,21,104,3,22,44,77,9,95,84,26,53,76,24,91,101,46
2623,25,9,20,43,15,18,21,17,24,96,5,6,13,23,32,3
2624,25,10,22,17,5,95,16,3,26,2,24,96,117
2625,3,34,104,95,18,6,15,20,14,2,17,16,12,107,7,114,21,10
2626,1,46,19,8,2,25,20,15,17,26,14,13,5,9,7,114,41,12,27,92,88,62,77
2627,26,15,46,12,19,16,23,11,114,104,36,89,13,34,88,71,2
2628,1,22,12,114,46,28,79,21,97,54,117,11,104,14,96,10,109,80,77,93,66,92,89,27,15
2629,25,8,114,18,46,22,13,9,14,15,20,5,59,6,95,16,40,92,84
2630,18,1,10,11,8,3,85,26,24,6,34,99,111,77,83,97,92,114,25,88,29,12,79,32,14,2
2631,25,12,14,3,16,89,114,24,8
2632,8,22,1,26,10,6,16,23,3,119,114,18,97,4,110,21,58,69,19,86
2633,2,20,9,21,84,92,22,19,23,5,90,89,25,7,1,63,97,58,34
2634,14,10,114,13,92,16,20,1,95,27,77,96,84,88,43,25,23
2635,46,2,20,34,15,16,43,107,95,17,96,10,62,97,6,19,8,117
2636,12,22,66,26,25,20,15,6,95,10,16,5,7,34,11,4,23,14,55,21,24,62
2637,4,17,19,107,65,2,24,103,14,102,10,63,7,6,96,42,30,3,61,88,34,21,94,8,89
2638,12,117,7,15,5,4,66,13,26,20,55,21,22,104,102,46,14,91,28,50,89,84,62,111,6,97
2639,97,95,14,10,21,13,114,107,34,17,87,25,8,85,72,9,24,3,15,64,32,68,12,23
2640,2,22,7,14,95,117,63,6,20,8,112,13,107,97,10,60,92,115,108,9,114,3
2641,34,12,19,13,8,16,2,20,114,11,21,95,46,104,7,81,70,64
2642,18,13,114,15,2,55,95,43,26,10,63,20,92,12,19,88,53,11,23,6,107,84,28
2643,5,18,20,13,46,28,84,26,21,19,90,96,7,6,92,15,85,95,53,94,2,4,63,41
2644,10,119,20,5,3,104,96,34,111,83,62,31,97,95,1,68,79,113,75,18
2645,20,10,11,6,21,97,28,17,55,74,92,46,62,115,116,27,103,88,12,72,13
2646,19,15,2,10,4,26,97,24,1,17,43,7,91,25,55,89,104,6,114,16,113,82,8,3,14,92
2647,11,8,16,2,73,117,23,18,4,3,24,34,6,26,14,114,15,84,25,17,9
2648,22,19,15,7,3,21,4,92,12,55,26,77,10,1,16,5,116,95,34,17
2649,103,13,95,34,110,17,62,14,43,1,74,9,28,3,114,37,6,20,58,2
2650,15,89,34,6,67,8,103,104,119,55,99,7,53,19,9
2651,6,46,15,19,5,23,16,34,25,7,20,102,54,103,84,9,97,14,18,95
2652,26,16,18,63,22,24,4,6,21,34,84,87,89,118,47,8,96,3,95
2653,34,79,1,103,25,97,22,13,89,20,114,119,12,4,104,107,16,95,9,17,8,43,101,14
2654,12,25,14,114,97,26,6,21,28,4,63,18,13,5,117,66,85
2655,114,16,24,7,8,28,103,96,10,92,17,89,5,3,6,47,21,14,34,12,15,19,2
2656,26,8,17,34,97,10,16,23,22,92,33,14,1,91,55,18,7,21,44,102,79,3,112,85,104
2657,5,25,19,92,28,89,79,37,21,101,20,38,32,24,102,23,44,95,43,56,46,64,9
2658,103,20,34,26,7,114,4,104,18,80,108,23,90,112,19,17,30,54,82,21,8
2659,16,18,17,3,89,111,84,114,55,110,78,54,118,97,22,2,19,115,87,13
2660,20,16,89,34,12,21,11,9,46,92,117,1,3,18,2,26,102,94,4
2661,7,8,26,11,17,25,39,24,84,16,114,22,72,110,62,15,3,73,1
2662,19,16,89,5,6,24,12,119,84,103,20,2,95,13,39
2663,89,21,8,12,11,95,6,16,68,114,92,17,18
2664,34,12,89,97,92,95,10,15,46,114,3,26,32,17,16
2665,89,10,8,18,17,111,103,115,15,25,114,7,14,104,84,55,5,117,106,63,21,11,22,9,43,6,19,3,26
2666,97,25,12,1,21,18,26,13,117,20,4,72,84,11,16,88,14,8,79,5,43,99,41,10,6,22
2667,14,1,15,20,46,97,9,24,11,114,92,117,30,18,37,2,21
2668,10,2,6,114,5,20,21,104,34,55,30,8,44,89
2669,3,14,21,97,107,22,46,18,5,89,20,11,103,102,19,24,78,113,34,15
2670,14,23,11,24,25,20,16,46,7,5,63,91,88,106,79,6,2,104,1
2671,34,2,8,114,17,22,92,25,10,19,103,1,26,7,6,46,35,15,91,97,53,67,85,89,14
2672,11,34,25,43,4,22,26,3,15,18,117,20,89,96,6,9
2673,25,17,22,10,11,46,79,90,26,89,94,103,75,2,18,37,12,115,64,14,24,72,93
2674,11,13,5,58,119,2,12,34,17,41,49,103,95,6,24,104,96,84,8,18,100,92,90,67,22,109
2675,7,21,46,17,5,9,18,1,13,14,20,68,98,15,11,104
2676,25,104,13,88,26,17,31,20,65,12,8,39,7,4
2677,114,11,62,8,21,7,55,18,9,92,17,13,103,5,63,46,16,2,23,43,26,86,1,28,14,81
2678,15,63,92,104,24,66,96,117,43,107,13,10,118,19,2,79,22,11,94,54,5,1,81,74,95
2679,66,2,17,25,11,63,9,24,7,104,1,114,93,10,91,89,14,19,18,12,20
2680,18,34,3,19,17,92,103,48,5,14,8,1,7,11,96,46,112,114,83,60,15,35,66,117,42,85,75
2681,26,97,84,46,22,11,18,10,15,102,114,29,96,13,25,55,99,7,14,9,51,67,66,77,5,63
2682,22,2,14,10,12,9,1,95,15,6,26,17,20,19,21,18,54,104,46,16,25
2683,13,63,3,9,14,19,55,11,8,15,18,20,25,7,21,1,26
2684,89,1,114,8,22,11,3,104,46,24,97,78,2,26,34,16,92,101,111
2685,18,9,20,22,97,6,46,10,12,17,16,5,114,26,1,24,2
2686,18,114,6,66,5,26,96,21,23,89,4,74,105,116,90,7,79,25,14,104,3
2687,22,5,4,9,14,20,89,29,92,117,56,25,95,46,8,28,43
2688,6,10,17,46,16,2,92,12,13,1,21,14,107,8,89,11,4,91,23,20
2689,13,3,8,12,43,46,95,11,10,104,26,20,2,34,25,97,84,7,55,21,93,112,88,54
2690,17,9,8,19,3,12,46,18,114,14,21,25,55,13,92,97,78,22,115,30,1,43,104,20
2691,11,5,9,19,16,63,14,117,20,22,26,21,15,1,38,114,12,85,73
2692,18,20,63,7,97,90,92,26,114,106,111,9,8,21,30,22,77,94,1,119,95
2693,9,2,16,84,26,46,114,34,14,6,8,17,111,11,28,3,18,29,109,108,1
2694,2,16,4,28,22,20,104,46,34,41,84,6,63,96,10,43,14,26,97,3,21,5,54,8,37
2695,8,13,20,6,17,97,26,14,5,19,4,24,15,36,7,77,3,2,9,102,63,12,104,29,23,10
2696,1,34,46,21,63,14,114,84,26,62,72,3,24,5,75,22,25,118,15,8
2697,66,19,97,34,114,14,28,49,3,10,2,63,104,73,5,1,9,92,43
2698,5,16,19,13,92,97,24,55,34,7,26,89,58,18,21,14,106,88
2699,12,28,93,21,17,5,11,3,46,8,97,19,6,55,40,22,1,88,7,95,20,72,10
2700,6,9,19,22,2,26,3,46,38,16,15,117,4,95,28,92,24,97
2701,14,46,20,95,25,22,1,114,84,12,11,2,19,9,17,15,23,47,112,40,37,27,89,26,6,61
2702,89,95,10,12,11,25,28,16,4,114,7,20,33,5,13
2703,7,14,2,101,90,3,24,12,17,23,34,86,9,21,16,115,26,83,35,77,117,19,25,84,28,89
2704,20,17,26,14,25,28,1,23,24,63,18,65,55,5,114,34,52,110
2705,114,14,11,95,4,16,26,20,7,104,2,3,17,25,117,6,34,28,119,15,97,18,24,9
2706,25,5,1,46,15,10,19,8,79,21,114,9,7,17,89,11,24,6,13,117,115,23,34
2707,18,1,14,5,34,9,26,10,7,21,118,38,69,83,12
2708,16,46,26,1,3,23,4,22,6,20,104,107,103,28,13,25,2
2709,8,25,6,34,17,12,14,95,5,111,2,73,10,65,92,54,20,3,114,91,84,16,104,82,24,72,28,43,18
2710,26,5,19,23,114,4,34,1,25,18,6,46,97,2,16,11,13,15,112,7,89
2711,5,24,10,92,17,13,26,34,11,14,12,22,55,1,46,117,2,44,8,18,27,7,23,9,91,43
2712,1,11,97,46,23,18,12,24,25,5,14,92,20,43,6,100,8,44,88,10,62,3,16
2713,22,114,97,21,5,66,13,4,23,16,15,99,83,104,95,11,9,103,25,84,1,106,8,12,43,117,62,77,82,112,90,34,102,18
2714,6,3,16,89,25,21,15,8,24,97,1,2,4,26,7,10,46,55,95,12,22
2715,92,20,28,3,15,19,7,46,18,6,62,14,10,4,97,89,11,101,90,12,26,49,60,64,84,115
2716,26,12,6,11,22,34,63,17,13,14,15,18,23,4,24,88,104,106,20,21,38,89
2717,17,22,18,11,24,6,12,97,63,102,43,95,34,16,13,104,107,1,26,3,59,20,23,60,79
2718,10,24,15,21,11,84,46,4,62,63,73,19,92,3,13,93,6,117,33,5,8,1,96,20,106,38,81,71,85
2719,14,4,16,18,5,46,84,7,97,6,24,10,114,92,23,96,88,90,21,63,19,28,11,99
2720,5,25,3,97,104,63,117,16,111,84,43,92,10,22,19,77,11,20,44,103,15,46,6,75,55,14,13,24
2721,34,12,46,13,14,63,11,90,17,88,103,99,92,107,24,26,7,6,5,104,20,84
2722,92,97,26,79,46,34,22,15,17,4,7,117,55,13,2,95,20,104,3,90,9,5
2723,114,25,1,18,15,11,7,16,13,6,65,9,112,3,34,21
2724,92,107,12,6,95,17,117,43,79,13,24,4,84,113,48,14,89,63,34,103,23,18,55,49,29,83,115,22,9,15
2725,31,24,18,25,3,5,11,8,14,9,95,23,62,97,45,89,19,104,116,87
2726,25,89,12,18,92,15,46,26,17,114,103,6,14,10,97,5,21,16,79,118,104,1,34
2727,34,1,7,16,89,10,46,84,60,21,18
2728,6,97,22,12,46,9,89,4,5,26,11,67,16,15,76,10,52,17,14
2729,7,10,66,34,1,21,25,17,46,84,114,3,8,11,4,14,67,22,20,95,97,117,15
2730,21,7,92,5,79,84,23,19,12,4,10,89,76,1,15
2731,8,79,10,14,19,24,21,22,107,5,13,17,66,81,65,12,91,89,112,101,96,42,55,95,11,23,102,78,68,84
2732,1,20,25,26,10,24,14,7,6,88,97,2,79,3,119,11,15,17,34,104
2733,107,13,5,14,97,103,84,28,46,25,15,34,95,18,11,23,72,4,12,98,88,78,62
2734,46,26,10,24,11,14,6,97,54,63,8,5,95,23,31,12,34,19,25
2735,1,15,12,104,7,16,24,106,6,89,9,8,111,46,53,3,2,14
2736,5,22,9,10,20,14,26,16,85,21,13,12,101,63,55,23,78,36,25,99,11
2737,6,1,38,20,5,19,97,107,17,25,34,28,12,18,74,85,4,102,79,43,10
2738,10,4,97,111,73,115,14,77,13,96,46,26,16,83,20,6,99,116,19,98,76,72,104,117,95,15,18,84
2739,8,9,15,63,89,3,26,7,97,13,101,6,43,12,66,84,21,5,17,22,16,25,19,24,4
2740,21,2,17,104,4,26,46,94,8,1,89,19,20,88,7,111,34,9,15,14,43,63,11,64,114,115
2741,97,9,22,14,10,114,5,18,21,63,2,23,46,55,95,98,116,91,52,16,88,104,81,79,62
2742,13,3,89,23,114,6,11,8,25,47,26,9,19
2743,17,18,2,95,1,16,97,21,92,20,5,12,22,19,63,14,13,34,6,103,33,28,4
2744,17,25,8,15,13,7,6,26,46,80,22,9,20,59,70,16
2745,46,22,34,7,92,107,15,89,9,17,3,2,106,108,6,54,115,93,74,23,81,32,119,109,110,77,88
2746,3,17,92,26,23,42,73,90,2,24,34,36,12,4,61,1,110,56,79,117,5,59
2747,17,107,92,101,63,119,3,89,21,113,93,12,26,5,16,19,30,87,99,33,79,88
2748,11,55,13,4,62,12,8,117,118,5,15,43,87,89,17,116,100,65,1,32,16,30,103
2749,6,14,15,21,2,8,19,63,119,95,9,10,89,92,112,73
2750,26,1,14,10,7,23,27,114,3,24,12,65,4
2751,14,25,26,1,17,13,18,97,21,89,15,104,3,43,40,9
2752,6,16,23,19,8,104,97,26,13,25,15,20,2,89,24,66,34,72,91,22
2753,9,4,46,26,13,20,17,8,114,11,1,10,18,12,6,22,41,91,88,89
2754,26,23,11,21,19,20,97,6,5,103,34,88,86,59,22,89,39,10,82,13,87
2755,23,89,25,34,9,7,11,5,16,63,18,46,95,20,103,21,24,97
2756,16,5,46,13,10,4,1,21,24,117,88,14,11,20,104,54,110,2,25,19,63,97,18
2757,9,63,17,89,6,10,55,11,26,65,2,34,7,21,20,101,46
2758,77,19,2,110,114,90,98,117,62,102,101,116,104,95,111,96,93,85,21,9,43,54,4,15,107,78,55,113,28,11,58,22,108,115,88,14,97,89,75
2759,7,114,92,117,63,13,18,5,11,24,55,10,15,25,34,26,12,20,68,95,17,6
2760,92,6,3,8,18,19,9,7,1,84,23,24,12,13,14,89,21,45,17,117
2761,8,18,13,14,1,84,3,5,22,62,55,12,46,17,41,10,16,104,89,2,92,43
2762,18,17,19,10,97,26,16,6,24,63,41,8,104,20,9,107,30,99,92,102,88,61,3,34,57,2,14
2763,114,16,11,20,18,25,24,102,78,2,67,15,103,54
2764,9,46,1,11,7,21,92,24,89,63,3,106,19,10,93,12,104,2,34,97
2765,3,20,9,46,26,19,1,16,21,112,63,12,104,14,42,8,13
2766,15,103,19,3,2,20,97,73,23,21,26,13,25
2767,14,26,16,12,11,89,114,25,15,4,7,8,46,84,22,18,67,24,60,102,6,13,2,85,5
2768,21,11,17,34,104,19,89,5,10,7,20,6,79,18,39,46,74,1,64,62,63,82,70,2,4,96
2769,2,8,55,5,18,13,46,95,104,26,4,10,53,6
2770,18,26,84,89,14,17,46,6,22,11,92,13,23,85,19,63,20,7,49,88,3,81
2771,7,10,97,14,15,6,92,20,26,18,11,4,66,46,89,9,12,64,17,19
2772,84,11,21,89,6,26,95,92,9,114,104,82,8,20,5,28,16,18
2773,6,2,95,107,10,55,24,46,22,84,11,89,3,114,26,4,115,13,34,73,87,37,41,66,15,16,63
2774,16,34,104,46,19,12,13,23,88,103,17,22,8,69,7,62,4,1,117,87,24,74,11
2775,114,22,20,2,63,17,7,4,23,16,54,11,6,9,10,12,8,43
2776,1,16,13,15,6,10,3,2,19,22,81,64,20,97,29,23,34
2777,21,22,95,10,5,19,20,9,24,2,26,13,55,12,89,97,102,39,79,90,46,4,101
2778,15,16,43,46,89,104,90,5,114,65,84,3,19,63,2,14,86,24
2779,22,34,10,7,18,25,26,6,5,16,23,20,8,9,30,95,53,66
2780,3,7,9,46,5,114,8,1,12,17,6,40,13,84,99,10,97
2781,1,66,89,15,7,11,26,17,95,90,24,8,14,46,25,6,28,97,101,5,35,79,12,73,3,19,22,9
2782,26,7,14,97,46,16,21,20,24,55,2,6,17,12,19,37,114,31,15,117,1,3,62,63,11,77
2783,46,3,15,6,63,12,55,88,5,14,2,29,73,89,18,97,114,7,8,69,9,62,17,20,1
2784,8,13,15,11,6,114,17,14,22,26,66,2,12,84,89,24,30,1,10,79,46,97,85,21,7,95
2785,8,12,92,46,18,84,34,89,20,26,63,25,99,111,119,114,52,19,113,23,3,101,94,97,15,102,115,9,107
2786,15,28,1,55,96,46,20,9,10,23,119,83,17,30,22,3,19,26,114,18,104,7,97
2787,15,69,34,7,114,89,12,108,84,46,26,22,8,56,10,21,63,5
2788,22,97,26,92,91,3,8,84,103,15,11,1,89,14,62,77,90,16,79,55,13,119
2789,25,114,107,5,11,18,92,24,63,21,14,17,84,1,2,22
2790,44,18,72,7,1,46,15,34,92,102,26,56,43,109,48
2791,18,91,2,19,10,89,13,9,97,73,17,6,24,26,11,33,4
2792,12,10,1,95,24,2,23,63,84,16,22,89,97,4,21,92,25,15,39,43,36,19,101,9
2793,97,25,46,2,11,95,21,92,19,12,13,17,104,23,84,93,16,41,14,18
2794,17,13,15,16,46,12,34,2,89,19,43,95,36,30,18,1
2795,23,95,9,19,25,11,8,54,3,24,26,6,12,53,104,97,92,83,114,5,34,4
2796,10,8,19,55,104,28,12,118,97,95,15,2,25,46,62,23,32,50,67,114,20,5,1
2797,92,114,28,95,18,46,6,117,17,23,1,101,66,102,5,87,10,83,16,22,39,118,111,25,97,116,24
2798,9,14,24,2,21,23,7,117,12,17,1,4,10,26,89,66,55,97
2799,22,114,6,26,7,10,11,18,3,29,1,4,33,89,43,20,119,49,25,15
2800,24,14,17,23,12,46,7,34,30,3,22,95,15,13
2801,12,34,89,114,2,21,18,19,9,26,92,4,97,16,41,29
2802,10,25,9,97,4,22,13,20,7,16,54,14
2803,20,10,24,46,13,12,4,103,19,79,21,110,97,117,3,18,62,5,7,6,92,55,1
2804,22,12,7,13,18,15,5,20,34,114,9,29,101,95,4,104,66,90,11,71,16,38
2805,26,11,3,21,90,23,114,15,17,96,95,22,16,13,46,115,34,107,19,14,55,9,113,99,83,5,20
2806,8,3,15,13,6,19,25,114,26,11,99,30,41,84,1,24,9,34
2807,6,13,5,1,103,18,95,20,22,114,56,117,36,27,15,82,17,21
2808,11,97,12,15,5,92,16,21,112,111,3,119,63,95,115,89,18,73,87,6,113,8,81,7
2809,89,25,3,15,97,19,26,34,95,10,84,22,8,5,9,12,21,16,46,77
2810,46,1,25,14,22,107,97,16,89,92,13,114,118,113,19,4,63,20
2811,8,18,24,11,3,95,25,16,96,26,71,86,100,20,104
2812,55,11,7,3,84,2,103,95,14,24,8,79,46,117,74,43,26,19,97,9,94,17,100,23,62,110,63,28,10,104
2813,15,6,5,22,34,25,97,13,7,89,114,11,16,4,1,18,55,117
2814,2,9,95,28,8,22,107,101,21,12,55,46,66,16,63,42,29,33,115,19,1,82,30
2815,9,34,117,85,16,55,46,73,104,26,95,76,17,93,11,37,20,52,39,88,54,71,107,12,80
2816,20,5,95,9,21,1,24,14,28,16,3,62,7,2,11,79,13,15,22,43,4,36,77,117,102,26,92
2817,12,13,84,85,17,46,2,92,26,23,19,119,5,99,97,82,27,89,15,16,28,18,34,11,4,38,74
2818,18,15,14,25,7,9,63,4,23,97,19,84,87,12,52,5,62,24,2,28,43,3,117,22
2819,12,7,15,75,24,18,43,28,20,104,8,21,119,102,114,2,46,6,97,14,16
2820,92,85,22,26,10,90,20,63,8,24,2,46,89,11,17,97,14,29,41,13,58,95
2821,15,38,97,18,6,20,21,5,14,10,1,22,3,89,76,95,19
2822,114,23,9,18,20,26,10,1,15,21,5,7,46,16,95,54,4,19,24,71,63,118,82
2823,12,3,66,14,15,97,8,11,26,34,23,95,16,22,5,1,32,25,92,70,6,84
2824,34,2,95,79,24,114,55,63,18,54,13,102,37,6,66,108,26,115,28
2825,11,20,24,21,6,7,2,62,8,92,46,57,116,3,43,1,99,89,18,10,114
2826,34,19,114,24,8,92,3,21,62,84,43,22,103,14,97,115,50,88,93,54,9,53,28,118,29,113,25,26,90,31,107
2827,14,18,7,2,97,117,10,9,12,34,26,8,43,78,116,5,119,21
2828,89,9,97,10,90,79,8,16,84,111,69,29,15,34,74,22,17,4,19,20
2829,7,5,14,8,1,21,16,10,9,2,17,25,18,97,91,104,3,4,50,26
2830,7,11,23,46,20,19,84,92,16,8,3,5,9,87,89,94,111,78,101,77,102,18,62,22,83,2,99,93,43,13,17,113,110
2831,7,14,3,26,8,5,31,55,2,18,21,25,46,89,6
2832,89,34,25,11,21,20,104,5,7,63,16,3,54,17,13,93,4,30,87,100,114
2833,13,2,90,12,24,34,97,9,4,8,114,6,14,46,18,93,55,84,78,62
2834,22,14,46,15,64,2,1,95,21,12,8,10,18
2835,34,95,55,62,119,25,6,43,10,24,101,22,20,92,30,46,84,97,113,114
2836,10,71,115,2,46,11,3,117,97,119,8,113,43,88,92,34,26,24,104
2837,21,114,17,13,34,88,71,92,117,36,103,25,3,102
2838,12,22,5,3,15,13,2,7,43,26,24,84,17,14,101,54,90,41,61,100,62,78,34,1,114
2839,13,17,117,63,54,22,93,46,19,55,84,18,115,44,7,100,3,4,16,23,95,108,41,2,89,21,12
2840,8,46,11,16,34,25,92,3,6,41,89,13,12,71,100,2,5,7,15
2841,15,18,1,16,95,92,20,85,60,2,24,80,89,103,105,119,97,52,5,34,55,4
2842,13,11,2,17,15,34,46,19,21,95,23,1,16,25,22,14,10,114,24,33,20,43,64,73
2843,5,6,13,102,55,7,51,8,43,111,92,12,85,10,50,18,88,16
2844,24,103,15,95,1,62,93,110,14,19,20,11,43,89,107,87,35,10,92,16,116,84,9,25,112,22,3,63
2845,34,17,46,5,14,8,104,2,97,24,3,18,23
2846,10,17,6,24,63,20,103,34,11,15,5,119,111,18,23,25,27,13,102,91,97
2847,20,114,7,63,2,17,11,16,12,25,5,14,92,39,90,69,22,89,96,21,18
2848,95,92,111,7,18,11,46,9,4,79,20,21,24,28,63,91,5,8,94,27,16,88,56,101
2849,11,74,16,95,21,13,62,117,107,64,53,43,94,89,41,102,34,2,72,28,15,19,9,4,84,5,20,6
2850,21,20,89,3,17,12,6,15,13,34,95,25,28,11,18,97,86,50,19,69,22,33,63,26,114
2851,9,26,3,5,92,2,55,22,97,104,20,58,15,7,34,18,24,21
2852,10,19,18,34,97,9,92,3,21,25,12,112,79,7,83,62,47,22,28
2853,15,12,89,18,114,107,11,34,23,74,24,19,46,62,14,6,105,28,71,97,9,25
2854,17,73,95,24,97,43,18,6,26,20,89,112,90,63,96,5
2855,17,15,22,114,95,84,2,7,34,12,19,45,66,97,96,89,72,14
2856,12,5,22,16,2,63,15,114,20,95,6,7,43,54,59,17,24,92
2857,13,95,104,111,78,17,20,4,34,46,7,89,83,114,73,9,10,14,23,11,49
2858,14,97,104,114,54,16,55,25,18,1,37,12,10,82,91,113,15,103,9,43,5,89,95
2859,21,13,14,22,12,25,20,34,97,26,15,24,7,18,23,89,35,92,57,66,114,1
2860,7,21,20,15,84,79,28,12,46,5,11,8,19,18,103,22,63,23,13,117,101,1,6,97
2861,8,26,12,89,24,9,10,20,13,15,7,21,1,106,17,22,82,115,18,109,16,14,84
2862,25,46,21,63,34,11,24,9,2,12,15,19,1,8,20,22,16,17,114,5,61,10,26,4,14,89
2863,92,96,108,17,80,106,76,30,117,101,14,97,15,22,98,74,26,11,91,41,12,62,85,75,5,111,115,16,81,79,54,84,86
2864,12,66,46,9,3,11,84,62,2,14,81,5,21,20,4,58,92,55,23,76,17
2865,19,84,1,114,6,23,22,14,43,11,110,97,90,44,17,86,103,2,95,4
2866,46,2,89,17,14,20,23,9,6,34,92,83,4,88
2867,3,2,107,25,102,9,5,24,79,10,7,1,18,8,27,20,26,14,100,6,22
2868,13,16,84,23,18,102,94,46,49,3,5,88,118,22,21,9,6,97
2869,10,34,114,15,46,117,2,17,12,92,66,93,8,19,20,22,79,1,21,63,5,6,89,14,11
2870,16,11,34,3,92,18,10,25,114,2,15,97
2871,5,11,4,16,14,26,9,34,46,17,20,8,97,77,114,18,74
2872,26,46,11,14,79,13,28,43,103,17,104,16,34,73,22,41,45,36,25,5,21,111,7,3,74,84
2873,24,10,18,103,63,7,26,34,84,15,104,91,102,8,12,95,4,23,114,9,118,19,6,112,76,111,22,1,53,78,43,83,107
2874,21,2,104,114,13,97,7,89,20,17,103,24,14,63,30,6,11,3,23,34,10,112,19
2875,19,97,46,16,89,34,13,92,14,104,52,114,12,26,22,10,84,94,87
2876,9,25,5,7,8,43,19,79,90,3,104,11,2,76,55,47,91,63,112
2877,2,97,23,13,1,10,8,117,79,4,17,19,12,11,96,15,81,9,25
2878,16,12,15,84,7,88,9,2,20,3,19,10,25,6,63
2879,7,97,16,11,20,104,1,34,12,5,2,8,54,90,68,19,23,95
2880,14,20,89,21,103,102,79,24,111,74,28,16,55,13,43,85,104,110,18,88,105,46,1,81,36,116,86,19,47,9,4,11,23,93,7
2881,18,22,95,14,24,3,20,10,63,84,8,11,66,7,25,72,21,104,23,55,2
2882,97,95,84,63,12,14,34,103,15,1,8,11,22,89,92,24,5,26,48,104,23,18,9,96,17
2883,15,98,17,18,92,46,90,6,95,43,26,8,1,103,55,20,109,7,10,62,72,93,84,66,83,106,12,101,85
2884,17,9,46,97,1,18,15,26,89,110,10,5,16,14,4,36,107,21,55
2885,11,15,110,14,7,16,26,19,104,21,6,107,54,9,3,64,2,102,119
2886,9,20,21,95,18,103,8,97,89,12,34,74,65,25,101,2,26,4,107,17,70,27,81,43,10,55,63
2887,61,2,107,5,84,24,17,22,18,33,16,114,92,67,7,99,51,20,111,6
2888,46,25,103,10,24,7,55,92,8,89,88,20,21,17,99,1,11,110,109,14,117
2889,104,1,11,25,5,18,85,46,8,114,36,26,21,100
2890,92,63,46,7,4,104,3,11,41,106,30,107,14,58,95,28,19,111,2,42,13,91
2891,3,15,89,5,7,26,22,14,1,103,2,6,95,84,20,66,17,53,63,13,9,19,27
2892,21,16,26,17,20,6,5,13,28,22,15,2,89,10,8,24
2893,26,89,22,1,2,12,3,10,97,14,15,21,52,75,92,102,88,80,110,103,109,73
2894,2,55,17,89,8,43,22,104,3,24,116,4,92,90
2895,15,14,95,17,62,104,13,4,6,9,28,81,20,31,103,26,56,106,22,43,39,54,12,19
2896,14,22,23,92,24,10,84,18,25,46,89,1,97,19,12,85,17,9,112,110,21,114,26,15
2897,1,2,67,94,14,34,65,92,24,70,62,90,19,17,12,11,9
2898,19,28,2,46,24,20,11,8,89,23,107,101,92,95,84,4,77,102,104,13,52
2899,7,14,8,23,55,89,2,30,93,34,92,26,24,62,16,3,21,47,6
2900,3,46,66,15,11,7,20,84,23,19,14,24,54,117,9,8,114,5,10,21,17,22,26,1,6,89
2901,22,6,16,18,106,48,13,74,34,4,11,2,63
2902,79,25,66,114,14,95,21,102,5,39,10,18,62,58,94,12,43,20,34
2903,8,10,21,1,6,92,46,95,5,20,25,22,114,4,11,29,7,32,89,97
2904,15,11,63,103,97,16,55,62,52,10,85,1,14,102,33,12,25,7,43
2905,9,18,22,10,7,19,23,6,95,11,20,8,62,26,5,15,97,2,70,100,119,43,89,4,104
2906,26,14,15,17,97,84,103,6,104,25,12,21,18,9,1,16,77,101,95,46,102,55,49,58,3,10
2907,3,2,11,25,21,5,14,17,7,89,4,97,114,13,1,43,106,68,119,28,33
2908,7,25,3,9,21,16,46,28,33,2,95,63,111,18,8,54,12,1,15,72,92,98,93,26
2909,84,9,12,114,95,20,13,43,104,19,18,62,38,107,2,25,103,7,23,33,3,15,28,21,74,16,90,37,8
2910,14,11,12,97,6,25,114,3,89,16,84,104,38,10,92,15,34,95,2,91,109,46,113,22
2911,20,15,24,95,43,7,18,25,11,1,5,8,114,89,92,34,62,6,42,100
2912,18,10,1,5,55,103,51,89,16,25,2,15,12,7,97,34,45,36,6,9,63,69,84
2913,11,6,97,9,5,55,4,90,13,89,26,88,18,21,25,8,107,7,14
2914,1,114,46,103,11,8,55,19,43,28,5,15,74,3,70,7,62,104,17,21,97,22,6,24,54,66,14,91
2915,97,24,21,6,18,15,26,14,1,55,7,22,8,63,9,5,19,56,10,17
2916,24,25,2,5,92,3,97,7,63,95,46,89,84,21,113,114,70,19,20,111
2917,26,18,34,8,20,19,12,21,1,23,95,11,3,4,97,91,96,10,9,63
2918,95,43,16,13,118,11,9,103,84,85,19,1,6,104,5,114,10,83,117,51,113,24,40,92,12,8,74,98,55,59,100,26,75,102,2,62,23,119,18,109
2919,89,17,16,19,10,46,18,63,87,53,34,13,26,21,14,7
2920,5,15,46,24,3,7,2,20,14,101,92,61,66,113,95,104,19,89,25,97,103
2921,3,2,84,95,13,22,89,114,97,24,75,18,34,19,26
2922,19,14,1,12,10,17,94,43,9,112,34,97,54,108,24,2,67,46,18,20,102,109,21,95,119,79,89
2923,22,24,89,10,20,5,9,2,25,1,43,13,17,7,34,6,46,114,19
2924,46,5,19,2,95,34,10,18,23,104,62,24,117,22,84,7
2925,114,21,46,2,97,92,59,119,18,11,1,23,6,20,12,104,14,9,34,5,63
2926,34,22,89,6,5,13,9,103,3,20,14,24,17,16,26,15,8,68,11
2927,18,33,13,46,22,21,14,89,25,36,60,49,10,92,44,3,39,19
2928,97,63,6,12,14,2,92,66,89,25,8,18,5,3,19,4,15,16,26,119,64,114,46,102,23,34,62
2929,16,9,89,14,3,7,25,1,21,95,6,10,12,4,18,92,43,23,11,8,24
2930,20,46,26,97,2,84,8,17,25,14,22,3,24,107,28,1,43
2931,14,9,4,55,90,16,66,20,114,13,12,87,1,119,18,5,6,61,22,89,62,78,7,111
2932,19,16,13,26,11,119,5,21,4,3,117,92,32,89,1,14
2933,34,114,9,12,18,79,63,14,21,104,74,83,46,96,82,22,6,2,101,89,92,107,77,24,103,97,87,1,26,4,91
2934,14,12,34,18,1,9,10,89,4,115,25,59
2935,89,15,9,114,13,66,119,18,26,23,35,25,8,46,12,10
2936,12,16,7,5,34,66,24,1,104,10,114,115,84,11,55,62,106,93,63,101,21,92,41,8,54
2937,23,103,79,74,28,26,17,14,18,95,86,43,9,117,3,12,89,84,13,104,5,97,82,85,21,29,110,24,7
2938,25,3,17,107,5,10,104,46,15,18,43,2,8,52,84,22
2939,14,7,21,114,16,12,1,3,9,66,13,8,24,26,25,2
2940,14,22,107,89,34,20,25,21,8,7,95,63,10,73,88,13,62,104,11
2941,17,26,60,16,10,92,6,9,112,8,15,84,49,20,2,73,97
2942,66,74,9,16,114,117,109,63,14,95,29,79,26,5,92,55,22,111,19,101,11,1,17,90,23,73,47,107
2943,10,20,14,11,25,7,8,22,3,54,34,5,110,6,109,31,118,9,46,63,1
2944,66,89,84,11,114,13,16,19,25,26,20,63,18,95,23,5,65,40
2945,14,15,89,46,10,26,34,58,107,5,24,78,3
2946,1,21,89,25,18,79,107,102,104,6,26,23,7,94,3
2947,117,55,111,10,104,21,23,63,89,24,79,96,20,22,7,13,43,1,114,41
2948,103,11,84,1,16,22,46,63,6,54,90,4,13,20,17,89,95,83,24,104,28,112,42,81,73,19
2949,15,2,22,114,12,24,26,14,23,25,5,34,42,8,69,60,11,55,3,16,13,103
2950,97,84,114,14,23,19,10,103,24,107,2,55,5,15,3,34,82,36,71,92,110,22,18
2951,21,23,10,5,11,107,89,46,18,2,12,114,8,17,4,63,90,16,39
2952,24,50,114,18,104,1,9,8,38,11,3,14,13,43,92,106,89
2953,114,115,11,26,10,4,16,22,14,7,90,18,17,3,47,6,84,19,20,34,64,109,116
2954,16,92,119,2,50,110,14,17,24,12,89,10,9,8,13,97,55,66,19,31,35,95
2955,26,8,10,7,14,11,15,16,6,5,2,9,18,114,89,34,43,84,3,87
2956,97,1,4,102,26,16,66,114,79,14,55,21,19,23,3,95,103,27,34,72,18,22,63,28,8
2957,9,14,17,24,95,55,2,18,7,8,63,11,23,117,25,28,104,16,53,97,119,34,78,89,19,12,114
2958,21,7,66,22,8,12,9,89,11,26,34,25,65,16,79,20,15
2959,15,117,25,10,84,51,3,16,92,43,28,104,67,18,97,65
2960,19,10,26,4,46,5,17,11,91,84,21,8,20,1,14,114,16
2961,5,22,114,13,46,16,18,23,24,28,95,119,67,7,83,49,88,71,6
2962,11,15,8,97,89,63,16,117,23,21,18,62,13,3,43,54,113,10,107,66,83,14
2963,9,2,89,10,20,11,87,13,5,19,17,54,28,63,114,26,12,7,72,78,102,15,58
2964,24,3,25,9,26,43,18,46,7,34,10,40,22,4,16,97,102,5
2965,89,6,97,14,28,104,15,92,77,21,106,93,85,13,82,56,20,107,110,103,34,49,19,11,35,25,26
2966,14,13,43,2,25,97,110,12,102,1,28,84,8,22,107,104,79,96,11,91,63,30,4,114,53,10,7
2967,14,6,8,5,114,11,13,1,21,92,16,88,3,9,15
2968,10,18,16,6,112,20,15,1,13,12,24,97,8,14,89,32,9,55,27,21,31,86,4
2969,92,107,22,12,34,26,47,14,6,118,7,11,73,97,15,13,20,19,96
2970,2,79,46,1,11,24,20,15,9,5,26,89,14,62,4,18,107,83,56,114,58,86,37,95,3,92
2971,114,88,19,62,12,13,84,22,63,103,17,8,113,23,18,11,10,2,26,14,73,21,64,95
2972,11,19,4,9,114,107,89,92,26,15,20,43,18,55,21,14,16,33,10,12,17
2973,34,77,8,6,114,12,22,1,5,63,26,23,11,17,7
2974,16,21,3,17,97,15,9,14,13,79,88,116,92,95,38,18,2,34,26,22,8
2975,34,9,22,95,46,111,10,28,21,104,97,24,101,50,11,4,107,17,35,113,13,89,103
2976,13,19,84,5,114,89,14,43,3,15,92,4,12,22,70,51,9,34,97
2977,97,3,89,85,1,26,14,25,11,13,10,114,9,38,119,34,88,2,24,4
2978,20,9,111,119,101,24,74,107,18,102,75,100,118,1,19,89,97,114,15,77,46,21,43,73,2,34,63,68,23,64,28
2979,95,20,18,24,6,97,2,104,8,21,63,84,3,29,5,17,89,13,46,9
2980,1,107,9,89,95,13,100,86,14,112,80,88,35,29,78,36,41,111,92,46,20,7,63,70,19,15
2981,14,5,17,19,9,22,95,26,4,11,18,16,3,117,6,113,25,114,107,84,10,8,28,34
2982,18,14,6,89,8,9,3,13,25,23,34,2,19,73,22,17,95,10
2983,15,9,11,16,26,55,1,22,24,89,5,97,34,103,46,66,25,28,6,23,114,17
2984,13,11,24,4,92,12,18,20,43,22,5,23,3,112,6,17,25,52,60
2985,23,9,16,6,34,24,7,12,46,21,14,4,43,10,54,89,55,96,2,25,11,63,95
2986,1,12,20,10,24,118,26,85,114,3,8,13,104,51,22,63,7,110,16,15,46
2987,10,24,16,1,11,84,2,23,3,88,114,46,117,58,8,92,17,72
2988,10,3,107,6,17,46,97,63,95,7,90,18,5,4,38,2,23,1,112,26,94,34,89,12,13
2989,24,4,15,97,103,63,92,75,43,16,74,84,101,2,9,7,12,77,34,64,46,88,14,114,23,11,22,8,110,20,5
2990,13,17,8,22,66,11,10,34,88,87,97,77,14,18,114,19,111,4,9,42
2991,16,7,9,8,26,46,63,15,25,23,11,14,18,27,2,17,1,4,62,12
2992,22,18,12,4,2,15,7,20,43,94,24,13,6,84,34,62
2993,80,112,114,25,10,99,17,104,63,14,22,15,26,89,2,18,97,23,6,113,95,41,11,102,35,96,76,12,53,46,61,19
2994,63,103,55,62,23,43,5,24,84,12,21,34,66,77,1,15,26,88,52,54,18,17,110,99,95,4
2995,89,18,63,8,5,22,114,20,13,34,69,25,58,26,21,92,12,16
2996,2,26,8,14,5,13,22,16,40,21,63,3,114,54,41,4,55,97
2997,2,16,15,5,25,8,26,46,17,7,87,88,1,72,13,11,35,92,24,55,103,22,102,84
2998,84,51,12,22,24,63,18,15,17,62,34,8,29,90,11,55,38,105,43,1,83,116,117,53,107,3,88
2999,7,9,8,22,20,46,34,54,26,110,29,25,75,3,1,23,5,97,10,11
3000,20,24,15,97,22,12,26,13,3,8,19,43,119,89,5,25,84,14,42
3001,14,5,34,7,114,12,22,11,20,10,13,17,1,19,21,4,8,97,113,40
3002,3,95,117,14,18,24,92,25,13,17,55,2,5,9,7,101,6,84,19,32
3003,16,11,104,4,10,1,97,5,3,13,47,52,22,19,21
3004,17,2,22,24,20,63,13,16,97,43,114,60,58,11,111,47,50,15,31,116
3005,89,17,9,11,25,19,18,8,12,114,110,84,15,82,20,46,112,10,99,16
3006,46,63,13,21,7,114,95,20,2,19,34,17,3,97,15,18,61,43
3007,38,21,63,86,102,46,95,9,15,19,17,90,22,18,111,42,11,78,2,14,41,92,101,4,24,33,99
3008,89,18,1,8,2,9,20,21,22,119,11
3009,11,82,3,97,12,114,79,26,13,55,10,117,102,91,119,17,1,34,80,43,5
3010,4,114,26,1,20,5,17,92,89,18,22,66,32,7,6,24,9,63,11
3011,22,44,18,7,84,95,9,4,6,17,97,36,16,15,8,61,34,88,39,13,33
3012,20,13,24,17,97,10,21,34,8,66,12,3,89,84,117,25,85,4,29,23,46,86,75,81,2,11,32,6,22,55
3013,9,5,10,8,1,84,62,4,13,55,46,95,15,64,2,26,111,114,59,20,89
3014,6,92,93,84,18,16,97,114,89,11,23,3,46,21,35,88,12,36,4,70,25,32,10,95,26
3015,6,46,15,1,97,14,84,10,21,4,17,7,3,64,32,93,2,9,11,79
3016,34,24,1,13,10,21,2,5,114,20,32,95,81,9,97,79,23,12,63,26,11
3017,89,16,19,3,7,20,11,92,88,111,90,13,31,8,6,33,83,18,21
3018,5,80,3,13,84,24,91,17,9,8,89,32,111,114,12,88,95,50,108,46,117,52,115,19,103,33,104,92,11,10,16
3019,21,5,8,19,6,14,1,24,3,9,22,26,37,18,17,97,89,67,34,114
3020,26,34,4,17,12,87,18,6,92,95,16,9,7,2,14,25,118,66,3,117,5,97
3021,20,26,25,8,114,21,14,23,92,43,11,22,55,59,4,7,3
3022,6,46,97,5,63,1,34,2,25,8,43,16,7,96,61,49,65,12,28,14,22
3023,12,1,3,5,10,23,34,26,15,67,104,6,17,88,16,13,19,68,9
3024,14,24,3,8,12,114,6,88,119,89,92,21,25,82,1,46,5,34
3025,114,7,12,63,24,11,3,102,104,1,93,16,84,34,6,70,52,8,40,79
3026,3,1,13,21,95,14,2,10,104,24,103,7,46,114,8,43,34,19,84,78,15,18
3027,3,11,74,15,14,62,22,94,103,73,43,51,13,2,77,16,90,46,117,112,33,119,24
3028,5,24,114,17,97,11,16,13,46,117,9,14,90,2,10,92,71,63,20,107,104,34,66,3,99,6,31,7
3029,16,14,18,24,34,9,13,92,4,26,84,62,1,101,22,41,21,20,55,73,17
3030,19,2,18,6,14,15,4,29,113,12,5,25,1,84,40,3,16,24,11,23
3031,25,21,20,2,3,16,11,15,12,17,37,97,77,34,14,23,5,19
3032,9,5,95,54,20,17,89,100,1,19,3,26,28,7,6,23,79,96,45,13,65,117,111,63,98,18,2,21,87
3033,7,14,114,12,5,63,16,112,91,95,26,13,93,85,77,89,10,90,19
3034,18,6,8,95,93,5,20,23,85,10,17,12,7,91,24,89,46,86,113,88,14
3035,8,5,12,25,22,18,10,1,34,95,109,96,63,6,11,7,41,97,26,20
3036,3,14,25,5,88,24,19,84,2,13,96,6,10,4,9,1,16,15,79
3037,89,1,9,2,14,114,23,22,12,57,18,103,47,26,25,102,3,97,15
3038,7,86,62,17,63,11,5,54,2,22,84,23,19,104,46,101,59,107
3039,8,19,17,1,89,14,33,23,21,43,9,6,12,11,20,16,4,15,2,91,13,34,84
3040,14,20,18,97,89,8,24,43,23,6,46,19,2,7,1,84,79,15,25
3041,17,11,97,55,92,2,99,78,16,26,9,34,85,87,3,25,90,62,113,7,91,18,8,96,79,86,15,109,21,102,77,95,100,112,4,24,65
3042,26,46,13,24,103,34,107,9,12,5,1,8,28,89,66,20,104,91,23,63,25,95
3043,22,11,95,26,19,5,4,24,41,80,17,13,16,63,89,2,6
3044,11,10,112,14,95,15,103,6,9,44,23,97,24,114,7,77,55,107,12
3045,11,7,34,3,9,95,21,16,23,24,92,1,106,20,5
3046,21,34,18,46,1,114,6,92,97,11,19,15,8,4,22,103,57,48,3,102,10,28,24,23
3047,14,13,28,22,24,63,12,5,15,114,66,54,3,20,97,23,16,58,35,6,19,89,90,92,93
3048,19,114,18,20,21,63,95,2,15,22,24,81,4,8,3,6,40
3049,20,22,5,12,19,84,14,16,4,9,3,15,92,110,17,25,6,35,10,1,94,36
3050,10,26,34,14,2,21,20,15,28,5,12,25,57,92,45,109,55
3051,25,12,34,16,56,23,1,103,2,79,114,26,5,8,84,3,14,20,15,46,92
3052,11,22,34,46,9,14,25,13,8,27,21,37,108,104,7,26,117,119,10,24
3053,12,3,22,15,11,97,8,34,119,114,10,16,104,61,13,94,14,28,7,43,72,2,91,88,46,17
3054,25,18,6,97,3,17,14,11,46,92,22,115,67,13,66,50,5
3055,17,3,24,11,2,55,23,8,4,74,95,44,13,96,10,6,63,119,61,34,18,72,58,89
3056,12,84,25,117,63,96,24,119,41,22,1,26,4,80,95,89,93,28,34,101,46,5,106,108,68
3057,2,19,103,74,14,84,94,16,22,1,6,95,39
3058,95,114,97,7,88,21,20,84,16,107,17,5,25,2,22,11,23,46,103,10,63,64
3059,20,92,95,26,6,18,19,63,84,14,85,90,88,79,99,10,25,1,96,11,2,17
3060,97,21,89,12,14,11,95,6,15,92,84,114,46,20,24,55,30,101,8,26,10,60,19
3061,8,12,84,17,13,10,92,61,63,91,20,66,9,14,97,21,19,54
3062,19,10,15,24,2,26,18,111,7,17,89,78,84,25,38,11,56,62,92,1,23,104,96,106,21,12,4
3063,20,5,17,18,2,89,19,21,9,63,6,79,13,114,34,40,107,46,15,84,95,10,24
3064,20,8,63,26,66,15,95,1,24,22,6,18,7,5,23,89,96,13,12,107,99,53,3,4
3065,95,117,13,43,92,8,23,34,20,114,104,10,22,99,53,118,6,60,11,62,102
3066,22,12,66,46,6,5,18,9,92,84,4,43,97,26,7,21,25
3067,17,5,21,8,12,79,88,16,4,2,117,23,25,14,103,92,107,11,73,7,81,28,30,27,93,58,97
3068,11,25,46,20,15,24,12,5,34,8,92,63,97,16,89,84,7,61,90,10,22,91,6
3069,26,16,13,14,34,12,46,7,1,9,18,3,28,62,4,11,84,41
3070,24,7,5,97,92,55,73,3,46,2,8,112,11,39,20,95,34,18,4,84,14,17,29,77,19
3071,12,18,20,17,34,22,10,63,95,11,5,14,2,1,28,112,6,108,115,97,92,83
3072,10,12,2,8,95,46,18,21,26,63,90,6,96,114,62,117,64
3073,21,13,20,7,12,8,22,43,104,24,95,97,116,14,34,5,1,68,10,15,57
3074,3,20,7,6,54,89,14,28,19,84,107,43,8,10,13,60,62,12
3075,79,2,24,4,34,113,21,9,8,26,114,91,19,89,43,104,83,23,40,1,11,5,90
3076,10,2,14,92,34,26,20,19,18,8,17,119,9,21,42,97
3077,1,26,17,46,22,5,20,2,12,79,93,38,112,14,21,9,92
3078,89,5,6,1,86,11,10,22,7,46,104,16,8,20,63,14
3079,9,10,3,97,18,2,26,1,62,79,21,13,89,25,8,19,6,44
3080,114,14,92,7,16,9,103,43,10,79,1,28,104,8,58,95,117,26,93,2,46,6,66,97,21
3081,1,46,14,89,20,103,10,95,13,26,17,85,12,97,22,119,104,101,6,11
3082,95,1,16,11,66,89,19,3,9,26,73,18,92,90,97,85,20,15,79,14
3083,14,2,25,6,18,9,114,34,8,95,3,53,92,79,109,37,106
3084,9,46,4,25,23,14,8,49,95,17,5,21,114,88
3085,82,8,55,34,43,62,107,1,23,21,15,83,19,95,79,26,22,106,116,25,77,14,113,10,28,7,63,17
3086,24,97,15,8,17,89,3,23,16,13,33,47,119,104,7,26,19,43,84,2,62,11,6,14
3087,89,3,17,15,55,28,10,92,46,8,43,107,22,119,96,40,85,117,114,99,19,59,83,88,62,33,115,118,100,102,12,25,23
3088,7,2,26,11,5,21,9,14,10,15,22,1,3,62,24
3089,103,92,63,9,94,117,28,46,21,6,110,114,43,104,34,1,10,4,111,81,24,25,20,54,5,118,55,18
3090,34,11,4,92,1,15,19,24,25,13,7,17,118,87,74,10,5,95
3091,3,14,63,28,18,13,25,4,22,46,8,92,88,47,21,43,66,23,10,12,95,29,41,94,2
3092,16,8,21,1,34,14,2,12,92,84,11,55,26,17,63,22,89,18
3093,7,20,15,14,1,85,10,88,63,41,34,24,102,18,26,92,62,17,101,19,87,103
3094,14,3,1,19,84,100,55,24,94,95,18,114,102,117,47,90,26,88,119,104,67,13,25,101,62
3095,11,89,24,25,15,103,4,63,26,18,114,23,1,93,3,117,97
3096,6,13,24,18,21,26,12,89,88,25,17,23,10,9,66,104,8,16
3097,46,21,20,114,12,24,14,56,30,80,4,7,117,103,5,108,95,89
3098,21,2,5,3,1,58,4,12,89,18,22,44,13,7,60,91,11
3099,34,12,3,11,26,6,1,22,16,9,5,14,24,19,55,20,46,27,2,92
3100,3,114,15,8,34,12,11,67,7,23,62,58,25,6,92,17,40,54,111,89,100
3101,15,89,34,3,9,8,25,6,1,26,22,42,11,20,77
3102,7,17,43,23,25,89,114,5,12,104,24,22,34,15,97,72,8,10
3103,103,5,3,17,110,104,62,70,14,19,114,111,26,16,113,43,73,68,84,35,1,6,34,117
3104,6,2,9,63,20,28,12,24,34,46,3,95,19,78,97,18,104,55,11,33,39,22
3105,9,7,8,4,46,23,3,14,22,24,55,15,62,21,13,113,88,10,95
3106,20,1,6,46,3,11,12,19,84,26,13,21,23,8,113,9
3107,1,8,10,14,18,66,23,19,117,7,12,3,89,4,104,95,59,15,107,97,6,26
3108,107,22,13,111,103,2,14,24,25,15,8,89,9,18,5,47,58,7,62
3109,98,6,16,104,117,90,15,30,92,8,103,17,20,68,54,99,102,7,37,3,65,118,101,19,14,5,114,9,34,24
3110,89,14,99,94,97,26,13,116,5,81,100,106,70,77,92,54,101,98,93,110,41,12,42,76,7,88,117,102,118,10,32,107,103
3111,14,20,6,15,46,23,85,86,81,75,103,116,13,24,70,89,27,99,2,10,93,19,3,78,73,22,55
3112,22,89,21,8,92,46,11,104,101,26,31,10,43,25,2,111,6,15,34
3113,13,2,3,20,34,63,46,14,102,15,5,43,28,84,23,95,64,104,62,44,54,89,96,118,94,26,11,18
3114,25,95,2,15,24,84,21,43,55,46,4,26,104,16,12,10,18,1,34
3115,97,26,4,38,21,15,8,14,1,18,19,5,46,95,32,11,73,88,34,22,33
3116,5,15,54,7,26,12,3,16,97,114,84,2,92,24,21,11,25,19
3117,95,46,21,63,54,14,117,84,23,104,102,24,26,2,89,77,81,18,101,72,76,107,10,22,92
3118,18,63,34,62,96,103,17,46,114,84,117,107,92,60,28,89,110,85,115,93,101,9,106
3119,114,9,5,19,15,25,12,11,1,22,3,33,42,85,94,20,39,113,21
3120,6,18,5,14,4,24,20,95,13,97,1,2,104,19,112,17,21,89,25
3121,5,20,1,25,22,15,3,6,107,21,89,26,11,24,2,17,63,23,19,85,117
3122,13,3,92,89,46,63,21,43,2,15,98,79,54,83,96,28,17,27,24,113,5,95,9,6,115,11
3123,89,15,34,20,26,8,21,16,17,97,95,1,18,114,12,11,10
3124,66,21,63,14,20,1,15,19,114,13,43,90,46,28,17,69,36,85,38,82,5
3125,7,25,46,8,11,110,10,92,21,84,5,97,19,111,15
3126,6,92,21,88,5,102,26,15,46,20,49,22,109,14,101,85,9,117
3127,18,12,114,92,17,63,3,43,21,9,5,13,26,2,40,74,95,37,105,14,28,60
3128,66,2,107,62,7,22,21,25,26,97,104,92,118,15,88,14,103,23,3,1,114
3129,84,95,11,103,9,19,111,86,15,2,3,23,7,108,36,10,104,46
3130,21,27,95,10,90,97,19,15,33,6,113,16,79,62,49,63,9,18,14,22,92
3131,2,20,34,1,17,23,24,55,58,114,90,10,70,77,118,100,95,38,21,15,116,96,75,92
3132,5,24,19,3,9,4,15,12,117,2,55,22,90,21,14,107,101,6,73,16,26,96,95
3133,25,16,95,1,26,111,9,43,94,54,21,20,103,18,34,22,92,19,70,89,64,100,97,58,10,12,73
3134,8,24,7,16,25,12,21,114,66,89,26,84,10,63,15,3,22,19,87
3135,101,89,25,114,5,23,10,6,24,86,107,21,9,44,28,19,22,26,12
3136,46,1,25,20,15,92,3,107,2,96,14,10,21
3137,21,46,92,19,89,18,11,23,16,2,34,26,3,17,7,53,6,25,27,22,9
3138,24,6,11,22,97,4,18,68,26,8,3
3139,8,23,15,3,5,95,10,104,19,25,114,22,91,61,97,24,28,87,1,20,62,84,54,12
3140,114,12,66,5,23,10,6,3,43,14,89,87,97,21,96,1,8,95,24
3141,5,13,15,17,9,34,8,4,10,95,104,1,3,89,6,107,47,53,103,67,18,78,24
3142,17,24,1,8,18,22,9,20,25,26,113,11,95,38,47
3143,22,13,23,8,4,20,2,12,89,17,11,97,1,41,10,24,91,95,117,21,72,28
3144,34,24,1,114,5,15,6,9,46,95,22,7,20,21,2,57,66,68,11,12
3145,17,89,43,11,78,16,97,7,46,5,28,1,114,34,4,24,38,47,14,73,20,6,64,33,83
3146,8,17,18,34,20,1,84,12,15,89,14,24,16,78,46
3147,22,15,16,11,46,114,95,3,43,10,24,9,2,5,112,88,66,93,47,18,21,6
3148,22,14,25,92,8,66,16,5,7,21,46,65,34,10,57,4,6,89
3149,5,26,9,16,18,63,6,19,102,2,55,62,20,12,96,114,89,10,14,22,34,3,11,32,77,84,104,83,115,59
3150,17,16,43,10,21,2,7,114,9,13,34,19,3,11,119,6,89,63,15,25,14,117,102,46,90
3151,22,11,8,34,20,17,26,1,18,23,95,3,19,16,9,21
3152,19,15,97,11,12,23,13,20,1,10,21,104,43,89,5,34,40,99,26,67,3
3153,17,21,14,6,3,15,8,102,89,24,2,16,68,56,97,112,19,18,66,22
3154,46,19,8,20,2,104,11,22,5,1,63,9,33,16,7,10,13,114,89,29,103,92,102,15,26,91
3155,12,34,97,7,114,24,18,2,11,58,54,10
3156,7,34,24,6,3,8,92,31,18,88,89,1,2,16,11,25,21
3157,117,25,2,84,26,46,12,103,19,114,17,21,106,88,1,104,96,47,63,55,41,93,15,24,95,9
3158,8,97,5,94,12,102,7,3,13,90,92,24,4,43,93,46,26,14,41,1,16,96,100,76,10,32,99,79,114,111,84,54
3159,97,8,15,11,5,104,28,9,13,84,20,7,22,26,17,3,111,24,94
3160,15,8,2,89,5,24,17,9,7,3,72,41,18,12,117,6
3161,13,19,4,6,10,26,89,84,18,21,7,36,16
3162,6,1,19,5,95,10,8,89,11,20,16,7,21,24,25,23,3,18,72,15,9,45,46,97,104
3163,6,21,114,12,26,1,10,2,107,24,11,5,28,62,17,98,7,25,46,3,8,92,117
3164,112,18,66,6,13,107,63,26,21,11,1,17,19,41,9,92,40,10,39,34,119,2,5,95,97
3165,19,12,95,114,16,5,4,14,84,89,54,104,8,20,92,17,26,99,2,10,88,13,23,35,7,34,66
3166,22,18,8,1,6,114,13,14,15,31,10,26,54,116,97,24,25
3167,12,34,21,4,9,13,22,23,25,1,11,55,74,7,96,95,3,75,46,68,16,43
3168,25,1,7,21,114,22,26,34,11,12,15,92,83,5,117,47,79,16,73,20
3169,11,105,22,18,95,13,75,118,46
3170,97,77,89,5,15,3,12,11,1,8,14,6,24,46,2,10,58,96,23,35
3171,6,1,25,43,15,97,12,34,7,23,89,95,2,18,17,82,105,36,63,13,41,21,8,118
3172,5,16,4,11,22,2,7,92,20,25,6,46,19,15,87,89,35,62
3173,21,15,92,18,3,117,26,4,17,102,8,7,11,14,9,12,119,89,55,16,22,10,107,19,5,56,1
3174,55,29,22,5,8,43,4,104,15,46,2,1,67,97,12,20,14,117,19,21,88,52,7,60,33,6
3175,19,89,8,15,34,84,17,99,104,5,66,111,96,73,88,3,11,102,20,28,59,1,85,90,24
3176,2,89,7,26,21,24,9,25,1,11,46,58,67,3
3177,18,46,24,34,10,15,89,13,19,16,95,25,7,55,119,36,3
3178,8,2,1,3,43,12,25,16,9,111,10,15,24,95,11,84,22,87,23,107,26,96,100
3179,3,92,46,12,5,1,34,14,88,20,104,11,10,39,80,6,89,86,8
3180,11,9,21,13,63,46,23,114,3,24,19,2,16,55,94,28,47,68,10,102,7
3181,95,3,21,92,85,13,79,10,4,110,114,117,102,91,23,16,11,77,26,12,87,119,15,34,103,1,97,17
3182,23,20,26,7,89,95,21,86,8,25,22,46,28,16,18,14,5,92,47,114,117
3183,8,16,95,22,26,1,15,92,6,20,21,3,19,114
3184,1,26,14,24,89,97,104,13,23,2,18,87,25,63,21,19
3185,2,18,11,10,104,46,13,19,24,117,22,23,114,94,3,91,118,97,108,1,90,96
3186,9,28,20,81,119,46,25,79,91,16,26,10,92,93,100,15,117,6,21,62,24,89,107,18,8,102,5,1,4
3187,15,10,20,17,24,92,25,5,16,89,59,3,9
3188,2,5,25,22,10,12,16,18,11,6,97,21,63,8,28,24,89,26,39,31,14,46,35,73
3189,20,25,14,97,17,117,95,46,114,23,13,15,12,5,21,18,101,16,84
3190,21,8,34,1,46,25,84,18,23,10,28,24,3,116,9,92,22,89,12,17,85,54,63,6
3191,19,9,21,7,34,20,43,8,104,63,16,1,24,3,60,15,117
3192,89,3,34,14,28,23,15,110,6,25,46,11,43,114,20,1,103,97,119,104,8,62
3193,22,26,34,18,6,9,13,47,8,7,92,28,117,23,97,59,4,54,104,56
3194,66,16,58,103,91,61,26,84,2,75,28,46,7,25,11,88,67,15,54
3195,22,114,9,3,46,55,23,24,25,17,104,85,79,7,107,95,66,6,16
3196,3,8,9,19,14,16,5,20,2,7,12,25,101,33,116,92,10,6,114
3197,20,9,24,5,26,104,4,34,19,103,18,11,118,1,21,58,80,79,117,106,7,95,6
3198,25,15,8,89,66,16,46,22,70,105,55,12,73,3,17
3199,20,3,13,15,10,12,81,86,9,17,26,67,114,47,7,34,1
3200,23,13,20,9,92,17,6,26,25,5,15,117,8,102,119,73,90,69,93,3,11,71,99,114,85,2,70
3201,12,24,7,77,16,26,46,34,8,103,21,55,92,22,17,19,42,93,95,104,54
3202,13,117,8,86,95,26,24,22,18,20,7,89,5,34,2,27,19,17,6
3203,25,63,3,17,92,23,11,95,9,13,21,97,114,12,4,16,20,44,54,42,115,106,96,31
3204,34,11,89,16,22,7,6,14,20,1,107,74,103,24,117,104,3,102,2
3205,25,13,16,85,62,117,92,63,41,95,115,82,22,107,46,14,19,111,110,96
3206,7,84,8,104,5,89,10,46,25,3,60,11,6,38,43,97,65,36,62,23,83,20,15,16,9,19
3207,21,10,25,22,2,95,7,5,104,13,46,8,6,15,42,59,18,79,23,51,16,113
3208,1,14,84,95,9,104,3,55,25,13,91,2,7,67,19,16,5,6,89
3209,13,16,7,24,12,25,20,15,17,95,2,6,34,8,119,18,117,107,55,47,91,5,62,22,46,3,1
3210,3,15,92,95,26,17,10,21,107,4,46,7,96,101,104,93,1,11,39,5,63,2,55,9,74,116
3211,20,22,12,95,21,17,28,19,10,4,92,11,80,63,18
3212,46,8,22,89,6,1,57,112,52,51,16,18,79,43,97,78
3213,3,6,16,34,14,92,26,1,114,84,77,5,20,74,119,7,17,15
3214,24,10,21,18,14,97,4,19,74,26,2,25,7,95,16,114,100,28,13,62,92,29,3,88,108,91,9
3215,14,7,22,92,10,16,66,8,114,34,4,12,26,103,13,21,20,84
3216,25,2,89,13,5,84,26,10,103,97,46,15,27,19,67,85,16
3217,24,111,92,46,85,7,114,101,21,13,8,5,17,43,87,15,19,25,97,74,115,1,108,99,107,14,84,10,32,23,86,63,22,12,6
3218,95,11,16,92,3,23,26,13,10,84,7,21,43,63,8,22,89,34,97,46,12,86,25,5,19,20,114
3219,11,9,3,34,28,55,103,16,46,6,21,25,78,102,12,109,92,89,23
3220,18,13,10,89,26,20,95,11,34,4,6,5,8,15,24,12,14,22,96,7,74,3
3221,89,5,16,6,114,1,24,7,46,19,17,2,12,21,101,10,18,20
3222,104,14,95,23,21,92,6,10,34,62,84,11,116,18,9,3,102,88,31,16,36,7,107,8
3223,8,84,15,63,24,28,25,9,26,7,6,3,95,11,79,62,107,111,103,54,43,20,21,100,119,22,34
3224,8,63,2,25,10,6,23,13,24,34,4,117,21,57,27,5,89,86,107
3225,2,26,13,114,24,18,19,4,79,95,23,43,8,3,97,7,22,88,58,81,21,16,25,6,89,103,104
3226,8,6,9,43,84,15,88,11,4,25,63,12,18,102,10,108,34,79
3227,92,95,2,21,26,1,10,46,16,54,3,5,81,117,97
3228,7,10,9,55,14,100,4,17,20,104,91,95,77,15,47,113,114,84,119,13,38,21,102,103,107,101,5,90
3229,4,18,26,63,7,8,89,13,34,23,1,43,2,17,88,113,16,104,31,10,98,92,44,22,112,12
3230,34,12,54,24,18,114,7,21,6,89,8,117,92,13,26,3,5,9,14,25,15,95,4
3231,22,10,15,46,7,14,89,24,16,21,11,12,3,56,8,23,63,91,1,101
3232,17,34,1,20,89,19,22,25,114,119,84,4,3,5,9,23,24,2,18,15,46,83,6,59,7,106,16,96
3233,9,11,1,63,14,25,21,90,107,15,89,23,24,3,97,6,91,46,43,16,119,13,26,101,22,73,117,10,85,8,96,69
3234,5,10,26,2,6,24,3,20,16,17,19,97,22,11,25,107,1,7,46,84,92,43
3235,18,9,22,103,7,2,66,97,3,10,12,21,11,5,23,89,43,114,17
3236,7,111,63,87,114,84,15,18,89,25,5,116,20,115,73,93,14,43,36,96,92,40,6,78,91,102,79,23,60,46,118,34,74
3237,21,9,18,7,63,2,95,72,52,11,117,15,5,12,4,111
3238,25,21,10,22,4,97,11,17,116,20,12,13,3,44,95,57,6,8,54,117,47
3239,14,8,3,46,26,43,15,2,89,12,95,102,5,108,22,34,25,90,16
3240,21,16,15,17,6,20,11,117,3,13,88,1,107,10,19,116,46
3241,6,13,9,3,34,63,90,46,95,12,114,43,2,66,14,15,26,1,7,86,24,89
3242,114,19,89,13,10,17,111,104,25,58,16,14,109,15,1,3,116,2,55,76,18,54,70,62,7
3243,16,3,114,1,9,73,103,11,7,63,89,84,17,90,8,61,92,97,12,19,86,6,117,4,83
3244,46,2,15,103,1,16,7,22,89,14,11,23,65,20
3245,16,21,106,90,18,117,92,5,46,73,111,79,97,1,12,2,25,15,86,103,84,114,85,26,43,119,74,6,115,110,22,19,17
3246,66,103,5,7,15,92,17,14,88,16,20,26,9,104,91,81,62,12,21,118,23,34,112,89,94,24,97
3247,5,22,3,66,104,7,4,16,14,95,26,17,90,63,89,19,45,69,8,2,91,96
3248,13,26,97,35,20,21,10,107,46,55,18,17,6,22,15,7
3249,36,46,95,6,14,34,7,5,17,107,43,16,4,15,18,62,24,28,13,10,102,63,8,9,55,1,20
3250,17,34,1,19,7,3,97,10,14,2,9,18,66,21,20,70
3251,10,15,97,5,16,25,18,11,19,95,26,2,6,91,46,21,92,8,54,12,17,101,32,55,4
3252,21,12,18,19,8,26,14,89,7,114,84,5,46,11,15,83,16,97,24
3253,34,11,9,2,16,97,4,3,24,28,25,20,15,18,58,46,92,23,1,26,74,103,117,84,5,95
3254,2,7,5,97,11,89,4,24,102,92,26,103,34,18,8,12
3255,26,92,88,5,24,22,28,3,23,1,7,18,112,2,79,89,45,19,65,55
3256,20,2,11,5,1,19,14,24,34,23,114,6,26,54,89,22,104,84,16,97
3257,3,18,20,5,58,92,26,65,39,60,12,117,8,107,16,21,43,66,13,34,15
3258,21,15,24,7,1,46,114,89,19,58,63,13,104,18,100,25,34,117
3259,6,97,3,19,103,16,24,4,9,89,17,5,11,18,15,20,12,34,46
3260,8,23,55,97,5,84,7,16,34,10,66,93,21,20
3261,9,1,13,3,12,15,97,86,80,16,18,90,77,89,94,24,92,91,22,67,117,88,116
3262,84,114,18,8,24,55,43,2,13,56,16,3,14,46,92,11,34,4,110,31,83,100,81,1
3263,13,15,17,34,11,97,26,45,40,18,79,5,6,20,12,25
3264,26,24,4,3,19,21,15,97,17,59,20,25,13,5,34,18,11,92,28
3265,46,13,25,14,89,3,7,6,9,84,103,114,97,2,35,20
3266,6,12,25,117,8,97,15,20,18,5,19,112,14,23,26,13,2,7,16,87,65,73,34
3267,7,97,15,25,24,11,14,26,89,95,62,5,23,10,88,13,20,21,87,2,3,82,16,43
3268,89,39,5,16,8,46,11,55,97,104,2,107,57,4,15
3269,10,92,2,95,18,46,89,97,7,9,11,20,16,21,24,88,28,112,22,8
3270,20,95,6,7,13,17,14,11,101,34,63,1,91,19,97,115,5,119,2,12
3271,6,2,19,22,12,5,9,95,7,11,3,1,4,16,15,38,10
3272,55,7,8,2,15,26,114,11,4,9,89,14,17,5,92,108,74,54,73,13
3273,103,95,5,6,23,46,84,8,97,62,26,63,92,17,21,11,22,13,20,54,66,27,9,4,55
3274,19,16,22,12,26,34,6,4,76,10,95,89,20,48,118,44,97,46,28
3275,34,89,20,114,11,12,25,17,6,71,46,74,10,94,92,61,119,21
3276,10,5,114,46,103,15,14,55,81,95,25,34,119,96,1,4,54,104,68,87,29,11,42,2,90,70,24
3277,14,26,18,95,12,16,17,34,15,8,13,97,11,9,19,46,23,89,6
3278,6,21,8,14,34,17,95,2,77,7,43,55,23,110,103,88,99,115,46,107,97,64,57,15,83,10,84,13,76,72,54,100,73
3279,8,9,46,43,11,14,20,1,12,17,16,80,92,68,21,86,2,102,19,62
3280,17,11,119,97,8,95,20,10,21,13,1,4,104,43,26,6,113,33,7,14,15,68,62,18
3281,34,19,103,97,11,114,92,25,1,16,10,23,107,21,29,20,41,69,5,33,3,63,55,46,90,101,102,13,4
3282,3,18,22,7,12,9,63,90,10,2,11,114,13,104,23,19,5,21
3283,26,3,46,11,6,117,17,12,8,24,34,66,15,74,2,89,92,7,88,20,104,16,45
3284,19,3,13,24,17,8,54,85,22,48,46
3285,15,97,92,9,23,107,22,17,25,104,16,5,10,34,1,89,86,18,7
3286,18,1,42,15,17,114,6,12,13,9,19,95,24,104,34,62,46,109,111,8,85
3287,2,3,17,92,23,8,11,13,20,7,21,68,18,46,82,72,1,9,44,25
3288,7,10,13,26,6,9,16,19,1,24,84,20,95,11,34,50,106,21,14,109,12
3289,17,7,26,18,5,43,22,20,2,6,89,4,59,61,13,97,58,34,3,119,25,46
3290,1,90,5,103,115,23,20,87,11,14,104,59,106,65,46,6,10,97,7,2,25,22,9,15
3291,18,46,19,21,97,63,3,103,16,12,24,95,68,92,79,85,71,84,96,6
3292,7,24,19,16,25,63,38,13,3,2,95,109,46
3293,114,25,21,14,46,8,66,97,13,2,23,20,78,7,61
3294,19,13,89,34,103,3,1,22,74,9,5,46,104,62,115,57,109,95,76,16,99,107,93,96,78,7,6,24,117
3295,17,22,3,10,92,19,7,16,5,14,23,89,114,36,8,101,13,38,43,11,86,1
3296,103,43,112,8,24,107,97,21,1,46,9,114,26,13,3,16,7,102,34,10,6,19,11
3297,13,2,63,46,111,16,34,79,5,20,89,29,85,3,66,15,107,21
3298,7,8,25,18,22,26,114,89,11,66,6,1,17,16,43,97,14,15
3299,8,24,114,20,4,25,18,16,13,107,40,104,17,63,65,12,6,7,111,34,83
3300,114,28,7,20,14,13,9,19,99,15,119,10,5,16,4,21,6,81,34,55,103
3301,89,9,34,5,21,2,19,11,7,3,97,1,104,88,14,6,95,16,15
3302,1,89,19,8,5,92,63,7,25,20,12,13,9,4,71,46,119,111,82,24,62,14,18,103
3303,97,12,84,14,16,19,6,89,103,119,55,10,25,20,85,1
3304,46,16,92,63,18,97,89,66,110,17,2,14,4,8,28,58,78,25,111,20,23,55,24,54,10
3305,14,111,97,63,75,74,91,5,46,109,89,8,13,26,4,95,78,83,6,118,1,9,10,3,21,20,93,117,112,17,18
3306,2,46,97,1,114,21,81,3,16,119,7,8,20,79,17,23,55,90,64,10,34
3307,103,79,117,94,85,74,15,5,81,92,110,18,3,78,16,34,23,25,84,55,87,62,76,96,35,115,95,113,20,83,114,24,19,17,90
3308,1,2,18,20,8,79,34,7,28,89,24,91,23,43,96,110,16,95,15,13
3309,114,95,6,17,46,89,66,103,119,104,1,15,21,100,2,18,24,4,13,5,25,11
3310,46,1,2,15,114,92,108,25,80,10,5
3311,3,5,24,107,8,26,95,6,16,54,63,34,84,97,11,45,40,49,94
3312,20,18,114,92,85,17,107,8,10,14,80,89,16,4,62,26,33,1,21,87,12
3313,25,46,3,19,11,15,28,12,74,26,2,58,103,65,113,20,41
3314,18,14,34,1,3,63,101,90,26,107,92,88,106,22,76,74,8,2,85,62,43,95,24,15,115,13,10,20
3315,34,14,2,9,22,89,114,17,97,8,21,13,76,15,55,104,92,101,66,7
3316,14,21,114,13,25,15,11,56,2,57,12,45,7,32,38,18,20,19
3317,17,5,62,26,22,9,19,6,20,14,54,107,97,73,43,96,112,83,64,75,69,63,18,65,10
3318,18,9,16,3,1,14,26,89,2,92,27,12,25,13,20,59,6
3319,5,89,12,14,18,46,104,17,43,62,1,26,68,24,98,114,54,21,2,66,6,58,97,73,11
3320,26,22,3,21,25,55,17,95,23,20,39,64,114,6,13,92,45,89,78,24,18,101
3321,89,92,15,4,16,111,14,43,12,103,35,17,21,25,114,84,22,19,55,39,70,105,10,11,2
3322,5,89,7,4,25,63,1,2,60,119,41,13,14,53,84,12,10,80
3323,9,34,24,6,111,25,46,114,19,62,73,11,95,43,17,22,112,16,90,55,12
3324,89,26,18,65,97,6,92,20,24,117,114,43,7,25,85,67,95,77,16,23
3325,84,7,10,18,16,11,97,22,2,46,12,9,34,86,3
3326,5,114,14,34,3,20,19,89,16,72,92,24,12,95,77,88
3327,2,89,84,95,22,9,86,26,104,21,19,46,18,110,6,25,42,13
3328,66,16,15,2,9,1,84,24,10,14,114,6,92,18,49,25,109,99,23,55,28
3329,12,66,18,5,1,25,34,11,10,4,104,26,21,20,2,88,47,46,3
3330,114,11,12,10,16,94,28,7,8,26,100,103,95,24,18,102
3331,10,104,6,21,2,17,14,25,43,102,15,18,24,95,3,84,1,11,62,20,19,23,5,64,26,13,79,114,34
3332,15,13,24,25,103,114,18,2,20,22,92,14,1,56,107,7,8,9,55,88,21
3333,97,4,63,3,16,26,11,12,15,91,95,90,17,59,96,21,107,79,62,89,84,85,25,43,35,18
3334,46,3,6,24,28,25,89,114,100,17,14,21,63,66,53,84,95,7,19,1,16,8,20,117,96,75,10,104,11,119
3335,3,102,92,16,115,24,96,4,76,12,83,82,55,107,89,116,2,21,112,11,90,101,19,14,37,113,97,117,22,6,18,77
3336,103,102,90,13,111,117,1,18,84,92,89,61,11,95,93,39,83,107,59,15,10,46,43,7,35,85,32,3,62
3337,66,24,11,21,92,19,17,89,104,20,95,54,4,34,107,7,9,62,46,93,2,3,12,14,114,97
3338,5,18,3,14,23,7,17,22,10,4,19,107,102,26,45,95,103,9
3339,16,13,19,63,24,95,7,22,1,14,70,23,43,11,5,46,114,17,9,6,4,21,38,34,97
3340,11,8,18,19,46,26,17,34,13,84,23,1,88,94,21,16,93,3,92,2
3341,16,3,9,26,15,20,5,2,21,106,39,46,64,71,55
3342,5,63,2,23,21,89,34,8,18,9,75,1,24,43,92,20
3343,16,95,2,26,97,6,20,7,12,5,18,66,15,104,69,19,9,10,91
3344,18,22,11,8,6,26,17,19,12,3,2,28,43,10,5,1,59,79,9
3345,1,97,21,19,7,3,26,25,84,34,24,95,52,67,18,117,66,12
3346,11,114,2,17,22,50,13,97,15,18,16,95,5,25
3347,95,74,108,90,9,14,34,17,96,62,43,104,114,91,28,93,92,22,21,88,81,16,103,11,117,18,97,2,12,25,23
3348,34,20,14,19,22,92,72,16,115,18,95,17,63,38,81,1,29,26,104
3349,1,26,17,6,10,22,12,114,16,5,79,9,14,74,95,68,51,100,34,103,25,20
3350,8,11,26,6,2,14,114,21,22,25,4,89,103,115,108,85,91,23,20,7,112,73,24,90,111,27,12
3351,114,15,34,6,21,28,25,46,3,95,117,11,62,24,103,1,19,22,8,20,66,43,17,12,18,2,108,4
3352,46,17,20,95,89,63,14,84,72,13,19,18,44,51,65,8,16,34
3353,89,1,11,97,63,15,14,9,12,16,34,114,102,68,4,96,6,48,13
3354,2,12,23,10,21,97,22,95,18,1,13,20,107,28,119,96,6,4,19,35,3
3355,10,95,92,21,22,8,84,9,60,12,114,15,104,19,111,46,6,5
3356,114,19,23,17,18,3,26,5,111,58,63,14,69,16,27,46,95,6,15,13,43,73,4
3357,95,20,8,3,114,18,16,1,7,23,84,5,22,70,92,21,53,55,103,9,39,33,46
3358,97,11,25,92,13,19,17,18,95,7,55,58,111,12,88,10,24,104,46,9,43,21
3359,97,13,28,1,9,95,25,66,20,83,78,104,34,117,16,4,93,18,22
3360,18,12,95,3,13,46,15,24,84,16,21,8,4,9,7,14,67,34,89
3361,16,46,5,15,17,21,14,7,103,4,95,8,35,48,9,34,26
3362,63,34,1,25,18,114,14,66,24,22,7,19,11,3,20,6,10,99,13
3363,21,92,7,14,11,67,114,72,15,2,5,66,34,1,9,88,13,22
3364,15,16,10,6,13,25,17,18,102,8,119,95,21,34,3
3365,19,16,23,79,117,15,9,5,20,12,18,6,29,89,14,27,45,1
3366,3,6,26,114,84,9,111,12,18,19,86,73,89,10,25,23,43,97,5,109,92
3367,46,20,12,21,15,10,92,6,25,34,1,97,26,5,43,95,16
3368,15,17,9,13,63,12,11,3,4,22,28,24,48,92,114,16,84,21,26
3369,11,34,12,25,13,4,1,26,84,23,19,96,54,42,32,18,83,3,97,24,28,33,9,55,114
3370,9,2,24,18,17,20,15,7,114,21,13,19,103,16
3371,11,89,92,8,22,95,5,43,44,25,58,116,40,18,19,38,24,110
3372,26,67,118,22,92,104,17,19,5,109,34,96,18,4,47,87,24,3,46
3373,20,3,18,5,1,84,6,25,24,114,10,81,46,34
3374,18,12,19,108,89,28,4,20,104,21,26,3,84,95,38,79,49,10,7,63,111,97
3375,97,25,20,16,46,114,8,63,24,103,2,9,14,89,11,17,84,13,62,64,19,7,6
3376,97,5,11,7,1,104,92,110,22,20,2,34,17,48,21,79,64,100,102,26,25,68,19,6,10,3
3377,25,107,58,21,10,13,12,4,20,81,86,24,6,45,7,80,33,46,99,15,103,17,73,5,55,1
3378,46,22,14,34,95,104,84,3,87,10,97,2,11,55,113,16,112,17,96,13,89
3379,22,13,17,20,2,18,6,14,5,11,24,23,16,25
3380,34,63,13,25,7,24,46,21,92,26,20,114,6,10,102,84
3381,11,9,12,5,19,92,20,21,7,24,17,18,2,89,14,34,25,26,114,74,97
3382,18,20,34,22,14,16,2,25,23,97,5,9,11,89,27,15,21,91
3383,84,18,5,13,10,92,97,6,12,22,1,25,24,43,17,108,54,101,16,29,114,26,110,19,78,28
3384,3,19,97,102,103,117,43,22,34,6,23,15,95,10,90,9,16,39,86,1,113,5,7,24,110,106,107
3385,89,61,3,20,25,92,7,17,19,64,13,97,15,9,6,21,111,28,16,66,93,84
3386,114,18,25,63,10,7,42,68,17,92,29,105,89,31,20,90,3,85,26
3387,11,5,18,89,111,3,119,6,34,46,1,86,15,22
3388,20,46,1,15,19,26,2,63,95,25,21,16,84,13,6,36,5,34,67
3389,22,8,6,95,3,13,20,46,25,9,24,23,101,87,18,26,7,116,94,28,114,11,97,118
3390,34,22,12,15,13,26,89,24,95,21,2,8,25,7,71,10,16,40,55,84,44,18,80
3391,89,23,4,90,26,18,58,44,6,43,85,11,14,13,7
3392,9,19,104,84,4,11,89,25,20,26,50,32,22,13,17
3393,25,1,84,22,63,21,89,92,14,16,95,79,18,12,10,111,59,54
3394,13,19,34,12,9,46,14,84,2,25,22,38,99,6,89,7,92,107,26,20
3395,19,3,2,8,14,26,114,1,12,6,24,16,104,83,103,9,46,4,23,25,100
3396,89,1,104,23,46,22,14,3,96,19,97,18,17,5,95,10,92,114,16,87
3397,9,20,63,15,34,2,6,89,46,23,24,25,16,12,18,97,3
3398,7,114,6,26,66,8,34,5,12,9,22,2,24,55,14,84,1,45,17,16,23,11,3,20,25,19
3399,114,15,88,89,24,46,119,111,19,103,86,21,6,79,92,84,8,25,104,62,10,112,12,26,13,23,94,93,17,95
3400,25,20,114,18,2,75,106,46,101,34,43,104,6,23
3401,2,14,1,92,95,7,103,21,10,16,86,35,26,89,36,12,6,63,47,106,97
3402,19,11,84,95,6,2,12,4,23,89,26,5,15,25,21,34
3403,16,18,19,114,21,34,92,17,20,1,23,3,63,95,8,111,7,84,22,14,6,46,43,4,25
3404,22,46,92,6,21,2,13,19,18,24,55,20,11,16,89,29,8,17,101,23,14,84
3405,103,63,97,95,16,19,25,5,81,1,3,7,11,22,43,91,26,13,84,10,15,12,6
3406,16,8,21,12,95,14,22,92,4,18,44,6,20,11,43,63
3407,20,16,117,21,1,25,15,95,12,34,96,90,89,23,11,8,113,14,92,112,17,104,73,91
3408,11,21,92,9,89,20,3,2,43,42,24,34,58,13,90,7,12,25,32,17,8,16,111,109
3409,7,22,18,46,9,84,6,16,10,1,14,12,5,26,36
3410,9,2,7,18,22,19,1,66,13,45,17,25,30,10,20,54,63,4,16,103
3411,12,10,2,5,13,7,20,97,95,117,18,23,63,9,24,1,4,78,11,104,26,22,45,111,17
3412,97,103,34,13,62,90,18,102,89,95,55,117,15,92,28,77,40,23,43,3,11,91,41,72,21,42,94,19,16
3413,92,28,24,13,22,46,17,20,21,4,8,16,114,104,34,88,119,26,43,66,25,15,14
3414,5,13,97,89,24,2,14,94,62,39,12,90,87,6,10,1,26,95,74,46,23,92,114,7
3415,34,22,13,92,8,28,16,18,85,6,95,70,90,114,23,2,33,17,24,9,101,30,89,72
3416,13,55,14,6,84,1,95,3,9,7,8,12,34,16,23,25,106,49,19,5,43
3417,20,2,9,92,15,89,1,12,34,17,16,63,26,113,95,79,74,31,23,7,51,10,106
3418,86,34,92,114,95,20,43,5,25,55,23,63,97,7,10,18,17,28,58,46,107,78,19,117
3419,20,114,3,15,21,25,10,78,18,26,85,23,4,83,101,22,34,104
3420,10,12,114,15,63,16,20,22,21,6,1,104,58,2,95,34,18,24,19,55,9,89,92
3421,7,34,3,54,17,79,28,8,95,19,20,16,84,11,24,97,104,88,63,107,12,6
3422,20,15,37,86,1,19,3,11,24,110,25,95,117,94,10,58,43,89,119,22,79,92,46,41,103
3423,7,16,8,11,14,46,12,107,34,58,19,20,23
3424,9,5,7,18,26,34,6,89,84,95,15,54,2,19,3,55,90,13,111,28,110,12
3425,25,19,1,26,69,89,22,11,84,9,5,99,66,18,20,64,114
3426,5,21,10,114,3,97,12,7,1,14,24,89,18,15,13,20,8,16
3427,17,34,6,20,2,1,21,66,8,12,22,80,89,9,84,50,114,7,97,19
3428,3,17,34,26,63,85,12,20,10,18,22,25,99,7,56,9,1,111
3429,46,16,89,12,10,5,114,18,15,1,2,9,21,20,51,85,26,14,92,96,86,23,19
3430,84,25,11,1,21,23,20,7,43,68,18,26,28,44,16,12,17,89,104
3431,89,13,15,24,14,7,22,16,6,87,2,8,100,17,77,34,1,11,95
3432,17,6,14,21,114,23,8,44,75,7,15
3433,34,9,5,43,20,26,89,119,46,113,84,73,103,19,37,88,21,109,28,86,72,101,115,12,95,98,85,15,2
3434,11,16,26,2,5,20,58,44,91,10,89,103,92,102,17,34,19
3435,5,8,10,25,97,3,34,18,46,22,14,92,12,55,89,20,40,15,2,118,88,9,104,19,6
3436,26,1,18,14,23,95,5,15,11,20,17,94,34,12
3437,89,63,14,6,20,95,84,97,62,34,15,9,24,17,11,1,5,22,21,107
3438,14,24,114,21,79,19,17,20,26,91,92,95,6,81,113,7,16,18,8
3439,10,15,8,34,12,14,55,103,25,17,99,110,5,117,111,92,91,41
3440,46,8,14,24,3,20,93,92,22,36,15,2,18,89,90,7,17
3441,15,26,16,114,34,84,24,5,13,95,85,109,8,12,10,73,115,46
3442,15,17,21,7,10,92,104,1,74,18,88,108,89,34,95,19
3443,7,95,114,11,8,107,63,12,6,34,92,54,3,13,111,4,64,58,10,108,55,53
3444,29,20,12,95,23,8,63,10,6,62,5,15,34,4,13,97,68,21,14
3445,25,11,34,22,4,103,17,16,14,26,1,20,95,104,7,5,24,89,8
3446,12,9,7,26,20,8,63,18,14,31,10,89,28,88,79,1,34,103,4,102,23,25,3,11,113
3447,26,18,88,20,13,16,24,4,89,23,1,34,11,66,115,28,65,12,109,116,15,91,85,25,107,114,21,44,97,111,22
3448,13,21,1,14,3,15,23,113,25,46,28,47,81,84,61,9,10,16,98,34,97
3449,8,2,5,10,118,6,15,34,26,9,23,89,43,20,13,96,73,14,11,12
3450,18,20,95,2,89,43,21,3,112,114,15,118,107
3451,5,74,20,10,8,63,89,4,117,114,62,14,68,85,66,2,95,97,82,79,21,16,92
3452,21,34,2,37,11,18,114,95,20,22,103,43,97,100,85,8,89,12,63,24,23
3453,25,89,1,14,17,18,22,21,10,16,15,9,6,2,55
3454,16,26,114,18,1,20,117,9,12,24,4,89,96,44,15,22,90,6
3455,14,1,34,13,8,7,15,19,26,10,89,11,18
3456,97,12,8,17,63,26,22,20,1,10,14,4,25,18,5,11,6,114
3457,26,89,7,17,6,46,114,11,18,84,34,15,22,8,12,57,92,104,38,103
3458,11,97,19,8,1,46,18,14,2,6,84,25,5,64,65,63,13,16,117
3459,20,22,2,12,114,3,8,66,42,28,21,10,49,56,81
3460,6,21,2,19,9,89,15,27,3,8,92,22,17,84,1,10,54
3461,19,55,92,100,6,117,24,21,26,28,9,84,93,12,23,64,63,7,3,34,25,77,97,95,62,16,111,1
3462,7,1,84,103,73,104,92,46,114,8,85,55,110,93,78,97,16,118,117,74,56,26,109,80,24,22,3,20,9,5
3463,103,6,17,18,5,10,15,34,20,12,2,28,84,111,9,58,82,11
3464,46,23,92,3,8,95,21,14,55,114,7,11,90,97,103,16,12,19,37,10,63,62,99,24,41,106,79,25
3465,26,16,34,114,22,7,21,84,20,92,13,14,95,3,18,17,19,46,88,6,12
3466,9,11,5,59,92,3,96,7,48,70,97,16,30,84,89,4,101
3467,22,18,24,15,21,97,9,63,7,14,3,12,5,119
3468,2,7,25,14,84,18,92,4,22,104,5,83,91,23,114,107,24,26,8,46,102,95
3469,9,10,92,117,5,46,7,24,2,79,15,22,90,63,18,62,55,23,25,8,17
3470,16,25,97,107,17,22,18,4,3,24,28,21,114,99,5,34,65,20,92,89,11,14,19,46
3471,3,114,7,2,46,11,26,1,104,62,18,118,28,89,6,5,55,14,25,66,103
3472,25,97,87,23,7,117,92,18,104,15,28,13,14,64,12,34,77,22,89,78,35,88,110,8
3473,24,13,34,2,8,4,12,54,114,63,7,46,17,19,22,9,1,18,23,119,21,10,48,117,15
3474,6,15,46,89,26,97,20,1,14,13,12,63,43,10,54,35,59,7,45,9,24,104,21,95
3475,6,1,16,8,7,9,19,5,58,79,91,55,21,70,61,74,22,64,46,41
3476,8,20,12,97,2,104,26,19,24,6,15,34,28,1,13,63
3477,114,46,13,3,84,6,97,20,104,23,22,16,10,4,107,106,26,113
3478,3,73,117,24,13,16,65,63,34,6,54,21,46,35,62,53,106,57,93,2,1,28,83,79
3479,5,21,114,26,17,22,1,97,3,15,6,11,84,92,2,4
3480,8,9,7,24,114,17,19,79,107,23,101,55,46,1,111,90,20,2,58,103,5,16,72,21,92,26,60
3481,111,26,21,89,15,6,20,11,53,46,13,4,101,9,104,12,23,1,34,29,95
3482,114,107,11,89,46,28,5,9,97,42,16,14,21,4,1,116,68,55,2,100,7
3483,7,16,22,46,10,84,5,3,117,73,12,101,6,11,93,107,1,26,34,25,92,102,62,14,21,91,86,64,24,8,108,83
3484,1,7,2,18,116,21,24,46,95,80,89,19,79,10
3485,22,16,107,7,63,30,18,6,9,13,100,68
3486,20,10,7,34,18,89,8,3,114,6,19,92,98,22,21,97,5,95,62
3487,114,89,79,46,9,28,63,14,1,103,40,90,43,6,7,25,97,3,16
3488,114,16,13,4,46,99,7,2,8,12,25,89,14,77,84,81,97,34,98,18
3489,20,23,25,12,17,13,6,46,11,97,22,92,14,34,101,40,88,3
3490,11,73,13,21,6,117,24,26,5,63,18,12,66,9,20,22,19
3491,18,46,9,14,4,1,97,10,7,20,16,11,2,17,13,34,63,84,8
3492,12,15,11,3,24,7,104,4,13,114,16,19,18,103,26,34,1,74,62,89,111,10,58,17,53
3493,23,24,18,26,1,10,6,12,5,63,9,20,111,22,7,67,2,3,4
3494,15,17,24,5,102,92,20,114,3,4,2,14,84,63,28,82,41,26,16,44,87,18,65,21,19,9,36,116,23,86
3495,114,34,3,104,18,28,107,6,25,12,1,23,10,58,24,85,43,21,47,63,92,7,46,2
3496,7,46,95,21,2,104,97,117,114,5,8,24,18,81,6,26,105,13,9,23,17,115,66,1,51,34
3497,1,17,34,20,26,2,14,114,10,74,13,7,69,89,104,3
3498,6,63,43,112,5,26,102,13,117,20,46,99,1,24,18,37,85,17,107,106,111,49,96,34,62,16,97,23
3499,5,24,97,114,92,1,63,111,13,2,102,4,44,18,3,27,31,20,11
3500,6,26,10,3,28,12,14,97,23,21,63,48,34,68,102
3501,97,14,22,21,84,18,5,4,89,25,8,12,92,20,7,32,62,19,24,65,29,28,1,115,55,114,95,13
3502,95,3,21,96,106,5,79,17,18,77,84,61,92,26,24,54,22,12,11,50,111,90,104,103,83
3503,6,97,4,117,18,26,3,119,34,22,11,16,84,12,90,9,37,1,92,19,95,39,104,54
3504,6,84,2,10,117,12,19,29,3,90,24,7,14,62,8,42,89,28,58,16,18,30,56,92,110
3505,1,15,28,13,43,26,8,17,12,25,117,97,94,55,114,18,62,22,7,2,86,14,102,34,113
3506,9,13,1,2,11,18,19,3,12,23,111,34,6
3507,17,15,6,24,21,20,64,16,30,53,75,85,26,10,2,99,51,89,3
3508,12,9,25,103,111,119,17,6,106,3,18,96,23,84,104,11,14,16,26,46,20,36,79,24,49,77,19,92,114,110,55,1,72
3509,7,34,17,15,92,97,3,87,6,12,10,16,20,23,89,46,55,84,4,116,2,22,107
3510,26,6,18,97,15,5,117,114,9,23,16,78,83,89,34,10,87,63
3511,2,14,11,55,15,89,18,3,21,33,92,46,90,97,100,65,16,22,9,82,85
3512,8,22,14,89,3,95,97,92,28,102,2,9,15,43,18,10,114,42,63,19,33,46,93,26,4,23,13
3513,95,12,21,7,1,25,46,34,90,24,55,114,63,22,17,110,56,112
3514,94,92,34,28,10,95,8,97,14,16,7,88,19,6
3515,6,114,8,16,7,3,20,10,21,97,2,15,1,63,31,46,69,26,14,111
3516,22,14,16,6,87,24,5,92,2,20,29,8,25,83,65,18,119,44,102
3517,20,97,15,17,3,18,46,12,92,25,35,23,69,11,19,30,2,22,95
3518,66,1,19,63,95,28,17,11,117,104,43,8,12,16,26,20,84,34,46,21,4,88,14,10
3519,97,10,12,33,21,104,17,15,89,11,8,42,103,102,28,114,3,23,107
3520,10,5,21,6,23,114,9,95,12,18,13,8,24,16,61,43,3,11,26,19,17,55,104,74
3521,1,9,19,2,20,6,110,95,92,63,28,89,12,54,17,85,24,88,111,3,104,90,15,4,25,66,21
3522,13,25,95,18,10,12,24,87,80,89,14,55,2,21,63,76,17,98,3,97,58,11,35,64,115,90,96,81,86,73
3523,114,89,63,78,8,12,10,111,48,5,109,2,22,14,20,6
3524,14,6,9,89,10,12,103,11,20,43,13,32
3525,18,12,10,26,17,14,95,16,19,92,27,13,34,23,43,90
3526,6,25,13,14,18,84,19,9,117,95,1,63,89,97,96,99,83,50,55,24,77,23,26
3527,17,34,97,107,4,25,3,23,95,114,18,106,74
3528,7,26,63,10,20,2,15,114,8,95,13,89,5,79,38,16,34,91,84
3529,23,28,14,85,46,21,9,8,26,92,79,13,11,68,91,84,5,73,22,18
3530,17,22,92,10,20,18,95,24,1,23,5,62,93,6,114,19,13,36,4
3531,25,7,11,21,24,16,15,3,8,18,5,2,1,40,84,96,89
3532,114,14,21,97,5,111,26,46,110,58,89,15,34,95,44,10
3533,10,34,46,22,12,3,66,55,5,119,73,18,26,6,1,79,101,23,11,58
3534,6,66,15,111,19,22,85,1,2,89,104,55,23,10,26,8,96,3,112,83,84,110,79,64
3535,1,95,4,18,46,88,19,2,63,23,20,114,81,16,7,26,3
3536,10,114,66,18,17,84,13,28,26,79,1,81,9,117,12,2,63,97,32,57,19,7,25
3537,89,22,8,24,1,34,10,26,9,58,104,25,12,6,15,19,92
3538,114,9,19,20,10,26,11,18,1,5,8,3,34,21,46,17
3539,13,26,16,114,22,89,8,20,17,32,9
3540,114,11,19,15,6,31,101,17,2,12,13,25,20,7,72,9
3541,20,2,21,1,9,15,19,7,26,118,91,3
3542,6,21,14,22,20,63,97,15,26,17,62,5,24,13,114,115,1,12,4,11,2,94,46,7,92
3543,9,114,107,25,1,118,21,55,95,111,17,82,96,88,91,93,81,23,11,98,24,57,35,109,12,8,75,16,30,73,87,5,110,10,100,26,13,104,76,86,113
3544,15,10,7,1,16,27,91,97,60,13,64,8,28
3545,6,17,18,26,15,3,84,19,25,27,100,114,86
3546,46,17,15,95,34,26,6,99,104,8,20,108,55,115,35,116,81,89,12,10,5,84,103,43,92,79,107,63
3547,12,87,24,21,46,17,18,92,22,14,31,34,16,7,117,84,9
3548,14,8,104,116,20,25,22,114,23,17,3,85,21,16,5,1,55,19,103,61,9,62,18,40,66,6,54,107
3549,8,21,26,18,34,4,85,54,17,11,3,16,5,81,92,119
3550,24,8,4,89,18,10,26,97,2,13,25,34,21,95,6,66,16,85,101,43,11
3551,21,5,84,22,25,15,10,26,19,89,2,8,58,36,7,17,20
3552,89,2,7,63,74,73,46,95,85,19,55,54,111,15,3,25,5,6,92,9,29,26,70,21,119,88,13,96,104
3553,2,34,16,14,22,89,114,25,20,6,66,21,52,46
3554,16,20,26,6,25,5,8,117,17,1,3,15,92,95
3555,92,12,46,13,114,24,89,6,84,7,56,11,18,5,15,54,35,111,1,30,45,14
3556,12,3,92,97,22,7,15,9,16,4,35,1,24,25
3557,11,23,46,7,95,114,17,4,9,12,8,89,90,59,22,3,26,97
3558,16,7,4,84,111,11,23,46,89,14,13,8,34,28,3,18,115
3559,34,15,24,14,17,89,5,10,19,12,66,13,7,22,102,97,84,118,74,75,6,28,43,79,95,73,42
3560,1,23,26,22,17,10,15,33,25,2,12,8,62,116,21,92,28,88,16,85,46,54,72,29,20,9,43,14,73
3561,24,95,10,17,114,8,4,15,1,12,26,97,92,63,46,21,104,5,14,16,11,91,19,74,84,18,60
3562,14,15,9,12,20,34,19,92,104,16,114,97,73,95,46,59,10,6,81,103,18
3563,26,97,16,13,10,8,3,6,14,96,37,17,25,103,21,34,110,55,5,29,9,63,1,2
3564,95,9,18,89,1,7,24,22,11,5,12,114,26,20,14,10,21,4,73
3565,25,26,13,103,28,7,9,118,100,46,4,16,102,5,20,21,97,6,23,37,8,96,17,111,34,104,65,95,93,82,114
3566,101,84,16,46,12,117,5,18,63,1,22,13,92,81,102,19,10,94,7,2,97,59,15,24,11,9,25
3567,25,22,6,5,12,92,84,43,34,23,97,28,19,24,83,17,75,14,113,10,11,114,58,8
3568,16,22,10,95,43,6,97,87,1,12,38,25,13,31,104,7
3569,23,25,89,17,103,116,6,114,1,26,3,22,2,98,28,66,55,88,34,21,24,92,18
3570,13,46,7,11,15,89,84,92,37,95,16,100,31,25,17,22,114
3571,15,67,92,9,25,19,84,10,117,97,46,18,71,12,33,26,62,11,14,5,22,53,2,79,34
3572,8,21,34,17,2,18,19,10,16,43,15,103,3,1,9,13,90
3573,26,5,19,21,7,43,107,10,2,12,8,24,25,9,89,16,22,57,65,103,14,74,111
3574,1,8,9,46,66,114,14,104,12,3,89,11,6,20,34,18,97,49,10,52,83,29,2,21,103,55
3575,11,15,43,12,3,6,22,14,84,23,24,95,7,46,4,89,92,25,81,5,82,112,1,111,9
3576,16,11,89,9,92,6,23,7,97,8,13,25,15,46,20,3,22,90,14,62,83,95,28,18,10
3577,34,26,8,17,22,21,25,14,55,20,114,92,97,18,117,9,99,5,42,119
3578,18,15,55,114,19,8,43,107,26,5,16,20,102,96,97,88,11,91,62,76,23,83,21
3579,18,14,11,9,7,8,12,89,22,63,59,23,2,21,24
3580,17,8,12,10,102,7,13,54,89,50,25,22,2,24,51,65
3581,2,15,8,114,20,58,97,104,7,16,4,72,1,5,22
3582,7,84,22,11,16,10,12,9,26,23,21,85,115,74,54,58,6,14,73,18,13,8,3
3583,1,9,7,84,17,3,23,4,80,34,92,21,10,103,104,114,25,117,100
3584,21,22,66,25,15,46,6,1,10,12,7,63
3585,18,5,16,14,19,25,11,9,30,58,60,32,6,15,2,114
3586,114,89,13,8,7,3,21,23,2,14,17,10,20,92,88,84,25
3587,5,46,20,11,24,17,21,18,7,16,28,9,13,95,12,89,26
3588,18,97,93,92,3,55,107,19,11,43,91,21,13,111,7,109,58,117,29,105,5,73,1,34,22,25,103
3589,7,46,25,89,11,6,92,8,66,12,107,27,57,21,13,1,5,33,97,31,3,15,84
3590,114,3,22,63,9,14,6,66,7,15,12,30,83,25,26,18,5,17,4,24,97,1,19
3591,23,25,7,13,6,9,84,114,24,117,16,97,5,20,100,64,4,39,17,32,103,26,38
3592,2,3,21,12,14,15,79,6,65,97,22,102,1,23,89,104,24,9
3593,6,11,92,4,95,13,14,90,20,68,1,18,12,17,89,15,30
3594,13,3,12,9,84,20,34,6,88,63,24,4,19,10,89,66
3595,5,34,46,18,26,97,117,14,19,89,94,20,84,16,81,90,111,109,21,17,13,54,24,83,55,25,101,103,115,77,116
3596,28,19,39,103,77,54,3,11,89,91,99,100,74,13,97,16,81,64,27,80,17,22,9,5,12
3597,20,21,1,11,17,19,46,15,14,92,34,97,18
3598,21,25,15,7,114,34,117,12,97,63,89,9,14,26,82,50,13,98,54,106,88,22,116
3599,3,26,104,25,92,24,15,19,14,107,95,1,39,20,7,22,89,9,108,62,43,4,33,11,16
3600,10,55,62,8,2,5,9,14,20,90,92,4,63,112,22,87,23,17,26,80,75,28,24,16
3601,92,24,16,5,46,20,8,11,89,88,95,14,54,90,17,26,23,114,6
3602,1,26,3,18,23,10,34,6,5,21,12,4,57,28,55,111,91,89,25
3603,1,114,18,11,92,17,7,10,24,26,25,3,22,97,51,16,34,19,13
3604,25,11,92,9,46,103,84,34,86,114,104,55,12,107,117,2,26,14,6
3605,23,24,1,18,92,97,15,34,22,13,10,14,95,73,21,55,11,4
3606,16,34,25,26,15,107,20,21,2,114,46,79,1,104,11,63,8,9,84,55,18
3607,23,3,25,9,20,92,103,95,10,46,18,5,89,114,97,15,73,11,55,96,17
3608,18,26,3,9,34,84,23,95,15,25,44,5,17,24,97,56,73,114,13,43,94,14,11,10,55,102
3609,10,1,97,6,16,42,92,17,99,114,103,55,24,34
3610,34,1,26,4,19,24,95,9,22,10,92,27,20,17,8,2,21,101,12,14,59,74
3611,1,11,104,10,114,14,55,24,110,17,7,2,89,62,95,111,58,19,21,25,12,46
3612,1,12,13,95,103,17,20,3,4,5,7,34,10,6,79,8,104,2,46,63,27,106,22,85,19
3613,10,97,103,38,13,84,15,46,26,7,73,19,6,117,79,17,22,62,89,64,34
3614,34,18,95,19,20,10,88,55,21,48,96,58,8,107,15,24,84,111,3
3615,15,6,104,63,13,11,103,16,43,22,17,18,114,97,10,12,110,20,66,95,119,2,5
3616,14,10,2,92,34,13,46,89,84,24,3,86,8,88,25,12,9,61,15,119
3617,103,18,92,95,22,34,21,14,7,2,13,20,26,24,9,51,102,5
3618,43,5,95,23,97,92,7,21,10,46,89,22,26,19,8,94,12,16,34,117,107
3619,99,21,16,25,5,33,104,89,79,10,92,114,23,1,15,18,19,24,46,17,61,13,2,56,95,64,28,97,34
3620,8,114,13,22,97,10,14,1,107,34,28,5,17,2,26,52,6,12,15,84,25
3621,14,8,21,26,18,97,4,2,6,20,92,10,63,55,53,43,89,22,62,9
3622,92,24,103,5,22,6,10,23,66,16,34,20,114,32
3623,11,6,5,114,19,8,46,20,15,34,90,24,2,18,91,10,26,104,110,60,12
3624,25,10,34,18,26,22,20,8,55,24,29,16
3625,21,1,103,8,46,95,13,11,43,89,22,28,37,20,107,10,38,24,97,119,79,17,5,104,18
3626,8,3,24,89,92,2,84,5,9,10,6,20,39,61,43,19,70,104,1,100,23,4,55,114,117,11
3627,10,15,12,25,11,3,16,21,20,19,23,18,1,55,63,104,13,9,34,53,92,84
3628,46,34,84,8,13,2,23,24,114,4,20,89,3,111,92,14,11,27
3629,9,95,15,13,43,114,28,18,5,23,110,51,19,21,20,60,1
3630,8,24,104,89,3,10,63,20,14,21,12,16,19,23,119,39,52,9,57,66,53,18
3631,26,34,55,6,12,84,22,9,3,14,25,88,46,24,19,13,104,60,97,7,1,8,41
3632,114,20,10,89,13,1,63,92,46,84,117,22,16,115,12,23,78,24,55,70,5
3633,25,12,5,6,20,44,26,97,84,17,19,72,94,16,10,103,7,52,89,13,63
3634,8,4,14,2,11,23,6,24,25,89,22,104,83,117,5
3635,7,2,6,83,11,24,97,22,95,90,63,13,4,14,76,18,89,16,34,62,99,94,15,84,17
3636,12,20,114,46,95,17,15,26,34,14,5,21,25,94,16,8,3
3637,34,30,21,17,10,104,24,1,19,9,92,117,91,86,78,11,42,95,18,22,118,5,12
3638,7,24,19,1,17,14,22,4,92,102,2,100,107,20,91,54,88,9,119,104,5,96,21,115,101,94
3639,2,11,8,12,6,9,10,15,104,3,5,24,107,26,7,21,34,81,19,79,111
3640,46,92,20,13,7,88,50,28,97,21,22,94,70,96,9,107,11,117,111
3641,92,28,7,16,117,12,13,46,114,54,9,4,18,95,26,85,15,91,6,79,73,107,32,19,2
3642,2,22,18,9,89,17,55,117,21,15,14,39,20,104,63,34,7
3643,24,15,25,95,18,16,10,19,11,9,26,4,93,81,55,109,17,104,34
3644,86,18,6,113,9,11,90,100,104,12,99,7,117,84,83,25,92,80,85,2,34,93,115,23,89,4,109,28,111,22,63
3645,9,26,6,18,22,89,8,11,12,13,61,97,1
3646,51,21,114,46,11,91,90,2,92,8,10,17,110,97,14,69,13,5,16
3647,2,63,11,114,34,21,66,16,20,46,95,8,15,9,5,97,84,6,92,26
3648,114,25,7,11,89,14,19,20,9,10,1,16,57,88,8,17
3649,25,4,8,11,46,95,10,16,88,114,43,117,97,34,67,76,6,2,115,56,36,23
3650,7,20,6,117,34,49,14,8,18,24,13,27,22,54,3,12,10
3651,2,22,23,17,84,15,6,89,21,46,79,50,92,77,28,7,103,3,96,11,44,34,20,61,63
3652,22,6,21,14,92,103,74,16,9,25,2,10,34,86,18,46,5
3653,23,1,92,107,25,5,97,6,15,17,7,19,20,43,3,104,2,93,13,70
3654,5,84,97,10,34,3,8,13,25,114,63,19,56,81,60,31,17,79,66
3655,10,3,13,34,107,114,16,22,44,20,25,8,17,66,24,19,55,62
3656,12,3,13,20,22,19,84,17,16,25,1,46,4,103,74,26,97,28,24,63,95,15
3657,25,46,2,34,23,17,9,15,89,12,20,22,14,19,102,104,74,111,8,65,4
3658,15,21,3,17,23,14,106,92,6,25,117,5,1,18,19,71,95,113,13,115,9,74,4,26,111,118,85,46
3659,25,12,19,22,9,10,14,20,18,63,5,60,38,89,17,2
3660,22,84,92,19,8,114,46,14,7,16,89,12,23,79,90,113,25,102,5,15
3661,84,16,17,8,97,92,21,26,63,94,18,1,117,47,15,28,66,102,10
3662,7,63,4,20,5,11,114,84,117,28,91,95,43,59,102,92,54,81,8,46,15,55,21,18,23,16,12,26,115,34
3663,6,89,15,22,8,5,20,24,90,114,84,46,4,1,104,19,102,16,79,18,25,10
3664,6,51,20,3,8,89,15,46,16,1,12,95,104,13,34,19,74,35,23,93,106,14,28,29,10,22,4,90
3665,46,29,114,10,12,5,23,111,4,103,117,13,21,95,55,1,104,16,15,63,100,54,3,101
3666,24,92,23,34,103,8,20,114,10,9,13,107,89,55,6,17,67,3,5,40,4,1,15,2,25,12
3667,8,18,26,22,24,89,16,92,91,2,17,27,72,3
3668,66,114,3,13,12,7,46,28,16,6,4,21,94,26,84,34,89,95,23,9,15
3669,25,16,22,18,63,15,33,19,34,5,11,3,119,26,9,50,103,89
3670,11,92,104,89,95,4,8,18,6,54,14,66,9,34,43,16,25,26,28,84,62,19,67,100
3671,13,15,1,24,25,19,7,8,79,33,67,12,23,4,34,3,73
3672,2,14,92,97,24,6,23,107,15,1,90,5,4,96,21,13,37,84,19,114,111,99
3673,46,2,10,9,15,104,114,1,22,19,61,3,84,12,24,23
3674,11,34,99,63,114,87,73,14,85,103,22,18,104,9,95,26,79,84,28,19,20,15,92,25,119,62,90,24,93,6,118,97,66,74,89,77,110,5
3675,89,34,97,95,21,104,13,23,15,5,19,12,47,88,25,22,85,115,16,18,3,24
3676,34,117,87,114,6,89,8,24,92,12,19,11,9,31,30,2,107
3677,22,5,18,10,2,24,25,95,1,97,26,34,31,89,8,12,109,13,63,88,6,104,113,53,84,11,55
3678,20,26,1,18,34,84,104,22,9,23,95,67,36,17,25,43
3679,25,97,10,6,66,114,46,19,22,26,5,11,2,15,20,21,1,77,62,8,85,56,35,89,87,18,101,12
3680,26,14,9,46,34,13,103,95,15,16,24,17,28,63,43,91,4,104,39,2,8,114,88,69,7,74,6,3,12
3681,6,20,46,97,25,103,10,13,115,107,11,17,89,22,112,102,9,16,43,111,62
3682,34,18,16,89,97,113,13,25,100,3,14
3683,17,12,11,4,5,19,3,10,1,23,7,28,92,26,89,91,2,13,21,25,88,22,16
3684,26,18,21,34,63,92,104,54,103,15,24,110,17,4,109,99,114
3685,10,34,1,66,96,6,17,78,112,16,2,19,8,83
3686,84,95,14,79,97,46,1,16,13,34,25,2,7,22,52,100,18
3687,25,2,13,34,17,18,89,90,3,11,62,46,114,10,106,79,64,99,5,60,1,8,84,9,24
3688,12,34,107,8,17,97,66,26,21,1,2,32,114,14,22,55,56,7,49,11,84,40,6
3689,9,24,16,10,19,4,25,84,2,3,12,114,20,7
3690,17,8,6,2,84,25,12,19,63,20,70,29,10,1,115,95
3691,34,26,25,67,89,3,11,95,85,18,15,87,60,84,65,75,6
3692,2,114,104,1,99,11,46,63,19,6,8,15,22,3,25,38,81,28,86,20,72,10,85,5,97,110,13,17
3693,19,6,114,63,89,34,24,26,102,91,94,92,8,12,9,103,25,4,46,22,40,23,78,54,10,16,11,104,1
3694,6,3,10,92,2,13,20,114,14,97,34,95,26,66,4,54,105,16,1,12
3695,7,18,6,15,22,34,19,74,8,84,26,59,46,101,21,14,27,12
3696,19,34,14,89,25,92,8,9,88,103,79,5,46,21,40,70,63,76,16,51,86
3697,13,10,7,18,11,8,114,56,2,9,35,89,57,36,97,67,1,22
3698,89,28,18,11,5,14,77,114,1,3,16,6,9,94,8,97,45,7,62
3699,2,17,9,84,22,20,89,66,4,18,85,82,90,26,92
3700,16,2,14,18,97,34,9,95,24,7,21,85,26,20,23
3701,8,89,106,92,63,11,95,34,12,21,85,7,16,78,1,84,119,111,28,114,107,31,18,33,3,117
3702,34,91,73,107,23,7,82,2,18,15,4,9,6,116,96,1,25,24,43,84,5,93,14,103,46,21,12,111,99,97
3703,18,8,2,28,43,7,12,79,1,6,63,84,114,21,46,97,3,23
3704,9,26,2,46,3,7,23,114,4,53,65,111,16,89,24,13,77,25,103,44,18
3705,107,13,34,25,26,95,90,119,103,104,9,100,11,24,92,1,7,102,22,111,112,19,10,114,118
3706,95,46,3,89,12,114,6,17,53,63,100,2,7,51,107,8,83
3707,26,113,95,111,24,96,15,83,2,12,13,117,16,20,46,103,34,82,86,110,84,10,21,23,92,35,9,25,18,77,11,116
3708,34,24,25,26,4,7,13,55,15,92,64,101,94,23
3709,26,92,95,46,13,104,62,4,12,103,3,11,97,24,15,34,43,8,63,10,77,117,28,18,114,25,90,58,102
3710,114,26,63,14,5,119,13,77,34,91,92,115,12,17,16,6,72,10,22,117
3711,20,22,114,46,8,84,5,4,92,89,18,60,3,12,6,34,88,7,97,94,38
3712,17,92,13,34,24,15,66,18,8,12,100,9,14,63,95,54,10,119,61,114,20,11,101,43
3713,114,46,21,4,19,22,15,6,24,8,63,18,2,43,20,9,89,26
3714,7,8,73,10,16,6,21,90,14,18,97,24,2,5,23,13,25,20,114,17,26,15,22,95,89
3715,14,8,1,21,104,62,5,7,25,11,46,34,15,42,97,55,43,98,22,9
3716,111,22,117,13,25,7,20,114,97,14,1,2,3,95,18
3717,114,15,18,89,26,66,19,12,10,8,33,6,4,14,13,77,39,99,22,34,103,107
3718,11,111,2,21,25,92,84,117,14,1,12,16,13,97,43,62,55,103,20,17,3,22,34,74,101,5
3719,26,34,46,9,12,84,66,3,19,22,107,55,92,89,100,21,28,73,14,31,18,91,1,102,111,54,117
3720,46,7,20,63,15,1,34,16,117,25,89,13,11,6,43,23,36,10,111,17,19
3721,46,89,19,116,55,88,93,83,110,24,7,114,92,87,84,115,90,36,16,18,5,11,54,2,29,21,4,20
3722,8,14,15,39,69,73,7,3,35,6,19,2
3723,16,114,92,7,13,69,15,34,8,20,55,84,5,25,62,111,107,21,97,1,2
3724,26,11,8,89,92,24,14,10,53,25,44,117,107,96,59,1,23,91,108,2
3725,8,89,19,3,46,4,26,15,23,7,16,24,43,55,17,97,12,18
3726,79,70,46,6,21,23,22,5,12,117,90,27,34,77,88,19
3727,26,5,2,79,34,8,9,16,11,103,101,23,117,56,13,46,19,14,78,6,17,80,4,7
3728,107,85,88,97,5,26,91,103,89,23,117,79,96,66,28,11,14,63,64,34,9,22,29,25,24,35,39,73
3729,26,66,16,6,95,13,12,3,14,58,94,101,19,15,11,20,7,62,10
3730,28,10,26,7,103,17,34,8,13,24,54,85,55,63,21,18,22,66,84,19,59,45,92,9,78,87,101,94,90,16
3731,8,18,46,97,114,24,84,95,1,63,79,26,20,92,43,62,9,13,11,23,21,25,34,106,14
3732,66,25,13,34,21,9,55,20,43,89,95,3,107,94,17,84,54,117,85,92,90,1,97,14,4
3733,7,10,9,63,22,55,17,18,25,14,92,1,3,2,84,24,16,11,46
3734,8,114,34,84,20,12,10,5,24,97,17,66,16,90,119,15,48,74,67,32,104,13,93,3,23,19,106,91
3735,8,14,2,25,20,19,55,15,95,10,11,23,12,62,26,5,16,38,9
3736,34,12,21,9,46,18,84,25,13,108,51,90,74,88,4,77,16
3737,8,2,22,92,5,10,89,23,1,12,26,18,114,6,25,55,11,35,47,21,85,41
3738,92,107,10,46,22,17,114,2,89,9,79,91,16,34,4,5
3739,102,104,110,80,118,116,86,70,101,115,83,78,98,108,73,29,76,99,119,111,91,75,65
3740,83,85,79,106,119,94,78,118,103,74,113,87,96,75,116,92,48,80,77,115,86,81,112,21,95,55,73,108
3741,74,79,115,76,86,73,80,108,95,87,50,83,116,113,92,112,109,88,85,90,81,106,119,105,91
3742,111,112,29,96,101,113,92,107,119,86,106,79,105,81,70,88,91,78,90,99,102,76
3743,111,90,87,88,108,117,83,80,101,89,91,115,78,99,104,75,7,9,74,73
3744,110,88,77,105,102,83,91,100,95,98,107,104,76,109,24,85,79,119,54,92,96,73,23,116
3745,111,78,75,105,57,108,79,73,88,106,110,119,103,98,83,76
3746,86,88,112,108,77,103,105,91,90,70,79,78,85,19,101,92,98,51,54,109,115,74,119,60,82,71,102
3747,94,119,96,103,117,101,80,81,85,88,107,91,82,102,83,106,104,105,108,56,86,87,44,74,98,110,13,46,57,112,70,90
3748,111,109,117,54,110,86,88,105,60,74,90,57,119,87,97,94,73
3749,96,81,85,4,104,94,113,92,30,24,102,78,107,88,101,99,111,77,75,109,27,74,55,117,79,80,87,83
3750,73,98,96,76,109,119,79,66,105,110,115,80,83,107,90,70,84,42,102,78,13
3751,106,109,108,77,99,117,110,76,98,105,111,94,87,4,112,116,96,49,102
3752,94,116,98,87,76,91,81,117,4,86,77,82,100,56,93,2,49,108,99,79,85,38,83
3753,116,101,88,94,78,96,76,70,103,108,110,57,81,106,115,111,91,117,109,86,73,56
3754,105,70,82,85,90,75,115,86,119,107,110,87,29,88,89,99,4,72,81,30,10,68,50,111,73
3755,77,117,119,90,82,91,104,73,78,98,85,105,87,113,65,75,99,112,110,93,103
3756,43,110,116,73,112,101,104,87,107,103,55,108,83,96,91,79,23,82,38,4,97,78,109
3757,77,74,106,98,118,104,90,119,108,27,58,97,112,85,78,67,42,87,102
3758,85,82,112,116,81,111,105,75,118,104,80,79,65,103,30,102,73,76,4,48,88,90,72,66,61,96,29
3759,73,75,119,83,112,76,94,116,90,101,107,78,38,70,79,19,99,108,44,88,46,96,51
3760,28,74,70,113,81,98,87,103,112,76,101,93,109,100,88,73,80,96,119,111,54,106,110,104,91,6
3761,99,94,111,109,81,85,116,114,86,80,79,50,110,98,97,75,112,70,73
3762,112,87,83,115,116,101,118,85,103,82,77,57,119,70,89,117,99,67
3763,119,116,110,82,98,106,77,108,63,76,101,88,83,79,96,107,105,74
3764,87,109,70,74,108,90,101,102,111,113,78,115,76,116,38,11,118,75,98,117,110
3765,83,111,104,81,79,70,88,112,102,113,108,80,24,36,117,73,109,115,91,17,4,27,118,116
3766,94,81,87,113,75,95,98,85,99,110,68,80,37,84,106,108,115
3767,101,113,85,109,107,77,108,81,80,99,87,105,106,74,115,64,112,29,34,51,117,116,54
3768,117,94,99,83,88,78,102,110,116,90,112,77,57,82,105,80,36,17,96,108,79,119
3769,99,110,98,106,96,81,70,118,73,102,78,115,68,119,101,104,41,49,88
3770,103,73,115,23,86,116,76,109,106,83,107,101,102,74,111,108,85,13,104,57,87,93
3771,63,99,81,83,74,116,103,78,105,98,109,57,112,104,4,101,110,115,86,70,79,88,59,75,118,96
3772,83,75,101,94,116,100,92,117,102,107,110,81,78,91,82,31,90,96,112,93,104,57,118,73,86,77,103,85
3773,77,91,112,76,100,116,103,111,98,117,96,99,74,78,70,80,45,73,101
3774,88,106,77,116,90,97,73,99,96,74,78,107,82,26,91,21,113,111,51,53,79,87
3775,110,29,109,90,115,112,119,89,75,78,98,113,5,63,117,103,82,86,71,77,32,99,42,118,55,80
3776,80,75,98,88,94,99,74,90,70,79,29,64,107,51,104,78,95,110,83,117,115,105,101,87,57,102,91
3777,117,99,102,116,106,90,96,92,86,80,77,83,57,110,100,25,79,74,75,24,119,105,6,98
3778,109,102,117,86,66,87,14,119,21,57,80,115
3779,107,80,81,119,102,77,74,99,86,88,5,116,103,24,113,75,60,108,110,94,91,67,46,54,44,30,100,83,85
3780,86,70,108,83,103,99,88,65,102,82,73,115,116,46,105,98,111,75,117
3781,101,90,112,110,113,99,118,83,79,105,70,96,98,103,38,104,106,109,116,82,35,117
3782,86,88,113,87,76,80,117,98,104,78,79,82,118,100,90,16,110,115,70,57,64
3783,57,112,73,92,111,81,90,91,88,118,85,96,94,102,51,98,109,16,113,78,74,87
3784,113,83,110,117,85,82,105,111,108,116,79,46,78,81,80,74,98,75,107,109,27,118
3785,116,118,106,25,98,105,30,70,81,74,91,109,119,94,107,82,4,108,83,40,80,78,113,101
3786,94,113,85,96,91,117,70,101,76,118,98,109,115,77,80,99,79,7,108,111,69,116,78,47,81,75,4,104
3787,118,76,24,112,113,57,104,100,91,81,102,75,65,85,108,48,7,105,60,92
3788,113,101,91,107,109,119,81,76,88,108,51,4,70,103,102,100,111,24,105,75,86,94,116
3789,94,78,73,116,102,88,101,111,95,118,104,70,84,108,86,12,75,6,83,110,80,90,79
3790,80,111,70,101,87,79,29,76,109,115,106,116,91,85,108,50,112,110
3791,83,75,96,82,81,116,93,87,106,119,73,110,94,113,112,101,107,54,74,105,118,78,109
3792,119,118,76,112,91,79,110,30,87,108,105,115,93,70,53,78,60,31,97,88
3793,48,82,118,91,75,102,86,92,88,76,99,93,115,95,29,104,69,57,2,38,5,83,113,105,60,109,97
3794,90,88,83,119,70,103,75,108,109,78,116,46,118,76
3795,112,83,101,106,109,108,119,75,80,114,70,77,113,90,85,60,5,105,95,103,118,81,117
3796,115,80,100,74,108,93,109,117,73,88,92,86,68,4,106,98,99,34,63,91,47,20,11,97,90,84,12,119
3797,91,118,76,87,51,108,107,99,30,116,74,86,109,70,103,50,101,83,111,8,95,29,96,35,79,104,77
3798,98,85,90,111,107,94,119,110,66,79,117,116,74,54,105,80,46,88,32,104
3799,75,96,102,73,115,92,113,38,90,106,76,51,83,24,81,86,78,77,108,88,55,104,85,57
3800,113,51,85,115,109,116,86,87,103,117,82,100,94,81,110,1,74,108,4,88,70,75,91,96,118
3801,75,29,83,117,119,90,111,98,99,96,79,105,76,102,106,78,115,94,91,116,54,112,57
3802,116,79,94,111,96,70,29,41,107,102,10,73,80,91,110,74,30,64
3803,90,91,117,111,116,78,112,85,87,108,106,115,81,98,101,94,118,32,100,107
3804,87,92,78,108,83,70,115,103,82,111,112,91,24,106,101,118,94,114
3805,80,100,99,76,107,92,74,104,101,73,78,94,102,112,75,95,29,111,115,90,96,85,81
3806,111,86,119,116,115,107,54,70,108,76,29,98,78,109,77,101
3807,113,82,79,87,96,118,106,76,83,29,94,110,109,98,103,50,108,86,105,99,95,117,90,77
3808,70,111,119,78,94,86,85,80,99,102,108,116,106,44,79,74,87,112,57
3809,101,85,70,112,99,115,80,110,118,93,98,97,88,75,82,109,73,117,79,91,100,76
3810,118,73,74,119,70,81,88,112,99,101,77,116,82,111,102,80,92,27,114,63,56,106,54,94,108,105
3811,79,32,107,86,74,81,75,88,103,78,117,111,115,105,118,91,50,98,101,7,24,87,20,73,80
3812,86,99,76,91,80,85,106,74,116,119,78,29,98,81,102,79,88,117,115,83,87
3813,115,57,90,109,75,106,119,116,79,70,111,78,96,99,118,93,87,76,101
3814,111,96,78,115,79,77,70,99,75,24,100,118,76,106,117,15,105,83,49,82
3815,105,110,113,88,108,118,81,96,102,103,82,92,74,107,30,80,87,28,119,23,78,77,99
3816,116,75,113,87,85,86,104,109,98,76,112,74,90,88,92,102,78,77,115,106,101
3817,42,113,119,82,111,57,109,115,117,110,116,75,107,19,78,108,105,79,118,96,101,106,64
3818,91,81,105,86,73,94,77,78,88,87,113,75,96,14,7,70,57,109,76,4
3819,98,115,93,85,92,105,110,78,104,87,112,111,91,50,81,11,90,118,79,107,109,36,108,97,49,51,56
3820,113,96,98,73,95,75,103,77,93,99,78,80,115,104,91,57,74,109,10,2,50,58,83
3821,85,109,73,88,98,107,108,82,99,87,119,83,94,111,79,115,67,86,75,78,105,104,51,80
3822,109,70,98,111,99,105,73,116,100,33,77,118,74,30,40,115
3823,108,76,29,96,106,88,80,83,91,117,111,79,102,73,115,107,14,101,24,74,70,58,54,104
3824,106,116,80,87,92,108,86,103,119,73,79,77,118,14,91,7,63,101,5
3825,109,106,76,92,82,118,85,70,99,117,111,83,86,110,88,79,91,57,46,39,103,87,95,32,113
3826,118,75,79,107,92,90,113,116,94,86,57,99,80,104,69,117,32,115,76,85,29,110,23,27,98
3827,109,110,70,91,106,80,85,73,101,78,74,94,117,31,92,99,82,116,102
3828,105,101,73,87,88,86,70,117,110,99,109,98,81,79,102,37,64,90,103,30,43,67,65,111
3829,98,81,94,29,101,104,113,110,2,70,33,83,75,47,13,50,35,115,88,103
3830,83,93,91,87,112,106,116,76,85,78,86,105,70,119,94,118,79,80,82,103,101,5,113,61
3831,4,116,79,106,74,82,117,97,81,15,51,78,70,115,88,57,54,94,105,111,90
3832,94,111,119,90,106,76,115,4,85,99,101,88,79,75,98,116,110,77,105,73,102,70,86
3833,76,83,103,77,107,99,115,102,22,78,80,90,66,113,57,98,94,108,48,8,75,70,96
3834,94,109,87,113,73,99,91,108,88,86,117,105,118,57,96
3835,75,73,91,80,90,87,86,118,106,82,117,119,70,9,116,104,10,79,109,108
3836,109,74,105,57,103,117,88,110,91,75,107,98,111,96,38,46,54,78,99,106,102,92,101,100,115,64,53,76
3837,90,82,104,75,91,111,118,117,78,112,103,106,30,116,57,113,96,98,85,80,115,101,93,74
3838,101,79,116,83,74,90,108,78,107,88,111,103,118,54,110,119,56,117,75,87
3839,104,94,74,80,81,95,118,111,98,78,96,109,59,17,57,110,82,92,73,26,112,75,116,44,101
3840,80,105,75,109,85,81,101,82,100,51,112,102,30,118,108,79,24,76,29,90,77,35,93,57,91
3841,104,116,96,115,83,109,76,106,102,101,110,74,94,93,70,112,85,59,86,82,97,75,111
3842,74,87,86,90,106,116,115,103,101,73,119,88,102,81,108,24,100,3,79,112,2,111,118,65,99
3843,77,87,24,57,96,117,80,101,76,86,112,111,85,70,104,90,75,106,92,116,69,119
3844,86,96,99,118,107,105,101,83,70,116,106,50,110,76,34,113,95,104,103,98
3845,104,106,92,70,86,115,90,81,76,78,80,95,119,101,103,87,107,79,54,84,96,91,15,67,88
3846,83,94,70,99,85,113,77,106,98,90,73,108,75,100,119,116,82,118,96,112,86,81,103,117
3847,87,76,94,83,82,73,102,88,109,92,90,81,108,96,110,99,111,106,26,14,57,115
3848,73,82,116,77,86,94,79,80,81,117,111,70,30,97,96,118,112,10,108,83,88
3849,79,56,118,90,76,74,86,105,75,106,112,80,111,67,1,117,95,24,97,83,13,102,58,103,88
3850,81,51,118,73,88,96,74,85,103,108,91,116,98,104,105,75,102,41,13,46,78,37,110,80
3851,73,109,70,80,79,86,99,57,75,101,107,52,87,108,90,54,119,4,83,77,110,106
3852,107,112,98,95,81,104,76,119,85,93,110,57,87,4,33,51,83,29,115,96,108,113,73,94,102,84,101,109,105
3853,21,85,70,86,119,80,111,118,79,103,90,101,102,109,94,98,106,108,77,67,112,29
3854,118,77,73,101,112,79,82,106,92,99,90,94,116,109,103,76,110,30,111,97,83,91,57,80
3855,112,115,118,77,76,103,86,99,57,80,100,58,20,110,106,105,64,81,111,6,88,63,70,101
3856,85,80,87,96,106,112,86,76,77,98,115,117,105,84,30,75,116,31,27,108,110,90,81,104
3857,109,117,86,108,116,78,105,106,76,54,27,8,115,17,87,83,80,101,114,74,112
3858,88,98,103,78,117,76,82,93,75,107,99,86,80,118,109,100,104,74,105,87,95,94,54,96,51,77,102,106
3859,74,96,117,112,91,82,88,100,111,118,81,99,94,106,4,105,115,19,80,44,30,109,92,55,108,107
3860,4,107,116,74,103,108,86,115,75,80,109,98,78,73,94,70,113,90,79,111,101,102
3861,51,103,112,78,85,113,108,75,73,111,74,90,80,105,116,9,60,86,69,29,109,95,107,76
3862,81,105,76,94,118,107,104,91,101,77,57,109,111,87,86,119,80,70,66,116,85,95,97,65,72
3863,30,94,38,112,48,109,107,119,35,83,78,101,90,75,118,29,19,108,18,105,81,88,96,44,76,53
3864,116,93,77,57,70,81,91,118,75,76,45,110,49,111,83,87,39,103,115
3865,75,91,79,76,94,80,109,110,104,112,93,29,73,117,74,106,36,98,81,102,108,70,53,26
3866,80,92,77,90,106,119,107,87,96,104,97,4,110,99,79,35,70,29,115,88,50,108,48
3867,90,85,118,88,109,78,83,70,73,119,99,115,91,81,101,113,111,32,108,107,87,112,75,77
3868,118,94,86,96,117,57,104,90,81,78,109,19,13,108,91,99,119,26,88,101,77,85,115,75,112,80
3869,83,105,119,87,78,75,82,74,80,108,100,104,94,116,113,99,115,117
3870,110,96,111,98,113,118,90,87,73,77,114,75,116,76,45,86,88,78,83
3871,91,79,100,119,110,82,107,108,74,83,75,81,105,87,96,57,50,86,80,109,111,73,88,70,5,101,41
3872,57,90,115,119,70,91,116,105,74,65,93,96,30,87,73,54,80,104
3873,106,78,96,98,101,73,83,81,70,99,107,30,76,102,118,88,64,105,86,110,95,116,74,54
3874,90,87,88,85,57,116,111,98,79,4,95,109,83,110,107,102,54,117,82,99,86,92,113,23
3875,94,102,91,90,101,78,76,31,14,110,118,63,105,65,100,75,70,43,66,57,111
3876,106,111,118,82,88,86,115,101,100,107,78,24,98,116,81,91,112
3877,90,117,115,81,103,119,100,91,106,95,92,94,79,118,80,107,72,83,116,78,101,87,42,86,112,102,110,98
3878,80,57,78,105,91,101,87,95,118,82,3,74,22,13,30,34,65,85
3879,108,116,115,96,80,57,87,111,94,81,112,88,70,89,83,74,85,34,106,71
3880,109,83,115,74,96,80,98,86,81,105,104,92,76,113,79,39,90,57,118,102,53
3881,109,85,118,119,110,88,102,75,108,70,98,113,92,94,111,106,99,74,82,4,103,81,89
3882,88,109,70,101,80,79,73,86,104,90,82,102,96,74,106,108,34,113,78,103
3883,112,118,108,110,96,90,101,115,105,83,91,81,94,65,97,80,63,85,73,84,99,107
3884,92,90,29,70,74,103,81,73,85,106,110,105,113,77,111,99,87,109,115,82,75,80,108,104
3885,30,85,51,76,75,110,101,92,109,108,98,116,77,91,118,89,113,62,26,20,112,73
3886,101,74,76,103,92,100,85,88,99,83,90,75,29,102,67,7,109,107,116,108,56,73,81,77,80,30
3887,90,86,108,87,106,107,109,83,79,116,77,119,92,101,13,110,70,99,91,111,88,115,93,104
3888,94,76,109,105,111,101,87,96,70,103,81,108,90,119,106,57,102,115,16,107,79
3889,76,98,87,85,73,79,101,86,115,80,59,100,110,104,90,103,26,77,107,83,75
3890,104,87,119,112,116,88,111,74,80,96,57,118,108,86,106
3891,106,102,103,77,107,109,82,111,83,91,92,75,78,117,5,113,88,101,85,96,73,4,51,112
3892,105,119,81,118,106,46,109,102,73,116,87,92,107,70,54,99,75,41,77
3893,103,94,99,73,81,78,101,91,104,90,119,112,111,106,86,87,53,75,25,27,82,57,107,85,117,30,88
3894,99,90,78,111,88,91,116,75,74,115,113,57,56,21,106,29,92,79,118,107,83
3895,76,81,119,105,100,80,74,115,98,108,83,86,99,63,37,29,102,39,71,30,33,110,101,93,112,116
3896,74,85,79,105,107,87,116,75,112,82,90,103,118,89,64,73,117,106,53,23,56
3897,103,100,113,116,74,76,104,111,107,96,91,95,79,108,119,99,4,98,57,70,51,85,30,65,40,92,3,86
3898,94,77,80,119,106,73,98,83,70,116,74,87,112,78,75,81,54,103
3899,93,101,118,79,83,70,87,109,95,102,113,85,73,104,115,55,80,38,81,94,32,103,114,75,99
3900,77,112,74,90,110,73,57,86,35,96,70,78,101,75,105,76,106,88,63,102
3901,77,115,94,86,80,76,118,113,91,79,90,85,88,104,82,57,103,99,117,63,106
3902,93,29,113,117,115,57,85,90,75,92,81,70,77,101,65,76,79,52,35,106,118
3903,117,29,98,73,74,112,88,70,118,101,106,75,78,96,83,71,91,95,82,90,107,109,119,103,100,69,4,94,50,57
3904,116,115,101,94,81,107,102,104,106,23,26,40,83,91,117,33,73,90,103,110
3905,91,112,109,78,77,99,98,75,92,104,79,103,118,73,94,74,81,102,66,58,107,115
3906,79,87,112,117,118,78,86,76,110,106,100,97,108,96,115,98,80,101,74,75,83,32,57
3907,109,70,88,79,119,78,94,117,51,74,92,73,102,10,41,106,116,75,86,43,53,97,115
3908,73,101,85,81,77,75,108,105,111,91,87,112,76,115,74,99,98,119,83,33,94,79,109,17,78,113,104
3909,76,88,75,110,90,98,119,81,87,105,115,94,107,83,24,102,74,111,117,29,112,103,101,104,95
3910,103,104,95,96,111,112,113,3,56,110,106,85,73,23,119,70,63,78,86,75,87,98
3911,115,51,79,102,86,88,70,78,73,99,96,108,118,57,76,85,39,101,119,91,114
3912,41,77,74,106,80,87,73,96,110,86,81,99,112,98,104,12,57,111,19,100,68,107,90,103,35,29,70
3913,74,83,86,104,29,90,106,102,115,110,95,96,77,113,70,108,101,107,82,50,87,92,54,76,47,112
3914,81,111,91,105,119,112,73,110,90,76,116,88,75,2,83,103,78,106,80,94,85,102,43,99,108,24,118
3915,74,66,10,108,57,94,82,76,100,54,77,29,102,72,75,117,43,78,62,70,106,111,19,81
3916,57,81,107,92,104,90,85,102,84,79,54,118,76,101,47,110,100,18,70,27,96,15,87,116,103,72
3917,88,105,119,97,94,91,27,111,90,92,98,80,70,112,108,109,106,87,113,4,74,107,104,54,99,15,103
3918,75,106,94,119,113,73,115,82,76,103,109,117,83,104,61,78,102,96,111,118,45,90,108,97
3919,85,97,83,82,103,119,87,70,110,107,118,109,71,112,88,113,116,14,101,111,94,105
3920,90,76,96,103,78,117,112,110,82,102,116,85,77,119,113,86,108,99,73,75,109,54,66,94,101
3921,73,79,70,72,117,99,113,75,87,76,80,101,88,86,92,85,82
3922,79,90,87,81,70,101,112,99,74,102,105,104,91,92,108,57,35,75,107
3923,99,113,96,115,98,79,116,70,74,104,78,105,107,88,108,109,40,101,51,106,102,3,19,110
3924,109,83,70,92,87,94,107,117,78,79,91,90,62,106,99,119,118,66,85,86,88
3925,99,86,103,87,74,115,95,119,70,98,110,117,2,24,94,90,45,1,116,48
3926,81,57,70,99,107,116,112,119,102,76,86,78,109,106,92,98,67,105,85,79,68,87,30,29,72,114,56,108
3927,91,113,106,70,77,103,117,88,104,101,78,108,83,109,110,87,102,95,116,98,99,73
3928,75,96,91,113,116,103,101,107,76,99,86,30,117,50,88,31,69,80,100
3929,93,78,91,57,116,115,88,74,103,82,75,96,81,98,56,80,25,48,79,104,51,67,73,110,29
3930,99,87,118,98,90,108,83,85,113,102,73,70,77,112,49,54,101,82,57,75,78,109,91
3931,115,99,118,78,74,88,103,93,79,94,116,73,92,108,112,87,42,113,18,52,96,110,76,109
3932,94,77,78,83,112,82,4,56,75,118,57,98,73,85,101,102,74,109,113,67,51,96,76,81,29,103,119,91
3933,87,118,76,101,88,91,77,82,85,105,4,102,93,111,29,30,36,81,113,116,96,109,117,115,112,38,51,18,27,24,94,47
3934,116,108,94,99,90,111,79,115,85,82,100,80,8,35,93,86,112,81,119,103,15,101,92,75,70
3935,118,82,116,106,76,101,77,78,73,96,112,99,70,90,52,75,56,100,81,91,79,104,57,109,24,12,80,119,111
3936,78,113,99,76,86,106,104,98,30,119,109,90,80,54,88,108,100,117,95,112,70,62,115,77,58,67,96,102
3937,108,77,112,73,94,116,98,86,103,105,81,78,85,115,80,88,69,96,118,102
3938,113,111,80,83,88,74,79,98,112,101,102,99,91,77,100,30,104,105,86,82,75,66,51
3939,111,103,96,70,101,99,116,90,98,83,76,102,4,108,75,78,63,80,94,106,115
3940,113,6,80,92,106,79,91,88,78,98,101,103,77,57,99,85,83,5,107,90,112,75,29,56,32,111
3941,113,77,85,101,115,103,4,75,112,106,74,95,76,81,111,33,118,88,107,91,54,6,98,105,104
3942,74,99,87,109,73,70,117,119,101,88,29,104,58,12,107,30,108,75,85,78,92
3943,104,96,115,76,106,92,73,95,110,80,108,38,90,119,102,58,78,99,7
3944,108,91,88,76,86,110,87,90,109,82,116,57,48,74,85,75
3945,110,73,77,81,105,104,57,113,83,101,116,109,111,87,119,41,98,82,58,54,86,75,90
3946,100,112,101,113,80,74,91,92,70,75,117,95,116,99,87,81,94,110,111,82,106,90,107
3947,109,78,106,90,119,101,83,110,94,87,118,111,113,98,77,85,76
3948,91,113,76,90,102,78,115,107,87,73,101,116,118,85,106,82,74,70,88,117,105,83,104
3949,104,107,81,83,75,113,85,92,79,110,106,70,91,109,108,101,102,114,76,78,64,88,29,117
3950,110,115,98,73,81,86,83,82,29,30,77,51,105,85,79,106,48,103,8,112,114,111,11,109,50,100
3951,94,75,112,90,109,106,119,118,115,86,117,111,110,76,99,103,96,36
3952,106,76,85,51,109,99,78,110,48,90,38,74,14,83,112,115,93
3953,106,94,74,92,73,110,90,85,83,103,70,23,77,76,99,96,75,111,82,95
3954,109,96,106,51,76,118,113,88,79,107,4,101,54,81,49,57,119,105,95,108,78,69,30,77
3955,111,92,103,85,86,100,109,102,101,87,115,91,106,77,80,90,99,76,54,82,113,104,70,95,117,93,116
3956,109,74,75,78,119,80,104,73,86,12,116,108,30,112,71,36,85,57,72,105
3957,119,113,96,98,110,77,81,85,87,94,88,86,109,78,57,108,102,92,90,91,115,101,116,11
3958,57,106,105,80,112,88,108,99,98,113,75,92,83,76,118,30,22,73,116,82,114,56
3959,110,94,73,85,88,101,83,106,112,87,99,109,111,79,95,44,116,117,63,74,102
3960,74,83,57,103,117,104,96,101,99,98,110,75,81,105,36,87,111,46,116,92
3961,103,117,81,111,75,105,113,101,115,78,88,91,94,83,50,74,109,107,93,85,99,90,119,102,77
3962,29,102,57,82,103,93,111,116,109,87,73,104,95,86,94,77,81,106,78,108,99,70,101,50,69,30,15,68,88
3963,81,79,102,70,119,110,116,107,96,80,88,87,53,113,85,18,57,59,114,112,14,29,76
3964,99,96,87,107,109,73,101,76,83,105,91,117,104,43,98,116,85,67,111,100,57
3965,103,115,117,119,116,82,105,91,112,85,98,113,90,73,57,101,106,100,74,110,79,87,118,14,78,83,8,111
3966,85,81,82,111,70,102,73,77,83,91,74,109,113,24,110,106,108,80,107,95,94,67,116,112
3967,81,103,73,70,105,101,30,110,74,77,75,99,87,57,107,79
3968,100,78,85,77,106,96,118,73,112,74,98,81,75,117,79,87,116,115,88,105,21,3,94,57
3969,96,79,119,82,78,110,107,77,117,99,76,70,112,118,75,101,85,40,105,81,48,115,103,24,100,109,43,80
3970,29,88,81,80,105,107,78,104,86,94,75,6,79,77,56,66,24,73,92,52,106,116,91
3971,76,119,102,54,85,101,91,78,95,113,96,109,83,100,75,57,117,112,89,106,84,94,107,104,103,115
3972,92,79,91,106,102,96,80,98,73,99,87,101,72,119,70,86,118,81,117,115,107
3973,74,94,80,116,115,75,77,93,79,98,103,110,85,96,117,119,100,57,11,111,112,73,76,105
3974,115,96,99,75,87,90,80,98,91,85,30,57,103,67,106,116,23,112,110,74,77,64,107,78
3975,115,92,80,88,86,83,107,82,105,15,112,81,111,106,79,103,26,108,73,119,29,61,68,113
3976,96,74,24,87,80,116,104,79,76,42,101,103,4,115,98,75,51,91,65,83,70,54,30
3977,107,70,96,103,87,101,104,118,112,100,113,91,82,115,74,93,116,78,105,62,98,95,90,75,47,15,79,81,59,111
3978,119,96,91,78,80,107,115,88,118,86,114,112,54,73,71,79,98,25,94,92,110,64,24,75
3979,110,117,94,116,107,88,101,83,77,93,102,85,76,79,100,49,15,106,41,99,66
3980,77,103,113,119,74,110,108,73,70,115,111,22,90,78,99,118,117,76,80
3981,85,76,110,75,98,87,109,108,103,74,111,91,101,107,105,81,99,79,41,2,46,104,77,112
3982,85,88,117,109,107,116,112,118,99,86,78,54,57,108,83,93,80,92,113,103,21,8,76,37,17,104,87,101
3983,101,119,74,108,82,90,86,106,78,99,94,79,105,117,70,88,113,112,81,75,102,109,56
3984,74,109,106,103,96,82,98,75,110,77,105,91,86,71,116,102,79,87,70,92
3985,86,112,116,111,80,94,75,74,85,102,76,115,79,77,56,78,110,60,96,3,70,91,104,119
3986,74,94,92,91,88,87,102,103,77,31,75,104,98,118,89,99,70,117,110,96,82,44,47,95,80
3987,111,90,78,94,79,109,51,106,113,102,67,12,87,105,99,85,81,116
3988,100,82,118,105,65,73,48,94,107,108,88,113,102,78,85,96,109,116,54,51,110,86,12,115,43
3989,74,70,116,108,81,76,107,104,93,98,91,54,88,103,64,57,101,83,86,30,85,106,79,9,117,119
3990,112,57,70,76,99,109,82,75,116,74,88,29,103,86,106,108,80,54,14,111,90,98,85,81
3991,78,91,112,73,86,75,109,74,116,117,80,79,36,89,52,44,113,70,105,7,95,87
3992,83,102,117,111,119,78,108,80,79,116,85,110,87,61,70,94,90,30,99,76
3993,103,90,78,102,79,94,85,105,114,95,82,77,63,92,104,115,4,110,93,101,88,2,106,113,119,116,65,50,74
3994,111,57,90,104,76,30,77,75,115,112,80,108,96,105,116,119,91,94,81,87,82
3995,94,91,70,99,116,83,96,85,95,105,115,30,45,79,76,108,87,112,103,102,118,110,51,111,86,36,106,117,38,107
3996,78,112,108,119,113,80,110,91,115,74,86,73,77,85,70,58,96,98,118,95,99,49,6,87,102
3997,101,117,54,96,80,94,83,77,105,4,104,76,50,88,99,115,75,63,118,79,65,90,113,103,95,93,1,89,109,116
3998,76,78,110,113,94,112,103,93,77,73,118,83,55,102,35,70,79,85,31,98,100,88,106,87,111
3999,77,107,76,81,75,99,118,104,111,103,100,105,106,119,85,89,101,92,70,82
4000,110,111,76,112,108,85,115,57,77,119,106,109,78
4001,87,111,70,101,102,116,67,86,105,76,75,81
4002,79,73,90,96,94,99,71,111,91,98,74,57,85,110,95,30
4003,90,83,77,106,70,96,78,105,95,110,56,88,92,80,99,100,104,108,114,81,74,73
4004,94,73,105,87,79,102,117,91,78,116,50,81,111,99,80,110,51,83,103,7,62,106
4005,113,67,115,107,51,87,110,81,2,34,117,105,83,118,5,112,77,90,73,106,108,68,86
4006,76,91,75,110,98,96,94,108,95,51,92,74,103,102,107,111,40,80,116
4007,90,86,83,91,99,115,100,94,95,110,76,116,73,112,113,48,6,88,82,107
4008,101,110,88,109,76,77,111,86,90,85,99,82,79,102,69,91,116,118,114,73,117,98
4009,90,110,77,112,83,107,82,76,78,106,91,101,73,119,111,4,87,80,57,99,50,117,118,104,51,103,108
4010,77,73,88,104,86,117,118,85,115,90,78,111,79,101,66,41,80,74,119,35,110,107
4011,90,81,86,118,106,96,70,103,94,116,110,87,80,73,83,115,82,100,102,117,16,95,18,104,52,75,108
4012,116,88,90,30,112,57,109,106,76,72,105,110,103,78,59,86,118,113,75,98,56
4013,81,90,119,109,80,105,85,101,110,96,116,108,39,107,118,104,51,83,54,115,106,42,113,82,88,112,102,57
4014,107,73,80,111,110,112,79,88,108,31,93,98,38,60,116,12,39,87,28,75,77
4015,80,87,73,96,107,106,103,109,78,117,32,79,34,77,111,93,119,110,54,26,70,115,113,91
4016,115,57,75,113,92,94,90,104,26,116,108,73,7,82,106,70,89,110,105,88,68,85,103
4017,79,82,83,101,90,91,100,108,73,81,105,113,107,111,86,106,70,88,119,110,76,112,57,77
4018,57,78,115,81,29,70,73,88,112,103,74,91,77,93,94,98,118,87,83,102,100,90,43,85,111,82,80
4019,83,115,103,98,79,57,50,106,110,76,91,99,87,70,88,90,108,85,105,100,101,119,111,36,95,113,102,82,112
4020,57,29,119,73,90,112,108,70,83,102,96,89,87,104,113,106,94,109,116,80,30,51,56,105
4021,102,78,110,92,104,74,91,82,32,107,87,81,118,95,53,29,98,108,86,72,113,97,112,99,67,4,69,83
4022,79,87,115,100,90,11,102,81,76,94,105,118,83,56,74,98,78,80,85,113,46,91,101
4023,118,102,80,75,78,88,109,99,57,74,95,70,108,105,76,40,90,87,91
4024,107,103,87,106,105,83,115,100,118,117,108,76,77,109,98,85,70,110,90,88,101,73,65,68,75
4025,119,74,87,83,107,95,91,77,92,88,115,96,94,110,112,56,98,18,3,24,20,30,68,106,78,79
4026,112,29,82,81,116,119,100,79,96,94,98,30,105,111,109,113,27,110,108,50,83,95,70
4027,79,110,92,88,70,99,98,96,111,90,106,77,102,100,107,83,115,105,91,2,36,103
4028,80,94,88,90,119,81,109,76,110,73,112,107,31,56,75,103,57,11,77,32,113,118,111,106
4029,105,77,118,90,74,98,117,108,92,101,94,79,103,111,4,51,115,88,70,44,18,100,91,93,99
4030,111,110,109,80,85,73,96,107,49,75,99,94,87,108,86,113,83,13
4031,99,94,118,108,73,96,105,88,90,57,51,119,70,106,86,110,78,64,104,101,112,91
4032,75,96,83,110,91,78,73,109,118,81,87,85,113,88,104,99,107,112,5,29,100,77
4033,98,119,29,105,79,48,115,113,31,108,99,85,109,78,27,87,57,110,81
4034,83,113,30,85,101,117,103,115,82,66,75,79,78,6,110,86,51,12,106,88,109,91,81,97,116,98,108
4035,78,57,119,91,103,110,116,86,113,73,94,90,88,70,92,74,102,95,112,111
4036,70,29,106,76,91,74,107,112,80,73,95,118,88,105,113,64,75,51,83
4037,106,99,109,105,83,116,101,73,82,107,112,24,96,79,103,94,110,17,108,4,102,85,76,88,97,81,87
4038,74,115,57,73,101,102,100,116,90,106,108,113,104,105,103,91,112,88,87,19,75,94,111,64,79,93
4039,94,29,85,111,110,57,113,118,101,64,90,80,96,98,115,112,99,106,73
4040,106,51,116,83,110,80,91,108,115,103,90,79,65,104,70,94,13,60,84,75,119,99,113,107
4041,94,111,99,81,90,116,87,101,109,106,77,115,58,98,74,73,79,93
4042,54,103,76,93,91,95,110,51,79,92,119,108,81,73,90,101,106,96,78,4,80,47
4043,102,94,101,88,116,115,110,117,74,90,106,81,86,75,37,76,111,85,107,108
4044,113,103,117,80,94,92,110,78,115,74,116,88,83,70,111,108,79,68,1,85,107,37,98,86
4045,94,87,81,116,86,85,101,112,91,80,98,67,26,110,117,75,111,70,82,83,41,108,40
4046,99,109,113,116,106,83,70,91,101,107,40,81,87,117
4047,110,116,88,29,70,118,115,105,109,103,83,85,119,51,86,82,104,87,54,81,91,23
4048,78,94,75,111,118,76,29,51,116,117,57,91,64,30,88,103,56,119,50,80
4049,118,74,99,108,70,103,109,73,86,106,92,94,98,11,101,81,79,13,90,104
4050,110,98,81,87,115,91,76,86,82,90,74,108,112,67,88,117,54,101,13,80,79,63,105,118,109
4051,105,81,57,95,77,29,85,56,100,92,91,113,4,86,75,93,58,33,70,106,115,109,78,112,76,82,88,98,108,8
4052,73,81,116,108,118,106,112,103,76,111,115,74,91,70,92,77,78,105,50,75,96,87
4053,87,117,115,88,107,111,103,76,90,108,106,109,78,80,118,116,110,85,7,4,81,73,98,91,75
4054,57,96,98,110,83,116,85,119,79,91,51,112,118,109,88,90,107,75,19,21,69,73,111,115
4055,46,110,83,95,111,99,87,117,75,91,96,112,101,115,24,105,31,29,74,118,81
4056,76,109,110,105,29,116,104,100,75,115,30,118,91,70,106,84,64,99,102,113
4057,115,92,88,117,57,93,101,111,118,106,74,99,82,94,56,105,38,83,81,98,116,31,72,90,107,86,84,50,80
4058,88,111,98,91,101,110,112,119,81,109,113,108,76,54,102,96,118,74,73,30,70,89,105
4059,57,112,110,109,80,86,83,67,108,73,119,99,1,30,118,70,88,60
4060,77,86,90,115,99,110,76,119,82,94,85,111,116,26,75,117,67,65,102,54,88,74,50,106,112
4061,99,105,90,77,82,95,88,73,80,28,107,57,115,111,85,58,76,42,21,119,81,78,49
4062,102,57,29,110,101,107,81,118,115,85,87,86,117,73,96,88,98,112,77,60,80
4063,107,74,81,73,119,80,96,28,10,62,104,90,94,103,76,100,86,4,113,108,75
4064,109,90,5,92,107,85,103,115,111,104,45,96,94,102,87,70,77,119,88,14,93
4065,85,81,107,82,98,115,88,113,77,112,79,75,86,90,83,70,110,7
4066,36,90,105,115,108,57,116,77,91,79,112,30,48,110,94,74,29,21,98,117,54,73
4067,101,117,103,98,88,73,111,78,70,90,102,81,94,112,105,51,87,86,108,96,106,95,69,119
4068,115,82,108,83,117,70,111,76,102,51,44,99,103,64,75,80,68,35,45,12,96,109,90,81
4069,77,100,54,109,73,118,108,90,106,96,75,95,111,104,83,115,29,78
4070,54,109,79,88,98,95,118,106,92,78,75,57,85,4,119,29,108,96,110,42,93,90,102,12,80,43,76,63
4071,73,80,101,102,90,116,96,111,79,107,58,24,49,77,98,103,70,81
4072,91,115,76,98,78,20,75,104,101,110,109,105,73,77,96,90,113,106,117,97
4073,103,74,80,116,104,107,101,119,79,55,106,87,102,88,69,53,110,48,86
4074,116,96,81,83,70,75,112,30,110,115,102,37,73,87,106,14,105,113,41,80,79
4075,109,93,106,76,88,85,116,83,112,86,92,107,102,48,39,113,82,74,117
4076,112,91,30,96,90,109,115,116,119,51,111,87,56,101,11,108,70,94,77,2,28,113,73,82,107
4077,78,98,74,75,119,91,83,96,2,100,113,93,82,70,81,7,103,108,26,118,111,80
4078,87,105,116,102,109,106,111,118,77,90,75,101,108,107,113,112,1,104,94,83
4079,29,92,87,105,76,80,112,100,77,95,70,117,101,73,39,90,109,88,24,96,82,115,57,118,86,108,9,85
4080,107,99,111,119,112,113,83,77,80,75,109,23,110,108,88,48,73,69,117
4081,87,82,54,57,108,119,105,110,88,51,86,117,14,56,112,107,101,7,111,80,90,52
4082,112,83,75,116,102,70,86,74,94,82,118,119,76,106,73,10,111,105,85,49,87,57,29
4083,106,111,75,102,77,108,80,112,109,115,56,98,110,99,105,73,96,90,16,79,70
4084,74,85,106,119,73,76,75,92,78,91,96,24,77,82,114,70,113,26,98,102,64,99,116,79,7,48,88,30
4085,57,75,85,90,74,87,81,115,102,99,118,92,112,80,106,98,19,34,29,113,86,60,91,41,4,77,119,116
4086,93,113,94,29,117,115,70,86,109,98,95,88,87,51,97,75,41,65,99,92,116,100,77,110
4087,102,109,116,73,119,70,87,76,111,54,39,101,90,74,83,94,85,78,16,96,91,105
4088,105,110,98,109,92,91,64,112,99,80,90,96,118,76,87,95,116,108,12,51,79,106
4089,86,119,112,91,102,105,115,108,113,30,98,82,111,79,78,99,100,96
4090,78,103,106,94,115,95,84,96,4,99,30,57,88,75,116,48,98,39,26,108
4091,105,29,81,83,90,117,118,107,85,103,75,98,96,73,109,56,100,111,99,104,78
4092,105,38,90,78,87,101,98,94,111,77,80,108,84,70,7,107,113,109,83
4093,111,101,110,106,87,113,118,94,90,85,29,69,98,91,99,112,12,96,108,57,74
4094,119,118,75,104,108,79,116,78,105,115,102,86,88,50,107,68,73,99,117,8,110,45,111,57,66,85,70,42,56,109
4095,107,91,79,118,83,101,99,73,103,29,48,105,113,112,74,111,104,58,1,14,106,36,78,86,93,77
4096,117,73,78,113,87,115,116,96,102,57,74,99,109,93,70,112,103
4097,83,82,116,91,118,75,112,117,110,103,30,51,1,96,90,15,119,74,115,95,101,78,105,106,108,98
4098,90,74,91,80,112,78,29,110,109,76,108,113,84,99,116,70,106,96
4099,78,110,105,76,51,80,74,107,112,81,117,115,57,13,113,7,65,70,118,47,87
4100,108,79,110,106,85,73,105,94,101,30,113,83,88,48,102,87,90,119,99,21,103,76
4101,80,30,104,99,81,119,116,113,86,107,94,98,110,76,78,79,44,95,109,77,115,19,108,88,2,25,103,117,82
4102,74,30,101,88,109,77,94,38,70,110,87,83,54,116,118,80,99,117,111,112,91,100,113,33,36,86,5,115,103,81
4103,63,90,87,109,85,98,112,101,86,94,73,105
4104,78,76,79,74,90,94,75,109,102,105,98,72,99,91,96,38,110,52,82,112,117,60,31,86,54,106,57
4105,118,76,73,119,70,102,98,29,113,90,91,79,112,28,57,115,74,93,109,117,111,86,5,43
4106,79,110,77,105,103,94,91,112,99,102,107,109,85,96,115,108,30,92,80,52,95,17,78,100,49,86
4107,93,86,82,98,112,85,79,74,81,70,11,110,95,107,113,88,78,119,118,109,18,105,56,108
4108,117,112,113,78,99,109,106,90,110,88,98,12,86,115,42,77,96,116,119,85
4109,94,108,98,86,106,87,91,78,95,110,116,90,79,77,70,64
4110,108,94,86,90,91,96,79,107,116,106,111,110,56,112,98,36,93,99,57,78
4111,117,91,79,76,109,95,118,81,88,57,110,51,112,86,74,100,111,33,75,32,108,73,85,78
4112,107,111,79,108,91,78,73,110,103,113,105,117,115,76,96,118,98,57,6,97,87,70,99,88,77
4113,106,110,75,86,77,79,111,113,81,119,2,116,30,73,102,74
4114,88,106,81,113,77,29,82,102,87,110,58,108,30,115,70,116,111,73,78
4115,99,77,70,81,73,87,29,88,110,102,95,106,82,75,108,79,57,52,118,27,92,54,59,78,2,113,101,96,30
4116,99,83,91,103,110,82,94,86,109,104,108,88,102,75,70,116,113,41,63,26
4117,94,118,113,90,87,83,77,73,78,81,88,76,111,80,108,86,99,74,75
4118,73,102,106,119,93,118,85,70,107,99,53,101,65,86,45,75
4119,116,74,29,82,92,80,73,78,115,113,103,107,98,93,105,109,108,86,85,10,104,83,95,119,76,79,110,62,96
4120,75,91,57,78,90,119,117,99,73,86,29,35,112,102,103,2,89,34,25,83,113
4121,79,78,111,91,112,59,80,86,101,74,118,5,50,69,85,54,106,75,102,110,87,104
4122,115,83,82,86,116,111,108,85,78,94,87,70,81,117,54,107,119,60,109,106,8,80,105,79,110
4123,77,79,103,111,109,100,75,93,108,113,91,80,90,116,24,98,94,72,86,102,106,115,70,15,33,97
4124,94,96,103,115,101,85,106,113,88,4,73,86,111,90,87,109,93,82,77,70,76,91,112,110,7,79,83
4125,74,106,108,111,91,118,57,105,86,85,77,90,101,113,96,100,80,99,81,1,14,110,82
4126,87,77,98,115,119,100,74,73,104,97,85,110,111,94,58,78
4127,88,113,104,85,110,81,24,99,117,16,91,101,98,67,108,68,111,94,31,107
4128,109,112,94,74,77,111,103,91,88,118,24,113,83,80,92,116,87,104,117,108,90,36,96,100,95,29
4129,90,83,76,82,98,88,116,78,87,96,110,111,94,101,73,97,85
4130,87,116,118,88,80,101,16,111,106,119,94,73,112,48,86,109,113,105,20,92
4131,94,119,115,92,85,113,83,104,107,76,88,86,98,40,87,114,96,93,43,35,77,79,118
4132,110,79,96,77,85,113,117,107,57,70,54,102,115,98,80,29,104,74,78,106,75,50,99,114,103,90,37,101,53,108,4,91
4133,29,117,77,106,80,86,101,103,115,94,5,112,116,107,79,118,56,104,100,40,109,76,110
4134,81,106,83,80,90,119,74,88,87,96,98,109,113,78,111,77,118,82,63,115,86
4135,96,82,119,99,100,57,112,87,86,79,105,78,85,75,45,90,67,107,118,98,29
4136,119,80,78,106,74,108,96,105,58,109,83,90,75,118,115,76,87,22
4137,101,106,109,75,81,110,107,80,70,76,74,116,113,115,32,108,119,103,79,117,69,90
4138,101,108,88,70,91,115,119,77,79,86,102,80,60,87,113,82,90,93,96,99,118,57,110,116,112,76
4139,92,79,85,57,107,75,81,87,47,49,112,115,2,96,116,104,55,102,117,26,99
4140,92,102,110,107,112,115,74,100,99,83,66,88,90,76,79,43,119,96,113
4141,76,79,73,109,116,108,102,94,118,111,74,30,86,110,12,98,106,88,83,115,75,112
4142,113,91,119,115,80,103,83,116,74,108,85,34,75,96,117
4143,96,107,115,100,80,104,86,76,85,29,106,108,102,68,57,111,74,112,30,78,49,2,87
4144,96,104,74,83,107,117,112,76,85,102,88,82,101,113,105,47,33,109,78,31,106,103,75,25,81,99
4145,87,112,111,91,86,81,113,99,97,75,107,118,94,70,71,12,3,36,26,45,102,77
4146,91,80,82,4,111,73,79,115,77,96,83,88,6,86,99,116,98,76,118,104,117,81
4147,109,78,104,80,91,98,74,101,87,77,5,17,57,75,81,118,83,88,24,106,4
4148,100,77,83,80,104,113,94,85,81,79,88,82,111,108,15,102,106,115,109
4149,77,90,75,109,101,113,107,98,108,43,116,74,91,102,104,67,87,79
4150,74,110,101,87,117,115,113,88,86,76,116,57,79,90,96,33,75,109,46,70,108,111
4151,87,81,106,91,30,65,29,119,80,96,78,103,57,28,111,98,79,83
4152,116,79,108,110,94,81,29,76,105,102,113,78,74,66,80,86,73,115,96,51,70
4153,87,101,78,70,105,30,106,108,75,71,54,86,100,74,119,109,110,77,90,88
4154,87,92,70,111,86,99,76,93,113,94,80,118,112,73,90,106,4,88,61,110,54,56,72,79,108,96,74,81,117,28,78
4155,83,96,107,92,101,119,118,70,29,115,113,77,104,105,87,99,33,51,75,88
4156,96,99,75,94,86,117,118,88,109,83,106,81,76,87,113,33,116,100,65,91,20
4157,116,29,110,113,57,74,79,98,88,91,119,77,87,101,115,94,75,82,76,56,109,112,85,73,99
4158,106,88,99,85,87,101,107,108,83,96,115,29,116,75,24,80,76,117,103,81,113,65,78
4159,92,73,115,116,87,79,88,106,78,117,85,94,107,97,111,109,119,30,86,118,104,103,81,54,101,98
4160,70,99,98,110,87,111,105,119,90,108,74,106,29,78,102,101,94,118,88,91
4161,101,57,30,119,85,106,107,29,112,80,73,118,116,87,41,77,79,109,94,91,53,88
4162,101,94,78,90,96,108,107,91,81,102,113,80,83,119,75,111,88,77,86,104,70,109,82,4,87,57
4163,29,110,91,74,85,78,109,83,88,111,106,90,116,66,98,117,95,20,103,73,86,99,24,82
4164,111,70,57,98,96,78,86,87,106,117,85,88,51,119,104,54,110,42,2,38
4165,108,112,119,109,94,106,110,88,70,113,118,115,90,30,75,73,98,92,93,64,82,87,51,81,74,101,68,80,76
4166,77,110,90,98,117,74,102,101,116,104,111,96,85,91,78,59,113,108,115,97,75
4167,29,93,70,92,90,75,110,80,88,74,105,96,98,111,73,102,23,91,24,112,89,45,82,117
4168,105,94,91,30,86,116,57,107,85,29,113,109,54,110,111,70,104,101,36,92,108,112
4169,101,86,85,87,74,111,42,96,9,98,73,107,30,100,92,108,88,89,57,2,93
4170,99,94,106,108,115,110,109,101,112,90,87,119,83,118,75,102,104,2,111,103,88,54,116,89,76
4171,81,86,88,118,92,90,74,117,73,106,112,94,101,102,107,30,104,105,109,116,79
4172,92,86,103,119,118,73,76,75,85,80,110,77,98,87,81,117,74,101,78,96,112,106,84,104,8
4173,98,76,81,103,101,107,78,105,91,102,86,70,79,119,111,73,109,26,75,80,29,13,118,117,77
4174,98,115,108,104,73,109,116,81,79,57,87,112,78,91,76,43,118,99,117,102,74,2,111,85
4175,78,98,117,57,118,110,112,101,104,106,111,79,76,80,115,113,53,107,74,116,29,70,2,99,96
4176,118,101,90,99,96,83,85,115,103,102,113,75,108,73,94,67,82,86,42,4,109,53,78,57,110,58,107
4177,94,112,29,115,79,118,77,80,96,87,92,51,75,113,105,107,88,90,81,101,103,76,83
4178,96,111,91,75,119,101,77,85,86,76,94,98,102,108,106,73,118,56,74,70,112,82
4179,96,113,116,29,95,101,78,91,92,74,109,117,104,93,80,82,8,88,30,75,77,115,57,99
4180,76,98,95,105,88,94,86,115,78,99,28,52,87,108,81,119
4181,102,100,119,99,70,116,88,98,103,105,106,80,86,108,90,1,117,9,83
4182,74,29,113,118,70,96,101,112,110,98,103,91,107,6,19,64,41,88,105,90,87,82,94,84,116,43
4183,118,115,88,111,83,108,109,112,87,100,102,51,81,44,20,49,86,96,24,30
4184,78,74,87,116,83,82,80,85,98,76,29,57,110,102,77,108,32,90,106,46,111,91,105,4,101
4185,87,115,111,76,112,74,79,67,102,77,90,91,110,84,73,86,70,106,118,36
4186,98,85,116,99,83,101,91,75,106,111,80,79,110,109,65,76,115,33,95,107,74,43,70,92,50
4187,96,77,106,81,107,78,119,108,104,86,109,94,98,100,85,70,56,90,99,83
4188,70,94,88,91,80,81,95,90,102,86,117,46,30,51,54,101,60,119,87,99,111,79,12,27
4189,106,109,102,111,99,80,112,110,73,85,90,76,38,75,89,93,117,1,116,100,54,88,77
4190,108,78,86,77,110,90,96,76,88,107,81,75,89,109,80,30,91,111,101,112,79,33,85
4191,85,91,74,92,87,118,70,83,106,86,99,111,119,112,116,41,115,88
4192,116,81,76,80,110,96,119,113,98,115,75,111,70,105,82,86,104,99,87
4193,102,98,115,116,73,74,79,76,80,57,83,109,94,117,60,91,87,75,18,108,105,10,21,23,106
4194,78,73,99,92,91,87,76,86,94,103,70,112,85,42,90,74,79,118,96,104,119,75
4195,112,70,96,108,85,74,105,77,113,109,116,86,78,80,83,81,87,98,82,94,22,88,102
4196,106,88,90,116,94,99,113,110,112,103,75,92,93,102,80,107,73,51,31,96,89,56,108,43,48,78
4197,76,100,106,119,91,111,110,102,78,98,99,107,105,53,86,73,57,96,33,4,118,117,29
4198,115,76,90,106,91,80,95,79,86,4,99,116,92,85,33,82,119,49,66,73
4199,113,107,110,95,29,86,92,78,94,85,81,115,74,104,118,93,96,83,88,68,80,35,119
4200,117,106,88,119,113,87,94,109,80,115,76,111,48,82,77,105,52,96,99,103,75,83,108,81,79,86
4201,94,73,85,110,77,87,96,108,75,54,76,113,74,81,88,109,111,38,102,104,97,80,91,83,51,57
4202,90,85,105,104,73,96,118,95,115,109,107,91,77,101,117,81,108,56,87,114,119
4203,92,73,115,95,88,110,117,104,100,90,101,85,102,87,93,55,83,86,39,75,118,111,119,97,116
4204,106,80,115,118,79,85,75,108,76,81,74,117,100,10,113,51,87,78
4205,75,106,96,79,73,111,80,90,74,99,117,107,24,91,81,119,95,87
4206,111,88,115,86,75,76,80,99,103,78,90,102,36,83,77,55,100,44,96,81,109,39,108,116,112
4207,86,76,105,116,91,94,83,107,109,92,73,69,70,75,110,74,101,68,81,115,79
4208,117,105,109,96,82,74,102,94,30,112,80,70,87,101,111,76,90,29,115,41,54,103,107,118
4209,111,76,102,86,75,106,94,83,29,79,87,107,82,91,110,117,101,1,73
4210,93,118,54,107,80,88,85,105,96,29,86,101,95,10,115,111,66,68,90,117,71,73
4211,90,80,73,103,110,96,95,106,109,98,94,115,91,105,107,116,87,9,39,99,65,83,20,82,57
4212,93,117,75,100,94,108,78,107,81,57,79,11,99,109,22,32,86,88,84,104
4213,94,115,103,86,101,99,118,96,95,87,70,112,76,106,109,81,117,88,107,10,74,119
4214,70,94,100,29,112,111,57,105,54,78,119,95,115,116,73,86,109,114,6,75,113,81
4215,29,107,109,118,88,96,101,76,70,93,86,113,80,8,78,33,69,17,87,102,77,106,112,90
4216,83,102,79,87,70,78,76,108,74,117,77,57,119,118,113,90,99,98,23,103,58,109,75
4217,73,108,75,74,94,116,81,54,98,113,109,95,77,91,96,118,115,101,105,13,85,100,31,78,93,57,87
4218,80,77,102,101,106,112,103,73,98,79,46,74,78,94,90,70,23,116,110
4219,113,85,88,95,78,106,98,54,102,108,79,87,83,82,96,115,105,70,76,77,75,18,117
4220,74,90,70,77,78,107,101,73,87,96,86,85,76,50,81,26,36,80,1,99,103,82,94,60,112
4221,109,78,106,110,118,117,85,77,73,104,95,76,116,108,20,111,88,54,71,107,4,80,94,82
4222,90,78,83,86,108,85,57,80,74,103,107,73,109,94,98,79,106,36,77,117,87,102,92,71
4223,103,102,77,87,70,118,101,85,88,79,92,108,104,57,119,113,116,99,94,54,82,45,42,4,66,38,74
4224,29,73,79,70,105,119,86,116,81,74,88,110,87,83,98,52,96,32,103,47,60,117,112
4225,99,78,85,90,74,106,101,75,112,111,108,91,96,94,83,86,119,102,81,58,103,69,80
4226,117,77,79,92,86,102,83,78,98,85,73,103,90,93,100,2,106,81,97,49,80,115,112,96,29,41,13,113
4227,57,110,112,107,70,73,109,98,108,119,81,22,87,89,85,76,58,32,56
4228,73,77,53,91,116,98,94,30,101,109,105,75,112,43,95,83,38,42,19,118,81,82
4229,104,82,116,74,77,106,54,112,100,57,73,93,76,109,95,75,80,91,32,101,92,70,72,94
4230,79,88,83,29,73,113,57,99,118,105,97,116,66,47,108,39,112,71,86,70,52,78
4231,76,73,115,94,96,117,85,70,103,102,57,91,116,88,99,42,10,113,98,25
4232,110,76,105,100,99,85,30,82,116,78,103,74,101,115,36,50,37,93,87,106,118,83,29,26,90,109,94,107
4233,109,70,102,85,73,79,106,117,111,74,101,118,81,110,78,90,100,83,116,82,5,115,119,21
4234,95,76,81,119,105,107,90,79,118,80,85,70,87,116,101,111,46,15,86,74,4
4235,102,80,111,78,110,119,70,113,79,118,116,94,104,38,3,90,98
4236,91,92,29,76,87,81,85,94,111,54,78,36,101,57,102,98,39,119,2,109,93,75,113,110
4237,87,119,85,103,74,107,104,115,77,105,118,82,64,80,96,78,100,18,43,66,112,116,93,46,113
4238,81,80,70,94,76,74,101,57,51,104,103,78,17,4,29,30,69,87,83,100,109,110,106
4239,80,90,111,106,99,113,112,108,70,102,101,85,96,69,107,73,118,5,83,98,78
4240,87,29,101,54,118,81,111,75,105,107,99,110,15,98,115,73,82,113,40,74,95,100,79,85,70
4241,95,110,76,75,119,82,100,99,115,78,117,116,86,101,73,111,81,106,80,94,93,12,46,83,70,56,69,109,113
4242,108,57,94,91,86,66,115,116,106,78,82,73,74,103,117,119,113,88,92,16,26,107,70,76,24,104
4243,96,87,99,79,112,119,82,106,90,107,75,118,104,113,73,110,5,88,92,117,36,103,77,83,74,48,70,102
4244,103,79,111,80,88,74,81,36,101,90,65,78,57,116,112,105,77,70
4245,91,80,76,117,87,70,74,115,30,7,79,106,116,113,111,108,92
4246,107,101,86,119,79,99,113,105,117,92,88,77,36,70,87,37,115,81,72,29,109
4247,117,102,57,115,106,118,112,92,75,85,110,111,73,24,88,80,78,70,103,105,119,99,97,83,4
4248,112,51,93,103,111,77,94,106,107,102,83,108,98,29,14,96,119,110,114,33,86,75,43,3,73
4249,76,109,103,83,110,115,91,99,81,105,111,92,79,94,118,30,12,20,75,10,50,80,88
4250,99,91,106,103,101,110,30,108,88,107,118,87,98,35,90,76,75,38,116,112,109,83
4251,109,93,80,98,113,86,70,118,29,75,119,74,30,106,100,43,99,105,91,116,77,104,24,87,111,36,115
4252,117,81,76,108,87,109,94,115,79,90,96,78,113,118,57,101,80,119,111,77,25,1,73,102,106,97,99,98,100
4253,78,29,30,80,100,57,77,106,79,87,118,91,75,12,110,109,92,111,90,82,101,115,98,94,69,74,105,96,104,86,38
4254,109,44,111,98,110,80,113,87,96,79,70,63,91,99,54,94,107,78,74,118,115,101
4255,85,111,74,109,101,83,87,117,88,118,99,107,54,79,77,94,102,28,105,63,76,80,108,82,44,106
4256,90,99,54,74,85,91,106,103,102,87,82,75,95,116,81,31,118,80,41,119,78,79,70
4257,87,88,12,73,79,102,85,96,110,105,108,82,104,86,50,119,63,101,83,74
4258,111,91,57,85,106,92,90,54,78,87,74,113,72,66,114,46,7,34,81
4259,100,96,113,102,91,74,87,75,108,116,106,92,105,77,98,73,112,104,79,82,94,110,83,107,29,88,22
4260,90,18,85,29,111,112,57,109,98,107,86,92,74,116,115,62,94,105,97
4261,94,106,109,91,73,116,87,95,98,119,118,79,108,110,99,75,111,102,78,112,117,115,90,104,96
4262,118,94,116,115,88,98,104,83,75,85,80,19,108,97,109,54,31,77,86,112,96,29,72,91,103
4263,102,100,118,111,83,106,104,80,87,77,112,86,73,110,81,105,107,23,94,76,103,116,92
4264,57,85,70,95,79,111,78,98,119,106,107,105,83,99,73,87,77,91,94,109
4265,79,74,109,110,99,54,116,51,112,83,107,117,111,1,88,10,82,91,113,103,119,95,75
4266,78,96,108,113,102,90,73,111,99,107,101,54,112,77,103,118,81,57,106
4267,118,73,112,104,106,79,90,111,107,91,119,31,94,74,115,57,103,30,22,117,29,101,81,80,108
4268,110,87,111,116,90,81,57,94,98,91,106,80,118,17,102,70,74,78,115,109
4269,80,109,118,94,70,57,77,38,67,51,87,73,79,101,99,88,5,111,61,26,105
4270,92,96,108,80,106,105,76,117,101,98,74,91,67,29,59,75,111,25,81,79,54,84,86
4271,80,111,101,110,57,91,83,74,119,81,117,87,5,63,58,67,108,53,76
4272,85,112,96,80,77,101,78,98,73,107,115,110,97,90,44,13,86,67,119,103,95
4273,119,91,96,115,93,82,74,113,90,109,87,106,107,86,101,34,83,4,94,88,75,112,116,102
4274,88,29,107,110,98,83,82,99,79,10,111,96,86,117,87,73,38,35,20,60,115
4275,113,117,80,110,73,106,76,79,109,119,48,95,94,90,53,87,88,118,26,101,92,74
4276,118,108,98,117,83,85,77,91,96,82,99,119,104,73,86,79,1,14,58,107,111,70
4277,77,104,81,113,98,73,92,109,70,102,112,91,119,111,78,117,50,103,118,84,96,107,56,93
4278,96,29,83,86,79,105,91,101,78,70,80,98,63,114,82,87,106,112,88,74,109
4279,81,96,117,76,80,75,119,79,99,103,78,112,104,88,106,38,91,109,87,101,116,86,115,89,48,93,74
4280,113,75,82,103,104,91,102,81,95,57,79,118,93,98,112,76,111,71,115,96,94,109,78,43,83
4281,104,108,107,70,106,29,90,99,86,76,103,119,65,63,25,60,91,112,54,116
4282,98,107,83,112,99,119,57,29,118,101,79,90,104,91,12,80,105,87,21,116,109
4283,77,98,99,81,29,86,103,70,57,115,79,94,87,90,110,104,88,44,100,76,105,55,91,106,85,69,112,117,101
4284,78,75,101,83,76,70,117,119,106,79,73,82,57,105,115,96,98,77,80,99,81,88
4285,116,74,86,119,82,77,91,83,112,101,118,54,88,108,113,81,115,30,87,78,39,111,117,110,60,6,107
4286,79,106,86,81,73,78,94,42,75,85,101,68,116,98,96,119
4287,90,103,118,79,76,111,106,74,57,82,85,104,110,88,91,105,81,71,101,109,116,19,9,93,78
4288,103,107,115,74,88,98,111,96,83,119,117,38,76,78,85,113,86,104,55,92,101
4289,85,95,90,63,103,115,106,83,119,75,88,118,81,102,112,99,92,87,24,98,51,82,26,104,86,52,31,70,96
4290,29,98,91,67,90,115,95,99,103,102,74,109,57,93,84,45,69,104,112,106,12,101,108,85
4291,99,101,116,83,86,57,108,73,103,115,78,59,85,96,110,53,111,90,113,77,107,105
4292,101,29,93,70,96,111,80,110,115,106,26,91,104,79,6,89,94,95,108,119
4293,117,100,98,57,111,119,103,97,102,88,67,74,77,108,101,4,83,107,94,70,90,109,81,44,63
4294,90,109,87,107,80,73,119,105,95,102,52,57,91,99,101,35,111,86,116
4295,103,24,119,81,29,112,74,106,92,94,76,85,113,88,98,86,80,102,105,96,99,110,69,77,118,109,117
4296,108,119,90,113,75,102,79,94,106,83,44,87,73,74,88,76,68,110
4297,109,73,92,82,117,87,81,86,76,112,70,103,4,104,88,93,106,77,113,107,95,111,52,13,91,98,119,116
4298,110,75,112,119,106,90,108,103,57,116,118,78,51,88,98,65,27,21,115,87
4299,115,98,111,90,86,112,106,70,94,109,110,78,85,105,107,47,50
4300,95,113,81,98,87,54,86,70,83,117,111,65,4,108,75,79,102,88,104,80,110,103,30,109,73
4301,94,109,98,115,86,83,105,85,113,118,112,107,104,99,24,116,81,4,108,66,90,57,74
4302,98,101,73,95,83,108,118,79,104,78,99,111,70,82,110,113,53,103,56,106,93,88,43,74
4303,115,113,80,92,96,99,88,94,70,73,72,117,85,86,112,104,110,107,116,101
4304,73,112,94,88,119,99,118,92,80,70,107,77,96,117,90,109,74,102,60,101
4305,57,78,111,118,91,51,107,101,80,96,4,115,29,79,75,102,81
4306,79,118,70,111,74,113,73,110,57,75,29,99,94,83,30,76,103,65,101,91,21,82,86,97,102,116
4307,105,119,99,112,78,74,108,118,117,85,73,26,102,81,77,111
4308,80,91,92,112,111,96,115,83,109,94,119,29,103,98,77,100,106,54,15,74,56,117,82,113,118,4,2,102
4309,79,63,80,73,82,81,108,116,74,102,91,88,76,57,100,86,85,94,101,117,90,112,105
4310,78,116,90,94,109,107,83,82,92,108,95,81,56,98,75,112,57,88,119,114,11,29,101,76,89
4311,77,110,70,111,82,90,103,83,118,91,75,113,100,117,66,73,79,86,85,101,92,81,102,29,4
4312,83,75,57,115,91,110,96,111,73,78,116,99,95,74,90,105,109,82,26,113,80,48,97,107,70,60,100,119,4,104
4313,85,79,87,99,80,103,83,104,96,75,78,94,110,77,101,106,108,102
4314,81,36,56,78,85,77,70,79,94,49,80,99,60,88,115,97,73,75,117,106,10,76,104,119,33,48
4315,102,107,81,101,118,112,109,94,77,74,110,115,111,86,87,72,76,98,116,26,103,99
4316,112,115,70,109,88,78,82,30,118,113,102,117,91,76,99,107,103,23,100,74,83,69,90,108
4317,117,90,79,82,85,74,107,116,76,78,111,98,104,83,118,92,73,59,109,27,113,57
4318,112,115,88,93,103,70,86,91,74,73,99,110,96,77,109,68,53,113,51,116,38,63,117
4319,90,81,70,99,96,110,75,103,86,93,76,91,73,111,104,41,66,7,8,63
4320,110,36,81,117,85,57,106,115,90,83,101,103,88,79,75,109,42,21,32,111,94,8,91,107,52
4321,92,83,118,106,103,74,108,53,70,116,65,104,109,80,86,29,73,91
4322,110,94,109,117,79,98,83,70,77,99,87,91,111,118,90,74,73
4323,81,91,30,87,88,75,107,57,106,80,86,105,115,83,95,118,78,84,102,114,99,70,20,22,76,77
4324,92,106,109,88,78,81,73,108,86,95,70,82,98,4,107,104,118,110,97,79,91,96,63,100,116,119
4325,115,108,78,77,109,106,101,119,112,98,81,87,116,96,53,45,85,99,14,86,76,80,113
4326,75,116,111,81,98,78,112,110,76,14,101,99,106,108,86,84,113,95,104,87,97,74,94,105,103
4327,76,108,111,77,99,112,107,85,29,51,83,90,32,113,57,94,119,86,58,98,73,64,74,19
4328,117,80,100,81,98,70,94,78,73,88,82,112,97,115,116,108,24,85,67,74,102,30,109,119,86,79
4329,116,96,117,76,118,90,86,73,103,100,78,112,110,85,64,34,98,83,108,70
4330,109,112,113,96,75,98,80,74,94,119,90,95,83,103,115,70,62,29,50,117,100,86,87,51,91
4331,80,96,75,90,57,79,70,119,94,88,78,9,111,76,115
4332,70,75,88,57,108,103,102,78,95,96,90,99,26,29,74,81,117,8,46,83,68,98,73,107
4333,90,98,81,109,107,91,73,106,99,57,94,86,38,89,88,85,76,102,77,61,92,41,110
4334,78,29,81,104,100,111,88,75,85,108,103,82,91,4,70,57,87,119,114,30,94,102,80
4335,77,99,86,102,83,79,74,116,105,115,88,111,87,85,82,94,91,70,106,69,75,81,103,112,96,24
4336,77,54,80,110,117,119,118,105,75,91,113,102,74,24,57,28,73,76,111,108,99
4337,102,96,113,57,112,76,82,90,75,114,100,87,51,115,119,38,83,108,101,84,91,78,7,74,111
4338,70,106,82,80,116,91,83,112,79,119,109,77,88,78,87,117,73,92,115,96,108,118,102,75,31,14,101,94
4339,50,69,88,79,51,73,104,116,74,83,75,70,96,82,30,52,90,101,112,107,77,24,98,56,87,4,91,110
4340,73,80,118,81,105,107,50,74,82,79,90,103,75,119,95,88,70,77,110,78,104,115,59,116,113,29
4341,85,98,99,79,101,73,102,57,76,109,119,70,91,87,86,111,112,118,107,103,51,92,81,71,110
4342,108,86,111,117,99,70,30,104,85,74,105,116,69,115,81,80,75,112,78,106,63,101,102,88,92,8,54
4343,111,79,74,80,109,78,86,105,117,106,70,116,97,82,57,85,92,29,110,76
4344,102,90,75,80,105,91,86,87,104,76,70,112,50,113,43,88,116,81,67,108,52,32,111
4345,110,75,118,80,104,100,85,90,74,108,91,117,106,115,78,96,79,70,101,52,25
4346,93,77,119,75,106,108,107,83,90,117,110,100,74,82,57,81,15,95,102,43,73,88,91,41,87,104
4347,57,83,110,76,80,90,85,74,99,111,113,108,112,116,86,98,109,95,29,70,73,101,77
4348,74,117,109,116,86,79,110,94,106,57,19,101,83,77,105,90,23,43,107,108,118
4349,74,29,106,112,108,79,116,99,30,87,98,54,104,83,110,93,117,31,70
4350,87,106,86,99,74,98,90,112,76,94,73,113,83,70,101,111,7,79,78,116
4351,88,99,106,73,87,70,96,74,81,90,103,109,83,107,78,86,75,116,93,113
4352,103,91,81,76,110,116,87,115,82,75,108,56,118,111,51,79,93,83,98,107,102,69,104,113,88,117,23,49,106,85,94,100
4353,76,75,74,111,104,91,118,80,81,83,36,70,106,92,96,85,101,53,57,22,13,115,45,110
4354,96,75,85,103,76,78,77,117,119,116,90,4,87,99,91,95,83,86,106,110,31,80,98,112,30,44,42
4355,106,77,113,111,90,87,117,110,83,79,112,73,94,52,69,118,93,43,75,116,29,103
4356,98,119,70,109,74,80,57,102,73,86,2,104,118,54,83,38,29,30,113,110,111,22,96
4357,57,106,112,75,85,99,107,111,109,80,94,86,82,105,90,88,92,54,70,39,104,81
4358,73,76,111,116,96,80,77,110,50,107,98,82,85,104,119,103,117,11,87,99,12,94,70,30,67,92,83,106,89,118,105
4359,85,118,95,73,115,83,75,113,117,106,98,29,112,88,105,90,102,84,78,80,20,109,110,108,116,99
4360,92,80,119,118,74,77,110,99,56,75,106,102,76,91,90,97,107,81,112,78,95
4361,77,109,118,106,103,108,76,70,112,80,81,105,73,53,83,91,117,75,19,87,101
4362,117,70,111,102,29,106,76,118,85,79,74,113,108,90,83,105,103,92,91,63,39,86
4363,83,95,87,85,98,110,44,108,81,117,88,116,104,115,74,112,97,119,78,100,58,12
4364,83,117,115,73,107,101,112,85,106,105,90,103,76,98,96,88,16,28,74
4365,119,115,76,85,73,82,96,98,91,80,94,118,92,78,104,67,107,99,23,74,36,111,77
4366,101,86,83,75,106,108,111,88,107,116,109,113,119,91,118,70,94,117,115,57,14
4367,102,78,90,110,96,76,74,87,70,59,57,35,119,109,51,118,50,83,91,32,85,88,79,104
4368,85,74,110,87,106,116,75,117,103,94,70,99,29,108,54,118,35,113,107,81,64,83
4369,81,57,96,115,70,87,79,113,83,28,91,75,48,74,112,78,73,82
4370,101,78,108,83,113,70,73,111,75,85,105,82,22,99,86,106,4,81,49,102,55,93
4371,90,91,74,80,81,104,70,92,78,77,106,118,93,85,108,82,87,107,110,115,103,79,49,54,19,119
4372,57,108,88,110,116,105,119,90,115,77,107,112,104,94,79,96,91,100,4,118,109,114,106,86,10,99
4373,57,102,83,105,119,87,81,82,111,109,71,94,74,104,30,29,77,36,112,75,21,92,54,16,115,99,76
4374,110,90,88,117,77,104,98,76,103,24,106,109,69,75,101,74,118,50,73,105,70,86,102,116
4375,92,85,91,101,107,94,113,108,102,78,112,57,86,115,118,7,74,88,111,73,105,87,96
4376,111,79,91,94,96,112,105,88,93,107,35,75,102,83,30,77,101,87,52,86,70,95,92
4377,79,119,96,85,82,87,103,108,39,113,100,117,101,74,94,83,105,30,59,86,73,98,64,95,75
4378,73,88,70,91,79,118,74,86,94,101,98,80,75,104
4379,78,87,118,116,79,82,86,90,77,106,107,76,1,80,112,32,102,70,88,74,75,115
4380,85,76,77,104,103,94,83,90,101,80,99,86,75,79,111,91,88,78,116,110,87,96,108,57
4381,86,29,95,73,74,111,57,87,112,94,101,70,83,105,35,106,113,13,103
4382,104,75,112,117,54,73,108,85,119,79,100,87,82,96,88,80,111,38,64
4383,75,85,110,113,82,112,51,74,118,111,83,86,117,9,119,109,102,76,116,88,24,73,87
4384,111,119,101,112,108,74,107,94,102,80,75,106,118,70,73,76,85,52,110,23,82,64
4385,88,78,75,81,87,118,76,96,82,79,94,104,102,3,30,7,57,68
4386,85,107,105,77,13,86,112,80,79,88,116,90,76,78,36,84,111,92,63,70
4387,98,115,78,91,81,73,80,77,75,101,85,74,90,58,117,6,113,51,114,107,10,110,87,109,108
4388,107,106,98,101,79,103,74,117,78,83,29,102,87,19,90,115,86,73,50,92,82,95,91,54,112,104,94,96
4389,78,86,99,80,74,106,29,90,117,94,104,85,96,77,79,103,75,76,83,119,100,93,40
4390,99,111,88,70,98,116,73,57,105,77,112,109,51,33,107,113,101,86,15,76
4391,118,80,111,74,91,116,85,81,46,88,56,43,57,76,113,112,96,2,90,77,95
4392,93,86,76,99,77,96,94,81,91,83,79,116,118,108,88,85,113,102,117,80,104,51,75,100,110
4393,94,85,107,106,79,83,82,75,91,113,108,63,88,46,43,78,41,32,45,119,17,72
4394,57,107,113,104,98,96,95,102,90,70,105,88,116,117,83,80,108,112,94,109,110,13,48,76,87
4395,108,76,57,106,92,75,29,74,101,86,87,113,88,14,114,94,78,110
4396,91,70,94,74,80,108,110,88,75,90,87,112,104,77,96,106,115,29,50,107,73,111,78,54,76,42,100,117,44
4397,83,115,113,90,103,82,118,94,86,104,98,74,117,29,106,50,44,4,77
4398,57,75,99,90,101,91,73,86,96,59,4,106,2,83,74,107,111,80,79,64,88,94,24,92,54,13,60,109,108,105
4399,30,80,112,78,74,70,115,105,99,104,87,117,113,41,11,57,98,96,76,75,64,46,86
4400,112,76,103,106,79,116,109,78,98,75,85,36,96,88,18,102,110,105
4401,116,76,98,82,88,80,115,75,79,119,90,112,99,118,74,107,77,110,111,70,86,96,78,101
4402,110,106,76,73,112,83,100,90,113,103,117,94,118,77,81,91,53,80,54,119,105,50,86,74,15,85,12
4403,82,102,112,118,107,51,70,109,96,99,87,100,75,116,111,83,76,117,77,90,91,98,93,54,74,41,4,56
4404,109,98,106,77,116,83,101,115,119,87,88,76,11,92,110,64,103,57,45
4405,96,101,119,98,87,94,109,108,90,79,113,106,82,78,83,57,112,89,86,117,92,107,115,88
4406,116,113,111,101,98,82,77,94,102,90,85,76,96,70,54,110,29,104,83,63,12,23
4407,102,118,70,90,85,106,80,57,77,113,88,110,78,119,109,73,82,79,23,74,107,94
4408,78,111,79,86,99,87,119,98,81,57,106,101,80,73,118,19,74,113,82
4409,80,87,108,73,99,91,111,98,79,113,94,77,83,115,75,76,4,86,112,61
4410,78,115,112,88,93,104,83,110,119,86,111,82,100,94,116,73,74,108,118,52,102,77,48,68,113,39,105
4411,77,57,109,79,106,90,113,91,51,30,78,112,105,108,111,70,73,104,47,101,107,76,103,116,74
4412,75,106,108,118,86,98,105,96,109,117,78,77,107,90,81,110,15,82,4,113,112,111,95,83,99,85,57
4413,106,79,99,77,78,95,94,87,110,108,119,97,86,38,98,75,109,90,93,84
4414,57,86,102,95,90,116,111,78,107,115,76,101,4,113,24,30,119,112,99
4415,107,86,73,98,83,70,113,117,16,106,54,101,112,85,105,119,109,67,91,52,110,100,93,76
4416,83,111,79,112,98,78,57,70,117,102,91,119,87,110,99,75,76,96,61,108,86,35,85,56,80,115,73,105,43
4417,111,82,109,73,101,77,57,81,98,105,102,24,63,86,94,91,115,76
4418,111,83,70,96,108,90,73,76,30,81,91,80,82,94,75,27,8,61,110,109,88,13
4419,83,94,70,112,107,96,100,80,82,89,108,117,67,113,85,4,40,60,86,19,28,2
4420,107,94,80,83,117,76,73,99,110,112,87,90,6,116,114,88,77,118,79,106
4421,111,83,110,85,81,113,96,117,115,119,76,86,48,118,2,88,64,36,54,4,70,82
4422,85,91,83,103,82,97,105,61,101,102,78,52,86,57,73,113,93,111,50,79,30,94,76,96,51
4423,90,82,88,57,107,92,80,119,91,87,109,114,104,81,69,93,73,86,11,40,112,96
4424,78,90,109,79,80,75,81,91,70,98,83,99,111,88,95,113,37,85,46,117,115,19,103,104,92
4425,109,74,73,29,113,76,24,70,85,98,82,116,77,42,94,89,112,96,95,46
4426,91,4,101,110,87,95,102,116,96,57,82,74,117,5,94,81,69,107
4427,83,111,96,73,74,75,91,116,115,107,76,81,92,85,70,82,113,90,118,63,109,97
4428,117,91,103,99,104,78,77,30,33,110,73,85,76,70,111,96,118,4,83
4429,57,74,94,70,111,99,119,91,90,75,113,103,101,54,15,104,47,115,109,30,98,36,16,118,116,9,107,78
4430,91,77,103,110,73,83,112,113,30,107,105,88,85,96,119,92,80,25,93,87,82,99,117,115,109,86
4431,118,113,111,82,108,94,88,87,112,96,104,76,106,80,116,34,86,105,2,43,119,117,73,40,100
4432,94,90,88,119,76,110,103,75,108,74,106,83,118,109,111,87,78,15,116
4433,115,116,101,74,107,87,94,78,103,82,73,70,106,51,109,77,83,57,75,117,99,28,112,108,91
4434,112,85,91,70,94,108,82,117,101,90,111,86,104,69,34,78,105,3,80,99
4435,119,86,91,116,112,104,76,108,80,115,102,92,4,94,75,84,103,77,111,87,106,101,30,74,88,31,55,73,99
4436,116,78,83,73,108,77,115,79,103,112,105,95,29,85,106,76,90,70,82,99,11,110,91
4437,74,109,99,119,91,87,78,111,90,112,118,108,94,113,88,76,95,97,77,83,14,98,19,57,101
4438,73,75,29,78,48,7,99,109,110,41,79,102,105,45,90,117,111,98,57,87
4439,110,119,113,109,29,81,111,103,83,105,87,107,75,30,112,99,98,51,78,13,94,118,77,108,90,79,88
4440,74,79,103,101,70,87,98,116,119,29,107,73,80,100,110,109,86,94,113,115,99,43,108,78,54,106
4441,99,57,96,111,77,85,119,80,87,109,91,86,78,28,104,71,113,98,52,65,88,45,100,94
4442,101,118,86,110,80,107,74,87,95,93,109,102,57,76,82,70,73,106,24,96,111,91,116,112,60,41,83,97,104,115
4443,113,108,74,118,116,106,117,88,73,91,76,44,70,75,101,9,15,79
4444,104,115,118,93,82,80,83,96,57,86,103,47,40,110,54,98,112,74,113,102,27
4445,93,76,86,70,75,79,106,73,98,57,90,74,116,85,56,84,88,112,114,104,50,35,101,103,99,40,108,107
4446,81,119,74,73,101,94,75,86,80,85,98,109,12,115,106,77,96,63,29,91
4447,78,76,98,116,102,83,105,86,1,81,32,82,57,38,106,110,91,87,96,75
4448,92,82,99,78,83,88,85,87,90,113,57,91,96,79,86,109,95,100,112,116,43,70
4449,111,74,79,102,85,88,103,76,90,119,87,114,91,80,63,99,106,57,113
4450,74,91,86,108,88,95,90,107,105,110,109,75,99,76,96,115,80,51,89,106,83
4451,80,106,94,112,45,118,116,108,81,98,74,7,90,119,77,70,91
4452,75,29,79,99,83,118,85,86,109,113,88,107,110,65,37,108,80,92,106,57,51,78,20,102
4453,79,116,100,87,117,110,74,118,92,93,82,94,85,105,30,75,98,103,57,48,78,102,50,49,73,99,70
4454,88,75,101,98,110,116,115,94,5,86,77,112,85,78,29,80,96,107,89,90,119
4455,118,91,77,70,117,93,108,90,112,73,111,88,95,87,105,24,107,72,81,82,13,48,80,66,38,119,7,113
4456,102,119,101,85,117,76,96,115,77,88,81,79,69,111,86,87,108,1,75,36,24,61,29
4457,29,99,73,80,108,76,83,103,119,109,79,70,77,101,57,116,98,94,87,88,75,93
4458,73,90,80,109,112,115,107,96,101,86,77,76,102,106,104,64,75,117,103,119
4459,115,106,76,111,110,70,81,73,119,54,104,105,78,94,83,118,102,113,91,88,46,75
4460,79,112,101,76,110,83,78,99,75,109,90,115,117,106,87,30,91,98
4461,70,73,101,82,118,86,94,102,98,74,95,106,85,96,81,119,77,76,31
4462,92,113,70,98,79,117,96,76,119,57,118,77,42,80,116,75,83,100,101,66,54,60,81,106,108
4463,101,111,77,91,81,103,4,88,79,118,57,86,20,109,70,119,73,74,16,98,39,116,2
4464,100,102,119,103,74,113,115,96,108,73,88,112,82,70,94,105,77,78,57,11,95,76,89,93
4465,78,88,118,106,76,87,50,115,111,116,94,103,108,75,83,113,63,79
4466,109,73,92,98,102,101,91,113,104,119,85,117,90,80,88,79,87,86,81,115,2
4467,96,104,82,81,103,99,98,111,76,77,95,85,92,113,112,20,54,55,30,101,66,60,83
4468,95,75,87,117,29,80,119,111,57,110,83,109,76,100,91,118,116,107,88,66,32,40,14,113,70,54
4469,103,100,116,108,93,111,54,82,109,75,73,78,74,11,90,92,98,57,23,118,79,96,112,29,52,106,77,76
4470,85,104,30,98,83,76,29,102,113,74,6,87,79,114,118,103,81,107,57,15,115,95,119,108,35
4471,51,93,88,86,80,118,110,82,95,54,73,119,103,70,109,108,85,96,13,75,107,87,99,4,91
4472,77,95,117,109,70,112,92,105,87,111,78,101,35,46,3,115,62,102,79
4473,101,75,83,77,73,76,92,56,116,119,99,93,109,88,31,98,91,70,113,106,80,74,112,45,103,118
4474,79,70,88,98,78,4,91,117,96,107,105,116,106,65,39,86,109
4475,93,81,83,115,98,74,96,106,70,111,76,88,100,24,108,92,97,54,109,94,99,64,102,73,103,119,117,90,91,101
4476,111,75,108,85,86,117,87,109,98,80,106,29,51,115,118,110,94,11,70,52,37,102
4477,70,79,87,74,98,73,90,112,86,4,78,96,104,29,108,77
4478,50,80,96,75,111,90,117,106,41,118,113,39,57,85,112,116,108,81,115,107,42,94,83,101
4479,103,74,78,116,93,76,73,115,99,86,100,104,91,101,111,88,119,109,90,96,112,114,82,75,117,92,45
4480,87,94,82,90,101,104,76,95,116,110,93,83,100,30,70,57
4481,115,57,106,111,94,91,108,77,70,54,119,98,103,102,116,84,107,113,43,55,118,109,60,104,96,85
4482,79,38,94,57,101,98,110,113,73,87,88,109,99,112,96,91,111,76,18,30,29,83,1,70,105,46,90
4483,57,117,88,76,91,70,77,74,94,113,102,55,31,8,29,79,96,93,75,111,119
4484,80,88,113,86,119,115,78,77,107,85,90,101,75,70,104,79,109,93,105,81,112,21,60,9,92
4485,99,74,109,86,91,118,108,75,111,73,79,51,103,98,90,104,77,87,117,85,81,44,88
4486,105,96,101,29,70,112,116,75,82,110,85,51,94,50,80,73,11,74,104,30,81,44
4487,111,70,110,57,103,76,109,29,116,112,106,87,79,77,107,104,85,35,117,90,93,46,115,66,80
4488,74,116,80,107,106,110,78,95,86,50,37,88,53,29,22,68,98,66,101
4489,99,80,77,83,74,110,106,101,81,109,76,30,88,73,92,90,85,79
4490,110,76,105,30,78,75,115,90,47,69,108,116,99,53,92,50,88,62,113,54,109,119,70,106,87,96
4491,107,92,103,90,94,98,115,80,91,111,108,70,78,85,119,112,81,73,95,82,12,17,106,102,88,74
4492,105,118,112,70,107,90,73,80,83,109,29,111,106,32,116,88,87,113,7,75,17,57
4493,108,88,86,75,78,73,110,77,76,80,117,98,87,119,116,111,104,30,96,57,91,26,42
4494,74,70,113,78,92,107,119,98,96,85,117,99,88,45,118
4495,104,102,94,54,83,80,99,90,75,82,109,112,119,70,81,78,100,12,29,96,107,85,73
4496,103,92,90,77,57,70,84,94,79,117,76,106,75,110,66,4,105,111,81,24,107,78,12,118,59,55
4497,103,109,115,86,83,4,117,112,92,108,91,106,85,82,94,76,80,99,32,21,118,47,87,45,5,95
4498,112,98,108,113,73,83,115,88,80,85,82,70,75,95,109,87,94
4499,76,73,75,74,110,82,92,116,102,115,96,117,105,57,99,78,94,100,36,22,58,108,80,85,83,81
4500,109,80,118,111,94,85,83,96,116,88,81,74,112,102,119,92,16,115,101,87,103,57
4501,116,112,118,96,94,102,72,113,117,47,90,77,88,99,119,108,104,13,36,81,46,91
4502,113,118,76,85,108,83,86,110,101,103,119,112,75,57,74,82,70,91,88,54,80,111,98,114,102,3,78,107,97
4503,105,99,115,73,78,75,79,110,74,70,80,103,88,98,94,59,108,32,102,116,77,85,35,48,104,86
4504,74,94,77,101,99,88,98,119,91,75,107,70,30,80,4,85,5,59,57,108,95
4505,112,118,86,75,74,98,85,107,4,78,96,106,44,119,90,108,56,111,105,103,91,57,101,88,99
4506,119,102,111,116,94,76,87,79,88,85,104,118,90,70,54,81,63,74,73,115,59,92
4507,91,106,102,75,118,80,57,82,116,94,76,52,87,83,25,92,37,64,105,43,101,54,111,113,100,70
4508,52,113,101,83,99,94,75,85,103,93,105,117,73,70,81,86,115,102,96,98,80,90,20
4509,86,75,98,108,110,88,76,83,109,78,101,94,96,104,81,73,85,15,33,113
4510,92,99,82,103,80,96,79,102,110,104,70,114,98,111,108,74,85,113,119,73,78,84,51,69,76,34,112,117,86
4511,94,83,96,81,73,111,86,82,112,115,101,24,90,108,95,98,119,57,78,80,104,100,103,39,109
4512,83,80,115,104,109,92,76,102,99,106,75,103,90,118,116,40,113,101,94,110,59,98
4513,79,87,81,109,107,98,104,116,103,108,90,91,110,111,61,118,113,85,53,80,64,72,76
4514,29,118,98,88,96,117,99,75,90,74,116,86,32,4,87,104,101,59,53,107,119,103,113,70,6,112,56,52
4515,79,104,105,83,96,75,90,111,103,100,101,110,51,91,78,119,109,66,116,81,67,95
4516,98,85,29,111,75,104,117,90,86,92,38,73,112,115,54,99,102,119,37,3,118,101,9,32,96,24
4517,99,91,29,94,57,116,81,106,70,77,109,101,98,110,31,42,7,88,51,102,10,32,107,103
4518,81,90,78,94,79,76,107,105,119,83,96,112,117,104,101,85,75,93,37,111,51,98
4519,117,109,106,115,108,74,102,78,119,105,30,87,73,52,100,89,98,96,26
4520,29,76,101,94,115,46,117,118,86,78,96,91,57,64,116,81,75,106,74,107,111,1,99
4521,82,118,103,57,117,86,100,80,76,79,112,95,109,102,50,94,110,113,93,90,11,73,119,88,115,33,23,70,87
4522,109,70,93,108,115,113,29,76,57,105,83,77,111,102,87,67,106,112,45,80,8,86,90,47,85
4523,101,111,107,80,87,78,109,113,57,83,112,106,77,85,91,88,93,82,76,116,103,81,102,27,74,54,28
4524,99,73,74,116,79,119,115,109,102,87,75,81,101,17,88,82,98,107,92
4525,118,119,91,57,87,96,103,99,78,98,107,92,60,54,110,74,85,115,2,101,9
4526,79,83,74,104,101,91,109,110,116,78,108,102,37,107,103,85,47,94,90,115,113,105,95,69,119
4527,108,105,85,116,106,102,101,109,111,83,78,81,86,110,94,51,118,74,99,112,90,77
4528,76,78,111,91,113,98,105,100,87,92,83,11,55,88,85,116,117
4529,107,92,112,63,111,98,79,54,83,118,96,104,99,24,119,113,76,105,95,33,81,115,56
4530,117,77,88,105,74,96,99,109,75,101,86,102,87,119,104,118,95,67,98,51,110,43,83,73,112
4531,77,109,117,100,105,98,115,91,110,30,107,78,90,75,119,83,36,6,81,73,82,70
4532,99,105,118,108,50,115,90,102,75,29,82,104,110,119,87,96,80,98,70,73,83,74,19,109,111,15
4533,83,29,92,73,87,118,106,88,102,112,75,110,98,78,90,109,70,99,76,101,111,85,117
4534,54,86,57,101,96,110,92,80,117,79,119,98,81,107,95,82,52,109,112,87,118,113,90
4535,107,76,98,90,109,73,116,106,104,113,101,92,108,118,88,103,86,91,110,82,114,77,36,115,85,37
4536,109,77,110,112,94,90,106,76,91,113,100,70,78,103,85,111,96,119,86,3,83,101,7,108,102,74,104
4537,75,76,117,118,96,104,95,85,90,93,105,83,80,86,112,113,68,63,9,110,73,101,54,92
4538,108,74,91,80,88,90,106,81,70,77,85,119,118,95,38,116,79,96,111,115,75,92,110
4539,106,77,76,85,109,87,70,82,91,111,81,119,83,88,117,93,90,108,14,113,101,112,103,73,96,95
4540,95,76,111,94,77,30,112,87,98,103,118,115,29,70,81,100,105,116,73
4541,110,83,118,86,109,99,70,98,79,80,74,108,5,111,75,31,37,119,105,19,13
4542,76,102,101,79,83,98,119,103,94,82,100,93,96,105,78,108,118,109,86,88,107,113,74,29,115,117,57,106
4543,88,70,86,115,100,79,119,73,92,75,76,110,90,107,96,85,112,109,98,44,50,51,78,104,113,71,117
4544,78,79,92,107,77,100,106,116,74,109,99,118,76,101,84,91,98,67,17,108
4545,103,81,85,76,96,115,95,109,88,57,83,91,70,97,80,87,92,86,79,54
4546,112,99,81,118,110,98,83,31,87,85,96,106,1,8,39,82
4547,92,98,83,99,116,105,95,104,113,70,91,110,51,28,77,85,101,94,119,103,111,31,78
4548,111,107,51,80,115,87,119,112,102,85,99,116,94,105,117,100,29,109,113,95,38,47,77
4549,105,104,110,107,98,76,77,87,83,108,90,74,109,97,103,41,78,86,91,95,99,117,116,54,67,57
4550,75,86,85,102,77,106,118,101,74,119,108,79,115,57,76,28,80,82,104,81
4551,110,106,94,76,29,78,90,51,101,102,87,38,98,95,108,56,33,83
4552,101,119,106,116,113,81,91,83,107,75,112,105,79,58,109,96,87,108,14,78,98,82
4553,109,111,98,73,96,78,108,95,77,94,101,60,112,116,88,93,79,102,113,57
4554,70,116,77,92,99,88,90,103,50,105,30,49,93,106,74,118,21,96,75,86,38,29,65,3,64,81,104,119
4555,80,117,98,94,55,101,74,107,96,116,73,103,99,76,77,104,83,43,15
4556,88,96,112,86,113,80,87,76,73,110,119,105,91,115,101,117,48,58,90
4557,107,106,73,94,98,74,113,79,108,86,112,87,109,85,81,82,95,99,77,117
4558,115,79,70,90,105,91,73,110,103,111,116,104,51,98,52,113,27,106,76,75,109,44,99
4559,108,88,117,83,80,76,94,91,118,73,112,51,109,19,85,107,50,74,86,53,110
4560,78,94,81,79,106,77,113,115,86,74,85,76,103,92,102,110,93,111,73,109,80,57,91,99
4561,115,102,100,98,91,82,80,78,74,109,75,85,117,73,77,83,112,20,13,31,118
4562,118,110,115,90,116,57,80,82,87,112,91,76,104,101,51,119,61,99,74,92,81,111,113,94,45,67,30
4563,85,109,74,86,103,115,76,106,118,80,98,88,112,33,110,96,90,47,79,35,75,95
4564,109,94,110,86,90,87,106,96,70,10,105,34,79,81,111
4565,113,102,77,74,109,88,103,70,112,104,108,78,116,91,83,118,115,84,98,117,105,82,111,94,73,101,87
4566,86,118,101,98,109,75,115,112,83,87,81,90,91,99,85,74,47,80,105,76
4567,91,116,75,94,96,98,76,88,74,111,83,80,101,109,70,87,112,64,107,110,102,117,36,49
4568,119,118,96,83,116,80,112,101,99,82,110,24,78,115,51,106,86,70,102,103,79,9,107,97,105,104
4569,105,101,107,75,81,74,102,113,76,119,86,73,106,118,99,88,98,91,104,117
4570,83,112,98,116,118,80,107,106,79,81,41,105,119,93,51,95
4571,113,82,70,95,81,106,80,90,74,111,104,98,96,105,109,75,99,115,88,32,13,94,29,85
4572,113,98,104,108,94,90,81,93,101,70,105,95,115,112,14,117,77,73,26,111,54,91,116
4573,79,100,94,102,98,101,87,81,82,91,105,70,73,74,108,96,110,88,115,78,75,46,112,80
4574,95,102,106,77,105,29,110,116,99,30,50,54,103,76,91,111,109,90,83,101,65,117,28,79,49,119,118,73,31,86,96
4575,85,94,82,29,91,105,115,106,102,99,76,81,90,110,89,104,79,95,75,103,36,107,116,47,118,98
4576,86,77,80,100,107,111,83,118,94,76,85,30,79,110,109,105,104,10,108,78,115,113,57
4577,88,49,79,70,57,102,86,90,99,96,78,98,82,104,67,106,41,73,118
4578,119,116,74,86,101,115,93,83,118,96,98,80,111,91,104,87,77,112,99,82,89,35,62,105,52
4579,110,104,87,94,101,85,86,102,80,62,119,91,106,45,32,30,75,98,88,5,74
4580,109,110,96,101,81,91,76,102,115,100,98,90,80,75,57,77,86,68,65,53,52,60,118
4581,79,91,74,115,99,104,80,111,106,94,96,73,88,102,107,28,57,85,90,71,24
4582,105,77,91,82,112,111,83,106,74,56,110,118,80,94,87,54,116,85,113,101,90,108,104,35,78
4583,113,118,117,100,75,103,101,83,82,112,105,50,76,95,109,91,77,87,104,84,48,55,80,119,63,106,51,116
4584,78,118,75,109,74,112,94,54,111,117,103,24,115,116,102,82,73,80,87,107,60,113,96,90
4585,75,82,106,76,92,70,109,103,77,105,94,88,83,110,87,28,108,78,104,73,50,4,80,79,112,64,74
4586,76,116,103,100,117,106,86,101,93,113,118,81,4,90,112,77,75,94,92,119,82,80,83,108,102,91
4587,86,81,92,104,107,85,79,100,115,98,110,117,111,102,118,112,75,91,11,108,77,12,87,119,103,17,90
4588,77,93,101,98,95,74,86,54,116,90,81,82,107,73,100,118,111,14,106,5,103,96,78,117
4589,106,80,109,99,112,111,90,96,83,110,104,91,92,98,20,86,105,61,87,70,68,73,119,77,108,88
4590,99,112,111,82,75,70,79,110,56,78,30,23,57,116,86,87,7,62,118
4591,73,82,113,87,86,105,78,117,74,83,93,94,92,21,118,8,38,112,42,57,90,96
4592,81,119,90,111,79,91,99,118,96,100,57,117,101,73,24,75,72,112,107,8,102,5,1,83
4593,99,102,104,105,88,98,111,70,83,113,72,118,109,107,40,51,115,84,77,29,89,75,73
4594,104,87,116,109,113,105,112,75,92,119,108,50,99,83,91,78,90,94,65,82,57,88,111,73,106,77
4595,77,98,111,82,70,85,104,102,109,107,116,100,90,24,83,75,14,46,87,73
4596,108,79,76,82,98,83,81,112,106,113,86,78,99,91,117,95,57,75,44,45,110,107,15,12,5,60,18,103,101
4597,118,80,108,70,77,98,101,56,110,105,30,115,104,116,92,76,91,82,89,17,13,75
4598,105,102,119,73,81,111,87,108,118,74,79,112,63,51,78,90,80,75,85,106,24,96,15,117
4599,107,115,83,96,106,87,109,111,79,75,102,80,110,88,50,90,44,108,70,54,119,104,74
4600,83,78,74,103,109,106,91,119,85,118,100,33,81,87,7,92,28,67,38,54,76,104,93,29,56,73
4601,102,112,100,99,108,94,81,96,80,117,70,86,111,103,91,104,2,85,119,82,68,88,115,15,54
4602,81,30,113,108,92,98,83,76,119,112,90,102,115,73,104,87,85,79,75,107,95,101,41,66,80,5,50,100,57
4603,83,110,117,70,106,94,90,2,73,103,96,82,102,99,57,75,108,109,29,113,40,101,89,116
4604,83,105,77,76,109,113,85,70,82,104,88,103,93,99,38,86,118,29,98,112,110,80,74,79,41
4605,104,112,74,76,107,115,90,82,79,77,80,99,59,49,118,65,85,98,78,70,105,73,60,109,93
4606,92,112,85,75,73,101,78,94,54,119,77,70,82,115,117,51,107,88,118,91,30,86,74,109,80,106
4607,75,77,108,70,94,110,115,79,80,76,81,91,86,24,44,34,78,96
4608,98,78,75,91,115,117,79,29,77,31,118,102,119,81,73,111,90,99,85,70
4609,115,53,57,77,111,109,107,103,116,79,50,91,90,75,96,93,83,119,110,95,72,54,81,108,76
4610,108,115,98,111,86,102,113,112,78,94,99,40,101,118,76,83
4611,107,79,119,51,92,108,82,99,75,98,110,50,83,118,102,112,105,49,55,87,66,88,116,115,85,106,96,90
4612,88,80,91,99,81,90,87,73,119,82,50,100,96,107,74,76,103,115,15,77,24,117,110,109,104,102
4613,116,87,85,76,117,77,98,119,101,80,86,112,70,108,99,95,82,22,81,37,111,110,53
4614,108,116,109,119,107,79,111,101,102,98,80,83,76,64,15
4615,119,87,98,70,83,95,103,73,110,29,33,99,78,107,92,23,111,113
4616,73,101,93,76,95,98,109,74,96,94,104,75,113,102,80,97,82,90,69,91,116,108,7,117,106,27,99,50
4617,96,24,57,38,102,81,109,80,86,82,115,119,48,107,65,39,106,91,111,46,112,100
4618,81,104,94,106,79,113,105,86,119,99,116,91,93,111,118,109,48,80,88,82,73
4619,82,91,94,75,117,113,81,96,88,87,115,57,103,110,104,112,52,25,111,98,97,92,68,78
4620,87,91,94,81,70,104,88,92,80,102,111,76,77,5,99,30,74,109,96,119,112,59,15
4621,87,77,106,112,117,51,82,99,74,70,94,115,92,29,102,76,79,3,119,88,108,78,105
4622,86,107,57,85,119,106,90,92,118,111,104,73,4,101,29,115,100,103,75,54,63,96,52,110,78
4623,78,96,54,83,76,108,82,111,110,116,75,99,106,51,87,46,15,31,24,85,50,119,79
4624,111,85,101,91,87,112,116,74,80,115,108,99,107,86
4625,93,81,116,109,78,99,91,100,107,86,118,19,20,98,79
4626,87,54,115,75,73,113,70,108,96,118,105,98,116,94,101,106,58,49,74,107,76,112,78,30,93,12,14,92,99
4627,113,103,116,76,118,88,82,83,98,101,110,22,104,105,7,2,108,53,39,74
4628,77,73,79,106,117,82,111,115,85,102,50,119,104,113,63,86,92,88,112,109,118,100,101,44,38,10
4629,86,113,70,80,77,100,98,103,116,102,94,72,63,83,73,115
4630,108,98,74,73,76,118,86,116,102,81,96,104,113,95,79,101,107,111,80,103,23,48,22
4631,109,79,102,98,83,116,118,74,70,111,119,88,101,90,113,110,112,4,117,87,73,80,86,107,99,78
4632,116,109,85,115,105,79,95,100,108,77,118,101,106,88,111,28,89,104
4633,94,112,87,80,104,109,88,98,115,57,116,51,76,83,108,48,79,99,96,85
4634,92,95,94,77,100,119,106,110,102,76,101,70,29,93,86,107,115,78,118,79,83,82,6,47,108,91,117,105,97,90
4635,78,75,57,94,70,99,109,87,54,91,95,77,111,113,114,86,119,103,107,56,90
4636,76,90,75,116,74,82,85,73,100,110,115,88,77,113,107,117,106,10,98,78,22,14,112,5
4637,93,29,83,113,112,101,106,118,87,104,77,76,116,108,117,107,53,98,74,110,119,95
4638,103,96,99,87,102,98,118,117,17,112,80,95,78,109,91,74,101,119
4639,51,88,119,116,112,77,75,105,118,48,83,106,86,30,38,96,80
4640,92,118,116,90,107,108,88,113,91,115,94,119,22,17,10,66,57,42,109,48
4641,99,106,119,86,96,87,76,113,79,40,74,98,100,97,30,78,102,4,46,84,90,108,80,43
4642,107,79,75,103,90,113,109,106,116,112,80,110,47,83,102,77,108,76,69,101,17
4644,90,91,118,81,107,77,29,80,94,112,70,109,79,54,98,72,101,103,75,48,106,15,4,108,78,111
4645,29,76,115,116,75,77,107,106,55,6,73,103,101,119,74,54,47,98
4646,56,57,108,106,30,101,74,90,109,81,58,99,53,86,76,94,88,34
4647,115,116,80,98,81,111,87,86,79,107,78,76,54,101,37,108,109,117,28,99,67,90
4648,78,110,108,85,105,81,119,117,76,79,88,74,83,57,80,116,115,106,96,101,90,75,102,73
4649,99,106,110,29,74,96,49,57,90,107,94,91,80,41,39,112,101,113,17,86,116
4650,88,119,91,86,111,108,104,81,98,80,109,75,116,35,76,110,67,70,82,105,73
4651,74,118,111,102,105,106,81,73,103,82,100,78,99,90,98,101,92,94,86,6,95,83
4652,102,119,88,103,117,99,108,77,111,78,105,96,116,80,86,118,82,85,14,94,101,65,74,76
4653,51,106,91,90,117,92,73,111,79,81,88,83,57,107,86,103,118,85,59,108,43,66,74,115,110
4654,103,29,57,105,116,74,88,113,110,79,104,91,81,40,23,32,70,99,119,38,50,94,97,75,90
4655,29,74,76,110,57,70,108,85,116,104,102,95,17,90,63,78,75,81,8,2,91,37,118,80
4656,117,70,106,109,90,110,98,77,101,108,57,85,96,107,118,74,79,29,75,76,113,6,103,115,15,116
4657,105,112,86,51,85,74,115,50,107,98,4,47,57,56,63,88,118,87,1,78
4658,107,119,108,90,115,82,117,87,88,101,94,85,77,54,75,113,74,80,102,70,86,78,112
4659,119,73,94,74,98,111,103,108,107,80,87,110,113,117,91,46,77,57,92,54,28,101
4660,99,116,80,76,95,107,115,86,102,118,111,96,117,92,15,94,83,70,91,57,35
4661,90,109,105,94,107,111,77,91,101,112,81,29,92,118,1,86,74,115,103,117,88,84,116,113
4662,91,105,119,79,29,115,98,94,81,70,85,88,112,83,111,102,75,80,38,76,103,12,45,78
4663,92,88,99,113,81,75,109,106,74,108,96,94,77,83,110,73,116,112,79,87,57,86,61,68,4,91
4664,102,79,82,74,107,98,119,105,75,73,94,83,50,36,54,30,86,87,48,101,106,117,91,104,32,76
4665,85,88,94,81,108,79,104,113,80,109,78,86,105,92,87,26,116,101,93,73,76,100,107,119,29,74,15,102
4666,87,98,76,116,111,102,86,73,74,115,85,109,70,78,93,77,61,100,34,42,91,117
4667,109,70,96,116,103,75,78,94,86,102,74,107,118,60,108,79,90,101,106,76
4668,102,77,117,75,108,110,79,96,109,83,116,115,86,94,87,57,98,104,45,100,65,106,48,118,93,78
4669,107,29,70,51,86,80,112,90,77,108,78,106,119,103,94,110,98,96,14,88,116
4670,87,29,96,74,79,106,24,75,98,91,46,113,92,118,94,112,116,109,73,110,95,83,78,81
4671,101,115,77,75,108,105,11,83,86,107,70,81,88,82,92,104,74,79,28,5,48,91,4,29,116
4672,98,107,86,85,108,91,57,106,78,109,76,103,54,101,96,36,111,79,38,34,75,92
4673,83,101,110,96,91,82,116,57,73,70,85,109,81,37,103,118,111,67,77,88,104,86,12,35,99,42,107
4674,95,96,76,79,117,86,91,100,116,98,99,112,110,94,105,90,87,102,85,73
4675,101,74,112,109,117,96,116,78,10,88,54,70,66,110,77,98,64,79
4676,101,85,106,99,79,78,77,91,87,110,83,80,111,113,103,104,114,82,70,100,94,107,15,118
4677,104,117,116,107,119,92,54,75,111,103,24,85,88,86,70,52,112,98,115
4678,104,117,78,116,29,70,75,81,93,73,82,79,83,11,96,94,103,85,101,19,107,92,111,98,88,119,80,109
4679,96,57,111,106,102,107,86,70,79,117,94,83,81,90,74,115,101,1,4,110,68,109,75,85
4680,86,101,29,70,98,105,94,80,110,106,109,99,75,92,108,102,82,100,74,6,76,73,118,119
4681,110,109,88,103,107,94,82,74,80,113,75,70,92,86,83,100,20,96,101,99,12,78
4682,29,106,102,73,83,104,99,110,98,77,82,45,116,95,74,20,62,118,85,30,46,86,28
4683,118,99,109,77,83,115,86,81,85,106,78,113,74,68,90,55,54,119,70
4684,82,85,117,103,83,74,105,94,81,110,95,118,119,96,50,54,104,68,87,29,73,11,36,90,70,106,24
4685,115,96,75,94,91,113,111,73,108,70,90,101,118,109,97,119,79,88,112,103,74,51,52,80,116
4686,119,51,91,77,102,79,75,56,110,103,88,99,115,85,45,57,109,83,76,72,54,73,50
4687,118,81,101,117,82,83,115,96,58,92,23,78,103,107,70,94,86,56,102
4688,119,76,75,98,110,94,116,107,117,88,106,113,18,90,109
4689,104,112,103,115,78,92,107,109,108,75,82,37,63,90,93,101,13
4690,116,75,76,107,113,70,73,56,108,98,91,83,102,80,109,112,82,52,88,87,106,99,2,74,57
4691,116,87,77,81,98,78,110,57,86,117,55,111,74,90,104,105,54,115,82
4692,83,77,99,117,98,86,116,115,80,101,73,95,74,70,92,88,105,113,96,104,38,111,76
4693,110,91,94,70,115,116,111,51,112,118,81,77,23,80,86,54,98,96,113,43,83,103,48
4694,91,119,99,92,96,76,101,75,107,108,112,80,94,104,117,74,98,10,113,47,88,89,18,116,81,79,85,106
4695,92,78,79,110,54,99,94,118,91,113,108,119,98,95,90,116,109,7,77,81,87,103,68,106
4696,111,70,115,110,88,75,77,101,106,87,108,118,85,78,94,73,104,113,39,44,80,29,76
4697,102,74,57,107,98,94,96,90,83,86,103,77,110,116,82,44,52,73,81,27,34,23,106,54,68,80,109,78
4698,83,113,87,75,109,117,96,108,115,118,73,91,76,101,90,86,77,3,46,35,112
4699,90,108,103,115,81,101,107,110,94,77,87,70,104,88,71,102,75,116,111,106,74
4700,83,73,101,110,74,88,80,116,76,112,75,103,107,87,79,77,85,102,56,82,115,106,96
4701,80,86,82,101,77,81,99,94,116,119,70,2,76,107,111,118,112,103,98,54,109,108,83,35,87,110
4702,81,107,92,85,116,73,94,90,82,99,101,98,106,87,77,83,117,80,64,75,100,78,88,7
4703,106,80,91,70,74,115,90,57,108,109,68,16,107,77,64,86,78,51,117
4704,99,73,90,88,98,92,91,106,82,67,75,78,8,101,80,102,39,116,79
4705,113,80,103,70,96,112,92,99,101,107,119,97,91,90,78,104,93,83,57,115,20,51,85
4706,90,98,102,86,88,76,105,118,70,91,111,79,77,30,49,85,66,107,94,52,116
4707,91,115,108,99,119,117,76,86,79,102,110,106,94,113,66,67,104,61,97,100,74,83
4708,103,75,79,86,77,101,78,81,106,76,107,90,115,104,57,73,118,88,70,111,80,94,83,105,98
4709,88,77,108,102,90,54,57,112,98,73,96,101,29,85,67,4,81,34,55,103,74,79,80
4710,92,94,77,113,99,118,86,80,97,70,98,87,81,104,75,88,102,108,90,82,111,105
4711,100,77,92,57,86,88,108,85,4,71,119,38,29,70,107,74,94,106,79,103,76
4712,116,74,113,104,94,101,76,81,108,103,82,66,54,119,57,96,42,69,78,67,111,109,26,29,83
4713,57,115,81,92,75,107,82,77,118,52,30,44,90,110,80,112,73,93,50,101,100,36,49,59,42,111,108,48,20,40,70,54
4714,107,111,86,75,74,91,99,109,95,106,78,83,118,48,17
4715,54,70,106,96,91,74,81,77,109,102,119,101,99,20,79,75,90,108,64,34,103,83
4716,103,99,79,94,85,74,81,92,110,86,29,78,118,58,108,59,105,76,96,35,115,95,113,20,83,114,19,112,90
4717,86,113,82,109,78,100,54,83,90,77,85,110,103,92,98,81,29,97,96,5,73,70,75,94
4718,117,105,115,57,79,86,90,85,116,24,111,91,100,98,54,96,110,101,104,88,107,95,76,82,52,113,109
4719,91,30,78,76,117,86,118,75,110,115,73,103,109,119,104,98,54,101,100,81,18,4,13,108,83,93,45,88,79
4720,113,76,110,119,94,98,111,83,77,74,90,105,70,56,115,96,92,91,103,87,88,108,118,75,80,48,102
4721,83,79,70,115,99,107,85,73,95,106,91,54,116,47,80,48,89,49,98
4722,116,111,108,85,107,110,82,81,79,38,119,80,90,62,76,118,31,96,87
4723,108,79,78,87,109,115,74,94,112,70,117,116,103,113,85,83,102,118,100,82,76
4724,80,109,111,91,119,77,112,101,90,107,116,88,94,106,79,56,69,59,57,13
4725,94,108,109,87,116,99,112,98,83,118,80,74,115,96,73,103,77,110,19,76,104,92,101,7,91
4726,104,74,106,118,77,111,90,94,117,85,70,108,107,112,2,105,79,73,87,69,119,101,99,98
4727,116,109,94,115,118,106,74,80,98,107,73,96,29,104,8,117,83,75,90,110
4728,111,113,83,82,106,55,70,101,94,86,59,87
4729,78,87,94,109,75,112,119,91,70,104,96,68,88,24,98,116,118,54,74,76,73
4730,111,110,108,95,98,118,82,77,107,81,96,20,90,13,87,73,11,24,101,72,94
4731,116,112,101,80,118,98,111,83,64,77,93,82,22,119,70,105,95,81
4732,107,117,75,87,109,110,81,101,70,119,88,98,73,30,41,104,106,103,114,84,42,80
4733,91,80,98,70,76,111,101,118,96,94,73,81,95,106,78,56,27,48,17,103,105,112,54,90,55,92,108
4734,94,76,70,99,91,102,87,111,29,98,101,80,75,90,96,103,85,119,113,74,95,77
4735,54,94,116,117,109,106,112,115,73,110,96,87,83,77,98,81,101,118,34,86,104,75
4736,70,79,85,119,101,86,107,113,94,81,117,75,111,96,92,118,74,98,116,102,95,49,93,76,88
4737,107,103,96,29,75,80,86,115,104,91,111,76,108,118,112,82,85,105,101,110,44,106,94
4738,116,118,82,96,87,86,70,30,119,91,80,104,92,100,110,11,111,67,99,90
4739,116,78,117,109,119,87,115,75,102,118,106,90,104,67,79,32,60,36,96,108,73,48,110
4740,92,115,76,77,107,117,99,105,112,106,94,111,96,118,86,44,85,97,81,75,116,54,100,103,95,102
4741,87,98,73,119,76,110,86,115,75,74,88,99,106,49,108,82,79,80,102,20,112
4742,85,88,110,95,113,70,47,106,1,116,81,99,117,76,115,79,114,73
4743,96,87,105,106,77,91,70,30,79,99,76,75,92,14,94,29,74,119,109,72,115,9,55,88,57
4744,81,115,108,73,110,118,116,75,70,82,80,111,91,109,95,17,59,44,107,79,62,85,94,103
4745,112,70,74,105,115,77,56,101,83,76,95,30,117,80,96,71,10,104,50,119,85,110
4746,102,108,94,111,115,109,96,106,76,119,74,30,83,116,110,112,50,90,101,37,113,117,77
4747,109,79,102,90,57,111,101,80,110,83,106,112,107,70,35,85,87
4748,74,118,81,92,82,73,104,113,112,98,116,107,119,83,105,106,93,2,114,68,87
4749,109,96,119,73,94,90,91,98,116,112,4,108,49,110,107,80,57,103,70,50
4750,111,88,76,116,73,83,98,81,112,70,108,29,94,21
4751,112,116,82,99,85,117,102,119,111,73,105,96,83,88,91,94,35,108,101,100,61,2,113,56,76
4752,113,112,109,116,107,85,83,91,118,108,99,81,111,106,86,79,115,105,96,90,69,98,59,46,38,84
4753,77,118,86,105,70,29,103,99,111,90,94,106,112,80,76,78,75,110,1,73,117,4,57,91,74,30,56,20,83,88
4754,76,107,108,74,119,99,111,82,112,88,57,73,116,80,38,110,50,113,94,49,118
4755,99,98,54,105,85,102,118,116,109,94,112,115,101,106,76,107,113,30,38,29,59,21,110,83
4756,94,119,79,82,90,75,83,108,112,102,101,109,87,118,77,80,113,117,104,30
4757,96,119,77,80,115,29,75,117,81,111,79,98,102,86,112,108,97,15,82,110,113,109,78
4758,29,74,113,108,90,96,80,104,70,57,91,82,67,93,92,85,88,94,100,103,117,102,38
4759,99,78,116,98,82,92,76,94,96,91,101,83,113,111,115,108,75,95,70,80,110,100,87,74,60,104,112
4760,108,81,96,111,82,118,84,119,70,80,9,14,18,51,98,40,101,75,100,103,73
4761,96,87,102,82,106,101,109,81,89,86,103,115,108,85,91,112,73,100,90,78,111,27
4762,73,112,113,76,103,102,87,83,81,98,118,2,50,78,108,4
4763,103,111,116,99,86,105,80,70,101,106,87,91,29,19,112,96,108,82,25,94,118,5,119
4764,77,113,74,87,86,102,118,70,68,96,108,110
4765,78,85,91,87,81,70,95,73,82,38,90,107,103,111,115,119,96,51,86,24,57,35
4766,85,81,98,92,83,118,87,78,102,105,54,109,90,111,116,57,106,103,76,91,82,108,115,79
4767,115,29,110,96,91,77,108,82,112,111,51,106,58,74,90,80,83,20,40,56,73
4768,82,95,57,85,94,86,106,110,87,76,109,115,70,92,101,88,53,74,64,118,50,103,104,117
4769,74,115,92,117,70,82,86,93,95,99,75,52,111,108,69,78,100,47,104,106,94,109,40,113
4770,75,108,98,74,91,96,106,73,111,113,85,102,81,83,78,104,67,105,117,82,76,99,93
4771,96,88,109,79,116,112,74,118,73,108,106,101,75,117,113,81,20,110,94,77,85
4772,79,78,111,91,99,102,109,103,29,74,86,112,44,67,73,116,45
4773,116,77,80,79,83,105,98,73,117,78,82,115,111,81,22,107,113,119,103,47,3,112,102,104,99
4774,85,77,94,90,87,92,117,74,118,107,115,99,86,101,108,75,66,106,35,88,113,111
4775,103,112,94,106,90,96,75,113,29,50,82,108,93,81,107,88,98,11,102,119,23,83,95,68,111
4776,86,111,96,81,85,108,102,88,109,79,91,110,112,98,106,82,97,45,80
4777,102,75,96,57,111,93,119,110,82,30,86,73,100,103,105,29,70,106,98,115,94,91,78,87,5,108,109,92,113
4778,76,108,85,81,78,112,73,116,107,98,75,88,110,24,43,111,67,57,102
4779,98,77,83,112,117,87,57,79,74,116,115,96,108,80,102,109,106,92,56,94,70,105,85,81
4780,104,119,108,111,73,86,74,57,102,30,88,75,70,96,109,101,3,97,110
4781,70,30,82,76,99,108,96,116,105,75,57,115,88,107,101,104,110,85,50,74,91,117,90,13,80,103,62
4782,119,74,81,75,107,93,112,82,100,95,83,29,49,115,96,76,106,44,108,90,105,62,116,77,101,40,117,86,24,56,110
4783,29,74,103,90,118,83,92,80,104,88,94,51,50,102,109,112,75,86,113,96,100,110,91,105,87,99
4784,86,85,99,76,98,74,118,83,104,90,100,73,106,22,87,94,70,116,30,88,81,49,77,82,105
4785,88,119,103,118,96,108,94,113,110,82,87,76,101,102,78,77,109,80,70,42,54,90,73
4786,112,98,56,87,74,82,117,108,75,104,90,80,115,105,83,79,57,7,116,63,111
4787,86,90,87,110,96,94,78,99,113,115,119,108,76,101,107,56,112,91,81
4788,88,86,70,29,110,111,105,80,77,74,75,108,79,57,107,116,103
4789,112,87,74,75,81,86,24,88,104,80,99,103,73,82,119,78,109,70
4790,80,78,110,88,116,70,104,86,76,115,85,87,83,82,91,119,97,11,93,55,109,54,24,112,96,101
4791,86,85,99,117,78,79,108,82,106,115,70,6,90,30,88,100,83,109,80,57,112,56,8,113,116,42
4792,109,86,74,104,87,99,105,78,108,81,119,114,116,96,106
4793,51,93,75,92,99,80,83,102,78,77,117,106,81,91,34,49,98,73,82,64,74,97,84,118
4794,104,88,79,116,110,109,30,77,83,23,78,75,115,105,82,67,5,15,100,73,87,64,91,94,96
4795,70,106,86,75,90,79,103,98,87,76,71,108,109,54,119,101,56,110,78,94
4796,81,76,105,118,103,80,115,75,30,112,95,96,90,86,73,100,5,82,87,24,110,27,106,107,108,38
4797,112,86,92,70,83,75,108,77,9,74,88,101,105,111,85,28,78,98,57,96,117,30,51,113
4798,111,91,96,76,112,113,103,110,102,75,116,109,56,117,58,17,86,70,29,105,108,115,90,87,81,3,85
4799,51,113,91,117,90,78,79,88,111,83,74,109,81,119,103,65,86,15,92,70,118
4800,91,92,109,81,78,117,57,103,29,108,105,79,98,74,118,80,90,36,106,5,113,76
4801,105,117,77,109,96,107,101,87,74,51,116,88,60,73,75,118,106,67,57
4802,102,76,87,88,101,105,107,98,81,94,73,93,70,110,83,116,113,106,77,119,6,112,54,80,99,79
4803,87,70,102,96,118,75,74,90,108,77,119,82,98,83,99,85,57,94,80,81,40,112
4804,99,85,103,82,86,101,119,102,109,79,116,115,57,88,29,91,113,112,90,81,50,106,3,18
4805,51,100,75,107,102,99,77,86,106,68,93,116,95,79,18,111,115,54,57
4806,115,90,77,79,105,103,80,118,88,74,96,99,70,117,108,48,57,94,83,76,56,112,92,15,113
4807,94,85,116,112,81,91,80,106,74,88,104,83,110,103,119,29,46,118,76
4808,116,57,23,78,115,112,110,29,90,107,99,108,80,82,96,97,95,109,77,51,118,92,42,103,79,85,101
4809,70,83,81,77,110,88,112,30,76,119,111,108,104,24,96,55,91,51,93,113,78,73,109,105,85,8,80,57
4810,91,105,80,104,98,101,70,111,99,116,90,108,102,73,55,14,86,96,74,113,51,93,78
4811,101,29,81,82,74,102,88,119,111,103,86,100,79,92,115,62,83,10,12,76,94,51,56,93,17,95,110
4812,94,54,79,57,112,96,119,109,70,75,106,111,76,102,118,101,34,88,113,104,105,103
4813,77,117,81,91,116,92,95,118,104,102,103,4,100,54,115,105,86,119,114,70,46,79,99,15,106,8,97
4814,57,75,111,101,117,91,88,83,93,107,98,81,116,99,118,85,112,15,71,70,66,115,80
4815,94,101,31,70,82,57,92,83,85,81,77,78,95,76,93,75,91,113,117,103,111,22,46,5,100,96,74
4816,70,73,74,81,85,113,79,98,78,118,83,91,109,57,119,62,90,33,116
4817,110,119,88,86,109,85,81,74,87,118,115,82,102,106,98,77,93,91,95,113,83,96,103,80,92,79,117
4818,93,77,117,100,118,57,83,95,107,74,96,90,116,29,113,4,109,80,92,112,103,104,94,73,91,76
4819,85,118,103,94,92,87,79,90,88,111,96,109,119,100
4820,115,81,109,116,75,86,80,96,92,117,87,103,98,57,91,56,77,108,83,4,113,49
4821,86,116,113,119,80,109,78,70,115,29,102,81,57,110,91,93,99,107,118,103
4822,105,98,79,106,103,85,88,110,83,57,95,117,73,119,4,78,71,104,75,54,56,116,111,35
4823,103,70,80,113,90,82,102,88,109,76,100,117,78,92,81,77,118,106,91,116,99,94,96,108
4824,118,98,78,79,49,115,112,102,104,99,88,119,80,75,107,113,74,51,45,109,105
4825,117,109,88,110,83,111,113,112,30,96,108,54,42,75,90,19,106,105,95,78,74,46,92,50,70,57
4826,87,92,76,77,111,94,91,73,85,119,95,109,82,52,108,70,90,106,33,115,83,60,101,30,72,117,93
4827,74,99,77,80,90,111,113,101,109,86,70,23,61,106,75,88,79
4828,117,87,99,75,98,88,108,57,80,107,77,94,113,95,79,96,74,73,111,112,85,18,106
4829,79,86,85,88,113,92,95,29,74,75,5,103,99,70,82,115,96,119,81,110,76,107,78,19,117
4830,118,109,112,119,111,73,74,47,106,90,116,105,78,85,75,110,60,86,83,113,96,101,104,94
4831,101,116,102,87,73,117,98,74,91,70,99,112,95,86,118,96,78,72,75,89,54
4832,109,70,87,83,101,91,82,112,79,73,85,96,8,99,57,116,24,110,104,88,107,29,103
4833,80,111,101,78,102,77,91,86,100,107,110,117,108,98,115,119,79,92,46,106,39,112
4834,83,110,102,87,106,79,82,77,51,99,100,116,57,30,105,107,90,76,96,98,112,68,71,94,109,119
4835,18,78,94,87,88,81,102,85,112,101,90,92,51,28,118,75,43,110,74,76,103,79
4836,77,86,79,107,94,73,113,112,78,74,108,90,75,98,99,76,62,13,88,114,111
4837,88,79,29,110,103,78,82,83,116,87,99,100,80,41,109,106,102,9,24,81,84,115,114,7
4838,115,96,91,100,101,78,108,106,85,109,86,74,98,4,103,107,88,99,30,111,75,102
4839,116,87,106,107,77,90,109,96,70,91,88,73,99,4,74,117,55,94,101,118,78,115,43
4840,108,94,109,106,76,78,113,56,116,107,110,91,70,81,80,51,85,79,117,92,96,86
4841,119,78,76,83,90,73,111,70,75,99,79,116,105,67,26,71,117,102,85,89,109
4842,99,80,94,90,78,110,96,86,119,88,87,98,41,74,73,113,112,102,115,95
4843,109,106,112,81,54,76,92,117,77,91,108,82,115,83,96,90,119,107,56,103,88,70,94
4844,118,29,70,91,77,76,119,81,42,113,73,106,88,109,86,116,108,105,101,107,115,98,85
4845,113,79,90,77,105,96,87,107,74,73,119,91,97,76,103,108,110,50,102
4846,74,90,115,99,73,94,85,119,113,109,105,101,108,78,98,75,87,88,52,111
4847,83,108,82,86,109,113,116,92,77,106,95,104,118,64,70,11,67,76,20,102,88,99,110,4,94,74,100,119
4848,82,98,81,86,118,101,87,115,100,76,74,119,110,111,90,75,107,27,78,106,30,113
4849,102,87,118,117,57,93,79,74,115,106,76,112,91,85,81,29,113,58,51
4850,101,112,106,103,75,118,119,30,99,24,110,36,111,39,113,87,78,91,1,80,88
4851,94,86,109,108,81,78,80,82,76,77,110,75,27,83,111,91,22,15,89,101,29,90,50,85,88
4852,93,87,81,112,118,82,51,86,103,74,83,94,101,85,106,109,117,70,105,80,90,73,115,108
4853,116,81,117,98,75,83,100,110,87,101,70,74,99,88,108,79,107,80,78,102,60,86
4854,85,57,91,92,118,54,98,112,86,116,100,90,110,70,109,111,94,64,106,83,103,81,77,29,108,73
4855,102,113,116,90,109,83,101,96,107,77,108,105,95,85,115,6,74,87,78,13,82,81,70,31,79
4856,112,57,76,85,118,116,106,108,119,115,103,91,110,74,81,96,86,95,104,101,24,93
4857,112,96,109,91,86,99,94,78,118,110,30,83,77,75,88,98,101,87,103,102,29,100,11,76,113
4858,73,102,106,88,76,87,57,75,115,101,109,116,91,70,85,107,112,51,44,80,111
4859,78,90,119,108,110,116,109,83,94,102,114,88,118,76,107,98,82,57
4860,105,90,116,78,94,110,118,74,109,85,76,75,86,33,113,98,36,99,89,79,43,65,96,73
4861,75,86,74,85,88,108,95,96,81,82,98,99,89,119,29,115,113,79,76,97,112,28,118,34,107,102
4862,77,102,101,74,78,103,83,108,111,75,117,112,118,100,90,109,116,85,24,106,82,79,76,107,94
4863,107,81,101,102,110,80,75,103,73,29,30,85,94,117,115,96,86,12,72,24
4864,115,102,100,99,77,83,118,112,74,107,93,30,105,117,87,48,116,110,85,16,70,60,73,55,76,109
4865,79,70,83,102,86,104,76,91,101,109,117,78,119,94,51,24,77,98,110,85,113,112,57,96,90,6
4866,107,78,118,93,109,112,88,113,105,104,101,108,115,87,86,103,98,94,76,74,80,73,57,83,102,106,85
4867,94,108,113,73,109,118,102,96,115,111,119,79,76,91,90,100,83,77,75,4,74,82,57,88
4868,91,73,74,118,96,117,98,80,110,76,107,86,112,57,92,104,116,50,38,4,103,51,90,66,77
4869,113,116,110,115,90,76,80,96,109,118,105,87,94,100,77,57,98,73,23,108,111,99,101,117
4870,76,87,75,113,101,96,106,78,111,86,88,107,65,30,6,99,112,98,81,90,57,83
4871,29,85,108,112,80,118,90,70,106,113,105,116,83,115,92,22,96,94,119,101,54,77
4872,76,73,57,102,119,75,96,116,85,110,70,78,118,117,74,31,88,109,98,24,112,108
4873,85,103,119,83,107,78,87,106,81,105,101,118,113,80,88,111,90,94,82,76
4874,117,115,92,100,105,95,98,90,80,103,88,83,91,96,85,99,24,82,101,30,106,110,74
4875,81,87,103,116,118,115,113,74,101,94,102,46,88,99,110,75
4876,82,80,91,108,94,102,99,116,92,75,115,107,96,85,119,81,38,117,70,57,31,88,56,101
4877,96,92,86,109,116,73,113,108,78,75,83,70,77,106,117,67,80,9,65,100,115,101,99,79,110,119
4878,106,30,96,73,54,118,90,110,99,117,83,116,103,91,108,68,77,113,88,102,95
4879,80,99,116,92,86,107,106,109,75,110,87,112,81,79,90,57,111,82,29,72,108,49,115,96
4880,75,93,101,79,119,88,91,118,111,77,107,82,24,87,109,98,28,113,116,99,5,50,94,55,92,90,14,115
4881,107,109,99,70,104,119,86,106,118,39,113,82,87,29,101,91,88,117,111,76,103,105
4882,57,119,29,81,87,79,117,99,82,83,118,104,30,105,14,101,84,77,22,71,58,52,80,88,70,74,110
4883,118,75,91,112,113,104,76,109,94,86,107,99,108,110,87,73,115,96
4884,103,88,99,91,80,77,118,101,109,116,73,57,21,90,95,115,108,85,74
4885,76,118,111,85,29,105,78,82,75,83,80,99,77,58,115,79,91,55,73,70,30,90,22,4,98,36,96,114,100
4886,115,113,100,43,86,85,108,76,79,80,81,99,65,112,101,96,117,31
4887,88,103,99,108,96,100,118,76,112,70,87,115,82,104,74,4,79,47,26,52,113,71,80,98
4888,87,75,73,96,70,85,90,81,118,108,106,44,112,57,110,74,86,101,111
4889,73,85,77,82,105,91,101,80,96,70,99,90,83,112,109,94,76,84,86,88,92,118,4,71,50
4890,106,83,73,85,108,98,79,91,107,101,117,111,90,74,103,92,115,26,60,116,110
4891,91,111,73,85,94,80,90,109,103,81,76,115,112,110,53,79,51,105,4,30,104,23,54,29,95,63,45,108
4892,80,75,102,78,94,106,97,77,29,70,73,74,21,119,118,109,4,87,3,96,113,61
4893,70,117,73,29,101,88,107,76,102,30,105,91,82,59,86,8,108,52,112,83
4894,117,57,99,75,98,85,87,93,113,30,4,78,115,116,77,73,105,24,106,101,80,34,94,119,54,90,110
4895,94,85,118,109,76,117,103,107,73,90,78,75,77,86,4,32,100,112,104,34,113,55,24,119,50,87,88
4896,74,96,88,75,79,111,117,85,77,110,92,98,46,116,108,107,5,80,93,86,81
4897,96,119,108,113,101,79,105,73,80,14,103,90,77,111,98,57,75,12,91,87,3,16,99
4898,88,101,92,113,90,77,95,86,116,91,110,83,78,76,104,94,44,96,55,85,99,75,81,109,107,89,119
4899,112,86,80,110,75,91,83,70,99,76,119,88,82,115,100,92,84,107,81,55,66,98,18,48,54
4900,117,112,108,81,83,116,85,106,84,40,88,90,62,78,109,59,37,86,80,115
4901,102,100,94,73,81,85,75,83,107,98,115,96,104,117,95,30,82,54,80,78,79,116,86
4902,87,51,29,77,80,116,105,74,24,86,99,54,109,94,83,90,73,78,88,106
4903,116,98,106,109,104,118,108,80,107,57,112,82,85,103,9,1,74,73,119,111,17,53,117
4904,96,113,87,112,119,12,117,77,82,107,100,109,111,118,34,3,92,99,85,81,93,95,79
4905,107,90,118,101,119,117,115,96,29,53,18,94,91,36,116,23,86
4906,115,111,106,87,104,88,80,70,108,86,101,58,79,85,60,74,102,83,46,78
4907,119,70,85,77,90,104,80,86,87,96,117,107,79,113,18,81,99,106,105,73,115,92
4908,91,79,106,57,88,80,98,102,77,99,116,96,70,103,76,94,74,56,90,111,108,69,89,15
4909,54,112,109,116,75,57,102,117,99,74,85,107,118,69,73,111,49,51,96,110,94
4910,107,57,96,98,101,115,111,29,82,102,118,113,105,116,75,30,52,74,103,18,3,41,48,76,54,87,70,119
4911,109,85,88,82,74,118,83,110,113,99,87,119,77,108,76,91,55,103,60,65,100,102
4912,105,94,87,118,101,78,83,107,109,92,99,38,80,98,39,106,116,65,29,28,115,81
4913,57,88,96,106,79,80,108,87,113,77,112,93,110,65,24,75,70,118,111,90,103,83
4914,106,76,75,117,102,94,119,96,83,109,90,30,32,118,88,9,64,80,92,50,100,95,111,113,104,54
4915,57,73,94,81,79,80,116,75,70,117,29,105,90,98,50,78,102,86,30,114,56,5,107,110,87
4916,91,81,107,110,98,74,80,101,117,99,116,94,62,111,102,82,90,33,113,104,79
4917,113,90,115,82,96,87,119,91,93,92,102,70,76,107,112,99,85,57,105,95,63,97,111,26,86,77,108,30,64
4918,76,118,83,88,105,87,81,90,107,82,96,115,43,30,74,14,100,41,110,78,85,32,101,47,112
4919,90,98,91,111,119,106,96,80,57,113,75,87,79,117,114,60,110
4920,91,82,76,98,93,92,87,119,113,96,101,70,75,73,85,99,115,4,102,116,22,57,107,74,29
4921,29,81,75,118,115,74,90,82,108,94,96,111,78,83,103,105,80,87,109,86,116,98,73,70,101
4922,108,118,75,57,73,101,81,112,109,110,4,46,105,90,111,78,87,51,98,119,103,9,82,85
4923,81,99,112,108,102,94,106,110,96,42,90,116,80,78,70
4924,109,106,81,86,77,85,101,74,75,115,76,90,80,105,113,73,114,53,63,111,110,118,39,20,91,112,116
4925,54,87,77,94,101,108,118,84,106,82,85,96,110,86,99,80,111,7,112,53,105,102,81
4926,115,107,119,98,76,70,96,85,46,69,105,94,116,48,75,49,80,111
4927,107,88,106,98,91,85,118,76,87,108,92,113,80,86,112,114,82,111,83,3,116,119,96
4928,79,112,78,106,116,102,90,70,29,110,94,119,105,108,68,118,98,30,2
4929,79,74,82,100,73,96,80,83,78,117,85,99,108,104,105,87,101,94,75,113,98,86,15,38
4930,92,80,104,86,82,81,111,87,101,91,117,73,103,102,90,35,85,68,113,41,43,23,83,78,98,107,74
4931,102,93,96,119,73,109,85,91,95,12,76,13,24,103,79,101,92,29,3,11,107,106,48,98,67,69,17,55,62,74,77
4932,98,57,109,94,110,92,106,80,12,70,85,24,88,75,111,60,65,90,78,4,25
4933,119,100,118,87,80,82,76,40,98,110,97,112,115,90,113,96,116,52,79,86,73,106
4934,87,88,112,29,82,103,78,107,110,98,75,99,115,70,57,81,106,118,73,101,111,109
4935,94,74,6,78,73,91,112,79,80,70,90,59,83,107,102,99,111,103,96,98,82,76,100
4936,106,76,98,77,54,117,88,103,29,30,56,51,94,75,80,81,74,52,115,93,92,86,23,37,32,96,90,87,113
4937,85,91,113,90,78,75,117,95,74,98,118,70,76,86,96,99,4,83,112,106,82,29,77,79
4938,70,113,110,107,108,94,112,73,77,87,115,75,111,109,76,99,38,78,88,83,80,106,68,57,74
4939,86,74,73,110,119,70,77,99,83,29,117,108,88,78,79,82,98
4940,99,102,112,106,85,90,77,80,117,86,92,79,107,74,57,78,91,84,5,15,101,87,94,83,60
4941,96,85,92,108,110,79,112,54,57,116,94,83,106,5,19,13,111,16,78
4942,83,115,78,101,107,82,80,85,94,117,113,110,19,52,90,100,99,104
4943,76,88,111,86,113,100,75,112,87,108,48,83,79,15,34,116,94,73,99,109,70,52,105
4944,93,90,103,81,57,106,67,119,73,111,87,110,70,41,98,79,101,80,116,11,40,75,78,71,29
4945,81,77,111,105,78,98,75,85,102,74,104,90,115,116,119,96,53,112,30,83,84,110,47,79
4946,76,95,85,112,110,88,103,75,113,82,74,94,108,99,105,101,107,102,100,79,114,26,104,87
4947,109,119,90,116,101,86,73,98,79,105,29,85,81,94,103,2,63,3,111,57,70,40,83
4948,112,77,87,96,113,88,101,81,86,85,90,76,75,82,9,79,110,104,91,54,27,105,74,106,12,39,98,93,92
4949,86,101,108,103,85,91,113,111,80,116,83,106,81,75,90,78,98,70,94,46,96
4950,96,112,70,103,115,90,79,106,80,119,82,101,81,109,29,77,33,30,99,111,75,64
4951,99,105,87,86,115,101,113,108,74,75,79,90,98,70,118,110,91
4952,73,90,91,112,104,78,113,77,69,111,116,98,13,32,48,4,40,94,102,7
4953,107,118,111,82,96,88,91,93,81,98,99,57,109,75,30,15,73,87,10,36,104,76,86,113
4954,96,76,73,118,81,80,111,99,83,75,78,106,94,98,102,107,29,91,66,60,85,113,116,86,28,82,87,57
4955,93,73,118,119,81,109,116,115,94,88,90,101,76,70,112,102,117,79,35,108,91,54,86,34,113,96
4956,91,99,104,101,51,76,108,109,30,115,116,81,71,103,92,90,79,106,119,117,85,50,107
4957,90,111,76,94,70,116,75,87,102,109,98,115,81,119,107,108,78,54,92,57,42,35,16,7,79,117,106,84
4958,83,108,75,116,80,90,94,87,85,110,98,103,77,117,57,6,54,107,51
4959,106,88,104,113,95,76,94,4,30,85,38,118,54,79,51,93,73,77,56,32,80,83,81,92,36
4960,4,99,94,82,113,117,98,75,102,109,28,95,76,56,57,73,16,107,77,85,105,80,90,108,14,96
4961,57,98,81,101,110,29,115,88,83,116,109,93,70,85,94,74,104,24,60,37,106,23,119,36,117,99
4962,105,83,94,106,117,101,74,73,99,85,77,76,111,87,75,92,103,29,79,70,48,119,88,96,104
4963,117,81,94,93,76,85,91,75,83,111,29,98,74,104,88,105,79,110,54,43,96,107,112,87,47,100,78,106,52,27,71
4964,101,104,96,90,111,100,103,86,119,108,106,91,75,99,87,80,117,17,88,83,73,76,74,82,92
4965,92,118,57,102,105,119,87,96,109,29,75,88,103,54,111,91,107,73,106,86
4966,74,106,100,92,105,70,101,107,103,99,36,73,75,90,85,87,79,113,114,117,1,83,98,27
4967,73,74,113,79,115,109,88,118,98,99,85,111,78,72,50,96,36,108,56,26,97,76,112,64
4968,90,110,101,94,108,73,119,105,111,96,81,106,85,80,79,102,45,116,115,36,117
4969,104,96,87,81,57,99,115,77,38,102,84,110,118,74,75,73,42,105
4970,81,113,107,80,91,103,77,90,108,75,87,83,104,116,92,88,70,20,43,101,73
4971,94,100,119,105,82,101,116,81,104,83,5,108,96,75,91,74,86,18,60,88
4972,93,96,110,113,94,76,107,82,92,104,78,99,88,87,97,73,106,109,108,118,95,6,8,29
4973,77,99,88,115,54,93,85,70,74,96,117,94,103,108,110,82,73,29,41,75,63
4974,113,96,86,98,99,85,75,104,116,101,81,80,106,94,73,76
4975,88,90,103,74,99,101,113,118,109,102,80,85,83,79,91,75,96,111,69,107,104,65,93,82
4976,101,88,77,117,112,87,86,119,92,74,102,94,111,105,7,68,118,15,75,90
4977,105,101,73,87,92,77,103,94,109,88,116,24,99,110,70,83,75,113,74,46,72,78,82
4978,73,118,77,74,91,108,117,86,116,102,90,94,83,57,81,88,87,107,25,54,103,29,70,104
4979,75,82,91,103,116,108,117,105,98,94,54,118,101,111,88,73,70,107,53,112,24,92,90,86,29
4980,99,104,98,70,113,81,80,79,82,96,90,118,106,94,95,86,107,102,83,77
4981,70,77,101,82,92,78,91,117,108,99,54,107,83,80,14,29,76,90,41,79
4982,92,75,82,91,83,113,80,93,30,98,81,73,100,85,76,118,101,104,103,105,70,108,116,95,96,9,58,90,102
4983,105,91,76,83,106,109,78,107,73,87,110,85,90,93,82,88,61,57,96,103,113,29,86,74,111
4984,116,94,117,85,112,81,105,101,75,106,110,111,98,62,52,118,50,83,21,80,103
4985,104,115,108,78,105,99,102,79,95,101,113,110,77,4,98,80,81,91,109,82,74,112,106,1,111
4986,78,99,109,96,88,85,103,101,111,115,106,93,80,3,90,91,104,56,81,10,74
4987,91,73,77,85,86,87,57,116,94,96,102,106,117,43,74,99,80,112,39,119
4988,108,80,115,87,112,101,107,73,99,78,90,102,42,119,29,88,62,79,74,32,77,53,70
4989,74,106,29,94,70,103,91,101,116,86,76,85,110,80,89,108,107,102,75,73,87,92,57,111
4990,108,80,76,93,83,79,105,103,106,75,82,115,116,118,98,81,112,87,86,50,69,31,58,43,96,51,48,111
4991,94,96,105,112,70,99,106,103,74,76,113,92,98,116,97,29,104,79,81,66,87,107
4992,30,112,113,94,119,108,81,96,85,115,87,74,79,54,80,86,73,90,118,101
4993,107,83,93,79,17,74,77,94,111,81,80,96,85,108,88,75,103,104,25,78,117
4994,78,110,112,77,111,75,76,93,119,118,94,82,91,99,101,73,54,103,35,98,86,63,80
4995,119,107,77,86,74,75,116,57,102,93,109,87,80,99,106,79,101,111,37,113,72,78,108,32,90,40,115
4996,114,116,111,101,105,70,94,87,80,78,76,57,110,83,75,109,92,88,86,108,96,41,51
4997,77,118,94,100,106,90,81,80,112,109,117,101,51,9,110,13,29,76,107,79,104,55,39,89,115,70,62
4998,78,97,94,107,108,88,51,112,39,13,115,98,109,105,86,73,103,83
4999,48,86,85,30,74,69,92,115,99,76,56,113,52,49,106,54,73,9,112,5,70,97,109,117,82,51,79
5000,111,110,73,90,109,92,112,79,57,54,74,83,118,117,87,5,4,96,36,62,78
5001,29,74,73,86,117,75,110,96,4,47,78,83,79,109,103,18,105,112
5002,106,78,118,74,70,82,115,95,29,75,76,99,79,6,87,61,100,102,110,50,93,42,117,98,77,104,113
5003,79,78,80,113,82,119,92,85,101,95,98,77,83,90,91,75,94,112,76,41,115,108
5004,74,79,76,113,109,85,83,103,86,87,91,82,78,45,90,88,101,63,106,75,24,55,119,104,98
5005,110,73,29,94,96,81,90,111,109,54,83,91,113,101,103,112,115,49,116
5006,73,105,57,88,82,56,118,103,77,54,110,75,79,91,60,70,99,100,113,74,116,81,29,6,80,98,85,112
5007,96,86,83,77,111,70,99,4,119,115,73,108,113,110,98,91,88,87,118,105,81,76,97,75,112
5008,86,96,80,76,101,81,117,77,73,94,83,104,41,82,105,112,90,98,74,43,106,88,42,116,29
5009,101,29,112,98,111,91,96,107,88,79,74,56,76,114,62,119,115,6,118,57,110
5010,110,77,57,70,115,90,100,63,54,87,88,80,75,86,94,113
5011,74,106,92,110,113,29,96,87,85,73,103,111,116,98,88,95,82,115,54,86,90,75,108,112,79
5012,107,108,79,94,112,95,83,101,102,85,76,87,116,73,111,91,117,81,50,70
5013,70,76,109,108,112,80,87,106,29,102,115,98,30,96,110,75,90,22,97,91,46,82,83
5014,102,99,75,105,79,103,118,88,98,115,76,29,86,91,93,104,109,107,117,94,85,74,108
5015,108,112,91,101,82,92,78,75,70,30,119,109,80,76,79,95,73,19,103,116,55,99,77,113,117,104,57,53,110
5016,85,88,106,87,94,107,76,119,86,46,79,112,104,83,68,73,111,84,33,98,91,55
5017,29,76,81,100,118,77,83,103,75,109,74,36,108,70,82,116,69,73,84,90,113,94,96,101
5018,112,96,86,85,74,95,116,118,115,90,98,31,30,105,70,65,102,76
5019,85,94,116,90,81,105,111,77,80,113,108,83,106,88,109,57,107,75,110,92,82,17,70,118,114,86,103,55,32
5020,103,76,96,117,110,118,70,95,73,87,106,98,92,20,82,30,85,94,81,101,77,13,57,74,88
5021,81,106,75,79,77,85,78,110,57,80,95,90,111,105,108,91,36,88,116
5022,116,91,103,86,108,115,109,110,76,111,51,83,79,104,2,90,101,106,113,56,19,81,73
5023,86,102,70,29,87,90,113,115,75,101,78,77,54,108,7,105,73,99,117,112,91,79,111,20,93
5024,87,100,81,82,110,54,77,95,86,98,80,109,88,106,101,118,96,107,7,116,99,33,24,78,111,103,115
5025,108,117,104,82,103,78,112,57,100,99,94,10,109,75,110,118,111,113,24,90,119,2
5026,75,90,118,107,98,96,108,91,74,57,81,86,94,88,105,70,77,42,119,78,76
5027,80,90,116,118,78,101,99,85,96,86,108,2,117,39,106,9,93,77,17,5,83
5028,83,86,75,91,77,108,74,95,116,118,80,82,113,111,8,94,49,84,30,87,107,79
5029,109,116,83,99,70,104,79,112,111,86,118,117,75,108,105,69,50,56,95,107,28,34,94
5030,101,86,57,109,74,117,96,107,115,106,108,116,15,25,80
5031,83,103,82,57,106,80,94,115,96,101,76,92,55,53,102,89,62,70,100,87,105,90,116,79
5032,117,90,96,118,112,92,79,103,99,106,94,86,80,77,75,110,67,98,111,108,81,113,76,107
5033,86,119,73,102,115,107,113,90,117,111,91,61,26,105,35,78
5034,107,113,117,77,79,111,85,81,74,112,99,101,80,70,75,83,116,50,109,94,118,82,119,96,29,98,78
5035,87,117,82,103,115,75,94,108,106,99,74,83,85,97,119,79,36,101,96,77,17,110,32,5
5036,99,86,75,79,92,98,109,111,88,73,91,70,76,96,117,105,115
5037,110,87,106,70,78,81,83,73,29,75,94,116,98,32,104,108,53,92,35
5038,29,105,85,82,100,116,113,110,57,30,75,109,107,94,98,102,65,96,112,78,111,73,108,106
5039,117,74,107,92,104,85,119,99,87,73,105,96,86,106,40,116,101,83,78,110,51,118,88,20,109,60,80,66
5040,117,108,116,96,104,70,76,79,85,88,90,86,83,74,98,94,99,112,119,9,57,66,26,100
5041,6,108,83,101,94,118,76,88,119,24,87,112,38,96
5042,76,73,74,111,88,109,90,112,77,101,92,106,87,98,117,103,110,99,115,116,57,78,24,58
5043,105,75,110,90,91,29,85,73,97,54,70,76,94,103,98,119,104,52,101
5044,85,106,80,99,73,70,111,78,116,113,109,115,98,71,75,104,107,87
5045,110,70,118,78,86,109,75,105,90,79,98,74,102,116,76,101,36,5,99,94,84,93,29
5046,111,106,57,118,91,82,85,113,78,95,15,70,96,79,76,101,110,47,94,80,115
5047,103,108,116,81,111,109,106,104,119,76,83,92,110,117,75,32,2,78,33,115,73,102,114
5048,108,99,57,112,4,92,51,102,107,78,20,54,88,119,104,97,96,79,115,101,118,109,94,76,116
5049,101,115,105,57,106,117,103,60,104,5,86,88,107,93,29,80,110,73,75,96,102,79,111
5050,112,87,110,75,86,74,98,91,115,119,101,88,79,116,78,21,55,81,14,72,96,107,117,106,111
5051,101,92,75,80,117,99,96,98,110,119,85,57,109,82,91,87,116,79,76,73,107,19,113
5052,118,77,116,99,74,86,79,105,108,107,80,88,83,117,73,98,67,75,78,113,39,72,111,20
5053,83,99,57,74,112,73,29,110,75,77,113,85,4,54,86,93,42,81,30,109,92,104,102,79
5054,86,81,113,90,100,104,99,117,83,53,80,85,52,23,64,109,76,56,110
5055,111,98,115,74,102,80,73,94,112,116,109,106,66,99,96,81,85,75,76,45,13,29
5056,102,57,119,99,106,115,118,73,38,91,90,83,92,86,96,98,10,82,109,17,110,77,72,69,103,5
5057,57,115,75,104,77,91,78,117,83,87,100,93,95,15,98,76,40,30,67,109,85,81,111,97,82,26,94,119
5058,104,119,85,87,107,78,101,74,94,106,80,70,30,81,75,103,73,79,53,76,57,18,105,8
5059,91,96,73,101,95,103,108,88,118,74,117,98,82,102,115,110,107,109
5060,29,112,76,106,74,104,116,98,80,117,82,101,94,88,73,95,93,24,91,3,12,110,64,61,78
5061,99,91,111,109,79,110,27,108,58,3,72,96,53,87,116,70,61,78,113,75,107
5062,110,80,118,96,78,87,88,94,115,29,81,62,43,109,33,73,119,30,98,95,70,99
5063,96,116,98,80,108,83,109,90,73,113,19,111,81,86,79,110,87,107
5064,75,108,85,106,90,107,77,74,4,83,103,115,78,112,109,88,66,105,29,55,58,119,96,80
5065,73,83,117,86,119,118,78,106,87,57,105,33,108,85,38,107,81,103,112,74,44,115,76
5066,100,94,96,81,105,109,87,76,91,118,86,102,73,104,74,111,98
5067,57,79,76,82,106,86,81,92,117,73,78,101,114,75,116,113,115,112,74,4,26,102,111,63,85
5068,116,87,110,78,112,76,98,83,88,80,119,118,75,70,77,64,84,86,47,4,108
5069,104,81,115,29,118,100,92,96,99,105,94,110,70,73,23,75,79,90,113,116,82,108,60,106,102,85
5070,90,86,29,78,109,110,79,119,116,94,80,117,104,54,57,105,93,76,102,108
5071,99,94,106,111,118,98,101,78,80,81,70,116,109,115
5072,91,108,73,87,99,119,83,113,75,70,29,57,90,86,85,52,102,88,79,42,82,94,10,74
5073,88,78,105,111,57,113,109,96,104,83,74,106,85,87,22,73,4,115,108
5074,76,75,94,29,70,79,118,91,109,111,4,103,117,95,87,106,77,104,85,100,54,101,30,119,88
5075,92,51,76,103,110,87,99,70,30,107,91,101,115,96,6,111,105,49,52,1,109
5076,112,98,86,88,118,115,101,109,110,78,83,76,74,116,91,17,87,100,117,60,96,79
5077,73,83,76,105,74,86,87,82,102,70,118,91,104,112,4,94,57,78,99,95,106,15,56,29,54,88,98
5078,118,76,27,108,100,115,98,107,85,87,96,111,49,104,73,80,91,117,119,83,26,24,9,110,88,103,81,75
5079,93,76,98,106,92,104,95,118,109,119,87,54,111,94,101,90,81,107,108,75,113,112,102,53,55,35,78
5080,78,119,85,113,104,100,90,116,91,88,76,109,110,106,84,5,33,115,51,65
5081,14,70,29,106,88,108,105,102,107,101,91,94,90,96,109,119,80,77,81,115,114,71,111,36,99,118
5082,113,101,85,70,90,76,104,36,78,74,75,82,88,102,107,87,94,41,106,118,109,73,67,23,83,95
5083,99,87,102,73,85,103,75,79,54,81,27,48,119,90,58,44,49,74,32
5084,76,95,57,104,54,93,118,116,100,75,73,113,70,29,94,105,47,63,85,4,114,115,51,24,112,78,56
5085,102,83,100,113,96,77,117,87,57,92,81,54,116,110,103,86,101,98,67,104,30,74,107,46,99,75
5086,107,108,29,102,101,115,96,105,90,117,73,12,79,54,80,88,85,104,113
5087,91,98,90,119,76,85,86,109,81,116,112,115,52,104,107,83,78,44,110,59,117,4,63,73,82,99
5088,119,82,96,76,115,98,88,74,73,116,105,94,112,85,24,87,12,78,113,86,80
5089,90,115,85,110,103,106,99,102,87,80,76,108,91,105,70,4,38,97,116
5090,73,76,116,109,92,103,91,119,115,107,78,94,112,4,108,102,87,9,83,80,49,48,111,54
5091,86,119,107,118,102,116,94,82,78,87,75,96,111,97,74,113,25,26,98,48,70,103,115,55,99,112
5092,113,86,112,70,110,99,109,85,117,76,116,29,96,94,83,90,59,119,75,118,108
5093,105,29,93,119,107,82,98,92,75,85,104,81,54,106,103,101,77,51,70,83,116,110,112,1,109,113,73,102,86,28,118,80,2,115
5094,106,91,113,88,94,102,116,98,117,74,101,118,96,107,78,112,93,82,2,70,83,25,35
5095,54,57,79,119,70,94,109,108,85,105,73,29,116,99,81,117,48,80,106,74,118,49
5096,74,91,112,70,57,109,110,82,90,98,102,105,76,115,78,106,92,99,101,19,60,80,29,6,116
5097,115,119,78,107,73,109,106,111,118,104,105,86,80,76,88,103,91,77,79,112,96,87
5098,78,98,75,77,70,76,105,110,82,96,29,101,19,111,113,99,55,73,119,69,88,79
5099,111,80,102,119,101,73,85,118,108,86,87,110,107,116,94,12,98,64,51,89,88,96,117,29,27,115,78,95
5100,99,76,111,116,98,82,109,85,102,70,87,60,80,119,75,94
5101,74,104,96,99,117,101,118,109,112,57,94,81,90,86,83,106,87,85,23,98
5102,90,102,74,91,75,94,105,57,103,61,118,99,73,78,79,110,101,104
5103,78,85,117,111,81,107,92,57,95,108,118,119,4,30,54,87,60,94,86,110,116,106,96
5104,81,28,91,112,86,85,73,117,70,100,77,74,94,101,103,113,99
5105,108,112,116,118,81,92,88,119,103,29,109,78,102,115,79,70,76,83,86
5106,109,88,99,81,112,119,82,80,75,102,91,74,70,116,4,114,96,76,9,89,32,107,67,83
5107,99,79,107,77,29,118,95,30,92,110,73,83,87,85,84,56,94,98,41,97,112,101,90,78
5108,113,104,118,51,77,74,81,103,109,78,110,116,88,101,96,86,73,107,29,115,99,85,82,47,79,75,94,92
5109,64,90,29,83,80,76,98,104,65,70,105,85,31,57,119,20,106,75,87
5110,115,106,92,101,70,29,81,95,85,98,51,78,76,119,111,116,80,107,31,108,87,86,91
5111,106,91,73,107,82,109,110,108,29,94,116,119,96,113,87,88,103,85,80,86,40,111,99
5112,99,116,85,98,81,96,73,76,102,51,111,12,74,79,119,115,106,80,6,83,90,77,92,105,38,109
5113,113,80,78,82,109,110,105,96,98,99,101,117,106,116,65,29,111,86,24,75,69,93,103,18,94,119
5114,78,98,76,91,35,108,77,103,80,88,70,83,92,106,82,5,113,86,90,33,79,118
5115,107,105,83,90,86,76,119,103,104,70,106,93,11,75,72,102,98,111,82,112,10,118,88,108
5116,111,80,74,88,86,119,77,110,91,81,99,30,4,38,64,92,63,82,39,100,11,107,35,56,105,19,78
5117,101,113,111,96,83,117,91,103,30,82,86,110,17,92,105,75,116
5118,51,85,116,111,81,76,96,50,98,105,109,79,113,82,117,92,47,75,56,107,78,108,83,70,101,112,94
5119,100,107,92,73,96,108,104,103,115,75,109,8,77,117,81,74,82,90,76,102,93
5120,85,90,98,30,119,111,86,77,112,91,115,70,78,29,96,117
5121,86,57,81,106,116,115,104,70,105,82,3,78,75,35,88,80,112,79,113,24,29,87
5122,87,113,108,88,85,117,98,100,29,91,116,111,110,82,93,55,105,106,67,101
5123,114,79,98,111,102,99,77,91,110,112,80,83,70,60,90,107,78,68,56,67,116,54,29,57
5124,29,73,35,118,77,83,116,90,111,75,76,24,74,108,33,112,107,98,15,95
5125,112,113,111,106,81,105,108,57,29,91,107,84,68,46,97,98,48,87,9,110,38
5126,86,108,111,100,101,91,98,73,119,107,77,117,112,75,96,29,97,82,105,109,70,90,95,83,18,110,94,80
5127,93,112,94,73,108,98,91,117,85,86,105,4,90,78,116,77,99,51,109,76,118,57,103,107
5128,111,96,92,98,81,75,97,62,103,110,57,9,63,74,101,70
5129,113,75,106,116,85,87,107,92,109,105,73,96,98,72,83,115,102,30,111,54,117
5130,60,30,83,107,103,80,79,112,90,70,86,77,104,22,119,82,57,23,94,108,105,111,72
5131,103,102,41,82,100,116,81,88,93,83,110,101,51,105,92,70,87,74,94,115,90,98,96,108,67,29,4
5132,102,80,88,101,113,117,116,108,109,76,86,77,70,74,94,38,87,73,57,3,112,91,50,51,90,110
5133,79,101,76,96,88,78,99,70,115,83,82,100,105,5,111,112,107,91,113,75,97
5134,90,101,78,83,116,104,108,87,81,33,80,71,112,73,109,86,96,102,54
5135,79,76,96,70,115,111,85,98,75,107,81,73,30,112,117,118,99,90,80,104,106,91,83,87
5136,116,73,94,83,70,119,113,76,112,103,101,115,117,98,118,78,87,106,88,67,80,85,91
5137,76,86,119,70,85,88,99,91,103,57,74,117,87,79,96,113,63,80,6,112,73,116
5138,57,73,106,54,108,90,80,75,79,74,99,76,112,118,107,82,94,101,81,20,119,110
5139,116,103,110,86,85,76,113,98,119,108,78,91,87,44,94,90
5140,78,77,109,98,86,76,74,96,99,73,108,83,81,107,94,102,117,116,114,110,85,92,90,112
5141,104,47,74,108,94,49,29,56,82,88,105,77,93,86,79,81,92,91,62,113,44,101,98,85,80,109,51,96,100
5142,111,105,110,82,57,106,73,116,101,109,88,103,86,95,54,29,74,85,22,94,90,75,9,87,115
5143,70,98,75,79,82,76,80,91,112,83,94,110,115,104,56,108,51,86,90,113,74,88,7,77,116,57
5144,104,78,92,115,94,80,116,99,77,102,82,35,19,112,103,85,101,75,95,81,106
5145,92,100,85,87,86,74,111,105,77,80,81,96,99,73,116,102,88,101,2,110,39,112,106,70,79,90,91,82,30,47,4
5146,70,116,83,51,85,108,102,99,109,79,115,107,82,81,111,57,94,96,78,86,105,90,65,112,77
5147,74,98,112,82,92,111,102,70,113,77,73,88,75,108,117,83,79,110,51,4,109,95,78,64,91
5148,85,29,105,111,94,98,88,74,118,102,39,119,75,52,86,109,91,73,64,110,57
5149,92,108,73,83,119,75,116,29,70,81,88,78,111,91,80,86,102,104,96,100,54,60,115,113
5150,117,74,118,104,70,85,107,103,30,73,87,116,78,29,98,92,76,9,101,88,43,110,1
5151,70,74,76,111,90,118,96,80,78,98,87,85,92,105,119,88,113,106,13,57,73,72,22,77,112,108
5152,88,108,86,29,117,105,83,107,90,106,99,101,111,116,119,44,109,73,46,87,79,81,35
5153,51,119,90,110,118,81,86,74,88,4,106,107,102,104,83,101,82,109,85,108,63,78,53,54
5154,101,78,107,103,57,110,83,112,76,73,106,74,111,94,119,77,75,70,85,96
5155,78,75,92,88,119,111,76,73,99,74,112,51,110,108,50,2,64,118,106,86,98,87,102
5156,90,99,85,109,111,106,87,119,116,26,108,91,105,107,73,98,102
5157,118,92,119,70,96,105,111,86,99,110,108,87,81,95,74,100,112,73,76
5158,83,96,110,91,115,104,82,111,78,98,86,112,116,5,113,70,87,48,59,97,90,33,42,62,94,37,101
5159,111,115,85,86,69,105,83,113,117,82,90,91,88,47,112,108,50,87,35,99,24,96,100
5160,85,92,118,111,76,99,113,91,82,102,112,57,75,90,116,78,87,86,30,96
5161,110,83,29,96,94,77,80,73,54,74,79,102,88,13,31,99,41,50,11,116,43,118,91
5162,85,70,99,77,94,103,80,116,73,78,113,119,76,111,88,79,112,108,75,91,101,90,43,86,42,30,104,105
5163,113,95,92,80,73,70,117,118,107,85,86,75,77,57,90,109,65,119,81,78,102,99,93,94,31,114,116
5164,102,107,75,112,70,96,54,29,99,100,55,98,104,73,88,115,60,47,78,85,56,103,82,106,76,24,91,92
5165,108,87,102,117,113,81,101,83,90,88,116,85,76,104,112,109,82,75,4,54,92,74
5166,116,102,119,117,98,78,113,74,80,118,109,83,110,77,32,70,101,53,93,85,86,105,91
5167,118,77,74,91,80,103,79,57,110,112,83,96,76,113,101,75,115,90,39,106,42,99,95
5168,76,94,77,57,107,104,15,96,92,112,103,111,86,74,117,88,79,110,115,109,83,43,106,102,100,108,105
5169,29,114,79,81,108,87,78,118,92,117,4,119,110,96,112,49,91,85,56,90,30,38,98,77,106,62
5170,74,101,94,86,111,116,107,91,73,87,75,119,108,82,98,106,79,104,96,81,77,70
5171,112,77,98,113,78,96,57,80,109,110,92,90,87,85,54,119,118,75,74,79,86,104,91,107
5172,116,110,107,101,79,112,74,104,90,86,77,83,96,109,91,99,49,106,78,68,27,105,4,97,119,21
5173,115,101,73,104,76,95,96,81,110,106,103,51,78,53,80,86,87,102,79,38,112,114,7,99,108,43
5174,30,80,104,103,101,90,82,106,77,65,83,118,108,110,27,70,99,109,81,102,95,91,98,79,13,37,43,78,57,96
5175,29,51,101,119,110,83,113,100,102,111,77,91,76,107,96,79,109,99,117,80,10,112,78,115,82
5176,90,116,112,81,83,119,75,74,111,103,94,79,14,108,115,1,101,107,32,78
5177,90,29,99,85,80,102,73,78,37,77,96,91,67,118,19,75,103,116,82
5178,87,83,76,86,108,70,96,99,90,49,78,23,55,115
5179,86,118,93,108,78,75,104,88,87,105,115,11,113,117,90,116,12,80,103,77,92
5180,105,91,111,110,57,70,108,102,106,78,73,88,74,94,116,79,101,10,104,113,96
5181,30,110,117,101,102,83,108,92,111,91,24,96,88,107,94,75,116,99,86,20,78,112,106
5182,80,74,107,83,98,86,91,88,113,94,110,119,109,96,75,25,9,118,90,81,97,92,101,111,70,42,51,58,112,8,116,63,108
5183,80,81,83,101,118,108,112,99,92,70,104,74,110,82,105,90,5
5184,87,102,108,119,98,96,75,81,77,86,113,79,109,80,89,82,100,85,111,117,112
5185,85,76,79,88,102,86,7,41,83,103,81,109,116,111,17,98,80,95
5186,76,94,91,112,117,110,82,87,108,119,103,102,115,98,74,36,57,90,79,118,40,101,109,100,107
5187,73,115,76,98,95,80,108,4,109,99,94,74,70,101,90,119,112,24,103,14,107,118
5188,108,115,109,106,79,102,76,91,85,73,112,70,29,78,58,87,101,50,20
5189,109,57,98,112,92,82,99,90,102,88,96,119,87,74,111,107
5190,111,74,87,101,91,116,110,70,80,105,106,83,115,90,107,61,54,92,118,98,7,81
5191,77,82,92,105,102,94,30,99,109,83,117,113,86,2,96,112,115,108,98,79,13,76
5192,77,88,54,110,96,106,70,109,98,94,81,92,102,113,118,35,104,78,79,90,57,93,29,33,43,108
5193,101,75,104,73,94,79,70,91,98,29,87,102,118,115,78,51,90,119
5194,30,99,105,85,119,80,118,18,12,92,96,48,74,95,83,4,111,79,107,94,116,97,115
5195,104,81,116,115,75,57,111,74,54,73,56,112,100,49,94,101,86,48,90,95,29,80,106,60,103,43,118,76
5196,74,50,100,78,87,90,109,113,104,119,99,93,73,79,82,103,96
5197,104,57,86,110,112,105,87,85,109,91,108,103,50,99,67,92,96,51,75,102,117,95
5198,105,70,117,74,103,86,91,98,29,104,81,94,87,116,67,85,57,111,109,79,115,82,113,118,35,73,107,52
5199,118,110,94,85,98,57,79,101,112,91,109,32,78,54,104,111,108,95,99
5200,78,107,85,87,76,30,60,96,110,104,93,80,29,25,111,83,109,86
5201,107,87,108,110,90,117,102,76,83,112,118,85,100,101,70,115,104,95,77,41,29,119,92,9,23,99
5202,88,81,117,73,76,74,86,96,101,110,90,83,44,91,80,119,77,41,5,47
5203,118,87,70,116,88,80,79,96,108,101,57,85,54,24,91,117,105,23,83,94,113,111,114,98,110
5204,108,88,115,118,103,87,119,70,91,104,94,82,111,102,96,76,74,78,90,52,77,109,101,28,75,117
5205,119,109,106,115,112,116,103,82,5,110,85,92,105,74,75,102,87,83,114,88,107,22
5206,93,106,118,110,117,77,82,81,101,112,78,116,74,104,113,99,73,24,56,96,107,97,92,91,80
5207,77,80,118,111,73,78,74,109,94,110,95,76,98,92,75,106,105,10,96,56,55,79,116,64,113,115,68,82,66,85,112
5208,73,96,110,119,78,80,106,98,75,101,108,90,94,86,91,107,65,99
5209,85,92,116,96,101,79,54,78,98,119,94,76,80,113,74,84,48,99
5210,51,119,112,94,98,29,74,106,76,99,79,80,87,91,96,57,77,75,60,101,118
5211,92,113,111,77,103,104,109,119,57,85,81,76,100,110,28,7,112,67,86,38,106,116,108,29
5212,29,98,78,110,102,100,30,94,107,86,76,57,91,77,75,51,90,99,96,52,118,92,119,113,115,13,116,88,14,87
5213,90,75,112,110,106,99,107,96,98,101,111,117,76,113,10,73,94,86
5214,73,119,79,118,91,101,76,111,74,105,70,109,116,104,56,80,86,77,82,115,112,75,43,98
5215,96,85,76,29,111,92,88,112,110,109,105,75,102,115,98,87,46,106,65,4,70,74,31,45,93,83
5216,106,78,113,57,75,51,96,91,77,119,94,54,80,112,105,108,42,90,9
5217,88,54,110,78,96,116,119,86,73,108,77,101,75,81,80,51,104,83,95,118,46,87
5218,92,81,63,87,85,79,78,103,70,94,29,107,65,18,116,99,118,73,30,5,25,75
5219,111,78,91,86,81,118,96,92,117,83,116,108,115,110,102,77,103,70,101,64,80,67,87,104,95,28,93,6,113
5220,95,73,108,119,86,99,98,106,80,77,87,83,115,111,74,91,92,76,70
5221,88,118,75,79,101,110,98,119,97,77,69,105,74,90,26,86,111,100,78,107,65
5222,105,29,111,119,91,115,117,44,116,79,78,96,88,98,101,108
5223,54,87,83,77,99,108,102,104,76,101,74,113,118,105,116,86,119,109,88,36,107,117
5224,91,74,76,75,109,115,90,116,81,119,84,112,86,98,12,78,37,50,103,87
5225,118,82,75,76,101,96,86,106,92,74,99,87,94,104,112,110,85,73,81,91,56,88,119,102,24,41,15,116
5226,87,86,77,80,101,103,109,96,76,116,66,85,70,88,108,78,64
5227,94,111,86,119,70,98,102,88,101,29,109,30,96,81,74,110,99,118,106,104
5228,101,112,70,75,118,54,115,91,74,86,97,81,64,47,110,3,73,95,32,38,18,20,117,100,83,30,109,105
5229,111,119,74,118,76,78,112,83,116,87,96,101,23,81,73,85,90
5230,29,110,98,112,108,96,100,79,91,74,76,73,57,85,117,88,50,116,99,2,111,32,75
5231,105,49,110,99,76,86,118,92,107,75,102,113,98,101,78,108,17,119,85,116,106,35,25,73,57
5232,51,87,107,110,80,111,118,103,119,83,79,108,98,70,115,63,99,104
5233,88,106,99,107,96,74,117,108,105,109,59,110,118,90,116,104,71,86,76,68,20,98
5234,57,30,112,118,91,97,85,86,99,119,90,110,81,83,116,109,92,80,74,75,114,3,115,89,103
5235,78,98,112,119,117,99,88,85,90,30,106,94,74,76,70,81,101
5236,80,109,101,118,110,113,91,87,75,90,119,105,85,45,77,82,108,24,49,111,76
5237,94,83,104,85,29,41,57,105,38,76,112,106,80,113,116,30,99,58,90,92,88,107,70,47,43,79
5238,98,85,75,78,109,102,95,91,99,79,77,110,118,14,115,108,111
5239,73,88,96,70,111,113,92,118,98,91,116,29,109,107,44,24,86,102,106,110
5240,111,78,108,105,79,102,24,119,112,109,98,76,86,87
5241,110,73,115,109,81,99,94,92,106,79,74,118,82,83,89,51,90,88,61,78,96,77,87,57,101,105
5242,113,117,74,80,119,115,109,107,78,77,79,105,30,96,85,116,81,52,108,21,101,103,53,88
5243,93,73,101,91,79,57,88,119,87,81,108,39,116,54,77,98,76,111,12,112,99,115,113,95
5244,102,87,94,115,90,96,80,81,104,106,82,117,73,105,4,70,88,29,74,46,98,49,83
5245,74,87,109,79,101,76,110,78,118,94,108,96,86,16,90,77,97,12,117,7,91,102,104,71,2,66,70
5246,54,81,92,70,116,29,57,108,99,73,83,98,96,103,88,113,64,39,110,119,38,115,90,78,75,91
5247,51,115,73,70,112,103,87,98,57,74,77,106,107,119,96,90,82,30,81,75,89,80,29,19,108
5248,91,92,70,76,104,110,115,106,4,54,86,87,57,117,94,50,116,112,119,105,68,96,114,99,15
5249,110,96,86,57,115,29,94,78,108,112,75,81,80,104,101,60,73,92,106,35
5250,107,67,110,29,78,113,106,76,86,59,96,55,118,70,104,87,112,101,30,38,83,80,57,77,119,88
5251,105,78,113,85,101,108,57,111,107,102,119,70,106,54,35,100,69,77,90
5252,74,110,103,104,117,105,118,111,115,116,79,92,90,119,81,96,78,102,30,86,95,94
5253,95,101,119,73,98,94,15,117,107,75,106,115,90,109,40,61,105,85,79,29,111
5254,94,104,29,119,98,95,91,108,79,70,103,77,83,99,86,88,92,85,106,117,113,76,21,115,110,59,101
5255,81,102,109,113,100,87,108,76,75,78,93,98,110,57,115,103,106,96,91,112,94,90,111,67,6,83
5256,110,91,87,96,107,73,102,88,75,70,116,109,78,118,117,81,86,43,48,77,108
5257,80,88,87,96,118,74,92,106,98,113,110,75,111,73,116,76,119,54,101,109,117,82,86,95
5258,74,99,94,105,112,70,119,110,51,113,118,50,117,65,90,30,97,91,80,76,106,54
5259,107,29,78,110,106,4,119,75,76,87,92,99,118,96,113,111,91,108,77,57,102,81,79,117
5260,109,116,118,104,75,88,96,93,98,77,78,4,51,40,90,52,82,108,105,19,70,85,112,44,54
5261,101,110,109,70,87,112,73,78,81,79,76,92,83,113,106,74,75,52,50,115,103
5262,108,57,70,96,112,102,106,76,75,113,109,77,83,118,110,85,111,98,100,73,92,22,107,20,8,88
5263,90,96,73,110,111,109,108,107,80,75,70,94,112,106,86,76,29,101,78,100,119,56,4,113,24,92,71,82,41
5264,88,85,83,115,105,119,87,70,90,102,98,43,54,97,81,108,116,112,110,99,94,82
5265,86,91,70,119,75,94,112,95,110,80,85,106,116,76,108,87,105,90,88,117,78
5266,88,91,57,99,75,90,103,87,76,5,109,4,83,70,85,54,98,45
5267,82,92,110,70,95,102,29,75,96,99,117,104,81,76,83,101,116,4,109,74,79,94,112,77,98,55,19,36,106
5268,81,96,109,70,117,118,73,112,82,116,77,94,110,74,106,101,90,111,114,119,115
5269,70,80,50,111,110,99,88,92,81,118,101,109,96,82,98,102,90,107,86,103
5270,74,56,112,119,85,94,51,83,102,87,110,109,100,88,73,80,86,96
5271,80,86,90,74,81,94,82,107,88,24,4,105,112,76,117,15,73,100,43,8,62,101,34,91,50,93,116
5272,76,105,101,78,116,107,57,74,111,115,118,112,103,113,83,65,90,80,117,106,84,75,102,30,95
5273,96,107,99,116,86,75,101,115,104,110,77,119,57,79,29,69,88,95,70,105,81
5274,113,93,75,96,73,88,116,102,80,109,78,118,3,107,79,101,108,70,87,7,98
5275,103,113,81,108,99,95,110,77,106,119,78,79,67,90,96,75,30,88,70,6,112,13,65
5276,111,99,81,76,118,57,98,94,107,63,93,40,106,22,102,101,86,77,60,73,119,75,105
5277,51,87,76,70,85,88,98,106,74,108,57,116,77,78,79,86,83,73,94,20,6,118,111,50,80
5278,109,57,106,70,78,99,85,116,87,51,91,29,90,88,118,74,94,108,107,113,119,32,83,6
5279,74,117,83,80,104,116,100,57,101,118,108,70,94,103,77,87,76,109,111,78,99,86,55
5280,79,96,119,116,74,92,75,90,98,77,88,78,76,83,107,57,115,56
5281,94,99,119,110,74,102,81,108,73,115,83,113,105,112,86,116,30,82,106
5282,117,92,106,93,76,118,79,107,109,96,90,104,78,81,101,83,102,37,86,115,98,50,19,112,57,116,48,66,100
5283,76,90,70,113,91,108,115,79,101,30,119,74,78,7,94,96
5284,110,119,99,86,85,112,98,105,102,92,70,78,80,54,76,87,82,35,72,79,6,77,106
5285,85,115,113,101,90,78,96,116,108,70,92,118,79,80,110,117,94,83,105,19,76,114,91,72,27,25,35,51,102,100,99
5286,83,106,77,100,110,109,112,93,107,113,85,73,75,118,108,91,39,119,82,103,115,102
5287,87,108,83,112,57,118,101,30,70,76,80,85,81,103
5288,101,91,110,75,99,103,94,118,5,96,70,62,87,117,104,59,52,106,112
5289,75,112,78,57,98,118,88,80,74,113,86,46,101,109,119,37,16,82,104,73,105,106,116
5290,54,98,106,73,87,108,94,107,90,77,101,57,35,112,88,99,91,75,81,116,92,105
5291,87,75,76,102,86,99,91,80,117,77,110,116,53,118,55,66,74
5292,101,79,76,75,111,109,92,118,98,80,104,83,115,57,70,94,8,87,73,74,78,68,107,90
5293,96,110,117,86,112,98,73,99,76,11,87,119,85,91,95,88,70,116,107,103,106,82,30,45,51,118
5294,99,118,92,103,81,79,102,51,101,59,117,30,77,115,91,22,88,73,83,70,34,98,112
5295,74,80,104,103,112,117,73,76,119,108,94,109,33,75,79,41,91,42,50,66,22,111,96
5296,96,94,98,79,113,116,86,75,70,99,117,80,87,106,81,102,29,101,104,107,85,111,91
5297,82,111,105,87,70,110,113,119,77,99,116,100,90,57,75,78,98,117,101,88,115,103,106,5,28,29,54,102
5298,99,86,91,108,112,119,80,118,94,101,77,88,106,73,78,87,95,26,115
5299,73,82,118,98,79,90,95,110,107,29,101,96,80,116,83,86,87,100,74,72,109,54,75,76
5300,107,113,29,115,117,111,118,78,103,91,77,112,82,28,73,81,92,85,95,106,108,69,17
5301,110,75,107,104,88,87,54,116,79,73,85,113,98,74,109,117,101,55,90,82,99,91,76,57,114,106
5302,83,119,87,76,100,57,107,77,79,96,4,48,111,93,102,103,29,109,118,105,91
5303,92,107,80,104,91,79,106,103,116,94,78,88,110,36,89,90,109,87,98,66,119,3,95,101,73,70,118
5304,85,116,76,78,101,115,104,88,107,70,98,113,75,86,119,111,99,106,83,87,74,96,19,80,95,82
5305,112,77,92,91,101,82,88,99,30,110,94,111,84,103,63,117,119,29,86,47,102,74
5306,115,81,99,4,73,76,82,93,57,88,83,117,80,36,15,31,85,102,106,118,108,13,90,29,101,63
5307,95,119,29,92,98,83,110,107,82,109,90,81,117,76,85,113,66,99,116,91,30,104,42,93,51,106,112
5308,80,109,78,119,116,88,118,111,91,96,102,82,81,74,92,73,101,9,99,85,12,103,113
5309,108,70,113,116,101,105,83,73,96,80,57,102,26,111,81,110,59,72,118
5310,117,109,73,82,77,93,116,75,102,74,90,79,87,110,70,103,83,50,7,3,119,80,111,106
5311,90,111,78,76,109,116,4,108,101,99,96,106,117,87,74,100,73,88,104,20
5312,82,77,112,103,105,73,119,79,116,80,99,87,75,85,83,38,86,10,108,65,94
5313,111,94,110,88,103,86,104,24,70,81,87,90,75,54,117,115,77,113,107,8,118,42,73,83,85,45,108,109,116
5314,75,106,110,82,104,46,117,85,88,96,113,17,105,111,116,99,39,108,76,74,1,86
5315,74,105,90,92,110,99,112,98,104,96,94,108,70,51,115,64,111,83,1,119,41,81
5316,52,61,51,29,65,66,63,41,50,30,105,60,39,45,32,88,95,14,64
5317,38,49,54,37,58,48,36,50,69,72,42,29,60,65,59,35,53,7,61,51
5318,35,50,31,59,36,105,69,49,66,64,112,30,48,38,58,55,29,107,54,5,73,47
5319,56,59,50,45,33,60,27,58,44,70,72,64,52,84,105,51,65,95,89,69,42
5320,59,70,37,66,51,105,95,4,54,49,69,44,72,64,75,35,63,62,45,42
5321,58,66,54,59,56,27,67,52,47,61,53,69,72,42,37,39,38,30,51,96,45,60,33,49,71,29,40,48
5322,54,50,95,45,52,47,44,55,27,33,57,29,64,60,61,37,69,42,38,24,102,63
5323,59,38,48,57,105,54,72,61,45,32,39,65,60,37,50,29,36,58,49,67,71,63,68,47
5324,58,48,27,71,56,69,57,68,36,47,39,105,81,65,104
5325,47,27,52,49,51,31,32,40,50,105,45,64,58,4,69,63,36,61,84,14,42
5326,49,4,58,71,50,42,28,72,44,40,119,66,105,69,94,84,33,114,67,48
5327,45,69,59,52,36,42,30,40,53,72,37,66,65,50,114,38,60,32,105,41
5328,50,32,66,51,53,27,43,84,52,59,39,103,65,71,49,72,69,37,63,4,44,67
5329,54,30,35,95,52,37,51,56,45,70,60,67,19,71,33
5330,64,69,67,60,61,66,59,49,44,35,72,70,58,38,40,37,50
5331,32,105,65,39,37,69,84,47,26,71,45,112,67,52,22,42,29,16,58,27,66,60,41
5332,59,63,51,60,54,37,105,56,65,52,95,4,69,40,73,39,44,57,84
5333,30,40,33,51,39,47,50,38,61,67,52,32,84,60,53,54,85,59,48,29,73,3,117,42,66
5334,54,40,45,48,30,57,64,67,105,51,44,95,35,31,56,47,29,61,80,72
5335,65,37,44,42,38,69,60,61,53,27,111,105,85,29
5336,57,59,33,42,40,53,48,29,50,64,115,10,17,73,36,60,30,70
5337,42,54,45,35,61,59,23,72,114,70,38,60,48,47,30
5338,57,32,31,48,37,66,58,54,49,36,50,53,29,69,60,42,39,51,4,59,38
5339,64,42,58,60,52,29,31,38,56,67,84,51,37,71,36,66,59,21,65,77,53,49
5340,59,60,70,69,72,38,31,95,54,26,44,64,39,67,40,37,84,91,105,45,51
5341,58,105,53,63,40,69,61,35,36,52,48,86,56,116,119,32,18,39,37,65,28
5342,53,27,54,105,36,48,65,47,44,29,39,30,35,33,31,87,10,52,71,12,28,45
5343,40,29,49,53,84,51,60,100,30,61,50,36,67,85,48,12
5344,105,29,64,72,38,49,69,41,36,42,71,109,5,30,56,40,99,31,114,34,48
5345,105,37,44,56,42,38,52,59,71,45,61,66,51,24,49,39,70,47,107,95
5346,42,53,33,44,47,65,35,37,51,60,66,38,56,31,58,17,29,69,14
5347,65,51,35,31,105,40,64,50,69,39,45,111,54,100,66,70,49,42
5348,56,45,59,38,67,71,27,41,29,48,105,39,61,40,58,51,36,42,52,47,65,53,63,69
5349,29,39,40,32,48,47,60,57,49,70,66,30,36,42,65,56,33
5350,44,50,47,54,58,36,49,30,51,48,67,95,101,35,53,105,61
5351,30,67,31,48,57,71,42,51,58,27,44,35,29,39,47,60,37,41,93,84,45,33,72
5352,61,105,51,72,69,53,56,48,44,65,118,31,41,59,47,54
5353,40,33,42,58,65,44,49,69,105,50,30,27,48,54,31,64,46,38
5354,54,30,40,49,48,53,45,27,105,44,95,66,56,4,19,32
5355,27,30,84,64,32,54,37,53,49,117,113,85,40,62,58,44,86,103,81,45,42
5356,59,44,72,69,47,27,53,60,50,36,61,56,29,48,105,35
5357,48,50,61,42,32,58,65,69,71,28,67,105,45,37,7,110,47,35,52,66,60,31,54
5358,36,38,66,42,95,4,35,29,58,63,50,67,65,72,57,61,7,109,37,53,60,5
5359,67,42,5,105,47,45,48,33,38,27,31,30,95,78,100,72,49
5360,63,7,40,49,31,72,36,45,28,58,70,48,6,95,69,84,42,109,53,38,46,71,105,56,43
5361,48,27,31,65,35,52,42,32,44,38,17,119,56,51
5362,51,40,42,36,67,47,66,37,50,27,44,30,69,56,54,35,57,52,53,25,79,70,19,29,102,31,45
5363,95,44,60,40,59,42,48,47,56,36,76,118,66,65,32,53,52
5364,45,54,60,95,56,66,53,52,57,49,51,39,29,36,74,42,69,30,65,33,92,32,72
5365,49,38,44,64,69,67,105,48,72,51,39,27,66,36,59,53,60,57
5366,35,67,47,40,52,66,45,60,37,32,38,54,59,84,27,72,89,26,53,65,58,42
5367,36,66,61,60,32,44,50,29,72,33,37,48,64,27,42,65,28,58,47,40,35,30,38,16
5368,49,48,33,50,67,38,47,29,39,65,36,57,118,9,54,59,37,101,96,30
5369,37,48,35,36,66,27,58,53,50,57,45,10,59,65,47,63,33,39
5370,35,51,40,84,38,63,95,39,60,54,58,48,47,56,36,64,52,50,41,69,53,71
5371,59,69,49,54,51,66,44,42,72,58,29,70,60,48,67,50,53,35,33,76,71,105,65,97,31,24,45
5372,59,40,51,29,47,44,49,67,105,27,58,71,33,104,95,32,39,60
5373,58,67,60,65,38,49,69,48,61,29,35,54,103,32
5374,71,39,32,33,53,59,67,35,50,65,27,69,110,105,40,63
5375,64,39,72,84,36,45,55,53,30,69,70,67,32,44,54,49,119,60,42,10,58,80,105,38
5376,61,66,44,42,49,45,28,38,64,48,4,71,51,60,40,35,50,72,55,33,13,27,14,58
5377,52,39,64,47,69,48,87,36,37
5378,37,35,53,49,27,50,57,105,29,48,66,56,96,71,67,38,82,32,63
5379,48,61,38,31,39,54,56,4,37,29,33,27,52,34,44,69,59,42,94,71,30,65,58
5380,37,40,47,44,35,48,51,84,54,50,56,49,91,34,119,71,111,60,32,59,39,31
5381,71,48,33,30,58,51,35,39,54,66,17,32,53,31,36,69,29
5382,27,52,105,45,33,60,29,64,48,41,65,36,72,38,42,37,53,97,51,66,44
5383,38,30,31,32,72,45,37,27,42,64,67,50,69,59,65,49,53,56,60,44,48,105,9,71,35,63,47
5384,65,32,47,39,37,38,66,40,72,44,61,49,43,22,50,56,35
5385,56,49,58,42,35,39,32,54,36,47,61,29,43,27,50,51,69,101,53,4
5386,95,48,38,71,45,59,37,31,61,33,50,54,72,105,56,2,66,30,98,39,44,28,64,51,3,84,67,5,35,69
5387,45,40,58,35,54,66,39,29,42,27,50,69,64,65,105,32,38,48,30,37
5388,71,31,56,42,61,95,27,51,105,30,50,44,36,68,48,54,64,98,116
5389,45,54,70,61,30,39,36,35,37,38,27,64,69,49,66,51,95,111,53,32,48,114,58,44,56
5390,54,42,69,60,47,38,105,37,50,36,68,72,39,56,95,45,65
5391,39,41,27,47,53,30,84,105,50,32,52,71,38,36,111,81,60,43,42,19,51
5392,50,36,56,38,29,21,65,48,47,49,72,67,66
5393,84,53,31,44,43,66,33,35,52,39,67,61,40,85,89,30,38,7
5394,29,61,35,72,48,49,56,54,66,38,30,36,64,57,71,59,47,39,105,32,53,68,51,50
5395,50,66,60,64,45,48,27,72,37,29,58,38,30,71,59,7,35,32,42,61,63,39,105
5396,39,33,67,42,29,51,38,58,50,44,45,37,59,72,66
5397,44,61,60,59,56,71,38,36,105,40,39,45,32,47,42,37,65,27,95
5398,65,47,44,56,51,38,33,32,49,31,48,4,72,102,89,30,71,57,58,35
5399,45,32,53,31,27,71,72,35,37,49,60,48,105,28,58,95,61,68,67,47
5400,44,42,32,71,51,38,48,66,72,40,105,52,30,8,45,47,36,43,58,57,65,61,69
5401,84,56,60,45,31,59,71,69,47,37,38,39,27,67,11,103,32,80,49,29,33
5402,47,52,33,63,64,45,105,53,56,44,39,59,20,29,26,35,57,86,60
5403,82,33,84,45,54,65,35,57,27,53,66,46,105,67,97,58,52,49,38,42,10,39,24,30,72
5404,50,40,71,51,27,45,47,49,67,48,37,35,53,105,57,32,96,66,76,44,13
5405,47,59,71,31,54,51,65,61,66,67,49,40,30,53,38,95,90,39,32
5406,63,38,61,36,60,49,27,45,44,52,31,39,66,114,69,54,30,59,65,104,72,41,33
5407,53,54,52,59,35,56,72,43,50,32,33,69,44,37,49,71,105,24,70,39
5408,66,37,39,50,44,7,42,58,72,84,56,67,71,35,60,59,107,36
5409,40,69,49,45,30,84,53,50,47,48,52,29,12,72,35,71
5410,67,69,42,60,35,39,51,66,61,38,48,27,44,29,71,53,32,37,95
5411,58,31,57,47,66,36,4,44,54,39,65,56,38,69,67,59,49
5412,61,24,31,57,42,33,50,67,72,35,60,69,54,53,58,105,19,30,108,59,36
5413,67,69,42,38,36,72,61,52,105,35,45,71,66,37,114,32,39,60,44,27
5414,49,66,33,32,59,27,54,71,58,44,51,61,39,88,53,35,56
5415,32,33,61,36,69,84,38,49,72,31,40,27,30,58,52,51,71,42,39,41,14,50
5416,53,48,49,31,58,64,45,30,66,37,71,63,38,47,32,28,35,50,44,59,42
5417,29,59,49,30,50,51,54,44,36,53,60,37,105,19,76,45,38
5418,67,36,64,54,42,37,33,69,49,27,17,72,65,56,35,38,50,4,99,44
5419,42,39,32,37,48,53,69,59,40,72,105,29,36,44,45,51,4,67,60,68,65,28
5420,49,105,59,48,44,27,37,45,4,33,28,51,65,57,30,69,40,71,14,42,35,102,72,39
5421,50,27,67,63,69,68,72,41,89,48,9,97,71,53,95,60,5,24,54,119,30
5422,32,50,37,45,47,41,105,31,95,42,59,60,40,13,73,44,69,67,54,102,56
5423,4,105,72,45,56,39,29,54,51,71,27,59,84,95,67,32,53,66,63
5424,35,56,49,54,53,27,66,36,58,65,32,67,29,84,52,45,34,70,59,75,64
5425,51,50,60,56,39,49,52,40,47,57,45,44,53,32,61,30,72,4,7,48,84
5426,44,45,49,69,30,39,42,10,31,87,33,105,94,48,66,37
5427,42,65,49,35,69,67,32,44,36,63,33,60,116,17,50,54,45,98,56,30
5428,60,36,54,57,48,35,29,38,45,30,31,37,71,44,59,70,27,66
5429,42,47,49,35,84,28,56,37,54,38,30,67,105,51,22,27,31,65,55,50
5430,40,31,42,51,37,65,105,59,33,48,69,38,32,47,67,53,116,50,27,49
5431,67,42,48,52,72,50,47,39,30,4,69,105,71,29,59,27,94
5432,31,71,49,59,52,69,53,47,29,30,79,27,40,66,75,33,35,45,57,51,37
5433,56,29,31,60,30,52,47,27,42,57,38,71,54,49,53,44
5434,68,42,58,29,105,64,41,37,95,24,39,71,72,54,30,26,59,67,32,48,53
5435,105,63,95,37,27,70,65,33,42,64,56,32,58,49,66,35,11,39,29,38
5436,44,27,31,58,51,66,69,71,60,35,30,48,56,29,72
5437,30,63,37,35,27,44,64,69,72,31,56,58,70,71,49,33,104,105,52,53,96
5438,95,67,50,49,70,36,47,66,65,69,63,109,42,58
5439,32,48,30,27,60,31,49,40,51,44,39,33,29,45,36,71,70,67,83,37
5440,42,43,64,29,95,40,27,33,63,48,39,58,45,56,53,36,66,44,54,59,72,32
5441,48,36,50,54,30,69,33,47,49,37,60,67,52,3,35,66,72,61,57,64,39,38
5442,57,35,30,38,44,65,51,47,105,32,37,29,45,49,36,52,42
5443,53,33,59,45,35,67,47,66,29,102,5,27,75,42
5444,45,58,32,65,53,105,59,38,48,44,42,29,63,67,60,39,31,64,49,103,27
5445,47,40,39,37,44,29,35,30,38,54,42,48,97,66,25,28,79,72,27,59
5446,105,72,66,31,53,48,36,49,38,37,28,60,69,42,6,47
5447,40,45,42,36,47,39,56,50,30,52,58,65,60,51,67,32,31,29
5448,48,49,60,67,57,92,33,45,38,17,31,58,41,65,72,13,50
5449,35,40,48,38,59,39,52,66,71,42,32,49,65,45,47,37,60,97,9,86,27,67,31,91
5450,49,105,65,37,66,39,69,44,52,72,32,71,50,92,31,68,36,70
5451,49,45,36,35,42,40,53,54,33,66,84,72,67,70,69,60,39,50,51,105,24,19,2,27
5452,29,66,58,40,56,45,53,32,50,38,65,72,31,37,52,106,47
5453,61,39,58,30,67,38,54,84,66,52,59,109,35,33,69,71,114,47,60
5454,27,61,45,64,72,65,31,71,39,40,33,51,56,47,29,4,53,52,112,119,67,50
5455,67,32,72,64,57,51,59,60,29,56,35,61,27,65,63,52,46
5456,97,60,52,30,39,65,48,33,61,58,69,37,71,67,51,56,64,40
5457,30,71,50,66,33,54,4,58,52,42,39,49,38,45,116,53,2
5458,29,58,71,32,95,61,56,31,92,49,1,53,60,48,105,33,38,113,35,72,52
5459,61,72,42,33,40,53,71,57,36,105,60,104,67,44,70,4,29,39,95,47,45,84
5460,44,64,59,61,67,54,72,29,71,39,65,40,27,50,48,51,35,45,60,30,37,42,57,33,32
5461,47,29,32,50,60,36,56,54,53,37,105,70,93,44,34,65,31,71,100,42,73,27
5462,52,65,67,64,54,71,56,43,33,4,29,45,48,114,32,60,39,24,49,30,68,51,63
5463,43,40,32,45,69,51,56,64,53,84,31,54,33,61,39,103,37,7,11,67,30
5464,40,72,58,38,63,39,53,84,29,49,69,65,47,36,50,81,105,30
5465,67,31,48,4,42,65,32,69,61,71,56,47,59,1,66,51,38
5466,50,95,63,58,35,36,54,31,72,60,90,43,66,61,45,4,40,29,74,67,70
5467,60,67,52,39,27,32,53,37,69,57,64,98,36,56,50,118,30,47
5468,29,84,32,50,45,54,27,33,59,72,31,58,53,55,26,49,114,96,36,64
5469,27,35,44,65,39,57,71,56,53,105,70,37,58,42,30,29,43,66,72
5470,30,52,33,60,84,39,71,37,59,65,36,50,40,56,53,64,66,82,72,63
5471,45,31,60,61,35,66,30,65,105,64,69,50,47,1,59,32,28,27,58,72
5472,43,38,53,30,48,72,61,36,64,32,29,35,45,60,31,50,70,66,63,23
5473,40,31,69,61,44,48,50,49,36,53,42,27,72,39,83,86
5474,29,56,32,27,95,57,84,66,60,38,47,64,69,33,37,58,105,86,42
5475,72,66,31,36,37,43,54,70,65,61,27,63,58,29,69,41,51,77,48
5476,51,105,65,58,66,31,29,57,50,46,74,37,52,97,69,33
5477,29,84,47,17,72,56,67,60,39,15,38,19,27,35,48,52,107,53,23,32,58,44,37
5478,62,53,30,35,51,29,44,27,58,60,65,36,45,64,54,20,56,50,32,106,38,86,71
5479,56,38,43,44,39,37,36,54,42,48,72,45,35,40,71,69,84,58,66,95,61
5480,36,60,27,32,30,29,65,49,40,25,114,75,73,58,59,31
5481,64,72,105,66,36,56,45,52,60,71,65,53,69,30,27,67,54,48,31,33,32,29,9
5482,30,28,64,50,67,40,39,42,52,95,71,47,55,78,96,37,35,23,1,69
5483,47,67,84,64,52,60,58,27,29,61,39,95,5,54,6,59,49,77,50
5484,53,63,45,49,50,51,67,35,52,69,44,48,60,30,7
5485,38,95,67,71,61,30,58,65,60,59,72,50,45,48,35,32,105,27,90,20,97,56,39
5486,45,65,51,38,60,69,48,44,32,31,84,58,105,49,61,35,42,66
5487,64,69,70,105,27,30,45,66,84,60,38,54,32,59,53,52,51,36,65
5488,45,54,105,40,31,5,70,71,52,66,44,37,58,35,20,42,61,32,60,27,30,47,48
5489,49,31,56,72,45,58,60,69,21,29,53,71,32,66,39,86,65
5490,32,51,61,84,36,48,56,60,70,15,30,29,47,27,57,71,66,5,59,95,74,94,44
5491,56,40,36,31,71,49,72,44,70,30,53,69,48,35,58,61,32,33,39,15,45,105,66
5492,36,53,65,40,51,105,63,59,35,56,71,86,60,61,42,30,109,49
5493,36,42,49,29,44,56,27,50,72,32,60,47,35,69,103,37,78,58
5494,84,33,65,39,71,32,31,41,53,47,60,37,38,44,28,36,105,63,59,52
5495,37,66,51,4,61,38,56,42,44,40,54,72,36,27,41,65,76,85,64,90,58
5496,67,64,39,29,84,35,50,57,51,45,54,32,30,60,49,48,44,59,36,27
5497,56,49,52,65,63,38,61,59,54,40,39,45,53,60,37,72,69,103,9
5498,68,35,38,44,58,71,51,59,40,63,54,102,61,27,31,4,42,91,33,50,37
5499,29,48,50,58,45,27,51,49,65,37,23,66,105,44,35,100,38
5500,48,54,37,35,32,29,64,61,58,49,30,67,50,47,60,33,57,59,38,7,72,98,40
5501,105,72,64,31,37,32,47,69,61,66,40,48,29,27,110,45
5502,66,35,56,29,38,59,47,105,30,60,54,69,61,45,52,33,51,27,64,65,43,37,40,57,73,41
5503,54,95,49,71,50,65,38,37,84,66,42,24,80,44,45,33,39,69,27,20
5504,105,53,31,52,63,30,54,67,60,48,27,51,38,56,29,95,37,35,49,46,50
5505,48,49,51,37,50,32,69,53,31,39,66,29,40,60,72,56,65,45,38,35,71,42,67
5506,49,27,66,39,53,60,44,33,54,72,59,35,41,50,38,56,15,42,36
5507,60,48,33,29,56,67,47,36,38,27,71,39,34,51,65,11,72,69,31
5508,31,54,40,66,59,65,57,36,44,56,50,60,38,30,70,49,47,63,34,3,103,51
5509,38,56,29,66,53,72,69,27,45,59,92,76,64,97,80,30,118,39,63,60
5510,95,44,48,30,65,29,47,59,57,43,45,52,35,105,39,84,60,71,58,110,54
5511,38,42,48,65,60,66,39,67,52,53,29,105,58,57,56,37,61,73,49,64,51,40,33,45,47
5512,53,35,60,63,67,50,52,49,56,30,70,58,68,38,95,43
5513,61,67,32,59,58,105,38,35,30,95,44,53,29,28,33,93,49,27
5514,61,84,39,38,71,54,67,60,36,59,72,27,63,47,53,56,46,34,64,31,109,24,48
5515,39,31,67,40,37,57,29,60,105,51,72,27,71,50,14,44,53
5516,52,58,38,44,61,50,56,29,43,31,36,54,84,71,49,32,64,30,53,27,17,55,69,67
5517,40,47,53,42,45,56,58,57,38,54,35,49,64,59,27,48,75,11,30,22,55,37
5518,54,29,39,45,61,71,49,72,67,35,6,52,53,37,30,51
5519,51,31,35,45,42,66,39,65,105,56,36,67,14,38,117,49
5520,61,39,59,65,29,67,30,53,33,35,52,84,72,6,71,34,32
5521,38,58,60,72,36,27,39,44,48,95,105,69,30,50,29,53,20,15,47,52,40,61,100,37,103
5522,48,30,52,57,50,105,32,95,24,44,61,89,47,14,45,46,97
5523,84,54,43,63,49,105,35,27,67,40,52,37,30,39,28,15,65,48,29,38,115,11
5524,105,54,32,50,38,44,49,64,42,65,52,95,58,60,97,72,59,33,46,51,45
5525,65,42,39,67,69,66,31,47,56,32,105,49,35,84,103,60,51,24,27,4
5526,38,71,52,61,59,45,50,65,60,39,67,53,44,27,31,51,105,49,56
5527,95,66,50,65,72,54,58,49,47,69,42,59,53,37,39,78,29,67,3,15,81,32,31,33,35
5528,44,95,4,63,59,54,71,45,31,30,69,37,72,42,57,38,51,33,96,56
5529,27,56,40,54,35,38,64,58,31,29,70,51,45,69,67,48,37,71,94,4,59,108,61,65
5530,69,105,31,30,48,70,58,52,53,28,42,39,71,65,44,38,67,45,63,33,57,84,66
5531,40,47,52,67,64,66,44,30,61,39,54,38,58,36,53,29,59,37,105,31,69,4
5532,39,69,43,66,64,31,40,67,38,17,51,71,103,87,96,27,57,25,56,2,30
5533,95,67,60,105,33,52,57,63,4,36,50,38,28,71,72,35,27,51,118,32,65,40
5534,50,56,36,69,33,52,39,51,60,32,44,35,61,45,42,71,49,40,31
5535,71,30,29,42,40,36,35,48,52,56,50,44,49,67,76,97,41
5536,51,37,45,48,36,50,71,56,29,64,2,69,58,95,42,67,32,83,65
5537,53,69,59,37,50,56,63,38,35,39,33,40,28,30,66,42,54,65,31,52
5538,54,39,72,58,63,27,65,45,47,61,42,38,56,84,49,71,50,57,105,106,31,78,100
5539,30,37,38,31,33,71,72,58,54,50,60,52,67,24,39,44,29,7,63,27,83,66
5540,63,58,32,44,45,4,105,50,28,54,71,61,33,67,51,42,66,75,82,29,35,72
5541,36,54,63,38,64,31,52,40,29,30,65,69,51,105,84,15,32,35
5542,36,50,48,39,53,71,70,47,37,69,29,67,30,40,105,52,80,59,72,94,115,49,5,54
5543,58,72,38,31,29,63,37,71,50,33,51,65,56,27,35,105,39,66,64,40,42,59
5544,66,53,60,58,29,36,33,61,54,27,56,47,50,79,20,40,76,39,72,51,31
5545,51,64,66,45,72,105,65,60,67,31,32,63,27,37,79,30,61
5546,35,27,37,56,64,29,72,52,59,50,57,68,33,48,105,32,95,67,54,40,7,42,44,65
5547,27,47,95,29,64,42,32,50,33,20,71,7,44,67,84,39,36,1,30,105,15,40
5548,39,27,33,50,84,60,40,38,64,36,42,30,70,35,67,69,31,41,99,29,37
5549,59,38,48,53,69,33,67,35,61,72,39,45,54,37,65,20,68,74,58
5550,84,37,5,35,69,61,56,36,48,59,105,70,34,51,38,53,72,27,39,18,52,45,55,25
5551,61,63,49,42,47,35,105,39,67,45,54,95,69,44,58,60,32,119,31,50,72,41
5552,84,4,57,38,72,66,95,59,51,29,30,42,39,37,87,67
5553,27,32,40,31,33,54,71,95,51,59,36,48,52,44,86,67,42,4,8,47
5554,27,4,66,35,51,39,59,29,48,105,71,42,33,40,52,44,37,58,97,93,19,43,99,46,72,63
5555,64,50,42,38,65,30,52,5,48,44,2,60,53,39,58,90,67
5556,71,42,69,61,37,67,47,56,59,58,32,15,30,43,50,45,10,31,72
5557,72,48,32,63,49,57,58,30,54,35,64,40,61,59,47,52,23,69,50,5,29,95,37,31,105,104,56
5558,4,58,50,48,32,39,71,56,51,84,2,54,11,35,45,28,60,38,36,57
5559,30,65,52,48,27,58,95,64,71,33,84,50,45,29,4,38,51,66,67,44,59,11,49
5560,69,37,58,60,47,32,33,71,35,56,48,50,31,53
5561,61,51,30,37,47,66,42,40,59,35,44,48,69,57,53,32,27,72,39
5562,42,58,71,67,60,59,20,103,105,35,72,63,38,56,44,39
5563,63,51,35,36,53,56,60,58,50,4,33,29,2,54,31,20,61,37,71,81,52,45
5564,56,51,36,31,58,72,69,60,27,33,32,45,42,38,35,50,37,71,64,39,83,9
5565,35,58,63,57,4,38,49,27,31,67,40,56,48,71,47,30,33,52,112,59,61,36,2,69
5566,35,47,31,60,44,59,53,63,61,39,72,32,40,65,86
5567,50,69,60,58,29,33,42,39,40,84,48,52,95,44,71,31,47,27,35
5568,40,66,49,39,31,72,48,64,38,50,67,9,30,59,23,96,35,65
5569,48,71,65,51,57,47,66,53,70,30,37,45,76,46,31,44,68,38
5570,84,30,51,54,58,37,60,47,40,64,38,27,67,41,71,7,69
5571,51,36,29,61,42,71,40,48,72,33,32,44,45,47,37,58,50,66,52
5572,54,36,61,65,37,38,44,45,30,50,39,47,113,69,49,64,35,105,84,63,48,58,79,11,56,40
5573,53,36,56,68,60,35,50,39,27,42,37,67,29,28,24,38,74
5574,37,105,62,50,42,71,45,30,35,32,72,51,88,36,113,106,24
5575,44,32,30,66,36,48,37,35,49,42,72,47,51,65,95,71,60,43,33
5576,70,50,67,105,69,4,95,71,60,35,47,29,12,27,112,48,45,49,61,84
5577,105,65,36,64,71,48,69,50,42,49,31,60,56,47,51,32,25,66,67,35
5578,27,67,49,45,69,84,33,48,28,66,35,58,39,70,30,40,75,42,26,51,60,54,53,24
5579,64,27,42,31,72,58,70,4,33,105,37,60,30,71,84,81,66
5580,40,71,44,32,66,49,54,42,27,53,31,38,37,35,48,41,33,50,55,68
5581,40,31,71,32,42,49,58,67,44,48,64,59,38,61,52,60,105,36,69,2,108,54
5582,27,67,36,60,84,38,52,95,51,40,105,47,49,48,72,69,5,66,58,31,53,29,44,32,64,65,35
5583,37,95,72,45,32,84,29,44,58,59,69,36,39,42,30,50,33
5584,33,69,45,72,54,36,40,67,58,84,63,71,51,66,23,39,32,38,50,30,57
5585,45,36,72,38,33,53,47,29,58,49,50,65,31,67,48,95,44
5586,67,61,42,31,56,47,49,33,69,105,58,71,37,65,48,72
5587,54,48,60,29,66,44,70,56,47,105,32,31,50,21,58,72,65
5588,44,59,48,29,72,105,38,54,67,63,58,64,27,68,51,47,50,69,49,57,66,36
5589,35,71,84,63,39,47,42,53,67,57,54,33,40,49,106,74,58,48,52,92,30,15,45,56,44,80,50,32
5590,53,29,84,27,51,66,49,33,38,67,30,58,65,47,31,60,61
5591,27,58,37,47,45,39,29,65,10,51,32,4,38,71,30,60,67,36,50,105,44
5592,48,60,51,35,49,42,56,37,32,47,59,29,72,13,44,31,52,27,33,61,39
5593,70,60,39,48,71,54,49,57,31,45,42,27,95,59,65,64,105
5594,35,53,60,47,71,39,69,61,4,42,36,54,37,67,70,105,65
5595,35,51,61,38,47,37,31,56,52,72,44,39,71,53,32,27,108,2,84,91,54
5596,27,40,66,58,47,35,39,54,44,53,31,49,72,45,38,33,55,64,105,74,50,111,67
5597,52,48,84,47,35,30,38,54,42,44,58,65,41,39,79,49,45,29,99,32,67,60
5598,61,49,29,35,54,4,32,42,40,51,50,64,72,27,44,114,48
5599,43,72,65,50,60,56,48,69,67,105,27,51,38,44,52,32,29,70,54,49,95,77,40,36
5600,64,60,42,95,66,44,56,71,72,40,67,30,113,27,38,12,51,104,31,49,21,53
5601,69,64,70,35,72,47,57,56,30,71,43,58,84,52,31,60,39,27,50,38,36,65,48,51
5602,27,64,105,65,45,84,67,71,59,56,30,113,32,39,44
5603,39,45,31,72,33,32,53,71,47,27,24,66,51,65,38,52,35,69,73
5604,39,56,32,69,42,35,40,67,60,48,61,44,36,47,29,33,38,117,45,72,49,105
5605,64,60,38,50,44,72,54,48,84,66,33,56,71,29,32,67,59,49,110,31,68,28,41,36
5606,52,56,65,31,39,38,45,61,116,53,40,27,69,70,54,60,93,32,3,35,51
5607,47,42,49,30,66,84,48,29,51,54,39,35,69,63,33,36,31,59,89,43,64,40,72
5608,44,64,29,59,105,49,36,60,66,54,71,56,50,103,12,109,67,48
5609,42,37,38,84,29,32,71,105,39,61,35,33,65,40,53,4,69,27,58,59,48,5,44,19,49,66
5610,67,37,27,49,72,38,32,105,53,31,65,39,47,10,60,50,29,35,48,83,119,56,30,36
5611,59,50,39,44,36,30,37,72,42,29,47,66,61,33,69,51,49,60,53,45
5612,40,30,45,38,60,35,59,44,58,11,32,65,36,27
5613,70,40,50,32,29,61,54,48,56,68,35,84,65,64,66
5614,71,43,31,45,44,37,33,64,32,65,67,59,29,38,53,109,49,70,35,66,52,54
5615,66,69,51,42,60,30,31,49,48,58,53,65,36,101,47,67,39,54
5616,32,42,33,27,51,59,48,53,105,66,36,1,71,84,115,69,39,19,104
5617,84,27,47,39,30,40,72,66,53,61,38,56,71,48,49,85,64,35,44,5,26,43
5618,103,49,51,50,60,64,47,52,38,37,100,71,69,58,21,48,29,54,56,41,33,65
5619,44,71,36,105,27,40,51,47,66,54,52,35,38,56,4,43,67,50,48,63,39,42,53,33
5620,40,67,35,69,60,58,51,30,49,84,18,105,44,52,32,39
5621,43,27,36,59,4,33,105,69,35,95,63,61,38,84,54,50,29,39,67,40,31,37,28
5622,60,39,51,49,35,36,56,37,72,59,45,32,58,29,95,114,27,64,44,50
5623,71,105,44,52,47,27,56,42,53,40,32,33,23,51,16,69,36,24,38,39,37
5624,67,61,63,60,49,58,42,51,45,35,47,106,27,57,30,38,72
5625,50,64,38,33,51,29,61,56,41,30,28,27,54,67,40,42,31,105
5626,45,61,72,52,69,37,42,33,64,29,23,49,65,56,105,14,71,58,60,31,32,53,51,27
5627,29,40,70,66,50,31,67,61,43,72,30,38,45,47,59,53,69,36,54,95,17,64
5628,31,69,38,30,29,44,33,61,53,51,48,71,39,54,58,105,35,60,20,45,73,47,42
5629,29,54,66,84,105,71,70,48,35,27,50,38,45,32,68,6,67,52,42,31,44,81,106
5630,42,67,69,45,44,31,36,63,30,33,66,54,4,28,108
5631,38,45,63,72,66,51,31,65,56,8,49,95,73,30,44
5632,45,33,30,60,65,50,47,56,52,39,53,58,32,72,51,42,12,49,31,71,105
5633,39,37,71,49,59,47,48,35,52,32,44,69,61,72,28,30,67,36,33,50,84
5634,63,33,65,95,56,44,42,60,71,105,29,4,30,51,39,66,72,35,69,38,50,7,59,53,37
5635,36,67,29,69,64,61,47,30,118,58,32,87,72,31,38,50,103,63,60,40
5636,61,27,58,31,40,66,32,45,65,50,49,56,28,38,89,29
5637,31,4,47,45,71,38,51,50,36,53,48,49,56,66,42,72,30,27,58,40,32
5638,54,59,30,29,35,42,36,70,47,65,39,56,60,95,48,28,63,58,92,31,72
5639,48,35,38,36,39,54,52,49,56,72,51,61,57,30,24,31,53,32,33,84,63
5640,49,105,42,66,48,54,51,40,36,67,60,47,73,35,59,71,45,91,31
5641,47,68,65,39,72,56,105,48,61,66,57,37,35,49,50,38,36,8,32,52
5642,60,48,36,38,58,67,59,63,84,56,35,64,72,30,4,44,61,53,27,21,33
5643,27,43,71,37,58,32,49,65,33,105,4,81,57,5,95,42,45,30
5644,39,4,63,32,57,56,42,72,67,33,53,26,105,49,35,52,48,65,64,103,59,27,58,54,51
5645,53,36,71,48,64,61,58,59,47,51,60,39,49,33,42,27,37,38,50,105,35
5646,95,36,56,33,105,4,54,47,31,30,40,67,49,72,50,75,37,35,58,32,89
5647,51,53,63,48,67,54,44,40,35,33,31,84,58,39,36,72,27,29,69,64,38,37,4,96,21,7,18,73
5648,66,39,35,30,60,47,44,57,84,70,48,105,56,65,27,91,52,89,59,45
5649,52,5,4,66,71,37,59,42,53,72,105,35,60,32,31,65,69,49,62,54,48,7,63
5650,47,67,56,63,27,29,4,72,69,61,38,49,36,64,35,105,42,71,86,59,97,28,70,1
5651,30,38,39,44,35,60,45,64,72,61,42,52,29,74,36,55,71
5652,30,66,58,35,38,65,32,64,49,45,29,92,42,40,39,48,69,28
5653,65,35,27,36,39,45,66,72,30,37,19,38,17,54,4,42,61
5654,54,84,39,69,64,53,31,60,29,70,37,71,59,56,65,47,45,51,4,36
5655,65,42,37,39,32,70,58,30,48,38,51,27,72,61,64,55,106,44,8,57
5656,58,66,42,31,48,105,52,27,72,71,69,30,33,84,67,83,64,14,54,59,35,109,53,36
5657,35,27,36,69,67,31,65,42,71,52,37,41,72,57,70,56,47
5658,84,64,48,71,37,59,67,52,32,50,53,4,58,44,6,35,66,20,47,56,65,31
5659,51,27,44,67,54,65,105,32,66,47,36,53,33,39,84,96,56,59,40,31,30,52
5660,30,60,54,4,72,47,39,49,71,67,69,58,32,66,37,50,36,61,105,65,52
5661,53,69,32,72,30,36,44,60,47,66,27,38,42,54,74,58,113,51,71,59
5662,30,95,40,72,56,84,33,71,27,45,42,83,65,53,105,107,76,69
5663,45,69,60,50,47,67,29,48,72,53,64,37,35,66,65,94
5664,27,33,29,67,95,105,70,56,60,48,30,25,37,68,72,40,64,58,61,69,94,59,77,109,49
5665,50,49,53,45,54,66,39,42,35,58,31,37,32,105,71,48,47,63,52,5
5666,49,69,63,30,38,53,35,72,31,44,43,67,54,52,65,84,59,48,105,20,68,95,97,61,47,51,32,64,66
5667,52,38,44,58,31,60,69,49,65,59,105,18,3,30,83,9,19,35,77
5668,32,31,84,48,45,38,66,28,47,59,30,24,51,35,67,29,33,40,56,114,39,44,61
5669,28,27,45,67,36,50,63,4,32,40,64,61,58,48,18,47,42,65,112,41
5670,48,32,44,31,42,71,66,58,29,63,56,65,51,109,69,52,45,39,96,47
5671,67,43,29,58,52,36,35,53,66,48,90,76,51,65,47,38
5672,30,43,60,54,52,64,48,84,36,27,47,49,71,45,66,31,75,115,35,55,51,102,29,38
5673,42,63,69,72,65,95,44,48,31,30,32,35,49,103,71,61
5674,54,66,37,31,40,33,63,84,56,71,51,59,36,38,61,103,48,104,30,42,65,91,100,45,60
5675,37,27,51,67,84,64,42,53,39,49,29,66,32,40,44,36,35,91
5676,49,45,65,64,52,27,72,58,105,47,56,35,48,69,66,53,4,33,31,68,95,90,70
5677,69,105,44,42,67,53,52,39,37,36,65,54,50,49,32,30,48,59,27,35
5678,68,64,48,60,35,38,30,67,29,54,44,51,70,53,24,69,58,32,46
5679,84,4,38,59,50,44,67,51,64,37,48,60,49,42,27,32,54,105
5680,33,44,35,45,47,56,48,36,67,65,50,38,51,31,49,86,75,27,112,29
5681,48,30,95,58,35,38,39,36,45,42,65,29,7,62,89,32,52,10,105,8,31,27
5682,33,32,44,36,61,5,42,40,49,47,71,29,67,51,63,60
5683,49,45,30,70,56,37,27,72,44,36,40,32,88,71,18,53,38,42,69,60
5684,71,58,60,48,61,39,72,31,77,26,30,84,32,47,89,67,27
5685,4,56,27,32,30,67,71,99,59,80,1,40,61,78,117,29,84
5686,31,42,52,30,39,37,65,27,71,35,56,58,38,111,114,105,29,78,32,54,33,47
5687,71,49,52,67,60,64,27,48,53,42,40,83,112,35,41,113,75,58,32,65,56,66
5688,45,60,53,32,65,44,38,30,67,51,36,50,39,56,4,48,66,61,31,58,69,84
5689,66,27,35,67,44,33,39,48,32,60,53,31,30,45,36,29,50,54,59,56,97,61,58,34,72,37
5690,38,66,59,63,54,35,32,45,37,40,95,77,57,58,53,33,60,84,69,43,112,49,52
5691,71,45,64,66,61,59,36,44,72,58,30,84,67,33,105,65,47,19,50
5692,91,31,47,72,27,56,58,33,44,4,32,51,52,14,67,40,49,29
5693,95,31,45,51,58,4,40,29,47,65,63,7,39,66,38,60,42,116,30,71,50,33,53,105,27,9
5694,29,65,61,106,51,69,54,38,49,19,45,67,32,105,31
5695,59,42,30,43,71,31,67,87,47,44,45,72,50,60,32,69,66
5696,59,28,27,30,52,54,57,105,47,49,50,36,41,61,45,48,69,37,112,118,109,40
5697,66,65,40,32,30,39,59,38,98,69,60,63,47,67,46,35,52,42,81,57,31,71
5698,105,95,30,37,63,32,27,52,36,101,66,64,51,21,77,50,70,84
5699,45,47,71,60,48,27,32,30,36,105,51,24,43,4,63,44,59
5700,105,38,45,42,59,66,50,30,52,48,31,56
5701,95,37,29,65,105,36,44,31,30,39,71,53,57,60,47,51,27,42,103,49,72,91
5702,65,53,72,66,67,38,17,31,48,42,71,69,109,49
5703,36,72,32,56,37,45,50,44,27,60,53,35,59,17,67,61,64,115,57
5704,84,59,45,40,56,4,66,44,27,54,67,35,49,53,30,32,72,69,95
5705,57,69,105,39,95,54,72,59,44,53,1,74,56,114,30,37,35,61,32,45,60,50,58
5706,42,105,4,51,35,43,72,32,61,37,38,45,67,47,33,59,118,69,119,95,27,63,64,54,7,53,41,48
5707,67,4,47,44,45,69,59,23,58,57,53,72,60,51,29,54,63,115,84,97,27,71
5708,56,36,65,32,71,39,66,105,49,58,31,50,53,40,111,87,51,47,45,29,95
5709,47,51,44,65,30,29,38,53,49,105,48,69,14,60,36,39,72
5710,36,30,38,56,27,53,69,71,37,47,35,51,58,117,85,39,19
5711,50,57,45,105,71,37,47,56,42,38,31,19,59,39,72
5712,32,52,36,30,57,29,69,33,53,39,66,93,44,35,50,43,65,60,89
5713,27,50,31,67,30,48,35,37,38,45,32,51,95,72,47,56,46,41,69,53,64
5714,84,47,72,71,67,105,61,4,35,45,50,39,33,27,65,32,90,37,30,54
5715,47,39,35,30,33,65,52,40,84,48,60,38,53,67,32,27,31,54,29,44,70
5716,66,50,37,59,39,45,61,65,44,56,42,36,29,73,71,64,60,69,32,94,40
5717,59,71,60,67,37,51,48,33,54,58,39,32,49,47,56,45,50,42,72,69,57
5718,63,58,48,47,43,54,51,4,40,44,105,42,49,72,61,31,95,6,92,33,53
5719,38,105,58,4,54,49,63,61,30,27,95,64,114,73,39,47,51
5720,30,69,45,40,31,56,42,44,61,84,60,72,55,59,50,57,51,38,58,9,71,43
5721,30,33,36,38,32,39,40,50,59,27,54,72,84,48,70
5722,71,31,50,52,33,32,66,57,11,65,117,49,37,54,27,85,42
5723,49,50,61,52,59,35,4,58,27,105,72,31,54,29,36,37,106,34,67,30,44
5724,33,36,37,61,32,47,54,38,105,31,49,30,45,67,51,72,60,27,100,48,52,66,34,15,71
5725,84,37,58,27,56,66,59,61,68,31,52,91,75,30
5726,44,40,105,69,48,54,72,63,51,30,35,65,33,31,97,53,59,67,32
5727,72,93,4,58,49,50,48,52,14,20,71,54,59,96,60
5728,67,65,52,49,32,40,59,50,60,44,29,9,37,87,12,72,5,38
5729,69,59,30,60,44,58,66,31,70,40,35,50,65,39,51,56,93
5730,51,42,65,47,29,37,30,45,69,38,36,27,39,31,44,32,86,66,52,70
5731,54,32,60,66,52,59,51,33,57,47,31,43,65,78,61,48,56,67,39,4,35
5732,30,29,37,72,35,54,45,5,57,33,71,42,70,91,67
5733,38,63,61,47,65,66,33,45,43,39,27,31,41,60,54,36,67,37,1,81,56,105,40,28,64
5734,66,56,37,65,52,69,44,51,29,61,67,53,33,27,30,18,92,105,103,45
5735,59,105,52,37,53,36,72,50,48,49,58,60,35,42,24,45,54,27
5736,33,84,47,43,71,42,31,27,53,29,13,60,55,38,51,103,67,66,98,69,30
5737,45,84,52,67,30,27,33,69,31,50,64,32,44,42,19,36,68,47,58,46,56
5738,48,69,53,51,27,38,36,65,31,60,105,29,45,66,47,67,64,30
5739,33,56,65,53,54,31,63,69,97,36,95,58,64,61,108,72,16,37,60,92,49,4
5740,53,56,54,44,105,67,66,49,38,65,51,72,17,70,30,5,41,40,60,71
5741,35,36,56,54,45,53,72,67,37,42,71,32,48,7,64,38,55
5742,47,32,71,72,37,30,60,38,58,84,50,65,36,29,27,56,69,33,31,53,54,28,105,43
5743,66,105,63,39,45,40,50,30,53,42,31,52,54,47,4,69,62,29,51
5744,38,31,69,53,95,61,66,30,72,48,45,32,60,51,88,54,58,67
5745,47,63,54,39,71,72,64,65,43,33,61,50,31,69,83,45,66,105,32,70,51,35
5746,54,38,71,36,35,47,32,42,72,65,52,33,29,56,40,31,37,66,51,30,43
5747,50,52,58,66,48,36,59,69,40,56,65,72,64,57,62,53,74,33,37,39
5748,38,67,42,63,66,45,36,64,35,71,53,50,27,60,21,30,22,49,65,68,31,95,105
5749,95,71,63,48,51,38,54,52,64,45,11,30,59,47,35,29,37,42,58,40,36
5750,40,67,42,36,30,51,65,58,32,60,50,71,53,72,43,54,31,49,37,45,66
5751,40,69,105,4,24,44,67,66,36,49,51,12,56,64,29,61,39,23,54,58
5752,60,4,105,45,54,31,37,61,71,84,32,90,40,52,51,30,39,72,68,38,85,75,118,15,33
5753,66,38,84,47,71,39,33,72,105,61,52,28,30,27,58,49,29,63,50,37,31,48,67,43,4,36
5754,47,67,72,105,71,40,48,37,42,57,29,52,65,49,69,58,68,45,56
5755,57,27,69,65,44,71,53,60,37,50,47,49,56,58,33,39,45,105,20,68,72
5756,42,71,39,47,38,84,50,45,51,35,29,61,40,24,85,82,48
5757,56,25,59,52,31,86,15,23,47,49,40,104,75,50
5758,48,63,95,61,43,31,53,41,37,50,45,40,32,65,70,56,30,51,60,49,84,52,93,42,5
5759,58,56,71,38,64,49,54,65,53,69,31,36,40,67,45,35,44
5760,27,66,42,49,36,50,39,6,72,31,33,34,91,103,47
5761,51,45,65,95,29,32,61,42,50,70,72,60,48,47,31,59
5762,29,67,105,32,39,45,84,56,49,27,65,38,11,63,31
5763,33,40,64,29,49,68,71,39,52,41,42,67,53,84,69,48,50,28,44,105,60,110,59,36
5764,30,38,29,50,58,44,95,49,37,56,71,65,31,91,11,84,45,32,72
5765,107,66,67,45,57,65,4,49,60,69,29,58,36,51,35,73,105,42
5766,58,72,66,59,54,49,42,32,48,31,52,57,53,44,18,50,27,7,73,35,63,43
5767,64,39,65,69,48,53,44,71,51,95
5768,5,105,42,33,35,31,37,44,48,95,39,84,59,60,102,45,30
5769,45,29,65,60,57,39,54,72,44,69,40,101,30,49,35,95,71
5770,43,71,54,53,66,27,56,44,72,105,49,17,60,22,42
5771,54,69,59,72,65,31,44,71,63,64,61,52,50,35,45,46,20,40,38,84
5772,54,45,84,39,38,4,71,105,52,31,30,70,69,89,44,5,72,53,50,83
5773,67,53,64,65,49,37,30,66,58,35,56,36,71,31,69,57,60,51,47
5774,27,84,51,65,32,31,54,59,58,39,69,33,5,38,16,71,52,60
5775,44,4,38,105,49,31,60,50,67,61,51,29,91,39,69,28,64,56,27,59
5776,40,50,71,66,51,32,35,52,42,67,60,64,44,103,110,30,61
5777,64,58,31,53,39,44,60,71,52,40,47,56,37,50,61,72,45,32,36,6,51,66,84
5778,49,59,51,30,67,71,31,39,54,45,69,61,95,57,38,104,114,82,44
5779,58,95,67,60,72,49,59,51,29,32,44,30,54,98,68,89,71,34
5780,44,45,59,32,40,69,60,71,47,48,38,72,49,29,50,106
5781,65,52,68,39,51,32,30,31,72,67,56,47,60,35,61,45,53,104,40,116,48,36
5782,29,42,37,64,53,51,39,54,60,47,35,33,71,104,100,48,110,50
5783,33,41,61,43,38,57,30,54,69,59,65,56,101,66,44,40,67,47,52,51
5784,36,38,9,61,27,105,44,72,31,65,45,30,11,42,49,53,54,40,29
5785,30,69,47,45,60,39,44,38,105,58,33,28,5,90,115,76,35
5786,66,31,50,27,59,70,65,38,44,32,48,71,43,69,15
5787,37,59,48,45,36,64,84,31,60,54,42,32,47,67,49,39,68,52
5788,72,63,60,64,49,54,65,69,24,32,58,50,66,3,33,96,113,67,61,56,47,45
5789,66,58,53,39,52,48,84,28,67,36,45,71,38,30,86,49,4,75
5790,71,39,35,48,36,30,29,50,54,65,69,31,37,19,56
5791,56,66,37,52,33,31,69,29,42,60,64,47,8,39,48,30,53,45,49,72
5792,71,38,43,49,72,61,52,63,51,105,47,65,64,31,36,29
5793,48,53,56,67,38,42,37,30,47,33,68,49,27,28,103,51,71,3,36,64,45,43,44
5794,35,47,32,4,64,48,52,49,51,53,69,44,67,98,89,57,58,118,15,81,84
5795,27,37,49,51,58,59,54,65,29,66,84,44,57,83,36,52,60
5796,52,47,40,27,4,48,42,35,71,53,72,7,44,37,67,61,45,43,63,11,64,114,69
5797,61,51,47,40,69,65,31,32,56,42,44,71,36,91,52,33,58,67,79,53,72,29
5798,49,56,51,64,72,66,48,54,45,35,50,47,29,71,33,53,44,30
5799,58,47,35,72,66,39,30,65,29,60,71,38,50,44,52,33,64,49
5800,67,44,56,29,105,72,7,35,66,60,43,53,52,36,64,40,37,49,59,51,70
5801,51,61,44,50,45,31,105,48,30,35,65,53,69,38,27,106,71,54,100,74,72,32,49,36,47
5802,47,48,53,58,69,49,42,71,36,50,61,56,51,28,5,39,59
5803,38,71,60,95,44,42,36,65,67,54,63,64,70,29,56,39,16,66,105,47,19,30,32,53,33,51,79
5804,36,37,84,61,27,52,67,64,47,39,76,33,17,51,65,40,32,48,30,72,66
5805,29,64,38,30,72,54,4,69,65,36,53,47,27,63,60,95,40,44,67,56
5806,95,72,59,50,48,38,43,29,27,60,35,113,36,12,78,118,30,33,64,32
5807,67,31,48,42,47,51,33,71,30,3,68,50,39,36,38,43,54,37,101,72,59
5808,39,64,47,51,105,50,29,56,32,44,66,58,72,43,31,67
5809,30,56,48,29,58,37,27,45,35,69,59,77,65,53,88
5810,56,53,19,36,45,51,52,43,44,35,75,60,59,70,69,10,31,37,4,57
5811,29,61,68,40,58,84,5,30,57,15,63,66,35,64,27,103,86,69,105,47,48,82,50
5812,49,39,35,30,58,66,51,56,54,42,40,32,36,71,18,72,44,38
5813,42,45,57,41,39,33,63,50,55,30,44,58,71,65,51,74,31,47,53,68
5814,37,38,27,42,40,63,44,95,56,47,91,45,48,29,67,43,54,61,28,11,22,66
5815,105,69,42,56,30,71,65,48,35,51,50,53,32,68,81,27,29
5816,29,33,48,72,59,47,58,53,27,61,38,105,73,42,28,69,45,77,71,49
5817,105,30,57,84,47,29,37,54,32,44,35,71,45,41,10,67,60,2,36,69,31,108
5818,67,68,54,64,53,36,45,31,63,41,58,69,42,107,40,30,61,71,57,2,49,66
5819,56,31,36,51,48,71,35,65,59,45,50,30,37,104,67,14,15,54,64,27
5820,69,60,31,50,66,64,44,27,52,53,39,38,68,61,58,93,30,75,47,105
5821,38,29,4,61,64,49,71,65,69,44,45,33,106,54,42,30
5822,43,52,64,40,63,67,27,60,47,105,39,32,70,44,61,109,21,75,80,93,13,30,53,69,38
5823,58,36,29,48,69,39,57,4,40,84,91,61,67,60,5
5824,71,32,61,57,42,37,27,39,45,53,64,82,29
5825,69,84,30,72,44,38,103,32,27,67,42,4,71,29,59,53,52,57,56,66,64,40
5826,54,29,53,71,56,38,42,65,66,68,60,51,72,63,31,49,59,101
5827,30,49,65,35,50,42,29,45,4,66,118,74,59,47,37,51,70,58,52,32
5828,84,71,56,69,32,29,37,40,59,39,33,51,61,72,60,27,63,65,52,64,31,30,57
5829,64,69,61,59,105,43,60,33,65,48,67,49,84,45,53,42,35,36,47,52,37,81,41,51,66,16,63
5830,32,61,63,43,59,50,57,31,27,37,58,105,65,71,33,45,69,4,53,35,90,49,51,24,64
5831,29,50,42,44,56,40,69,30,9,105,87,47,43,66,72
5832,47,39,105,50,71,32,42,54,38,51,69,37,45,27,85,86,30,23,59,53
5833,40,56,54,27,64,76,33,36,29,31,68,38,97,39,84,90,91,105,48
5834,38,30,31,52,42,69,71,67,61,65,84,56,73,32,70,106,62,64,59,40,45,36
5835,105,36,39,51,35,31,71,69,64,65,33,37,56,13,53,50,66,60
5836,39,52,66,50,67,61,37,28,72,60,53,33,45,58,40,59,70,84,56,97
5837,70,72,71,66,32,44,36,58,95,37,39,50,6,30,52,51,54,60,35,19,47,27
5838,67,72,56,27,71,35,59,84,64,38,53,37,44,33,28,54
5839,51,61,32,38,44,33,31,53,37,36,29,39,50,7,69,11,27
5840,31,40,45,53,66,37,72,58,36,59,10,29
5841,44,67,36,37,72,33,51,35,48,49,30,52,19,101,97
5842,56,64,36,59,47,44,66,27,54,61,51,33,49,70,30,35,65,105,53,97,42,38
5843,48,64,58,69,57,33,37,30,47,59,60,46,35,72,97,67,56,63,106
5844,47,33,59,69,50,58,68,54,56,64,61,53,52,35,11,42,65,71,40,30,37,28,55
5845,70,60,54,51,44,52,105,35,47,38,64,57,39,45,58,31,88,36,59,42
5846,50,84,44,105,49,53,36,29,60,38,47,52,37,45,27,51,96,56,30,83,48,33
5847,36,30,32,56,42,40,50,44,59,85,64,58,105,53,39,71,57,45,54,33,29
5848,29,51,47,31,72,54,95,63,84,40,97,67,27,32,71,65,33,5,43,36,119,55,60,66,9,58
5849,36,60,56,32,52,29,44,47,50,42,61,65,69,51,48,58,16,20,68,35,67
5850,51,33,38,53,56,60,2,54,43,95,48,31,105,52,36,27,35,30
5851,95,69,65,35,60,58,42,29,45,64,37,6,38,53,47,49,51,114,59,66
5852,44,39,105,37,48,54,61,45,72,53,49,58,69,29,35,117,22,50,56,66,64,67,52
5853,71,38,47,30,50,51,69,53,27,66,29,40,58,65,39,35,67,37,60,119,97
5854,84,29,50,48,39,52,72,67,63,32,37,7,58,117,38,47,51,27,53,44,36,66,6,69
5855,68,59,56,39,61,69,31,54,47,71,35,50,29,58,38,64,4,45,72,2,94,63
5856,45,29,72,43,71,32,31,66,48,61,67,30,100,44,38,27,96,13,69,53,39
5857,59,105,38,33,42,72,64,31,45,30,60,44,39,48,4,27,69,65,29,53,51
5858,43,67,28,39,60,59,44,68,31,30,4,38,70,47,65,64,56,29,61,32,33,72,45,50,54
5859,48,33,30,65,58,61,27,52,44,36,49,4,29,39,71,110,45,42,117,18,68,43
5860,39,33,56,40,53,67,54,51,31,72,27,37,105,114,86,61,95,65,66,77,49,71,38,17
5861,69,64,31,60,71,54,47,58,105,49,113,65,74,35,57,66
5862,72,69,48,40,45,37,71,38,65,39,61,63,31,60,95,11,109,30,32
5863,59,45,65,71,33,66,49,38,29,109,89,44,67,36,72,27,82,48,17
5864,32,42,59,51,52,40,27,58,53,31,105,54,30,36,61,8,60,47,81
5865,29,65,64,70,49,95,45,84,38,47,35,33,69,39,72,61
5866,71,61,32,44,67,33,40,37,27,57,52,65,56,31,98,42,47,58,41,51
5867,27,38,56,36,72,60,54,24,39,53,95,29,37,105,71,20,58,31,65,93,66
5868,69,58,31,54,39,53,71,47,36,52,40,19,70,61,45,67
5869,106,54,59,53,58,27,63,32,42,39,105,49,37,33,76,45,56,44,66,18,55
5870,95,70,31,52,47,66,72,59,58,50,42,81,27,68,33,56,36,67,61,94,60,30
5871,27,30,31,53,33,50,58,49,59,29,72,36,69,65,67,37,45,39,97,71,12,80,42,64
5872,35,53,54,50,39,66,44,29,32,106,60,38,71,37,47
5873,67,61,58,32,65,64,37,39,50,40,82,45,4,112,38
5874,39,69,33,30,31,56,72,58,45,37,32,47,28,60,61
5875,36,64,56,51,39,37,30,31,50,81,58,54,103,71,97,5,69,67
5876,72,38,42,35,53,84,30,59,27,64,39,63,36,37,97,49,29,60,58,95
5877,57,35,69,67,38,71,70,31,33,54,60,84,95,36,58,32,56,27
5878,65,56,31,33,53,37,61,41,30,58,32,72,39,105,43,83,54,38,4,42,85,52,71,60,118,44,67
5879,52,45,31,40,36,42,54,69,57,53,65,61,59,32,37,27,19,6,48,84
5880,45,32,29,36,42,40,67,57,84,51,50,105,27,37,66,47,56,58,48,49,39,44,112,86,52
5881,66,40,33,72,60,53,45,36,58,56,52,37,49,61,38,64,47,57,67,28,42,71
5882,51,105,72,39,30,66,84,42,36,35,50,37,54,113,31,33,40
5883,4,48,40,60,52,47,59,54,65,33,37,32,69,66,43,68,56,42,67,57,45
5884,30,95,105,59,56,49,31,45,33,51,50,16,52,48,47,69,60,29,41,36,71,53,19,27
5885,71,64,70,58,39,42,67,44,47,30,48,61,60,3,65,53,4,50
5886,64,40,31,71,51,69,29,53,52,27,35,48,54,57,70,83,43,75,33
5887,49,58,39,32,68,41,35,67,52,47,36,31,105,13,118,53,37,66,84
5888,105,31,39,65,61,42,44,49,51,33,60,30,72,69,58,87,83,109,32,71
5889,49,45,72,60,39,50,64,32,61,69,29,55,65,58,48,36,47,53
5890,65,29,54,32,56,105,61,66,37,64,51,40,36,44,84,38,39,35,72
5891,75,71,57,66,45,40,38,51,93,12,64,46,52,56,84,69,60,35
5892,40,105,49,51,58,53,48,50,71,66,11,69,27,64,38,32,65,56,43,52,39,24,36,45
5893,45,56,31,65,40,4,27,51,35,68,49,20,71,50,36,30,103,64,74,116,66,72,23
5894,64,40,56,30,59,31,71,32,53,37,58,84,48,52,36,44,54,61,65,78,57,112,105,29,70,68,39,28
5895,53,71,49,37,63,42,54,38,61,45,59,44,30,113,6,58,2,33,31
5896,63,56,48,35,38,60,64,54,105,51,50,33,53,52,41,37,30,61,71,5,7,58,29
5897,33,71,44,57,59,50,67,61,51,47,73,31,60,78,28,105,52,5,45,55,37,32,66
5898,51,27,35,42,66,45,56,58,39,29,52,86,60
5899,63,32,40,29,45,27,58,53,42,51,49,43,35,60,65,105,111,30,52,38,31,50,18,37
5900,32,59,60,58,30,49,50,43,40,35,92,16,53,52,84,9,56,54,27,63
5901,64,47,58,38,44,32,48,37,61,40,29,50,30,59,65,14,105,77,27,3,36
5902,54,66,42,44,35,63,45,57,33,71,53,1,91,60,29
5903,29,30,32,35,60,36,66,84,47,50,31,39,69,22,105,59,104,86,38,71
5904,49,64,44,50,65,45,47,32,42,70,63,36,27,59,74,33,56,38
5905,69,66,67,95,71,40,64,53,43,57,30,42,58,72,47,105,63,4,12,44
5906,61,49,54,36,52,59,69,44,65,51,37,27,31,105,41,67,79,47,12,71,50
5907,36,72,4,40,53,59,67,37,60,105,65,35,50,69,58,30,47
5908,35,45,59,105,27,47,69,72,29,66,44,51,56,94,15,34,18,38
5909,64,43,37,48,31,54,59,105,32,44,49,53,29,62,66,58,22,109,69
5910,54,29,49,67,47,37,58,56,53,60,33,59,48,35,30,51,69,105,3,71,9,32
5911,31,72,39,61,35,95,40,53,44,56,32,27,66,50,78,55,4,112
5912,5,58,30,39,53,72,63,32,33,69,37,36,38,67,61,50,52,105,107,23,44,59
5913,35,33,37,65,53,54,4,42,56,48,61,105,32,87,45,66,11,36,49,71
5914,64,38,84,53,45,72,47,54,40,66,29,51,58,71,67,37,91,31,30,9,43
5915,43,48,4,31,38,56,71,54,39,53,89,42,35,50,30,57,66,27
5916,64,66,71,84,43,28,67,50,31,59,115,57,18,48,53,30,44,29,1,39,35
5917,37,59,45,49,50,69,33,58,31,106,52,65,84
5918,71,70,58,45,32,57,47,50,72,38,67,42,51,60,35,56,33,37,64,89,105,66
5919,38,31,39,47,37,33,49,105,30,42,66,52,65,64,6,60,67,29,59,48,25,54,72,84,61
5920,35,66,105,69,54,57,52,71,56,44,38,47,39,115,114,42,48,67,53,17
5921,39,60,35,58,33,50,69,51,27,73,42,66,49,56,53,71,118,13,30,36,67
5922,72,36,50,40,42,67,52,49,44,33,64,60,35,56,71,30,45,39,68,4,61
5923,67,48,65,29,61,56,53,71,33,51,47,27,38,32,35,42,26,49,72,31,37
5924,44,32,66,54,31,65,58,36,52,69,84,47,102,50,49,53,51,29,57,42
5925,33,40,49,37,105,52,47,67,29,39,35,66,59,27,44,50,63,65,58,70
5926,71,30,68,61,43,37,39,59,70,35,65,41,60,57,36,31,42,45,50,84,49,15,56,93,51
5927,5,84,37,66,69,42,71,58,30,64,67,33,60,35,56,88,109,32,48,53
5928,105,31,33,27,49,40,42,72,106,73,58,116,115,48,85,84
5929,30,31,33,63,56,84,72,44,57,4,49,66,58,76,1,71,53,43
5930,27,71,52,58,43,35,29,37,53,42,33,62,47,51,65,38,25,30,39,60,66,40,112
5931,32,38,57,47,29,58,64,50,52,71,66,31,69,84,39,5,36,105,51,65
5932,66,56,67,37,64,45,29,70,42,49,65,2,105,38,47,39,40,48,106
5933,63,95,58,29,30,38,44,39,56,47,48,79,60,53,57,105,45,59,50,69,71,61,66,32
5934,41,42,38,69,59,84,31,54,27,40,33,30,29,39,49,58,47,48,60,63
5935,36,64,105,38,65,60,44,37,48,42,69,8,71,29,54,50,27,33,53,119,47
5936,52,72,42,60,66,61,39,35,48,27,56,105,71,36,58,47,59
5937,4,31,63,39,52,56,66,65,59,27,37,48,58,69,38,29,61,42,44
5938,47,53,67,69,35,27,61,65,29,51,43,58,37,52,70
5939,29,61,36,32,65,48,49,64,67,39,43,59,71,57,62,84,83,45,56,69,104,33,52
5940,31,64,97,50,48,71,24,37,42,85,65,30,38,58,53,16,28,36,105,39
5941,40,58,39,29,53,45,31,67,28,38,52,72,43,50,33,35,71,47,6,9,57,94,27,95,56
5942,60,42,35,31,48,38,51,71,30,61,67,56,65,58,4,107,27,109,44
5943,31,42,69,54,38,61,59,50,53,44,45,49,66,24,105,28,95,60,18,33,41,37,67,57,58,36,51,101,35
5944,44,95,71,29,72,31,38,57,32,37,48,66,17,96,50,69,45,53
5945,54,58,27,42,105,51,72,32,63,67,59,29,69,44,71,53,35,39,45,60
5946,48,36,59,29,31,33,65,70,44,49,71,39,30,50,58,42,52,27,53
5947,42,50,35,40,33,37,59,116,84,66,38,71,62,56,53,51,61,65,19,27,32
5948,58,37,72,40,51,64,59,49,54,71,35,36,31,53,105,60,67,66,33,117,92,50,44
5949,49,71,48,27,60,67,53,65,52,30,29,47,32,73,45
5950,37,69,60,61,53,63,38,49,48,105,36,35,47,54,43,30,64,31,4,66,27,57,32
5951,105,51,95,40,66,50,33,72,32,70,60,37,49,64,44,31,103,58,18,43,27,39,54,38
5952,71,40,65,58,35,59,38,61,45,36,47,33,50,44,72,9
5953,59,40,37,44,67,38,51,61,29,58,63,65,27,31,56,70,69,32,109,52,74,102,33,9,39,64,35,60,30
5954,57,67,44,63,47,48,53,64,50,49,71,32,51,27,95,115,29,119,36,45,81
5955,67,40,63,64,51,72,29,36,30,31,59,24,32,65,58,60,39,97
5956,56,105,49,66,72,65,54,42,53,30,60,67,32,57,52
5957,30,66,37,27,38,58,42,29,45,54,48,71,117,33,8,40,47,67
5958,30,52,37,71,66,45,48,36,47,72,86,85,53,59,105
5959,54,44,53,37,50,33,61,5,56,27,88,4,51,31,29,49,59,32,36,30,35
5960,69,42,59,58,65,72,71,63,53,44,66,52,67,1,48,49,29,39,33,7,43
5961,65,27,51,54,61,11,30,71,37,67,48,60,4
5962,53,39,29,45,42,51,67,72,44,31,66,59,36,64,105,55,23,49,58
5963,36,56,17,41,69,49,35,27,71,42,54,119,33,48,53,32
5964,61,37,38,40,35,53,65,67,33,95,63,66,54,15,72,30,52,69,47,99,29
5965,53,67,31,72,48,57,30,35,44,38,52,69,60,37,8,36
5966,40,61,31,44,42,51,33,49,52,50,38,95,91,59,54,46,27,57,36,32
5967,39,36,54,65,27,58,52,59,40,60,35,44,57,53,51,37,38,42,63
5968,52,43,42,58,71,49,60,59,32,61,53,51,41,37,56,66,45,36,8,39,63,69,33,84
5969,49,40,105,37,36,67,71,48,56,53,42,86,21,25,30,45,7,52
5970,84,67,47,60,69,71,30,48,56,53,33,72,65,32,52,49,61,29,24,58
5971,38,49,42,33,35,65,64,48,72,58,67,59,90,51,74,31,50,61,19,47,56,27,39,28
5972,65,54,30,40,57,72,59,71,39,105,58,52,63,47,115,50,95,41,45,64,99
5973,58,69,45,48,66,36,42,72,60,71,65,63,51,49
5974,50,32,31,36,49,84,48,52,105,51,40,61,60,30,59,35,23
5975,32,58,50,56,54,47,35,33,69,29,59,30,52,53,45,72,44
5976,39,40,44,72,37,69,59,67,49,64,50,27,58,33,35,30,61,66,38,105,53
5977,27,47,33,69,61,53,66,50,59,38,36,37,29,51,32,57,65,58,44,74,67,71,30
5978,48,33,61,56,68,37,41,39,28,115,51,60,65,85,67,74,30,21,40,95,79,49
5979,39,95,32,54,67,27,58,50,47,49,53,35,1,100,64,40,57,6,19,70
5980,61,40,38,32,71,39,54,95,66,67,58,56,48,50,31,36,47
5981,31,71,58,45,47,69,33,48,60,59,27,61,23,104,76,5,84
5982,84,31,71,72,37,67,40,60,95,49,29,64,47,61,59,39
5983,32,42,51,72,33,30,57,53,31,38,71,36,60,37,49,61,119,44,97,39
5984,60,29,37,49,40,52,31,66,36,91,39,19,57,87,64,56,114,30,67,34,27
5985,44,54,66,39,53,48,37,71,87,85,69
5986,65,50,27,66,58,38,52,44,59,53,29,72,84,56,105,31,32,57,67,28,73
5987,27,47,64,72,40,53,66,71,31,51,39,83,89,84,49
5988,52,60,72,50,64,56,44,33,58,69,32,65,102,53,45,31,35,14
5989,50,69,40,63,51,47,72,67,58,45,70,30,22,52,77,24,103,56,29,61,66,87,36,4,37
5990,66,60,105,50,54,71,44,56,95,51,42,84,4,40,67,7,29,27
5991,56,72,64,66,58,70,52,35,33,118,38,44,36,45,51,47,37,61,46,71,65
5992,42,5,37,66,53,50,70,49,30,52,44,105,69,84,27,65,38,92,41,8,54,45
5993,52,67,39,53,45,33,64,50,105,43,35,27,42,61,37,49,59,13,5,29,76,69
5994,45,31,61,105,60,46,53,50,65,43,27,81,8,30,109,67,56,51,71,52,58,84,32
5995,40,63,38,84,45,31,30,32,37,44,13,8,71,101,42,47,60
5996,56,54,48,40,59,51,31,4,52,5,27,47,73,58,88,44,13,62
5997,57,40,37,65,36,60,66,59,32,47,54,45,64,56,95,49,29,70,39,48
5998,66,68,53,32,63,41,54,35,29,59,49,51,24,61,58,30,37,105,44,56,27,46,65,43,47
5999,4,47,50,29,27,35,38,61,67,30,39,54,37,44,83,31,77,63,58,36
6000,66,84,71,27,64,51,39,53,35,67,33,59,69,37,70,23,38,65,78,116,28,60
6001,84,43,48,60,49,69,63,67,51,39,53,61,56,27,58,65,78,33,50,64,42,30,28,38,71
6002,27,40,31,42,32,50,52,64,56,44,66,65,51,53,36,55,39,61,26,47,23
6003,52,72,67,65,56,47,50,64,66,63,33,36,71,27,59,53,57,32,35,45,42,43,61
6004,61,84,47,36,63,48,71,65,52,37,24,112,30,44,42,33
6005,35,72,45,40,63,37,49,32,73,42,31,61,58,95,52,69,60,39,29
6006,35,39,27,65,48,44,49,54,36,87,29,30,67
6007,30,51,48,35,72,40,65,49,52,44,71,32,63,26,56,92,53,54,39,28,81,36
6008,58,64,44,66,65,37,56,29,50,114,27,63,72,49,8,38,60,69,94,53,30,43,67,105
6009,51,72,37,66,63,48,33,32,30,42,4,29,27,105,18,35,47,20,69,64,110,60
6010,39,51,48,59,37,44,36,50,56,61,60,97,107,112,105,46,53,45,47
6011,52,59,44,40,39,35,66,69,70,48,60,51,67,38,112,29,81,65,105,34,64,42,49,73,36,50,84
6012,84,54,4,30,60,29,36,66,114,48,61,71,90,51,67,105,95,27,34,91,63,2,39
6013,52,42,33,50,59,44,38,72,51,48,53,37,40,43,19,32
6014,45,33,36,61,53,66,60,47,105,49,59,34,16,27,38,56,40,72,30
6015,31,38,49,42,35,29,53,64,40,39,51,44,32,59,28,72,67,74,61,36,65
6016,45,69,44,29,55,33,70,56,61,52,54,59,37,35,72,51,43,67,50,91,32,53,49,79
6017,105,32,40,57,49,70,29,52,36,47,38,54,35,71,51,46,72,66,83,42,48,61
6018,56,41,51,59,33,31,64,44,35,42,5,60,39,47,83,75,45,36,69,53,32,6,48,72,73
6019,42,63,43,51,57,66,30,84,71,48,105,27,72,40,60,56,86,4,33,49,64,53
6020,72,27,71,50,38,64,43,51,31,48,39,56,49,36,54,119,35,53
6021,31,42,52,48,50,71,33,105,45,35,32,36,30,72,106
6022,53,105,51,64,61,27,35,31,39,71,33,45,30,29,36,56,47,54,59,48,58,37
6023,48,53,66,37,58,54,38,109,51,69,60,118,50,55,27,31,105,64
6024,49,54,65,45,31,42,67,61,58,27,30,52,26,1,47,38,111,105,15,44,13
6025,71,54,48,45,61,66,105,40,33,4,50,67,35,30,56,58,52,70,110,95,65,47
6026,42,58,36,60,48,61,38,63,37,29,50,56,31,30,51,59
6027,52,4,49,71,39,58,50,44,32,75,27,45
6028,31,56,40,36,105,66,30,68,53,64,54,27,49,67,65,29,80,32,102,63,61,44,42,59,11,17
6029,72,69,32,66,52,40,50,56,53,45,71,95,38,27,110,34,65,57,58,22
6030,36,68,47,42,59,29,69,58,61,52,60,37,49,38,27,70,65,50,4,78,53,48,105,32,44,31
6031,31,32,47,40,56,54,69,59,49,43,71,44,48,3,42,4,36,39,80,38,64,46,51,9
6032,30,56,48,49,50,60,51,44,58,47,61,40,35,71,38,72,53,2
6033,58,54,65,33,72,27,29,42,50,32,49,69,67,61,41,63,51,31,68,64
6034,95,38,36,27,56,53,32,48,67,47,50,72,63,35,98,30,7,29,57,71,9,45
6035,50,47,39,30,105,95,66,72,32,49,59,33,48,42,54,35,38,114,67,31,29,36,84,41,71,27,63,70
6036,37,32,67,44,39,60,58,61,51,48,84,35,72,69,45,71
6037,38,67,64,4,29,56,61,71,86,27,50,118,91,54,57,48
6038,36,49,72,29,60,105,52,35,50,66,37,67,45,47,71
6039,39,50,61,47,59,40,42,44,69,37,45,57,105,32,48,115,52,2,49,60
6040,60,44,66,38,69,67,47,50,39,42,51,49,56,64,112,54,89,58,11,95
6041,71,47,56,64,53,38,58,31,32,51,39,59,63,36,27
6042,105,30,51,44,31,53,38,69,33,35,47,66,63,67,37,58,112,45,72
6043,44,47,58,64,32,70,105,4,38,60,61,59,27,67,30,48,72,54
6044,63,59,44,30,58,38,29,42,37,14,36,32,47,53,110,49,50
6045,35,49,37,66,56,33,38,72,32,61,71,69,29,50,63,4,9,42,44
6046,58,7,35,72,49,45,30,47,53,64,61,52,39,67,27,48,59,29,54,50,44,66,62
6047,57,66,30,36,71,53,42,61,31,72,44,59,64,88,43,54,70,60,84,67,105
6048,30,28,58,47,66,70,105,63,42,59,56,65,40,95,35,39,53,64,61,36,60
6049,42,35,4,60,39,50,48,31,16,71,70,89,104,45,65,20
6050,44,64,48,63,61,27,38,72,45,71,53,52,54,69,57,58,105,50
6051,67,51,43,49,60,44,29,48,40,63,27,39,68,54,52,66,35,47,4,56
6052,5,4,53,58,43,36,71,67,54,28,72,32,59,68,35,29,37,24,60,40,45,56
6053,56,33,51,45,32,29,65,113,105,57,60,59,69,117,27
6054,67,60,71,45,39,65,30,49,51,69,32,34,37,48,54,27,29,63,44
6055,39,59,69,49,79,14,56,93,35,37,27,72
6056,30,67,56,37,50,71,105,69,57,47,64,53,29,60,97,33,48,49,40,45,27,58
6057,95,72,31,29,54,44,66,38,47,7,65,42,4,64,27,84,32,67,71
6058,36,30,37,72,71,32,4,44,114,29,35,47,87,45,48,103,49,113,61,65,105
6059,49,42,44,51,30,69,27,105,66,58,11,72,104,50,64,31,68,36
6060,53,65,64,40,69,50,27,71,105,33,90,66,67,84,30,37,1,46,72,95,16
6061,36,31,72,56,30,68,42,66,51,48,37,71,49,50,82,38,53,27,65,93,105
6062,44,52,56,38,71,72,27,31,95,36,69,39,47,65,42,48,41,50,40,110,45,53,67,24,30,112,37
6063,27,42,45,39,65,50,72,49,56,9,54,105,37,67,34,110,59,33,60,66,69
6064,48,69,70,91,30,67,61,37,35,60,85,73,105,43
6065,31,65,58,59,53,49,67,40,61,54,39,105,66,32,50,48,52,33,30,71,91
6066,53,67,51,65,44,35,32,52,60,30,36,45,27,8,54,87,34,110,48,109,39,33
6067,42,71,35,51,49,66,56,38,44,27,67,33,29,23,60,19,72,11,45,32
6068,71,35,49,39,31,38,56,44,37,48,77,118,53,59,41,54,33
6069,53,63,44,67,45,65,47,39,38,48,61,33,37,118,78,54,4,42,32
6070,35,45,105,84,49,39,48,67,61,42,3,31,27,58,32,79,38,72,51
6071,68,53,39,60,56,29,42,32,67,52,69,35,49,11
6072,68,37,65,61,50,60,41,71,29,49,1,48,38,8,66,51,83,67
6073,47,48,27,29,70,42,40,53,44,32,59,50,37,71,52,33,104
6074,60,72,56,33,27,29,70,48,71,66,37,59,39,42,47,58,68,67,31
6075,60,51,64,54,65,47,59,49,52,42,36,25,62,118,66,74,37,81,39,40,69,38
6076,32,30,61,67,66,29,72,42,70,43,27,45,36,69,38,47,48,59,7,28
6077,39,32,69,27,67,44,47,56,64,30,33,35,58,51,45,7,71,4,61,49,36,65,28,52,14,31
6078,48,57,56,53,31,50,61,45,54,27,67,59,28,47,69,14,30,36,116,68,40
6079,66,84,67,49,54,30,42,71,32,105,44,45,56,27,52,25,33,36,60,53
6080,31,51,65,61,59,58,32,60,54,69,72,53,27,37,105,2,89,52,73,79
6081,52,72,35,59,48,69,36,45,29,27,84,65,100,56,37,44,42,38
6082,84,67,56,39,48,69,53,38,31,70,37,72,51,49,71,57,47,32,59,119,60,4,50
6083,30,70,27,32,60,42,47,72,39,2,49,71,63,48,69,57,34,105,31,58
6084,40,69,65,42,59,56,38,47,50,58,106,30,52,41,88,55,71
6085,54,60,35,61,72,47,38,59,64,105,95,29,36,70,110,62,50
6086,45,61,54,50,48,53,71,35,30,113,29,17,37,59,5,57,39,47
6087,32,49,29,37,60,58,67,50,31,42,30,47,48,52,105,45,53,35,65,64,98,2,87,69,71
6088,27,42,32,65,29,105,48,35,30,50,51,91,95,71,49,108,60
6089,84,47,56,39,32,40,70,35,65,29,71,72,2,60,38,42,4,54,61,63
6090,49,33,66,39,56,69,67,36,58,47,50,71,52,54,61,42,27,68,45
6091,84,47,65,54,45,66,49,44,71,60,67,56
6092,43,71,52,61,35,37,56,48,84,40,47,38,36,59,101,58,31,69,15
6093,71,32,37,60,44,52,56,42,58,38,50,64,18,67,47,72,26,41,110,48,98,61,35,27,66
6094,48,66,60,36,27,33,63,54,57,51,61,29,42,56,39,52,53,50,69,46,37,71,40,44
6095,105,64,50,52,32,35,77,51,4,38,15,30,60,24,63,56
6096,44,50,59,56,60,52,61,58,105,48,32,65,57,38,71,91,35,63,36
6097,60,35,66,48,29,57,52,37,44,40,72,39,27,51,95,36,24,65,43
6098,53,44,30,36,71,47,49,45,69,60,39,66,27,37,61,48,57
6099,53,29,39,56,105,44,72,4,66,50,31,52,27,42,51,106,1,60,65
6100,36,54,31,39,95,71,56,33,45,53,44,32,49,37,67,61,72,40,73,105,42,91
6101,35,29,4,32,40,47,28,95,61,36,65,37,48,57,53,17,51,20,102,60,72,27
6102,35,61,56,33,64,69,66,105,4,30,68,42,103,48,50,49,24,73,37
6103,72,32,49,48,63,30,56,66,54,37,59,67,71,29,58,65,31,35,61,89,69
6104,59,70,31,50,65,32,39,105,53,22,1,41,82,48,66,38,44,40,58
6105,63,27,84,45,40,60,59,28,42,50,35,75,58,36,61,29,33
6106,60,39,50,48,61,51,33,105,53,4,71,57,87,93,67,43,37,72,56
6107,34,42,69,52,95,56,51,71,27,31,57,48,37,98,50,84,72,30,61,92,49
6108,50,105,61,58,38,52,48,45,54,72,29,32,36,27,30,19,49,64,56
6109,36,4,95,70,48,37,32,40,69,53,44,54,65,105,61,45,52,102,72,60,50,64
6110,64,52,71,27,105,31,72,35,53,33,54,38,51,60,59,67,16,50,32,65,30,49,44
6111,35,37,60,69,38,48,67,59,32,51,49,56,95,27,44,50,61,31,72,58,71
6112,43,47,44,32,71,53,27,56,63,40,67,65,45,42,58,39,50,66,54,60,49
6113,49,51,71,33,31,36,27,57,44,56,38,69,32,30,89,50,39,6,64
6114,36,48,61,33,50,64,58,44,45,27,38,37,56,59,52,105,39,89,30,40,68,66
6115,49,95,58,59,48,61,84,45,56,50,32,27,2,65,40,57,60,33,70,64,66,28,39
6116,50,31,69,66,48,29,71,51,52,47,59,60,36,100,45,2
6117,33,43,56,58,64,42,36,52,61,67,44,84,35,24,7,71,8,66,118,83,49,48
6118,39,95,52,84,29,53,65,57,27,72,45,61,56,63,88,115,32,71,50,58,28,113,70,19,54,64
6119,69,54,48,61,39,65,58,38,56,104,29,52,77,36
6120,39,48,56,54,47,44,30,29,38,69,52,32,63,31,37,33,57,50,10,35,71
6121,42,51,31,50,66,54,61,45,36,44,47,48,99
6122,72,32,61,69,36,65,105,59,30,49,64,42,52,39,40,56,33,31,53,29,35,71,60,44
6123,33,50,36,40,53,44,69,32,47,31,37,105,49,73,52,81,30,29,43,27,65,58,39
6124,44,4,35,71,50,56,52,54,84,41,53,19,119,60,91
6125,48,60,72,47,30,38,31,44,29,51,61,42,39,27,53,52,37
6126,50,72,67,44,53,59,56,49,42,66,30,60,112,39,58,45,17,48,26,31,29
6127,31,54,50,49,51,72,65,48,33,69,45,57,85,61,53,67,92,60
6128,27,105,69,42,53,60,49,63,72,67,44,31,38,33,51,45,37,61
6129,33,31,35,54,49,59,28,72,40,61,71,9,36,45,50,69,89,17,30,48,51
6130,64,31,56,29,69,36,50,54,40,33,65,32,42,30,4,109,104
6131,38,36,52,48,67,57,56,47,37,91,72,53,30,29,51,11,65
6132,40,27,72,49,61,52,51,84,37,64,54,45,30,65,63,29,109,58,42
6133,45,95,4,66,37,72,30,52,47,54,48,69,58,70,32,38,105,57,36,18,21,9,39
6134,39,49,47,31,58,61,35,40,30,72,67,36,84,51,38,71,27,60,32,42,44,37
6135,56,68,37,64,65,72,29,54,53,71,35,59,60,39,51,50,27,69,66,30,44
6136,69,38,48,47,36,29,42,45,44,27,30,50,58,35,56,31,66
6137,30,71,52,64,61,54,95,43,50,91,88,32,53,57,29,119,66,34,38,11,36,51
6138,45,48,95,53,44,71,66,40,37,31,67,60,38,68,52,30,47,61,50,15,65,42,58
6139,33,61,105,30,47,69,95,72,58,53,59,63,35,60,50,66,44,51,54,37
6140,63,105,33,47,4,39,70,72,37,60,49,95,45,66,32,64,31,40,36,67,35,65
6141,31,47,30,49,45,35,42,48,66,27,72,95,29,61,32,28,63,60,17
6142,40,72,29,44,48,64,60,69,37,33,47,30,54,38,91,26,35,84,2,42
6143,72,50,56,53,61,36,69,27,42,65,30,44,59,35,45,38,102,49,60
6144,44,65,33,54,56,53,72,37,40,61,66,58,27,70,14,50,38,57,29,15,64,45,32
6145,37,35,63,65,53,61,32,56,60,49,27,69,38,44,66,4,20,118,59,55,48
6146,31,61,66,59,53,29,56,37,48,44,33,36,50,60,39,17,57,69,38,47
6147,51,27,30,50,56,53,39,35,72,47,32,44,66,37,45,10,71,40,103,29,36
6148,69,32,64,31,66,60,33,56,27,105,57,49,72,63,36,90,45,58
6149,50,30,53,31,32,37,56,29,38,52,61,72,60,65,17,47,101,59,103,57
6150,39,65,59,44,60,49,61,71,45,33,72,66,47,76,36,69,46,48,35
6151,69,31,58,84,36,35,70,71,54,27,59,72,65
6152,40,105,60,31,36,38,56,27,70,49,50,59,82,66,33,35,51,48
6153,40,69,50,36,60,31,44,54,48,56,27,32,47,30,105,80,5,59,58,49
6154,59,63,54,64,37,71,38,36,49,42,58,106,68,44,105,66,60,103,27,57,32,48,101
6155,48,47,38,69,30,35,53,65,60,33,64,90,70,54,100,51,63,13,27,82,58,61
6156,42,65,39,72,44,50,47,45,67,56,29,52,58,37,64,105,119,40,54,71,70
6157,49,65,30,66,67,64,35,29,61,69,93,43,105,58,73,70,44,63,4,96
6158,35,68,30,53,59,29,37,36,48,42,71,52,49,67,111,33,72,69,39
6159,32,45,52,49,58,72,30,42,67,40,27,59,51,50,69,31,39,37,34
6160,59,49,36,42,67,56,71,58,65,32,37,60,33,103,39,66
6161,58,35,49,42,38,4,66,64,24,72,36,32,50,60,29,37,47,5,88
6162,71,54,63,48,47,38,59,84,32,45,58,33,37,67,85,53,50,72,76,56,39
6163,29,31,84,50,105,65,45,66,36,44,58,86,49,32,15,62,70,56,52
6164,63,53,105,35,33,42,61,44,65,54,27,60,51,64,71,40,47,56,66,58,62,67,95
6165,49,50,53,58,47,60,39,42,72,30,61,69,38,51,54,37,45,65,48,55,19,66,114,32
6166,91,29,33,58,71,61,56,64,35,27,48,44,81,45,50,69,37,54,38,41,31,42,72,66,51,85
6167,32,36,59,40,67,105,37,57,39,45,27,33,93,69,53,52,66,65,72,64,74,51
6168,71,42,84,61,105,45,54,66,32,60,33,50,13,67,31,37,51
6169,27,40,69,58,61,63,53,60,47,51,28,84,105,30,95,71,64,52,45,54
6170,27,95,58,72,48,38,36,59,40,30,23,49,64,52,53,71
6171,56,48,64,27,54,59,37,49,31,29,57,105,50,42,72,67,39,45,24,36,33,28,47
6172,59,66,71,69,56,37,68,57,35,42,44,47,31,60,39,102,51,27,64,74,53,54,36
6173,39,37,38,65,69,48,61,58,36,67,56,44,81,101,45,72,17,88
6174,43,4,49,71,67,61,37,66,92,42,44,85,47,27,94,39,105,95,70,45
6175,31,105,29,44,27,30,33,54,36,53,50,49,95,51,72,37,89,71,59
6176,27,69,51,65,59,30,67,105,60,66,56,71,53,58,61,17,45,63,19,32
6177,42,37,61,50,35,49,72,38,45,58,53,27,105,31,95,51,56,11,60,71
6178,50,39,105,63,84,40,35,61,72,37,118,95,59,67,60,44,98,83,112,18,58
6179,67,45,51,71,56,105,47,49,54,30,27,52,48,53,33,35,17,69,38,5,44,70
6180,105,69,32,57,50,67,59,56,51,29,33,40,36,65,31,42,53,49,15,44
6181,29,105,44,71,60,54,51,31,32,33,65,35,39,42,38,61,78,22,72,30,70,76,9
6182,54,47,49,43,71,36,32,44,95,16,105,52,112,28,60
6183,32,71,65,42,61,38,49,56,69,58,52,29,51,91,77,36,33,37
6184,64,84,61,47,52,42,70,45,71,57,31,30,69,40,32,48,102,49,36,66
6185,29,32,45,27,30,72,48,64,60,105,39,44,66,33,31,113,40,68,35,49,50,63,59,52,17,54,22,69
6186,27,36,44,65,49,42,69,48,58,67,40,29,51,39,47,38,25
6187,66,53,63,44,47,59,50,69,117,42,27,28,39,103,67,33
6188,50,35,49,54,30,60,32,38,66,29,70,67,31,58,37
6189,65,27,70,61,49,47,42,58,66,71,31,43,37,35,67,40,105,64
6190,69,84,54,35,48,105,49,40,71,50,64,24,45,68,44,19,59,57
6191,32,37,53,47,60,40,45,39,72,42,69,64,44,50,80,51,24,84,113,118
6192,4,49,37,48,30,72,47,29,59,67,17,65,58,66,53,27,22,9
6193,27,38,44,54,30,63,72,35,45,70,47,31,55,49,50,32,60,57,51,18,68,58,65,3,39
6194,35,27,42,37,50,44,57,53,38,64,30,70,47,71,28,48,49,65,52,84,51,54,33
6195,69,42,35,51,66,32,64,58,65,54,30,60,31,43,63,50,27,73,90,95,47
6196,71,61,56,64,36,66,52,27,105,38,40,6,51,58,28,47,39,85,94,67,18,31,60,84
6197,61,51,48,56,27,58,39,60,31,30,71,116,20,69,105,36,29,67,40,35,38,14,47
6198,36,30,42,35,4,63,27,40,64,89,59,56,66,37,91,68,53,71,54,67,21
6199,27,35,43,64,38,48,33,41,37,95,79,100,39,30,60,54,25,28,68,49,12,47
6200,27,71,84,37,65,72,29,54,52,39,53,49,51,61,24,38,47,50,14,73,56,83
6201,52,4,53,31,54,59,40,47,49,38,50,39,36,30,105,58,48,108,77,24,65,67,33
6202,64,56,37,53,35,31,67,45,69,52,43,49,44,2,5,112,40,88,66,36,79,47,8,32,61
6203,40,66,36,27,31,42,56,50,105,30,49,52,38,37,65,45,67,64,4
6204,38,71,65,66,30,42,47,50,51,37,60,11,32,77,115,64,15,56,59,67
6205,67,35,32,39,53,49,51,37,33,105,29,91,52,50,44,31,48,58
6206,37,49,58,44,33,32,56,59,47,45,48,69,39,51,50,42,38,35
6207,69,31,65,105,36,54,66,50,47,72,32,51,43,52,27,44,53,71,67,3,33
6208,38,44,42,61,64,54,91,29,45,31,30,72,58,51,115,35,36,66,50,53,79
6209,54,49,1,36,63,35,39,52,48,43,32,80,72,40
6210,40,44,30,45,33,67,50,71,69,48,59,35,29,73,51,62,11,112,49,68,53,31
6211,115,53,58,29,63,33,104,117,51,48,61,38,31,32,45,21,30
6212,4,60,84,32,40,69,61,66,65,39,113,56,42,27,47,31,93,35
6213,53,65,71,92,31,61,36,29,50,37,58,52,49,67,100,76,27,105,34,114,60,44,84,54
6214,41,58,48,36,44,70,49,39,33,54,31,60,32,117,93,105
6215,58,84,53,35,64,48,31,44,36,66,27,42,33,49,72,30,47,45,105
6216,105,40,29,52,47,59,71,56,84,45,70,30,64,95,39,48,31,38,36,49
6217,50,59,42,44,52,47,56,66,51,72,31,29,45,46,105
6218,58,30,72,45,71,50,53,47,27,56,31,35,29,118,67,37,44
6219,36,59,45,66,47,42,61,50,38,27,35,56,71,32,69,30,58,44,20,105,60,39,51
6220,52,48,59,49,50,84,54,53,105,47,72,79,27,35,29,66
6221,61,45,30,71,29,59,52,66,39,53,105,67,15,48,4,69,77,58,54,50,36,56,24
6222,49,60,52,53,58,61,47,40,67,30,39,105,65,44,33,115,78,29,117,31,16,43
6223,95,7,105,4,29,45,30,50,54,71,48,37,52,101,47,27,49,62,73,31
6224,49,44,63,37,48,29,59,69,105,58,45,67,50,61,13,31,103,72,36,42,47
6225,45,36,69,60,65,30,31,39,32,105,38,51,50,61,44,58,113,23,19
6226,49,33,48,69,27,60,71,45,50,44,105,67,53,36,66
6227,30,84,4,48,66,36,58,38,42,59,32,49,47,33,31,56,50,113,62,105,52
6228,35,4,54,71,60,64,59,50,105,47,61,48,65,107,32,38,30,51,5,56
6229,29,105,38,64,56,75,47,1,30,67,19,53,88,52,50,60,24,33
6230,53,32,45,65,58,56,27,51,35,31,60,36,54,52,66,38,94,102,63,59,37,42,90,105,71,24
6231,95,38,105,84,27,45,33,50,29,56,39,58,31,54,48,37,64,72,104,100,35,36
6232,35,39,53,65,38,72,64,32,45,105,50,44,61,7,40,71,57,48,27,36,63,51
6233,35,42,53,31,61,54,95,11,72,27,45,60,52,70,65
6234,51,53,44,36,59,45,105,58,32,33,61,35,48,39,50,4,89,49,66,27
6235,54,27,71,51,31,56,63,44,4,37,48,64,47,32,30
6236,95,43,56,54,53,50,33,66,35,51,65,30,44,71,38,39
6237,66,42,31,39,65,69,36,54,37,40,60,30,103,71,47,64,29
6238,36,27,38,64,37,51,66,58,54,32,53,105,61,84,19,44,114,48
6239,50,48,31,44,29,59,49,47,67,45,56,52,30,23,38,71,7,42,25,22
6240,35,64,36,65,61,67,32,50,27,37,105,72,45,44,49,58,52,57,90
6241,51,42,49,44,66,30,38,45,64,65,24,56,32,50,29,72,58
6242,95,60,71,61,105,30,33,42,31,37,72,54,40,47,8,51,65,59,27,39,77,29,48,52
6243,53,56,63,4,47,105,45,39,50,54,29,69,38,65,36,77,32,60
6244,37,50,54,71,60,38,56,47,58,28,30,69,89,48,36,49,39,31,45,88,35,27
6245,42,32,39,50,95,65,71,43,70,44,67,45,56,30,60,84,72
6246,71,39,27,67,56,105,42,47,59,60,45,29,52,82,85,54
6247,31,50,32,30,61,44,66,47,67,59,42,35,65,49,69,54,63,51,78,71,29,56,60
6248,30,27,40,60,71,59,45,39,43,52,50,72,38,44,48,54,57,4,49
6249,31,42,58,39,49,40,52,53,66,47,33,71,60,108,117,64,38,4,54,29,56,27
6250,66,4,38,53,40,52,48,32,64,49,51,47,31,37,36,43,58,61,84,56,11,59,115,67,15,54
6251,49,65,60,36,30,37,72,54,38,90,45,95,41,66,71,5,69,50
6252,27,39,32,19,14,71,72,44,48,51,35,47,66,40,33,114,56,31
6253,47,36,51,37,69,30,54,53,44,64,38,29,56,42,58,50,3,6,49
6254,48,38,45,63,31,67,36,50,66,32,42,59,49,65,64,35,70,105,73,60,53,109
6255,32,42,64,72,27,69,65,54,53,60,51,57,30,67,33,66,49,50,44,38,31
6256,30,65,58,32,53,45,49,60,51,35,39,66,116,24,26,36,119,85,67,114,48
6257,30,45,58,48,36,72,39,47,44,49,29,31,27,51,65,69,68,22
6258,30,67,43,48,38,37,69,66,53,28,32,50,29,61,64,62,42,49,96,104,65,72,54
6259,38,69,50,64,44,54,67,30,49,36,59,58,48,103,40,47,72,27,6,39,53,56
6260,63,65,60,51,95,4,56,20,38,50,45,105,49,44,87,66,42,37,40,58,31,90
6261,43,39,33,40,36,65,27,72,31,45,58,71,70,42,61,95,56,37,4,53
6262,54,37,84,71,105,67,31,59,103,39,56,48,44,60,38,65,49,36,62,29,20,40,9
6263,63,70,31,35,47,52,30,40,43,44,4,29,56,33,78,65,32,15,42,71,93,59,3,53,23,51
6264,33,12,17,58,67,64,27,40,35,41,52,37,48,59,56,71,107,55,106,30,91,5,66,112
6265,41,69,95,51,49,33,61,45,32,66,44,43,70,64,30,38,58,35,54,39
6266,44,72,53,52,39,38,105,56,28,84,60,27,33,37,31,51,48,45,63,73,35,67
6267,105,31,29,47,54,56,45,35,39,53,48,28,27,33,60,44,61,37,52,51,36,43,42
6268,47,56,37,33,45,36,31,65,32,42,64,49,27,58,30,35,17,60,40
6269,69,58,51,38,49,47,37,48,91,9,105
6270,51,40,95,47,48,56,53,66,32,36,31,69,41,29,60,13,64,35,42,52
6271,59,38,64,71,53,65,54,42,43,40,29,84,51,58,49,61,56,17,55,31,19,67,16
6272,67,44,50,60,59,27,38,15,30,58,48,35,47,1,39,32,64,66,63
6273,95,27,50,42,71,4,67,84,40,43,30,45,29,51,35,38,25,32,66
6274,54,31,39,72,70,56,36,105,44,47,45,58,49,35,30,65
6275,45,61,64,42,17,37,49,27,48,50,105,33,53,39,44
6276,49,48,40,47,72,42,50,36,32,66,53,35,64,44
6277,48,33,67,58,39,105,70,50,27,54,57,37,42,56,60,44,94,59,47,63,31,83,73,35,45,36
6278,51,4,63,47,69,40,52,58,61,54,71,20,36,35,44
6279,63,69,29,64,71,60,48,70,33,13,47,35,72,39,57,7,27,89,36,78,54
6280,36,40,69,33,60,4,105,95,37,49,29,56,48,67,59,27,55,21,47,16,30,5,35
6281,53,33,42,69,35,30,45,49,27,31,72,44,61,47,65,51,66,48,67,59
6282,71,95,49,52,66,70,29,51,60,30,54,67,79,38,36,108,45,39,105
6283,40,51,31,65,61,64,48,53,54,60,47,114,50,52,42,119,69,38,102,36,27,5,56
6284,36,4,47,49,69,45,35,30,31,92,37,52,44,12,40
6285,72,29,39,37,60,54,40,56,35,47,44,61,45,31,53,38,4
6286,31,61,60,50,58,69,65,52,38,53,71,29,105,56,78,44,67,37,36,114,1,48
6287,69,66,51,56,84,31,47,67,60,49,52,105,48,57,65,16,71,30,38
6288,30,63,64,84,53,44,59,68,29,36,27,57,45,42,109,69,48,47
6289,5,58,33,53,37,38,51,71,59,66,30,4,90
6290,71,30,56,61,68,66,67,50,52,32,72,112,80,45,47,65,35,114,20,51,33,60
6291,61,39,51,67,38,53,47,42,54,50,32,44,105,45,36,56,58,66,59,9,29,23,77
6292,60,45,50,47,61,41,67,63,35,29,70,95,66,53,28,58,54,44,98,72,103,75,48,51,15,40,108,65,33
6293,58,32,38,33,49,4,69,45,50,64,31,72,44,39,48,57,30,28,65,54,24,47,84
6294,50,56,47,51,31,67,30,71,84,36,74,35,40,44,58,60,66,52,32,53,54,4
6295,33,45,47,52,60,30,39,42,54,83,53,6,48,4,67,84,16
6296,4,29,50,67,31,36,58,51,105,79,1,42,57,106,96,49,52,33,53
6297,52,84,64,44,37,40,45,33,29,58,36,67,49,65,94,91,100,12,66,39,7,86
6298,47,84,51,42,57,44,39,38,58,48,2,35,23,32,67,28,62,43,31,50
6299,35,47,105,51,32,27,52,60,48,33,49,65,67,40,95,36
6300,60,67,56,51,66,40,57,36,105,61,29,30,23,69,24,65,44
6301,45,51,38,42,29,107,66,49,19,27,58,17
6302,67,52,29,30,35,37,54,53,60,39,69,48,33,42,118,83,32,89,50
6303,29,54,51,64,61,84,66,42,39,32,31,65,115,63,40,71,15,69,56,30,96
6304,56,47,45,51,33,60,72,40,35,36,39,58,64,71,61,29,84,81,15,31
6305,49,105,35,36,51,72,61,42,50,32,54,69,47,56,45,27,31,39
6306,36,67,44,39,42,69,58,53,35,66,51,52,45,27,37,71
6307,36,69,44,49,48,71,58,91,67,65,38,66,54,32,31
6308,48,51,54,44,105,32,95,64,47,53,31,50,84,36,16,91,45,72,38,35,33
6309,65,27,42,105,36,45,72,53,44,28,32,37,29,33,58,40,59,31,78,84,95
6310,68,30,65,60,64,105,29,59,56,67,66,31,27,70,51,85,54,69,49,24,38,35,45
6311,42,31,58,66,33,47,105,37,27,67,50,36,54,30,48,32,44,84,53,71,51
6312,27,58,47,105,33,31,72,48,50,65,39,60,42,119,66,29
6313,50,68,52,47,41,49,35,30,54,31,58,63,51,67,71,105,61,57,66,90,42,48,53
6314,33,27,29,31,64,52,56,49,65,5,30,40,39,53,38,59,32,108,48
6315,54,63,35,38,42,69,33,64,58,47,71,59,5,57,56,61,37,45,36,39,100,66,65,27,48
6316,29,32,58,60,49,66,51,42,35,47,37,38,30,24,67,28,52
6317,72,32,27,84,61,35,65,33,41,40,36,24,52,43,67,48,13,58,56,38,47,4,42,112,31,1,51
6318,71,105,49,53,31,51,45,62,18,48,91,32,52,89,58,12,29,36
6319,67,32,40,30,71,51,54,72,31,36,38,52,64,69,44
6320,44,61,30,56,49,57,51,64,38,59,60,53,31,37,33,52,58,12,35,99,48
6321,43,72,58,56,32,67,53,54,112,39,105,61,38,31,65,64
6322,61,37,53,29,36,33,58,42,38,52,35,45,66,56,110,83,98,31
6323,67,38,53,39,52,45,69,60,71,35,62,48,44,72,70,100,47,65,57
6324,72,51,37,30,47,35,45,95,33,54,69,64,66,61,86,17,32
6325,54,95,29,67,37,45,59,35,49,65,69,39,72,40,34,50,107,2,12,48
6326,31,66,45,54,35,56,69,29,58,79,53,50,16,71,44,52,38,36
6327,56,31,37,35,29,45,48,105,58,44,39,30,82,61,116,60,74,54,33
6328,47,95,42,84,28,51,33,61,40,35,63,32,53,17,50,64,30,44,20,54,65,66,27,78,45
6329,29,50,37,51,67,57,32,72,66,45,33,65,56,35,40,84,48,39,85,30
6330,49,30,52,51,72,38,60,67,33,57,32,31,71,40,45,37,61,54,29
6331,65,45,35,39,31,52,66,105,95,37,69,56,72,57,1,67,53,50,54,44,29,42,60,36,90,27,59,64,30
6332,39,43,67,53,54,60,64,95,70,30,31,71,49,35,103,51,44,84,48
6333,71,35,65,29,51,95,60,52,43,37,42,56,53,27,97,31,64,45,61,20,72,54,100,38,50
6334,50,27,33,51,59,65,48,37,72,69,60,44,58,32,45,56,66,40,30
6335,47,64,29,53,61,36,51,31,58,4,42,67,33,30,39,48,109,54
6336,67,35,44,61,47,50,27,52,58,56,53,31,42,69,37,55,46,49,13,4
6337,37,73,56,67,32,59,95,72,49,52,64,44,48,47,34,58
6338,35,67,69,45,61,57,27,72,39,90,42,47,44,59,105,54,66
6339,64,47,58,44,42,67,29,57,59,66,95,27,70,105,33,38,30,36,45,37
6340,105,95,71,72,38,59,51,53,47,39,65,61,45,35,60,63,32,54,75,103,27,36
6341,31,30,48,27,64,51,66,35,105,71,36,47,57,60,32,72
6342,78,71,42,58,36,54,51,19,49,38,40,8,85,72
6343,38,49,54,95,60,59,36,27,68,35,52,51,32,48,104,72,39,44,29,71
6344,47,9,53,49,31,65,69,61,84,39,44,52,27,23,54,78,51
6345,51,37,47,42,38,60,33,73,31,4,69,61,58,41,99,39,85,66,30,49,35,50
6346,69,68,38,32,56,54,48,58,42,40,66,71,61,65,72,33,74,67,49,30
6347,27,69,41,104,52,63,29,44,45,95,36,53,92,72,38,28,37,71,70,56,39,42
6348,27,36,32,40,52,69,50,59,47,67,71,31,38,45,112,103,72,60,62,44,108,61,35
6349,66,32,56,99,48,67,69,54,38,64,65,44,37,27,36,53,60
6350,27,52,67,72,60,58,40,38,69,36,115,100,64,49,51,94,59
6351,88,58,35,29,37,47,67,56,31,71,64,36,72,38,43,81,39,86,69
6352,61,31,27,50,48,36,40,38,47,33,42,51,59,52
6353,71,60,39,48,54,67,105,53,65,27,38,44,45,69,50,56,29,30,49,31,36,3,40,35,47
6354,105,52,71,30,48,60,59,68,45,51,53,57,47,27,66,67,44,54,61,40,97,74,15,50
6355,66,49,51,48,32,44,47,67,30,57,65,118,71,54,36,72,27
6356,66,56,54,35,49,47,33,27,59,58,29,31,67,36,45,51,38,34,50,8,71
6357,58,49,33,41,84,65,50,51,71,48,40,35,54,45,38,56,37,29,55,16,105
6358,48,41,36,51,49,45,47,35,32,50,59,30,87,38,29,42
6359,53,39,58,50,68,31,37,65,66,54,56,64,36,42,59,69,67,45,85,1,71,40
6360,57,52,30,44,66,72,50,58,60,36,49,59,42,48,65,55,71,39,54
6361,52,33,38,43,54,45,36,49,59,31,53,71,29,30,35,50,4,95,118,84,117,17,82,47,58
6362,45,35,42,27,95,66,40,54,32,28,37,31,51,60,67,4,8,20,48,44,55,64,69,34,33
6363,42,31,5,50,54,30,49,52,69,36,39,29,47,58,59,32,105,35,48,67,90
6364,61,32,52,45,38,53,40,42,54,72,49,27,65,59,60,50,47,70,62,58
6365,50,71,38,48,105,53,29,64,66,54,43,45,56,33,44,39,35,95,37,61
6366,32,58,30,44,67,60,39,66,27,42,54,40,24,31,38,45,34,47
6367,31,72,56,38,58,36,42,69,53,60,30,63,39,33,84,47,11,45,48,76,40,49,62,67,50
6368,42,40,56,72,38,84,45,51,67,44,59,48,69,117,49,60,27,58,65
6369,40,105,45,67,54,48,38,71,37,63,39,42,31,56,69,27,2,59,57,20
6370,45,61,50,49,40,35,72,59,54,32,71,30,25,58,101,82,27
6371,54,84,30,48,27,49,52,70,37,9,56,57,51,50,105,58,45,79,32,61,5,47,18,20
6372,59,40,37,32,56,58,48,60,45,36,67,49,42,72,54,47,66,31,33,64,69,65
6373,35,54,42,53,61,33,71,57,67,37,72,48,27,52,60,44,13,51,59,87
6374,71,47,48,65,36,35,53,30,33,66,56,6,67,13,60,69
6375,59,32,47,37,65,69,53,40,44,42,46,71,45,30,10,105
6376,45,30,4,33,54,53,32,27,40,65,71,50,57,43,35,48,60,84,51,19,55,39,47,36,105,11
6377,36,58,69,61,50,63,51,66,65,29,33,39,60,71,30,37,32,56,53,35,84,105,42,47
6378,51,50,37,60,38,36,58,49,35,59,53,56,27,74,48,69,67,103,105,54,52,61
6379,38,70,45,31,72,71,65,53,29,60,42,24,69,43,7,63,39,54,67,32,95
6380,65,53,54,42,47,45,59,48,50,72,9,56,38,27,104,31,32,51
6381,37,60,35,69,39,56,47,44,84,71,59,72,42,17,67,49,29,52
6382,95,59,27,29,65,50,66,30,37,49,45,36,32,44,6,47,94,58
6383,66,64,40,58,38,42,60,84,45,51,72,30,47,65,27,61,31,18,49,29,99,28,59,54
6384,50,63,52,29,27,39,45,4,33,42,71,67,32,60,88,108,61,69,48,47,22,35,40
6385,27,47,39,105,49,64,67,35,52,32,40,31,56,44,38,29,58,42,54,103
6386,35,40,57,27,33,65,61,105,69,67,49,52,38,71,20
6387,27,4,58,43,59,42,84,47,53,72,32,64,50,76,28,114,31
6388,65,59,105,42,50,67,44,30,60,47,53,36,29,56,109,69,32
6389,38,48,63,69,39,31,50,70,66,52,59,21,77,107,79,89,84,67,40,27,35,103,51
6390,49,37,47,36,27,105,69,64,56,66,53,84,30,96,51,71,50,58,119,68,39
6391,53,61,60,66,67,72,51,76,42,27,30,39,58,48,2,57,110,50,37,71,41
6392,69,72,33,47,64,50,58,48,45,36,65,51,61,30,39,15,46,70,67,85
6393,44,60,35,65,33,30,50,27,36,54,56,40,105,106,51,14,71,53,68,45
6394,52,39,38,44,72,66,71,40,31,37,19,49,56,45,48,57,50
6395,36,44,48,52,49,35,61,50,71,33,65,56,45,29,58,21,28,38,27,60,67
6396,36,59,65,37,60,50,67,105,30,35,2,31,52,56,66
6397,72,54,58,47,32,48,65,86,61,105,39,37,69,59,70,64,82,56,38,84,71
6398,51,63,105,29,31,40,35,110,38,1,43,74,30,67,56
6399,40,27,35,39,61,36,68,66,42,28,44,60,69,38,29,71,77,50,10,41,47
6400,61,36,35,105,27,31,52,48,53,39,33,30,38,55,29,60,58,59,84
6401,21,61,44,42,56,33,37,60,36,84,59,48,54,39,72,2,93,104,63,30,53,51
6402,4,48,114,44,32,29,72,67,69,64,40,50,97,71,60,58,35
6403,95,51,65,53,71,69,49,39,47,12,30,37,38,42
6404,37,32,49,69,36,40,35,72,59,42,44,80,45,39,48,38,60,29
6405,4,60,54,65,61,59,35,41,38,36,50,63,31,56,84,53,70,64,48,18,67,51,98,25,44,20,33
6406,54,105,69,42,50,49,60,32,52,57,64,58,103,65,35,44,27,71
6407,6,48,60,45,49,31,66,17,12,33,50,32
6408,42,45,95,50,59,105,63,60,30,72,56,29,67,44,37,68,61,47,51
6409,39,49,47,32,50,69,30,45,35,67,60,59,53,37,58,44,29,105,31,108,71,46,48
6410,48,37,42,56,66,36,45,105,38,49,33,58,51,65,72,19,77,60
6411,44,31,72,48,49,59,60,105,54,58,32,57,27,36,37,66,61,115
6412,29,31,50,61,59,33,54,53,51,45,60,58,63,69,49,27,20,35,72,13,43,8,39
6413,58,48,52,35,72,51,42,60,44,69,27,84,30,36,53,50,45,37,39,33,31
6414,53,70,61,72,64,50,27,31,58,52,12,10,60,44,113,42,39
6415,50,72,51,59,39,49,30,95,60,33,40,42,66,48,58,53,83,104,67,34,68,18,27,52
6416,44,72,50,38,37,31,45,60,84,4,105,32,65,56,52,53,67
6417,52,54,99,65,68,69,50,29,27,64,95,44,67,35,58,31,49,45,94,71,41
6418,39,63,54,33,105,45,59,48,72,66,28,57,52,65,7,53,11,47,67,58,64,69
6419,32,38,65,36,56,45,47,53,33,39,67,72,49,59,61,52,66,34,69,40,64,35,22,27,44
6420,39,47,52,49,72,33,59,71,38,17,67,36,69,29,27,58,51,107,104,30
6421,44,61,57,45,40,56,51,30,64,105,29,31,58,47,112,33,35,108,39
6422,64,66,58,56,60,59,65,39,37,25,48,71,72,38,70,47,5,95,31,67,57,17
6423,38,67,52,60,65,50,44,35,40,36,48,31,59,56,27,70
6424,48,38,49,37,45,84,30,36,47,42,67,66,32,27,33
6425,53,30,72,35,105,49,17,48,84,44,50,34,33,28,51,65,31,47,19,68,40,69
6426,42,65,53,45,33,61,54,67,29,49,50,44,90,63,68,105,64,58,36,40,38,24,56,39,31
6427,43,66,64,39,31,36,71,67,52,40,35,51,50,42,32,68,44,100,30,91,105,47,3
6428,48,38,35,45,50,63,33,28,84,70,39,52,43,30,71,36,46,82,37,105
6429,63,95,31,45,53,58,110,28,64,56,52,33,51,60,47,40,70,106,30,54,4,49
6430,61,36,56,44,64,52,39,27,30,47,37,60,50,115,105,38,49,48,57,45,15,43
6431,38,117,51,33,37,27,31,67,53,72,61,47,30,64,6,40
6432,95,72,67,61,56,49,51,36,69,52,30,105,48,31,58,64,44,71,39
6433,60,44,36,72,58,39,51,31,4,50,71,38,69,42,48,45,33,49,32,73,119
6434,36,50,69,38,53,48,71,84,45,63,32,54,24,112,51,44,67
6435,52,60,44,61,31,36,64,47,58,63,84,87,14,5,69,33,80,112,48,56,116,42,41
6436,51,39,67,54,31,105,33,71,36,30,49,42,60,84,40,59,35
6437,51,48,39,47,67,60,65,106,31,50,49,30,56,95,36,114,84,61
6438,54,53,65,44,35,30,48,42,105,45,47,67,33,5,27,49,91,29
6439,84,5,48,52,38,30,53,69,27,65,37,40,71,54,44,14,58,35,47,56
6440,72,59,105,61,36,30,95,58,44,39,50,31,29,7,69,71,35,110,38
6441,60,31,48,42,33,38,35,40,64,56,37,105,98,29,57,84,30,51,32
6442,36,39,60,65,30,48,53,56,69,44,38,71,42,35,29,105,31,59,5
6443,51,38,60,69,71,27,48,58,33,66,36,31,53,56,40,32,37,114,65,24,35
6444,31,64,66,50,29,95,49,56,105,79,32,84,36,69,44,53,33,45,35
6445,72,66,30,64,40,36,59,54,58,39,50,51,61,35,56,60,69,38,118,106,67,37,57
6446,36,69,105,95,27,29,47,71,119,84,64,38,44,54,37,45
6447,64,52,30,56,71,42,60,61,48,49,45,38,72,58,43,31,57,39,51,53,35
6448,43,42,61,39,27,4,69,67,47,66,57,72,29,49,58,40,50,32,105,18,53
6449,51,53,66,27,63,72,49,56,60,47,31,95,29,48,36,71,59,54,64,57
6450,42,51,67,50,105,47,45,84,61,63,95,38,49,117,48,57,56,92
6451,31,71,53,58,44,60,65,37,56,66,52,7,59,29,42
6452,31,27,39,69,66,29,37,54,60,71,58,53,51,65,33,47,48,42
6453,70,60,53,47,40,42,52,63,45,30,50,69,31,65,91,51,71,59,36,105,8,57
6454,105,69,70,58,61,42,37,53,84,31,45,28,48,51
6455,48,32,53,66,27,29,71,38,39,42,50,36,58,84,63,45,68,51,17
6456,39,30,49,53,67,57,48,33,66,37,42,56,64,58,52,36,71,104,69,103,47
6457,72,32,52,67,95,59,33,4,54,61,37,105,49,35,45,36,12,60,44,47,97,42
6458,57,58,45,84,39,56,61,33,49,50,30,105,40,29,64,27,71,70,42,86
6459,32,30,31,50,40,71,63,48,42,103,27,36,84,45
6460,43,60,4,53,51,37,32,49,42,45,58,30,67,74,59,69,47,33,29,8,17,65,38,40,36,31
6461,52,51,35,95,59,27,36,42,44,40,60,41,48,61,57,58,53,31,37,69,90,12
6462,71,31,30,59,70,72,53,56,38,67,95,27,29,113,64,51,20,35,47,43,42
6463,53,56,72,49,44,58,31,66,61,37,36,64,69,8,109,80,35,47,94
6464,45,36,39,57,29,44,69,59,51,27,42,58,35,52,48,32,72,31,60,30,67,47,71
6465,67,32,59,47,37,44,28,54,71,57,52,48,56,60,31,70,36,97,49,51
6466,53,47,72,38,35,64,58,29,42,57,52,50,60,17,84,28,15,37
6467,38,50,37,42,69,95,60,40,44,31,32,71,11,30,22,56,49,35,36
6468,35,18,65,36,38,27,49,64,45,40,59,51,67,72,39,42
6469,56,61,52,44,27,50,72,49,32,69,30,43,36,66,47,57,14,35,51,45,105
6470,61,56,37,30,40,47,58,51,60,48,67,54,42,53,12,10,46,35,49,92,50,57,72
6471,38,69,71,49,39,67,37,51,57,52,56,31,42,9,60,47,72
6472,37,47,27,40,101,30,38,58,67,84,60,59,4,32,50,94,61,39,72,49
6473,38,42,33,54,61,27,60,72,40,56,66,67,69,29,111,36,51,65
6474,33,60,50,27,71,37,29,53,56,84,51,63,72,48,44,58,81,40,46,42,32,45
6475,71,72,32,45,67,48,65,58,61,50,47,105,31,56,60,4,40,69,43,37,104,51
6476,30,67,27,69,63,51,61,49,58,2,50,35,64,19,60,25,32,72,54
6477,37,30,53,65,60,39,38,47,67,50,8,27,84,11,77,63,29,6
6478,38,66,48,59,37,49,51,71,44,45,58,33,22,81,42,41
6479,43,49,61,59,69,51,29,53,30,72,105,38,44,58,19,67,32,66,48,68,71
6480,35,65,84,36,33,54,59,30,40,71,49,51,28,63,66,64,37,32
6481,59,27,43,63,69,60,54,61,65,84,72,56,48,75,31,66,76,105,45,4,114,17
6482,72,36,51,30,47,32,37,67,27,35,71,29,48,105,61,60,95,33,15,39,8,42
6483,72,29,60,32,44,47,66,51,31,69,36,48,39,28,56,67,96,84,50,114,7,35,52
6484,69,35,45,42,48,65,71,27,60,50,31,38,88,30,58,7,56,1,72,43
6485,105,84,61,52,39,30,70,44,50,36,53,73,35,29,57,38,74
6486,33,39,32,61,40,58,56,70,80,37,47,44,87,51,26,79,92,27,36
6487,4,38,42,29,48,50,70,58,43,30,105,31,54,67,52,35,71,44,66,59,53,102,32,36
6488,54,39,51,45,56,72,47,42,60,95
6489,71,49,60,54,59,69,35,36,39,47,48,42,45,37,53,40,27,56,64,72,44,66,33,38,51
6490,44,43,29,53,54,50,49,35,47,42,84,71,64,36,66,106,31,105,72,39,95,98,67
6491,31,53,67,63,95,43,105,37,29,38,39,20,36,42,55,66,58,44,60,70,45,50,59,61,17,65
6492,33,56,54,63,53,42,47,105,51,31,88,30,58
6493,58,49,71,72,57,51,33,59,60,15,56,67,50,53,37,44,110,93,12,47,27,39
6494,71,33,58,32,69,72,40,53,57,56,51,67,29,27,106,68
6495,33,64,35,54,43,53,47,44,27,71,72,48,65,95,29,67,58,50,49,51,61,16,59,31,36
6496,48,4,37,64,61,56,54,50,65,27,42,51,72,49,33,84,30,24,47,31,36,111,92
6497,67,31,42,61,48,47,57,69,56,64,30,27,51,40,37,45,2,18,33,29,103,50
6498,38,40,44,31,4,37,47,60,51,65,48,72,33,36,105,90,49,69
6499,37,52,84,69,48,29,44,51,30,58,50,61,70,35,64,56,42,38,102,60
6500,30,48,57,65,32,60,59,71,54,70,69,45,49,81,10,22,84,53
6501,109,42,53,49,30,48,33,29,52,105,58,8,71,61,27,66,39,70,93,31
6502,50,42,43,72,61,69,48,58,4,40,63,17,27,60,31,67,39,64,33
6503,49,35,38,65,56,69,67,30,53,31,33,5,23,29,44
6504,61,60,52,47,67,50,66,65,37,49,51,114,33,42,44,97,30
6505,105,30,58,49,52,48,45,67,40,47,33,50,32,99,38,37,65,11,68
6506,64,105,32,71,40,58,37,33,72,69,42,45,36,38,29,43,56,39,30
6507,45,30,44,40,69,56,35,51,4,47,116,71,50,85,41,84,105
6508,52,50,58,53,65,56,40,47,37,33,41,31,66,64,29,39,97,30,100,8,61,71,72
6509,44,67,56,72,36,37,32,45,30,105,47,48,52,31,69,54,29,16,60,40,33
6510,40,32,67,54,38,64,59,27,42,43,51,50,4,69,47,44,39,97,37,22,31,49
6511,71,30,61,64,65,54,68,105,60,49,38,45,69,50,31,57,41,40
6512,35,43,67,50,56,63,31,64,28,54,33,71,48,4,25,61,69,19,72,51,11
6513,54,48,49,52,39,47,58,40,32,112,57,50,38,4,103,51,37,24,69,66
6514,44,35,105,40,56,58,45,49,30,42,77,37,36,65,66,16,39,101,27,67
6515,47,44,64,37,27,33,39,58,69,53,45,71,59,66,36,63,65,42,43,28,30,17,14,90,57
6516,44,48,60,37,56,59,53,105,91,27,72,47,51,55,32,42,39,96,67,54
6517,38,68,39,42,58,44,105,56,59,33,84,66,64,5,29,69,70,31,60,72,95
6518,37,69,60,58,39,33,67,70,36,38,72,59,56,31,32,48,42
6519,40,70,32,63,48,31,29,106,66,105,27,49,45,52,50,2,58,93,56,67
6520,32,42,47,39,59,69,40,38,91,53,96,72,30,106
6521,30,65,58,32,40,63,31,27,45,84,47,57,95,60,56,19,75,72,54
6522,50,37,42,51,66,72,61,65,69,59,32,45,39,49,48,117,30,47,84,31,88,56
6523,39,45,35,56,38,70,48,52,37,67,64,84,66,63,65,40,27,44,58
6524,30,72,45,59,42,32,54,71,39,48,91,68,61,44,47,49,50
6525,69,44,56,58,84,60,71,31,61,39,48,29,72,35,53,49,17
6526,58,40,37,36,48,60,53,49,35,56,33,69,44,45,50,54,94,20
6527,65,42,56,67,60,52,54,31,37,30,44,45,61,59,84,39,28,50,55,29,33,27,117,105
6528,57,51,53,72,29,31,45,33,59,39,42,50,13,84,48,22,89,71,58,67,35,70
6529,61,30,39,54,71,32,58,45,104,110,42,84,53,119,36,48,57,31
6530,51,65,42,61,27,52,39,32,47,31,54,38,35,58,59,29,50,45,9,69,93,21
6531,69,40,72,32,29,105,59,27,45,48,84,58,70,30,61,44,98,36,41,100,33,67
6532,43,58,31,95,44,84,51,40,56,45,65,53,50,48,37,27,32,4,61,47,52,33,71
6533,31,30,105,51,67,50,70,72,39,52,38,65,69,58,29,54,35,53,59,40,44,7
6534,54,52,36,30,53,35,31,71,84,37,90,58,5,42,61,27,92,60
6535,61,60,58,72,39,44,50,53,52,51,105,4,30,12,64,34,29,95,63,45,42
6536,45,51,67,56,35,49,65,32,37,58,29,38,42,71,48,1,53,61
6537,63,67,37,60,29,32,65,53,44,35,30,39,105,59,48,24
6538,42,33,71,38,31,60,50,30,4,49,72,105,106,64,67,55,95,44,34,53,54
6539,27,45,35,58,61,71,63,49,36,40,67,38,30,72,59,56,54,32,52,37,24,50,39
6540,38,61,27,56,39,65,54,43,29,49,44,97,50,4,32,107,53,62,42,71
6541,69,51,39,64,61,65,48,60,54,37,66,29,68,33,44,40,25,75,47,91,117,58
6542,66,33,50,51,37,61,69,95,45,56,72,31,53,55,71,65,102,39,58
6543,51,35,50,58,42,67,47,69,38,65,49,9,34,66,48,45,54
6544,27,32,65,45,38,53,54,39,29,14,49,58,60,69,36,40,109,86
6545,48,105,45,42,67,47,52,27,51,24,63,30,84,41,54,56,66,9,32,33,38,50,60
6546,51,40,29,60,36,48,66,105,64,31,38,59,65,69,56,54
6547,45,30,63,44,67,69,33,35,59,26,65,71,47,72,58,83,53,60,40
6548,61,105,30,45,111,44,64,67,84,56,95,65,53
6549,38,67,64,49,69,32,84,63,96,50,42,37,29,58,77,53,65,27,93,45
6550,56,42,39,35,66,33,57,70,72,65,49,45,58,60,27,44,31,63,36,37,46,50
6551,38,44,30,32,37,67,31,50,69,45,24,105,36,48,66,15,51,61
6552,84,95,27,66,60,37,33,53,55,29,70,49,14,65,12,56,13,42,67,69,50
6553,30,54,44,27,28,53,32,52,33,72,56,66,57,36,29,35,59,37,118,49,51,23,42,84
6554,36,56,42,29,66,69,61,105,30,84,52,49,64,27,67,48,54,31,70
6555,105,71,27,67,40,35,33,59,37,58,54,29,66,44,106,65,64,48,31,68,49,51,36
6556,43,105,48,51,27,67,52,71,53,58,32,38,98,39,59,24,65,15,29
6557,57,95,59,44,35,38,51,64,41,71,84,42,61,65,68,70,54,105,52,50,32,31,45,39,69,56
6558,69,42,65,51,45,31,38,67,48,84,58,59,30,32,37,66,50,95,39,54
6559,57,43,52,39,65,61,69,29,105,71,40,50,42,93,58,16,72,30,114,56,46,53,64
6560,27,61,58,59,49,56,42,32,99,65,30,48,31,53,29,33,85,39
6561,31,52,65,56,70,53,40,32,58,45,72,60,105,95,29,38,30,66,64,37
6562,37,15,95,105,4,58,29,64,60,48,30,53,38,56,32,99,47,51,22,72,33
6563,54,58,105,35,38,69,52,59,30,29,47,51,20,75,49,114,72,67
6564,59,49,37,69,27,52,64,33,44,53,70,47,65,4,78,2,29
6565,29,40,30,52,37,71,32,60,67,49,84,69,105,109,98,70,72,38,63
6566,40,60,37,42,61,32,29,56,48,4,33,105,50,72,51,49,117,65,53
6567,69,66,72,54,44,105,52,39,64,38,48,57,90,63,59,33,93,56,27,23,47,70,40
6568,31,35,45,54,69,47,51,33,105,37,64,53,118,5,39,56,67
6569,54,66,36,63,59,60,44,47,65,48,31,72,14,42,71,35,39,53,67,105,33,19,56,45
6570,36,30,72,35,54,70,59,58,84,61,63,31,69,105,60,71,48,49
6571,60,49,68,58,50,47,42,39,36,66,71,72,8,111,65,44,1,31
6572,97,40,84,72,4,67,70,51,29,27,64,105,35,69,47,59,49,60,50,30
6573,66,48,51,50,71,72,27,59,30,43,105,31,36,49,42,21,38
6574,33,56,60,71,30,67,44,45,48,42,51,53,35,68,100,43,37,38,70
6575,39,5,36,60,47,33,40,71,43,48,38,67,113,69,4
6576,47,52,44,36,53,72,51,48,58,56,63,28,37,70,41,111,68,60,65,35,45,39,8,66
6577,69,53,42,65,60,39,56,37,36,38,54,76,40,58,35,61,52
6578,31,29,36,44,47,65,72,70,33,58,52,64,71,40,38,42,48,55,27,51
6579,33,64,61,39,65,58,35,38,84,51,31,36,30,83,71,52,29,44,105,32,4
6580,38,48,33,50,65,54,72,29,30,56,51,45,60,27,31,66,43,37,61,42,32
6581,27,47,52,40,30,42,51,65,53,72,50,49,67,29,56
6582,65,64,31,61,51,4,29,38,63,36,18,50,56,49,40,89,92,57,47
6583,31,63,30,44,60,70,61,29,32,5,58,38,4,27,65,35,48,37,49,53
6584,58,69,56,42,38,30,54,29,67,57,49,64,84,105,39,50,31,47,35,60
6585,37,32,38,51,45,72,27,67,66,35,54,71,64,84,50,40,52,47,61,107,36
6586,53,72,35,58,49,39,30,50,69,54,48,1,37,84,36,90,68
6587,45,71,54,27,37,31,67,47,33,49,64,48,61,30,58,32,70,52,105,72,56,44
6588,36,44,54,45,66,30,69,52,59,48,84,39,80,32,23,75,58,20,61,71,38,29
6589,51,50,35,54,40,105,32,71,52,38,39,27,69,72,49,36,44,48,30,37,47,64
6590,53,66,42,27,48,65,35,44,38,40,71,37,41,105,33,61,104,58,32,67
6591,47,60,39,67,42,27,84,64,48,105,29,37,3,32,57,45,4,59,83,53
6592,53,38,49,71,50,67,44,79,65,58,27,102,105,31,61,29,39,56,92
6593,4,40,63,60,67,58,64,44,27,32,45,36,66,84,42,50,92,30,31
6594,66,52,39,33,72,61,27,35,69,65,60,37,36,45,44,56,32,53,30,9,48,31,50
6595,66,44,48,38,27,69,39,45,53,51,31,54,29,37,30,49,42,72,65
6596,105,63,45,48,33,52,69,29,42,40,50,58,43,53,30,84,67,38,51,19,72,31,35,54,110,27
6597,43,58,53,37,64,30,35,49,51,63,67,69,32,72,48,46,60
6598,44,37,43,60,69,51,47,68,49,48,39,35,66,30,32,41,72,31,36
6599,54,56,38,31,33,48,50,49,44,27,59,69,29,71,66,35,60,116,86,51,47
6600,4,67,53,65,47,72,59,60,40,42,52,27,30,35,69,32,54
6601,45,44,47,42,51,39,30,35,72,53,71,65,37,73,50,63
6602,67,65,33,60,59,69,54,72,57,22,39,35
6603,45,56,53,60,59,30,71,48,44,62,66,57,86,58,54,51,37,38
6604,65,95,72,49,4,30,64,38,71,54,51,69,31,61,45,60,67,56,32,36,40
6605,59,4,72,35,40,48,53,65,33,28,38,56,66,27,47,45,85,80,96,30
6606,57,72,38,35,29,42,51,53,70,64,31,58,60,66,50,37,48,106,36,40
6607,27,71,38,56,59,45,63,37,61,95,54,41,39,65,67,26,21,48,31,13,32,66
6608,58,38,29,39,105,63,60,4,53,37,54,43,59,47,45,35,67,66,33,106,27,71
6609,65,50,53,39,29,67,48,58,69,31,45,71,49
6610,44,39,49,38,50,69,36,59,33,105,32,84,37,56,53,29,54,30,45,71
6611,43,60,71,38,65,37,105,56,70,95,32,59,44,36,4,35,39,67,47,113,83,80,50
6612,27,61,95,58,32,47,38,52,60,72,50,59,36,108,82,43,56,53
6613,71,64,53,65,50,60,29,105,58,48,31,51,27,75,45,38,49,115
6614,47,54,45,61,30,69,60,44,49,66,53,38,65,27,58,97,72,79,73,37,42,105
6615,56,35,50,65,36,66,37,64,46,54,24,29,69,42,101
6616,54,32,42,95,48,105,36,68,35,37,69,67,39,53,31,72,5,84,60,40
6617,35,37,63,39,33,51,50,47,27,71,115,48,57,66,58,103,29
6618,42,33,65,36,38,52,45,54,56,35,44,48,37,28,32,27,4,69,82,9
6619,47,95,38,63,51,35,24,65,32,54,68,59,40,56,66,37,72,27,58,45,44,94,73,48,30
6620,7,67,56,58,71,83,37,53,27,40,104,65,95
6621,49,50,32,37,53,56,38,27,33,54,40,29,58,65,105,66,96,97,30
6622,50,35,105,51,44,27,45,84,99,70,53,41,37,42,58,46,47,63
6623,35,39,105,42,33,32,43,44,59,47,12,38,52,58,48,54,103,50,29,98,31
6624,35,38,42,47,37,67,64,33,105,65,69,63,59,66,53,48,24,27,29
6625,45,30,70,27,47,44,51,84,71,72,42,37,95,102,31,32,65,49
6626,65,30,67,61,45,84,40,31,54,72,39,27,71,69,47,52,33,50,60,5,29,42,49,53,41
6627,51,72,30,38,47,63,64,105,66,116,1,56,13,90,102,31,36
6628,42,72,32,53,40,27,67,45,51,100,22,65,63,113,31
6629,60,45,37,64,66,33,32,42,105,39,35,62,52,47,50,36,29,54
6630,69,105,39,60,27,54,84,51,52,50,113,45,66,29,59,64
6631,50,49,105,35,67,33,66,36,47,60,31,56,28,37
6632,95,35,40,38,47,64,50,57,29,54,13,42,27,45,39,53,49
6633,31,38,52,51,37,45,56,49,72,54,42,29,61,47,32,71,66,53,35,59
6634,44,50,29,72,42,33,60,39,71,65,56,27,61,49,36,67,63,107,53,73,21,111,48
6635,71,42,30,105,64,47,59,49,35,54,29,50,32,69,31,52,58,44,43,67,51,65,5,66,72
6636,61,38,35,59,105,53,39,63,56,54,49,57,32,30,58,67,29,65,79,66,4,72
6637,30,72,60,50,69,32,66,65,48,5,47,56,54,58,27,35
6638,54,58,38,45,61,47,56,65,39,49,27,66,53,29,37,31,30,52,112,72,36,48
6639,45,66,51,39,36,84,99,54,69,47,60,57,64,42,50,90,35,80,59,38,40
6640,63,71,53,47,50,29,57,48,59,30,37,58,72,60,32,54,67,31,114,40,51,35
6641,30,43,105,37,70,53,64,35,50,59,57,56,71,49,38,48,32,42,65,51
6642,53,59,36,56,60,68,65,40,50,51,27,28,45,69,29,61,38,31,55,39,30,67,35
6643,32,44,72,60,65,38,27,66,51,43,31,48,33,39,45,52,58,35,29,105,73,57,25,56
6644,48,58,30,69,37,56,52,66,49,60,39,45,54,27,33,31,63,81,72,51,53
6645,32,61,52,66,42,51,54,38,37,30,58,67,65,72,64,96,56,36
6646,29,40,72,60,45,59,37,84,53,44,49,58,71,70,47,102,32,63,69,52,26,38,18,105
6647,36,30,64,53,72,27,29,45,31,52,71,51,32,65,47,50,60,93,42
6648,71,37,27,49,47,61,60,44,75,19,36,35,42,72,17,48,51,30,40
6649,60,29,69,49,33,61,35,59,68,84,53,45,90,65,32,63,50,52,71,118,43,66,104,40
6650,66,39,29,58,37,64,53,52,38,50,44,54,60,49,77,36,67,71
6651,49,71,44,105,39,31,56,54,42,60,37,65,29,36,27,58
6652,47,32,61,70,39,52,87,58,36,35,53,31,105,38,71
6653,47,38,53,63,31,33,48,105,58,59,44,39,50,65,54,106,22,42,40,45,68,29
6654,31,53,29,50,30,36,42,49,95,88,65,38,39,56,51,119,4,33,69,57,105
6655,48,27,40,30,31,39,37,84,71,42,51,90,29,32,4,54,35,66,45,36,28,49,16,52
6656,45,30,37,42,71,58,29,44,49,50,33,54,72,23,39,114
6657,56,41,37,60,48,68,72,45,61,4,66,52,63,54,57,24,116,55,49,13,31,39,51,89,81,50
6658,66,63,53,44,35,69,33,72,56,29,45,30,71,58,25,65,49,48,51,91,34,67,32
6659,49,66,52,65,60,105,84,40,36,72,38,61,29,104,67,31,56,39,59,32,37,14,6,47
6660,65,59,47,33,35,61,72,54,67,48,70,50,30,49,66,44,56,73,27,104,53
6661,43,52,42,61,49,56,36,38,30,27,59,31,58,8,105,48,40,54,84,33
6662,29,30,49,72,5,54,36,40,70,45,39,15,56,35,44,31,37,42,33
6663,50,72,57,35,60,66,48,36,44,59,29,69,47,56,31,64,30,27,105,65,49,32,58
6664,66,48,39,58,37,105,49,53,59,29,72,64,65,33,40,42,92,44,70,31,34,32
6665,64,60,39,71,32,61,70,42,31,69,27,52,30,35,53,57,59
6666,40,30,66,32,39,67,64,27,69,61,51,50,42,90,105,60,58,36,45,65,59,47
6667,84,69,60,67,61,36,50,52,45,51,48,30,53,63,101,24,22,35,56,81,73,49
6668,59,42,39,49,38,33,47,54,37,46,36,44,105,27,35,64,30,58
6669,4,35,61,56,54,67,29,95,38,43,65,45,49,41,48,58,33,53,63,42,104
6670,37,105,53,67,27,49,31,60,33,58,51,45,72,41,69,66,50,95
6671,69,63,44,45,28,34,84,24,59,33,64,47,105,70,49,27,52,48,38,56,65,61,42,100,53
6672,30,4,32,29,72,95,45,50,66,52,44,35,117,39,84,31,76,77,51,5,83,60
6673,54,37,39,36,65,47,69,43,58,42,46,66,8,104,11,84,72,30,44
6674,70,53,36,84,27,66,42,49,65,105,69,50,61,20,32,64,54,97,34
6675,105,35,71,53,64,50,57,49,27,40,47,36,44,30,58,43,42,28,17,39,26,52,19,31,54,84
6676,52,36,33,84,31,48,41,4,35,67,60,42,69,71,53,87,105,29,38
6677,60,53,38,50,30,29,72,36,66,56,67,45,71,65,58,32,12,44
6678,65,45,48,56,47,59,30,66,38,72,52,58,39,69,32,31,29,35,43,60
6679,69,45,53,54,44,65,31,67,42,57,70,48,64,50,58,40,96,29,52
6680,30,58,64,67,39,27,43,105,59,37,61,48,24,36,29,101,111,32,35,104,50
6681,65,66,53,32,30,37,50,36,59,39,71,47,38,35,96,11,105
6682,54,71,59,48,56,49,29,45,32,36,67,31,37,69,53,50,35,44
6683,29,39,61,33,105,64,54,59,57,30,94,36,65,53,73,52,14,38,27,26,37,58
6684,32,67,38,65,64,53,84,42,105,49,36,29,40,31,48,51,30,109,47,80
6685,47,27,69,44,31,56,65,50,71,60,37,38,35,48,39,52,57,66,54,53
6686,43,105,31,51,35,61,30,36,44,45,67,56,29,69,72,60,97,50,1,42,38,48,65
6687,32,39,27,42,59,29,37,56,71,50,44,38,33,57,40,31,43,49,58,70
6688,105,30,43,56,37,36,39,42,59,31,61,29,71,44,48,54,84,70,72,60,3,106,49,52,63,32,58
6689,56,51,69,38,53,30,57,50,59,61,36,64,27,113,71,42
6690,56,35,53,95,105,63,44,4,54,42,36,84,30,17,40,29
6691,72,29,51,56,38,60,45,58,70,50,36,52,65,47,39,27
6692,36,53,29,50,30,61,54,66,67,35,65,32,56,38,42,114
6693,40,61,50,49,53,58,71,56,31,69,51,48,5,36,72
6694,61,105,32,57,66,37,53,51,60,52,35,42,49,24,72,47,29,39,31
6695,45,105,31,84,40,52,66,30,59,61,50,29,72,23,58,11,65,106,47
6696,56,51,32,31,39,36,57,69,64,47,43,7,30,72,35,45,29,67
6697,36,54,61,32,66,27,59,72,50,58,37,60,105,38,114,56,18,69,40
6698,58,66,64,45,49,29,59,48,42,51,40,71,60,53,77,35
6699,54,66,53,84,44,67,29,35,40,118,26,42,48,46,30,38,32
6700,33,66,42,68,47,52,31,48,60,53,37,61,49,63,30,43,58,44,54,56,99,45,39,24,87,67,104,90
6701,36,38,52,31,57,69,105,60,61,67,59,71,39,58,32,30,45,50,95,44
6702,95,36,72,84,64,66,51,50,42,63,37,69,27,61,105,79,48,32
6703,53,54,29,61,37,72,38,69,33,113,105,114,58,68,2,59
6704,47,69,58,48,38,33,37,52,112,30,39,7,54,94,90
6705,32,36,31,49,64,42,50,29,39,27,59,38,69,66,67,61,72,48,33
6706,71,60,67,59,38,31,61,52,54,48,39,47,95,50,69
6707,66,44,105,47,56,69,51,40,72,67,49,39,50,31,58,65,38,30,32,60,15,53,33,54
6708,49,38,58,66,56,69,40,60,43,18,65,72,48,111,2,3,42,6,71
6709,33,66,84,49,38,30,32,4,47,56,15,72,51,40,65,52,59,41,50,105,36,44,54,37
6710,95,63,30,27,58,56,69,67,54,38,45,116,115,49,6,60
6711,67,82,48,42,49,53,56,84,50,38,105,20,36,44,45
6712,50,48,65,59,36,67,29,32,60,33,13,56,105,4,72,31,53,68,49,113,92
6713,38,66,45,52,32,39,105,51,29,48,70,27,36,59,13,69,79,54,53,67,65,18,49
6714,59,31,35,66,42,33,72,27,69,44,58,50,71,61,105,38,4,117,65,49,60
6715,49,66,40,32,65,47,36,35,51,44,38,27,109,4,83,114,58,45,28,33
6716,39,35,45,66,54,30,69,31,48,33,109,44,12,36
6717,36,38,42,59,56,51,47,30,54,44,112,24,67,50,48,41,93,27,9,53
6718,43,27,30,50,38,37,69,61,60,64,109,47,35,95,40,39,67,25,53,34,11,36
6719,56,31,66,84,36,53,32,28,71,33,51,35,52,65,67,60,49,47,29,48,72,43,59,42,38,73,64
6720,61,52,59,33,60,48,42,105,66,31,47,40,71,43,72,64,8,89,91,50,93
6721,105,48,72,47,35,69,60,71,61,39,65,102,30
6722,4,59,72,65,48,52,53,44,31,57,40,79,41,27,33,60,29,69,61,35,92,19,50,105,56
6723,36,32,54,35,42,60,50,61,27,38,65,30,52,31,66,25,67,49,33,21
6724,48,72,66,32,42,59,49,45,52,63,4,30,60,93,112,13,65,29,27,2
6725,50,27,54,45,38,36,48,49,53,47,67,63,32,106,56,22,66,77,105
6726,29,35,45,44,42,72,70,39,65,31,105,27,49,66,92,76,71,52,33,104,46,50
6727,51,65,39,71,37,45,53,64,61,38,58,83,73,69,5,111,60
6728,64,54,71,50,60,57,42,58,33,51,29,47,38,28,84,35,11,65,43,113,32
6729,31,69,71,84,56,57,58,70,43,33,53,72,48,42,35,52,60,97,47
6730,33,35,27,63,53,36,67,40,31,71,38,60,69,48,51,37,47,56,72
6731,35,32,64,51,58,4,66,60,71,36,50,29,61,105,67,63,33,65,30,23,52,55,42,31
6732,63,44,30,43,39,69,61,33,36,51,37,50,58,72,48,32,35,49
6733,105,56,72,45,66,51,31,70,52,47,64,67,32,60,61,30,40,28,53,58,74,29,57,63,37,55,48,68
6734,47,84,39,105,45,56,66,61,32,27,67,59,52,57,79,4
6735,31,70,36,42,58,44,60,105,50,64,72,27,45,35,51,47
6736,50,56,32,45,67,48,49,35,69,75,54,36,91,66,39,119,47,72,28
6737,51,38,72,56,65,30,33,36,29,48,69,31,15,27,53,42,103,59
6738,58,28,33,53,50,44,45,37,69,72,18,65,56,41,59
6739,58,59,67,71,4,44,61,43,66,54,31,20,48,37,73,105
6740,54,40,4,72,29,66,48,36,64,45,63,31,50,67,32,57,35,42,38,99,92,52,105,58
6741,38,72,49,84,37,44,57,41,51,29,45,31,62,50,36,28,104,58,64,59,52,116,53,83,69,66
6742,37,44,35,56,33,31,57,40,84,49,70,53,36,45,30,66
6743,17,69,36,60,72,27,29,39,42,35,70,31,30,114,45,21,51,53
6744,27,60,35,53,65,39,51,48,49,59,30,67,58,69
6745,58,53,47,44,45,41,91,42,7,36,61,72,67,50,71,65
6746,60,32,71,35,51,70,44,72,29,50,47,20,76,53
6747,27,47,105,45,84,70,49,42,59,37,44,90,38,69,60,58,32,11,33,88,65,115,4,72,56,5,39,28,73,29,54
6748,5,64,105,65,92,71,67,66,63,56,4,73,36,58,60,18,87
6749,60,51,27,37,69,4,66,38,29,50,30,86,45,42,71,40,72,2
6750,31,53,29,65,84,37,40,38,52,51,44,48,58,54,73,36,71,30,104,69,47
6751,28,36,67,38,50,59,35,44,47,27,71,1,60,57,58,42
6752,42,51,50,72,60,48,36,69,12,55,32,29,118,40,43
6753,42,51,67,30,29,59,61,68,54,63,49,32,33,36,31,44,65,66,47,119,39,70
6754,44,60,72,27,56,39,45,70,36,49,35,51,61,40,65,47,37
6755,38,32,61,50,30,66,69,49,27,26,48,71,72,65,117,33,86,9,47,74
6756,33,53,54,41,4,44,48,65,30,57,68,36,66,31,37,50,29,59,63
6757,95,29,107,31,44,69,48,71,53,54,49,72,30,35,42,73,63,51
6758,46,72,45,35,59,84,71,73,58,27,7,67,48,57,60,40
6759,32,63,44,37,105,52,39,42,31,51,57,61,71,3,102,45,11,69,91,49,72
6760,45,65,84,67,53,33,54,61,38,52,49,40,50,30,44,3,21,71,31
6761,50,65,105,69,35,32,51,45,42,53,72,28,33,56,3,47,27
6762,68,42,49,69,53,32,105,56,30,37,61,102,65,94,44
6763,52,27,70,44,59,54,65,71,67,60,42,61,20,72
6764,71,27,56,64,45,32,40,54,38,49,113,105,42,39,74,44
6765,39,60,105,53,59,54,36,42,32,58,71,56,52,49,89,70,51,93,69,64,50,65,109
6766,105,71,31,56,38,42,45,65,37,53,49,39,61,48,35,72,58,47,57,66,51,52,29,69
6767,51,33,53,60,67,58,39,52,37,83,48,82,8,92,106,23,71
6768,48,54,53,105,40,27,64,29,38,65,69,51,71,118,33,58,39,72,45,49,60,86,73,50,66
6769,31,65,61,49,66,111,42,83,20,27,44,39,45,63
6770,71,49,56,59,50,45,51,32,42,27,33,58,90,29,95,72
6771,95,54,38,30,39,71,56,84,52,57,51,49,48,61,65,58,37,104,27
6772,48,51,42,72,27,45,102,29,44,49,60,92,58,71
6773,64,29,35,49,65,31,51,48,58,63,38,71,42,57,47,59,66,2,80,61,50,7,69,19
6774,45,33,47,51,64,44,67,27,69,28,70,61,66,37,6,89,72,60,38,40
6775,72,60,53,39,45,50,105,37,56,49,33,31,48,22,30,71,10,59,74,66,69
6776,84,35,36,60,56,66,37,45,44,29,64,71,47,69,50,11,59,114,53
6777,64,30,52,69,50,59,51,57,53,47,45,36,72,117,49,38,34,105,48,104
6778,30,66,44,56,64,58,52,37,61,39,70,38,45,29,42,43,69,57,36,49,34,53,27
6779,42,31,30,54,48,52,45,70,56,47,60,71,32,49,72,65,69,39,40,80,53
6780,60,61,84,64,58,51,49,30,69,48,33,47,50,38,29,40,67,56,44,105,45
6781,51,58,54,65,50,69,72,60,27,47,63,28,31,56,49
6782,31,51,45,33,35,42,65,50,39,27,38,44,66,52,56,70,30,67,48,84,60,53
6783,61,37,48,53,44,105,31,56,59,36,102,52,63,71,9,29,39,54
6784,28,72,58,70,48,95,59,65,54,39,51,45,105,40,57,69,55,33,76,68,47
6785,37,40,50,51,61,45,30,56,72,66,59,58,48,90,11,43,39,32,27,35
6786,36,65,47,59,49,44,50,31,27,71,29,42,32,105,48,45,61,30,54,5,72
6787,42,84,39,71,40,60,36,57,30,58,32,50,66,67,69,105,2
6788,60,33,72,40,63,45,67,39,84,53,36,59,61,66,51,31,48,43,11,47
6789,40,38,32,61,33,60,44,71,50,67,69,102,47,23,42,66,39,27,36,65
6790,37,49,58,56,81,38,48,42,47,106,2,39,57,72,13,54,44
6791,35,29,37,50,32,66,39,44,33,47,56,49,72,88,30,69,65,105,40,53,58
6792,84,95,39,64,27,56,31,52,49,53,58,54,42,63,71,38,104,41,43,47,99,69,50,66
6793,30,67,40,78,44,69,47,70,60,58,52,51,36,39,7,23,71
6794,59,40,27,69,32,72,53,61,31,71,66,47,37,105,118,49,42,65,48,35,43,29,12,51
6795,50,48,38,32,53,39,59,71,64,65,47,67,109,58,36,57,72,40,97,15,63,56,31
6796,95,48,68,47,53,33,31,51,32,60,28,88,80,36,40,71,89,58,106
6797,47,29,31,105,51,64,49,35,38,36,65,39,63,72,19,118,69,18,61,27,57
6798,48,37,44,31,58,70,65,38,56,72,10,32,27,105,60,47,119
6799,69,66,95,47,54,35,33,48,29,61,42,40,94,67,17,27,84,36,50
6800,72,71,50,105,63,53,42,56,37,54,59,39,58,36,111,66,20,35,13,94,15,95,52
6801,59,54,43,51,39,35,45,32,53,61,30,42,103,40,67,68,65,71,55,47,60
6802,42,65,35,38,48,66,53,64,29,61,31,49,69,37,67,15,33,39,17,56,30,84
6803,4,69,30,58,50,45,29,65,32,91,53,56,49,39,37,42,72,47
6804,49,59,27,58,66,56,71,17,53,61,37,24,69,31,45,65,42,35,105
6805,56,52,70,66,58,37,35,69,31,60,27,29,61,116,36,44,21,76,50
6806,43,84,30,38,32,58,61,44,67,51,52,37,65,56,69,45,60,21,50,33,34,29
6807,50,32,61,63,65,69,54,72,38,33,57,68,66,31,71,52,48,47,37,43,56,7,30,105,58
6808,27,47,66,69,48,36,84,58,39,71,30,67,109,56,53,51,73,42,65
6809,105,69,42,54,65,52,66,59,47,53,29,70,61,33,60,44,58,36,45,40
6810,30,58,66,32,51,64,56,33,67,59,27,61,105,71,79,23,57,47
6811,63,32,56,50,42,57,40,61,84,47,38,36,35,4,2,9,51,29,59,66
6812,35,45,49,69,50,30,39,65,66,31,51,115,47,46,33,57,38,117,72,32,27
6813,50,27,51,42,69,58,39,60,44,56,49,33,32,108,47,91,74,31,65,38
6814,61,84,47,53,45,58,40,38,72,59,36,63,9,56,60,35,42,26,51
6815,49,64,69,50,27,53,47,58,37,42,32,51,66,72,119,55,38
6816,4,35,31,53,48,61,38,32,36,58,44,29,50,51,64,27,47,60,66,45,105,49,65,39,17
6817,32,51,48,69,40,58,60,47,30,59,65,56,4,77,63,103,94,31,72,33
6818,50,35,48,56,105,37,33,60,53,69,72,74,44,40,30,65,63,36,90,59
6819,59,50,60,29,37,54,44,45,39,105,49,56,72,51,66,53,67
6820,59,27,71,50,31,49,61,36,44,58,51,32,57,54,65,42,39,35,69
6821,66,67,4,61,54,39,53,48,51,105,23,30,74,29,58,27,31,40,45
6822,61,56,60,58,52,66,45,35,31,65,53,37,48,33,59,38,36,84,64
6823,40,95,38,51,47,66,53,69,56,45,17,48,35,44,42,30,39,52
6824,70,43,72,67,64,31,33,36,114,55,38,35,44,34,59,57,52,27,53,10
6825,27,37,35,64,52,58,54,65,67,60,32,31,51,71,72,38,2
6826,41,66,37,65,33,58,48,63,88,49,45,69,30,40,44,71,47,31,28,118,51,38
6827,29,45,27,67,40,66,36,49,42,4,38,71,31,58,39,37,51,80,61,69
6828,60,50,61,44,32,47,66,67,57,39,49,72,48,36,117,35,71,9
6829,50,38,61,37,54,49,35,67,60,32,71,47,48,66,36,52,69,56,14,31,105,90
6830,56,29,72,30,51,4,57,64,48,33,105,52,50,44,38,43,67,73,36,63,32,60,39,49
6831,72,47,53,65,29,69,31,60,33,49,50,116,42,67,32,100,105
6832,59,51,105,69,66,48,49,53,38,30,67,56,36,96,113,42
6833,36,47,52,44,37,64,48,69,72,59,27,32,30,103,56,33,29,49,101,89,31,67
6834,54,84,72,105,39,31,52,30,27,70,64,67,57,38,29,63,32,24,53,55,35,74,75,49
6835,69,68,50,38,39,61,60,58,105,72,29,63,65,86,67,57,54,51,35,48,71,64
6836,61,45,44,72,27,4,53,37,59,58,39,29,98,35,47,115,71
6837,31,27,56,67,50,38,60,51,33,29,32,84,30,49,59,54,66,47,36,68,116
6838,50,69,32,37,48,35,27,42,59,67,29,66,45,54,49,63,56,105,30,93,64
6839,37,53,38,39,56,35,69,28,41,45,51,66,58,59,52,31,2,36,4
6840,31,58,48,71,35,38,37,67,66,4,105,44,56,45,30,63
6841,52,67,71,50,40,47,39,60,28,54,65,84,100,30,59,32,10,69,35,114,105
6842,42,48,66,105,50,40,95,52,29,65,60,43,36,30,39,77,23,35,31,84
6843,67,59,57,29,69,61,37,66,52,38,36,56,1,49,47,50,71,30
6844,49,37,59,105,52,56,40,57,4,39,58,50,29,51,67,45,85,54,66,69,35
6845,50,40,58,51,29,38,56,4,114,65,53,69,36,54,35,59,32,33,1,60,34,42,85,49
6846,40,42,71,36,64,27,35,39,56,49,72,48,83,44,54,66,109,38,32
6847,61,60,36,38,65,48,31,90,53,69,43,35,30,29,49,25,105,33
6848,47,71,72,48,95,36,64,58,65,51,61,69,50,42,37,44,59,80,63,9,70,60,41,32
6849,36,40,44,61,67,52,69,50,53,65,48,72,32,54,7,30,26,39,105
6850,45,70,4,56,39,37,50,44,64,61,30,84,101,36,27,48,66,60
6851,33,39,41,50,47,32,38,30,69,71,105,72,27,35,48,14,42,77,84,4,58
6852,44,58,40,63,49,27,61,65,31,56,29,45,60,43,66,30,33,12,70,53,38
6853,60,72,61,58,42,56,47,71,68,44,32,45,105,2,66,30,49,117,33
6854,59,39,53,29,37,72,47,57,67,46,49,51,56,66,58,32,50,43,78
6855,84,27,44,33,50,70,30,64,53,52,48,40,38,32,58,45,17,35,49,41,47
6856,45,44,61,48,70,30,49,36,29,51,71,47,38,39,58,60,56,52,35
6857,32,84,52,66,35,36,50,27,58,67,60,65,83,29,105,42,39,51,56,33
6858,61,59,50,38,35,39,58,105,33,52,37,72,53,57,4,30,75,22,56,74,77
6859,69,59,33,29,40,31,50,45,51,49,30,93,56,27,32,41,105,3
6860,42,54,37,29,49,47,56,35,45,64,36,60,57,71,32,39,3,65,66,48
6861,72,69,53,58,63,105,61,30,65,31,52,67,38,27,54,44,56,68,64,36
6862,56,105,50,44,31,72,66,84,38,88,48,55,43,52,42,49,40,39,28
6863,56,57,48,49,58,52,45,33,40,42,46,37,35,27,66,28
6864,84,32,42,61,69,72,50,67,5,37,58,29,63,36,47,77,104,51
6865,53,45,40,59,36,71,38,39,27,56,44,49,37,66,67,60,51,24,50,54,47
6866,27,58,50,63,95,71,45,72,84,31,49,53,66,38,30,20,40,17,32,39
6867,57,65,31,61,95,50,72,35,54,38,27,64,67,53,63,58,66,71,44,47
6868,66,59,56,61,51,71,52,39,42,65,32,27,53,13,113,44,28,22,47,29,50,67,49
6869,45,50,35,72,48,61,52,56,105,19,31,29,40,67,32,63,60,58,53,114
6870,51,49,48,71,58,35,42,39,45,67,50,29,105,83,53,84,27,90,31,54
6871,31,71,40,33,48,54,60,30,50,49,66,105,44,35,6,47,15,59
6872,105,48,58,27,65,95,61,60,67,39,54,31,66,59,35,64,91,78,51,68,71
6873,51,36,30,44,48,42,27,71,38,12,39,65,69,105,32,31,67
6874,58,65,37,30,33,48,84,45,61,29,59,36,54,56,60,46,91,67
6875,37,52,42,54,44,40,35,31,56,105,48,60,65,71,29,18,32,27,70,58,46,33,72,64,8,83
6876,69,56,44,5,32,37,48,36,58,30,51,53,50,3,72,41,47,60,65,70,39
6877,29,39,58,49,57,56,48,54,33,67,71,37,36,15,69,35,73,55,109,106,59,63,32,43,53,4
6878,71,30,40,35,60,65,53,72,54,48,32,38,105,45,61,36,37,25,52,51,113,27
6879,27,49,48,67,64,65,47,31,4,69,54,44,61,58,1,119,70
6880,53,72,49,54,47,44,51,59,31,42,29,71,39,64,69,66,30,67,56,58
6881,30,59,33,27,72,39,35,51,50,61,105,45,52,36,56,87,41,67,47,43,115,69,70
6882,72,50,48,71,105,32,60,45,28,47,27,29,53,69,64,59,51,58,66
6883,47,29,52,37,84,53,51,44,64,69,49,32,42,33,94,38,72
6884,49,65,36,64,30,51,44,42,48,31,69,115,58,54,53,57,32,40,61
6885,105,29,39,36,95,42,56,57,30,47,64,31,27,44,65,84,67,72,71,60,33,38
6886,61,95,52,50,53,33,39,48,59,42,38,67,35,30,82,36,69,27,71,107,63,65
6887,50,29,39,60,63,36,64,56,52,67,37,30,59,38,45,35,51,65,103,44,5
6888,27,66,44,60,4,32,40,54,33,20,39,58,48,56,35,38,30,19,70,36
6889,95,63,53,20,65,69,37,30,60,54,27,38,58,22,50,52,73,80
6890,53,45,105,38,50,64,56,69,37,27,71,44,51,72,40,47,52,65,58,48,33
6891,36,60,50,65,54,49,33,38,59,45,44,88,101,64,114,69
6892,105,84,48,60,29,65,54,40,27,66,32,35,70,76,31,37,44,72,57,59
6893,49,58,52,44,27,56,69,59,61,71,39,42,51,48,32,45,68,65,53,38,72,50
6894,48,31,33,45,30,61,60,47,42,52,49,51,53,110,69,35,64,72,44,65
6895,45,38,4,37,49,50,60,36,32,65,69,30,23,61,90,42,71,53,87,105
6896,49,71,29,56,61,35,37,39,65,105,31,28,54,96,53,41
6897,47,58,33,51,35,45,71,59,31,36,65,61,83,49,44,27,29,119,70
6898,64,30,53,42,65,63,29,40,39,105,71,38,52,50,60,6,66,31,37,36,88
6899,95,35,37,45,59,64,84,29,83,32,58,41,26,31,4,67,27,71,39,51
6900,40,54,59,39,31,53,44,36,51,35,29,4,45,52,57,47,61,32,17,60,3,95,93,38,42,91,49
6901,61,51,35,29,67,57,32,54,36,42,53,33,60
6902,31,105,65,52,40,47,54,38,67,99,60,95,49,39,69,51,27
6903,38,63,49,59,58,61,51,66,31,74,56,32,69,35,60,54,90,48,67,43,76,50
6904,32,95,67,42,47,48,63,38,72,69,51,31,56,50,113,43,35,90,97,105,61,49,91,53,1,44,24,58
6905,43,29,54,45,47,84,69,56,39,27,44,31,67,30,36,64,42,51,103,57,32
6906,50,38,59,45,67,47,27,65,35,84,56,63,52,11,30,48,54,66,109,64,31,71
6907,84,65,31,53,48,47,37,50,52,56,66,4,27,6,40,71,97,23,29,57,2,107,69,95
6908,57,32,52,53,58,67,4,51,31,40,72,71,60,50,48,14,38,11,59,29,9,49,65,66,43
6909,61,59,39,35,44,29,70,47,31,105,27,45,4,32,54,37,50,73,41,90,60,51,99,24
6910,48,72,56,60,105,24,69,30,53,9,44,37,43,36,4,29,65,49,95,32,14,80,63
6911,31,42,54,59,27,30,58,72,47,67,32,50,52,5,7,69,77,48,61
6912,30,69,48,37,47,45,27,58,29,67,52,51,66,31,35,39,57,65,59,41
6913,37,38,47,53,40,50,45,72,105,32,67,36,35,51,78,44,63,4,31
6914,59,58,27,32,60,61,69,64,5,35,47,45,52,70,56,18,54,65,71
6915,49,60,72,37,42,38,53,71,67,58,44,31,48,59,35,39,105,14,30,52
6916,50,65,61,33,47,37,36,72,54,59,70,66,60,27,40,69,67,56,94,32,64
6917,41,33,40,48,51,64,32,42,72,45,53,99,39,44,116,49,27,102,54,35
6918,60,32,44,37,39,51,71,54,57,113,28,52,29,27,56,109,47,30,42
6919,47,39,54,35,95,48,105,84,29,36,66,45,44,113,15,60,4,38,86
6920,64,52,36,32,50,105,35,30,37,60,47,33,72,39,116,27,83,23,42,11
6921,66,65,53,36,40,71,32,56,29,50,52,63,4,12,42,76,64,25,72
6922,60,56,44,27,45,69,29,57,35,32,47,37,59,61,103,50,30
6923,36,67,61,71,69,58,37,54,5,50,44,29,35,51,52,31,32,39
6924,64,30,32,42,51,58,59,44,56,66,52,38,40,36,35,60,2,47
6925,63,105,69,4,54,38,45,36,71,29,95,72,33,66,64,48,53,31,119,27,107,24,61,67
6926,64,35,65,32,67,59,66,48,33,50,49,39,71,56,8,47,61,45
6927,52,65,32,53,56,63,61,71,58,33,37,59,69,57,48,62,21,31,54,35
6928,54,36,47,38,66,105,50,71,42,67,56,106,45,55,53,65,32,51
6929,64,105,35,58,29,32,48,72,56,67,51,30,71,66,39,65,54,45,40,43
6930,44,50,59,53,66,39,58,31,30,105,67,56,49,65
6931,60,69,29,37,58,27,91,54,51,42,52,15,55,67,66,92,50,89,105,45
6932,65,68,27,71,35,45,38,67,41,39,105,30,48,18,53,13,69,28,56
6933,68,27,60,32,36,64,51,105,72,35,43,28,44,52,84,71,66,58,65
6934,67,30,51,53,65,42,52,38,40,44,58,69,47,54,43,29,84,61,48,105
6935,60,72,50,54,31,69,36,58,40,52,48,30,42,66,32,33,38,8,39,64,88,29,63
6936,50,38,67,37,29,51,40,45,56,31,64,33,42,59,47,102,12,17,105,114,8,4,30
6937,36,39,51,33,58,40,50,30,37,29,32,31,61,45,52,105,15,59,42,65,17,35
6938,30,57,39,67,52,61,56,59,64,42,105,72,84,69,86,33,37,65,73,45,47
6939,47,68,65,66,44,50,53,105,52,33,32,56,36,51,84,71,49,31,29,62,57,60,58,27
6940,35,32,68,30,53,39,42,38,64,61,54,60,50,40,72,47,44,93,65,62,69
6941,54,49,35,113,38,71,50,51,47,105,96,20,37
6942,31,53,60,71,35,61,58,69,33,42,51,44,37,66,50,32,22,49,63,45
6943,61,57,56,53,72,52,105,95,4,36,13,49,10,20,48
6944,39,65,45,66,33,69,37,27,67,36,30,72,32,59,50,105,101,47,84,38,52,56,60
6945,57,50,39,56,27,42,49,59,84,38,47,52,70,105,29,1,45,77,48,95,69,54,43
6946,49,69,67,40,71,60,66,52,50,38,30,33,31,93,84,42,54,51,114
6947,32,66,51,38,49,30,56,84,48,67,50,52,69,44,64,39,40,37,45,97,71,43
6948,64,48,65,31,84,44,69,72,42,38,51,71,57,56,30,4,61,40,29,21,67,105,32
6949,47,65,45,27,48,4,35,38,42,36,56,85,60,68,43,91,16,71,32,117,30,52,2,49,78,54
6950,27,63,59,71,84,66,57,37,44,31,35,64,69,52,58,11,60,119,24,95,78,50,3,4
6951,38,51,58,39,47,35,44,72,85,54,119,61,43
6952,58,60,39,29,65,71,69,27,45,42,4,105,50,51,16,95,35,30,12
6953,36,49,38,27,64,44,47,65,45,50,56,42,60,91,22,51,67,71,4,39,40,52,32,48,66
6954,69,71,48,59,52,39,66,51,4,53,37,45,29,47,5,65,15,94,80,98,49,44
6955,52,84,71,35,4,45,42,61,38,69,30,29,27,36,44,72,86,50,19,53,60,64,70
6956,52,40,60,53,33,31,57,47,29,69,37,44,39,61,64,49,65,26,105,22,66,101
6957,51,59,61,49,72,54,32,52,71,64,103,53,28,29,4,58,105,36,60,65,69,113,67
6958,72,57,35,71,66,27,37,44,65,67,38,52,58,3,60,33,47,4,74,31,42,7,32
6959,51,45,32,36,67,71,40,66,56,54,60,39,27,1,65,52,13,58,43,50,69,49
6960,27,40,39,37,38,31,42,32,49,72,67,33,101,6,64,35,54
6961,45,67,72,42,71,31,64,39,36,58,44,115,29,47,103,110
6962,27,60,31,42,4,52,44,105,58,72,66,84,51,30,49,65,48,56,47
6963,31,56,32,49,29,72,69,65,39,42,84,36,44,58,63,30,109,53,50
6964,43,4,30,39,45,105,69,44,60,38,29,42,36,66,70,48,31,53,111,14,64,35,54
6965,51,32,71,52,54,67,68,35,50,38,103,63,30,56,55,53,20,29
6966,45,84,36,47,40,38,72,64,29,105,37,53,70,6,34,71,22,69,39,30,59,66
6967,56,38,52,59,37,53,42,45,39,71,105,27,1,86,64,35,54,36,58
6968,52,59,30,39,42,37,38,71,61,66,53,31,48,29,84,20
6969,38,56,45,47,33,44,61,68,64,51,65,50,37,39,54,28,72,105,43,49,24,71
6970,69,29,45,37,64,50,53,61,54,31,48,63,72,59,35,47,38,33,51,49,57
6971,30,37,49,48,36,54,59,52,31,71,42,51,65,50,56,69,58,45,64,27,33,72
6972,59,72,53,38,33,84,58,45,35,39,44,63,32,69,10,49,67,34,111,119,31,36
6973,58,33,49,31,59,71,72,29,56,53,61,39,35,48,45,60,50
6974,43,105,61,31,92,33,51,65,27,50,47,68,67,42,58,35,45,44,38
6975,56,44,64,65,38,59,67,60,50,39,36,49,27,33,72,5,66
6976,30,42,4,40,43,95,36,50,56,51,54,29,49,84,45,98,66,48,27,5,80,60,71,47
6977,71,72,35,67,64,50,44,52,105,57,65,45,63,33,56,27,49
6978,60,67,105,27,38,56,54,53,71,69,65,37,61,42,41,66
6979,53,71,36,45,38,42,30,82,47,33,46,76,60
6980,84,38,67,71,61,30,48,40,64,65,39,35,49,105,9,58,47,95,37,5,57
6981,36,56,37,40,63,52,105,61,53,33,30,27,54,81,57,119,45,68,60,65,32,41,42,84
6982,27,32,66,36,53,35,38,65,58,61,44,59,48,91,40,117,39,60,6,12
6983,39,43,72,67,45,53,105,59,42,4,84,76,51,40,35
6984,105,35,65,53,50,32,66,67,29,4,54,44,33,111,52,58,11,39
6985,54,42,47,69,53,30,70,29,58,105,4,33,50,51,88,13,36,39,45
6986,38,60,71,65,47,58,33,69,39,53,64,48,28,51,27,2,36,30
6987,36,38,59,105,68,48,66,50,52,56,71,57,35,53,47,42,39,37,54,32
6988,95,53,38,64,47,60,66,72,20,44,39,49,57,5,35,85,88,36
6989,27,30,65,69,36,33,53,51,57,105,56,2,29,19,61,60,35
6990,67,35,4,111,30,64,72,56,116,50,66,29,95,24,54
6991,35,31,42,41,44,68,59,66,32,71,47,45,40,36,63,60,30,37,72,58,56,64,67
6992,58,51,71,50,70,64,35,43,107,47,24,60,74,4,61,105,52,66
6993,95,54,70,43,60,50,48,73,4,31,45,35,44,68,29,30,74,42,37,105,90,72,36,66
6994,72,36,33,29,42,48,31,60,30,65,84,12,49,4,39,41,58,47,57
6995,32,42,53,58,51,40,72,36,37,66,39,29,30,56,47
6996,4,45,39,48,50,116,27,64,117,47,36,18,80,53,105,40
6997,47,61,38,105,60,35,59,44,36,84,51,55,50,63,37,57,94,67,58,54
6998,42,70,57,66,44,47,59,69,53,49,77,72,29,28,65,82,58
6999,35,66,37,67,44,65,42,84,60,64,54,72,50,82,69,29,97,36,53,49
7000,39,71,72,69,66,54,65,32,64,51,56,105,59,47,61,50,30,45,63,35
7001,47,45,30,35,84,36,71,33,32,105,50,44,72
7002,48,27,84,64,32,4,30,38,31,57,35,45,71,33,65,72,112,56,43,59,89,49,40,61,67,63
7003,30,61,27,56,32,72,67,58,51,54,42,39,60,31,68,49,35,40,113,46,97,48,105,69,37,53,41,25
7004,64,42,67,36,47,58,61,55,56,105,69,33,84,45,70,48,50,37,43,94,3,52,27
7005,37,35,56,31,50,54,59,32,67,60,58,72,105,47,52,38,4,91,39,69,5
7006,52,69,64,66,71,31,84,63,56,43,27,105,65,72,35,45,37,53,58,104,30,70,36,51,47
7007,45,27,35,36,54,47,67,69,33,44,84,70,56,87,51,48,49,53,117,4,38
7008,58,64,43,72,44,45,29,42,59,65,70,69,37,52,16,60,66,73,38
7009,49,38,71,35,56,31,47,40,67,37,63,45,22,69,105,9,57,61,20
7010,45,71,38,33,40,50,69,110,68,35,67,47,44,27,99,61
7011,58,32,95,66,54,49,65,63,57,45,60,50,105,67,44,39,53,71,102,77
7012,45,39,48,105,30,50,69,52,64,65,66,104,97,31,51,47,67
7013,35,51,37,105,50,27,30,64,56,29,44,18,72,87,89,17,13,65,31,55,39
7014,56,105,48,51,27,40,61,54,50,31,65,72,49,69,44,64,42,32,36,58,45,29,59,60,18,66
7015,39,32,48,72,61,33,54,40,65,27,67,84,31,59,42,56,29,36
7016,36,27,71,69,30,72,66,54,61,44,58,105,52,38,17,74,8
7017,66,48,84,42,56,50,38,61,69,63,47,32,36,59,60,45,65,57
7018,49,54,59,67,56,48,50,53,36,71,52,61,65,51,37,24,43,45,35,31,57,44,72,107,63,2,55,60
7019,52,41,60,51,42,50,69,84,33,105,30,31,35,56,29,37,55,47,64
7020,69,30,56,60,52,57,36,35,71,48,42,32,65,58,50,105,84,49
7021,64,36,52,95,69,30,42,37,39,65,32,33,27,56,38,50,44,45,49,6,72,57
7022,58,61,60,38,59,42,65,48,69,72,44,32,35,27,45,52,47,105,29,66
7023,45,66,27,35,38,51,61,79,42,69,48,33,37,13,49,47
7024,49,69,59,38,65,44,67,42,53,72,105,51,47,36,77,29
7025,49,42,37,36,84,50,105,48,57,58,94,31,30,28,71,69
7026,17,52,31,48,50,36,64,30,61,51,70,20,28,47,69,32
7027,64,42,70,105,54,44,48,29,71,65,32,53,33,57,45,46,72,51,27,50,95,52,49,35,100,36
7028,37,50,31,39,44,30,64,65,47,49,36,51,71,60,105,53,41
7029,30,54,35,66,67,59,32,58,31,61,38,44,36,49,56,114,51,45,72,53,57,78,65,52,81
7030,38,54,105,71,50,36,52,60,95,61,33,69,31,51,2,64,30,99,27,42
7031,71,51,59,68,63,30,47,42,72,37,33,67,62,66,58,34,60,29,32,39,69,27,65
7032,56,71,105,50,70,57,60,29,49,44,27,45,69
7033,47,49,50,33,30,44,66,27,70,60,84,59,19,32,8,29,35,51
7034,67,38,45,27,59,53,47,95,60,71,44,51,42,6,61,29,32,36,69
7035,32,54,41,56,30,53,72,39,40,42,51,59,60,73,48,57,47,33,61,29,52,71
7036,58,65,35,56,33,41,51,71,52,38,67,85,72,31,27,50,101,47,30,66
7037,52,54,53,60,66,27,56,36,38,61,72,39,49,114,106,84,12,105,40,30
7038,33,47,61,84,59,36,45,32,67,49,48,65,29,72,54,23
7039,42,67,56,31,58,52,60,40,50,29,71,27,115,53,86,69,107,32,117,38
7040,65,105,29,43,47,67,37,30,45,36,33,58,28,95,66,39
7041,38,33,105,27,44,29,42,58,95,45,60,97,63,31
7042,38,47,50,63,67,37,27,35,65,31,61,41,113,42,58,36,100,94,53
7043,66,49,67,38,64,61,51,40,43,30,69,71,4,29,5,50,58,31,72,39,26,65
7044,31,48,49,29,37,32,59,67,61,66,69,54,42,40,28,117,84,27,86,56
7045,37,38,69,44,42,64,29,56,105,47,45,52,95,60,32,67,53,51,33
7046,63,30,58,47,41,36,38,59,42,39,60,66,52,35,22,75,49,109,31,46,56,67
7047,69,27,29,48,40,50,67,72,31,71,47,53,44,37,51,24,36,65,38,58,59,39
7048,52,71,53,39,95,30,35,58,48,111,56,38,31,27
7049,35,64,52,53,61,56,71,58,60,44,45,105,5,37,70,59,119,4,50,33
7050,32,48,42,35,59,47,27,40,56,36,67,31,54,57,46,66
7051,32,59,30,71,33,49,65,52,31,42,63,45,38,48,27,7,67,105
7052,27,40,69,52,70,36,57,49,42,58,33,64,53,83,50,37,32,107,66
7053,32,41,61,47,68,30,39,65,36,52,40,106,24,35,60,64,57,45,44,42,14,17
7054,72,58,60,50,29,52,84,53,38,49,37,64,61,39,54,65,117,69,102,56,45,32,41,21,67
7055,95,42,11,72,60,61,48,44,40,41,32,100,38,27,99,103,56,78,105
7056,47,27,28,57,67,66,70,45,105,52,37,32,58,97,48,51,39,101,81,42,55,29,12,69
7057,38,47,65,27,51,48,31,30,53,49,58,84,71,72,61,69
7058,67,45,30,38,49,59,39,42,47,32,31,56,71,76,41,54,5,29,65
7059,105,38,65,36,63,32,29,33,52,44,60,45,117,58,101,35
7060,45,95,27,50,58,54,105,29,40,70,35,69,38,32,61,30,41,65,66,33,119,92,53,47
7061,63,50,47,65,49,53,32,44,38,28,69,71,15,39,59,42,77,51,61,35,67,30,70
7062,58,52,33,60,69,30,50,32,108,97,44,51,64
7063,64,48,53,49,47,8,38,35,37,33,42,69,65,102
7064,51,32,37,50,66,61,48,53,31,65,35,47,49,52,76,58
7065,2,56,58,53,48,45,66,37,17,43,71,70,52,51,54,72,29,69,32,38,42,65,40,49
7066,71,95,50,67,51,35,39,31,61,56,30,54,44
7067,56,35,53,66,29,72,27,105,58,37,65,67,71,42,32,47,6,54,104,107,48,39,51
7068,32,36,44,56,38,35,39,31,65,37,3,54,53,27,49,105,67
7069,45,37,38,29,49,40,84,48,50,39,51,31,44,71,52,32,47,3,75,60,24
7070,45,27,56,37,38,32,29,47,39,66,53,69,35,65,2,52,67,104,43,59,11,33,84
7071,33,67,72,51,105,45,29,66,42,31,54,44,6,71,60,69,38,4,70,87,23,35
7072,36,39,56,58,49,27,59,113,52,37,31,47,71,35,114,42,57,74,65,29,45
7073,56,50,69,47,48,29,30,71,61,54,39,38,105,65,51,49,59
7074,31,40,72,42,71,66,49,29,58,38,69,67,36,44,47,84,37,27,105,18,50,15,61
7075,53,32,58,33,61,35,30,37,49,42,67,51,64,39,38,71,27,84,105,54,47,57,22,36
7076,35,53,54,59,52,84,71,42,95,56,51,49,7,47,48,70,36,27
7077,36,49,51,45,29,44,66,58,60,27,47,40,61,38,59,65,33
7078,72,64,27,51,30,38,49,47,48,59,60,65,44,52,118,107,50,56
7079,65,42,72,48,67,39,38,60,58,49,47,37,59
7080,32,45,84,30,37,39,51,49,59,54,47,44,52,40
7081,65,51,4,60,72,37,32,50,31,67,84,56,71,48,42,53,105,81,47
7082,52,48,27,38,37,33,47,49,53,72,69,59,44,61,30,12,64,101,34,116,35,50
7083,71,72,50,38,64,63,44,53,36,20,85,67,48,47,80
7084,70,29,66,35,30,56,45,61,42,36,37,31,69,33,67,53
7085,79,88,103,70,92,75,78,104,102,77,113,67,73,74,117,83,112,2,76,110,109,111,119,116,62,63,95
7086,29,118,85,76,119,106,90,88,112,96,4,113,74,98,15,56,43,101,73,36,67,93,38
7087,102,115,106,73,113,92,79,78,118,70,116,87,83,81,101,85,74,52,72,90
7088,81,115,73,111,86,118,91,79,107,113,63,110,15,80,102,51,100,70,37,103,78
7089,112,104,80,87,77,83,82,110,2,79,109,111,103,95,117,115,113,24,76,4,73,46
7090,74,73,87,98,85,109,106,108,110,99,88,92,2,113,119,80,65,83,79,115,4,116,90
7091,99,91,106,76,79,108,101,85,78,90,77,118,110,3,80,61
7092,86,98,106,119,110,118,99,80,75,108,83,117,103,82,111,81,91,102,104,85
7093,94,108,113,99,90,118,78,109,103,110,77,107,85,91,74,89,75,115,43,102,101
7094,75,104,82,101,73,116,86,119,88,91,96,20,99,12,106,94,113,78,29,80,61,70,102,15,81
7095,111,101,78,80,79,119,77,94,109,113,107,82,108,81,96
7096,92,119,70,87,113,83,116,82,91,95,104,77,16,11,80,10,103,73
7097,80,106,92,77,70,117,110,103,88,78,82,101,94,109,87,86,108,93,116
7098,90,119,101,115,117,70,108,92,73,110,74,111,102,83,116,87,91,98,81
7099,94,108,83,86,78,98,90,106,112,110,101,92,116,107,99,115,117,109,74,77,104,111
7100,110,92,118,75,108,77,83,94,99,79,85,104,103,82,81,117,21,78,96,98,30,68,107,115
7101,29,109,101,91,90,78,113,83,102,80,98,87,85,73,77,110,82,27,92,118,32,94,22,68,104
7102,101,96,107,86,116,89,99,73,95,77,110,83,4,104,94,85,61,97,81,88,79,113
7103,81,113,83,100,93,85,119,108,86,77,106,6,44,101,92,76,112,1,88,46,102,16
7104,90,86,115,75,101,76,104,102,79,96,118,9,77,2,82,85,106,61,94,107,83,60,22,109
7105,113,14,78,117,79,75,119,74,88,110,82,85,2,96,80,77,93,66,103,95,65,31,52
7106,86,94,119,107,113,109,96,99,115,75,105,90,55,3,92,20,82,110,85,23,87,4,114
7107,79,112,73,116,75,99,118,109,88,78,91,60,103,92,85,83,111,41,107
7108,80,116,86,99,78,73,74,85,101,103,42,111,109,69,66,110,75
7109,108,110,94,87,112,99,80,97,101,79,96,90,83,82,118,102
7110,74,76,82,83,75,87,106,70,108,73,29,4,112,80,111,90,3,115,25,101,85,54
7111,91,102,96,115,117,99,101,15,111,109,2,39,11,64,78,113,54,82,86,70,119,26,76
7112,86,109,73,99,113,91,101,96,116,94,106,2,70,108,102,112,98
7113,117,103,116,88,96,94,109,70,101,108,31,99,118,110,106,63,79,104
7114,87,108,119,96,83,98,102,88,110,74,104,80,113,3,18,91,117,82
7115,75,76,96,110,88,85,92,79,112,70,73,98,19,86,103,1,82,117,105,116,99,83,101
7116,119,81,107,98,115,91,117,82,2,90,70,96,35,108,67,69,89,111,106,1,5,110,43,29,116,77
7117,87,75,110,85,83,98,106,117,76,111,118,54,82,115,15,109,88,57,68,104,81,103
7118,88,111,99,116,96,85,107,76,112,77,81,86,15,104,110,70,117,72,2,90,28,106,83,108,75
7119,81,100,82,87,106,85,83,88,107,99,109,76,116,92,86,79,98,73,32,75,72
7120,119,115,110,116,76,112,99,74,117,96,89,109,94,98,87,81,86,106
7121,98,115,106,75,94,103,95,109,83,81,118,104,79,52,93,44,113,86,58,80
7122,118,73,92,105,117,109,80,119,70,55,23,99,116,103,75,106
7123,86,108,117,88,76,99,103,85,75,5,77,116,107,2,78,74,118,73,112,33,106,58,109,90
7124,78,113,83,118,73,116,91,98,88,109,112,103,108,92,119,115,106,99
7125,106,117,70,115,101,76,113,10,103,118,74,96,83,80,98,110,112,95,41,85,90,91,46,104,81
7126,91,83,87,106,94,102,118,70,110,117,80,112,74,77,97,100,108,84,119,54,98,101,55
7127,75,106,108,74,77,102,110,86,112,4,101,99,118,82,78,93,81,85,114,117,41,119
7128,100,111,90,115,103,94,106,108,113,81,96,78,79,74,112,109,86,70,91,89,48,85,92,119
7129,78,85,110,73,94,108,115,109,111,102,93,75,79,113,104,76,118
7130,113,83,96,110,116,80,24,99,2,117,76,98,115,78,95,87,92,105,91,8,104,74
7131,119,79,115,106,116,78,112,83,86,2,107,109,80,110,104,92,87,81,52,42,102,21
7132,96,80,82,111,104,106,112,107,79,75,108,86,100,70,73,116,90,77,99,83,117,102,87
7133,119,73,94,108,109,82,77,111,81,102,95,78,70,115,79,91,116,19,4,7,2,106,99,113,43
7134,115,113,111,75,93,92,119,85,79,77,112,88,86,101,91,22,97,103,2
7135,94,111,70,75,115,108,99,78,119,117,116,113,96,104,76,109,73,90,80,79,92,3,98,83,87,67,86
7136,115,74,77,86,98,75,73,104,76,112,78,116,118,95,110,85,87,15,80,101
7137,107,112,88,77,119,115,101,110,103,87,111,9,99,94,60,118,86,46,116
7138,115,73,87,83,118,80,77,70,119,94,2,88,98,79,74,112,91,108,76,101
7139,79,108,83,91,70,115,112,103,82,113,101,106,116,80,76,27,95,109,111,88
7140,106,118,80,86,74,87,77,94,119,99,113,107,78,96,70,117,81,85,79,45,91
7141,54,110,85,81,117,74,77,107,69,101,24,94,88,109,116,84,48,111,102,78
7142,73,75,118,117,98,81,104,70,111,76,94,86,88,20,101,110,28,58,78,24,74,10
7143,29,78,110,99,116,108,119,111,90,83,98,107,88,47,112,97,101,80,115,113
7144,81,88,101,70,102,73,98,106,86,99,103,90,116,94,118,87,77,95,83,82
7145,111,82,74,86,91,83,108,106,90,77,113,12,54,112,93,117,97,115,109,100,98
7146,106,108,107,116,96,86,118,113,92,83,73,102,77,87,82,112,97,103,66,91,109
7147,107,85,112,78,102,74,108,106,83,35,39,70,110,63,42,26,82,97,60
7148,109,101,107,118,78,94,111,119,85,82,33,79,88,106,113,116,87,2,108,96
7149,113,94,110,108,101,74,70,106,87,73,103,96,85,81,89,58,76,75
7150,76,87,88,98,96,119,92,83,118,94,116,113,100,80,103,104,73,105,69,2,108,101,54
7151,87,109,101,113,72,116,117,32,78,80,77,99,85,112,88,83,65,75
7152,112,101,98,111,77,108,118,94,90,83,91,106,29,44,113,97,87,96,30,104
7153,73,94,87,108,80,111,91,96,88,83,86,110,76,109,116,79,103,99,115,81,77,100,97
7154,112,76,119,88,99,109,87,103,117,118,86,75,4,80,94,91,110,101,115,93,79,73,111,90,95,41,5,92
7155,108,115,101,86,113,94,83,118,119,96,90,75,85,87,79,99,74,109,116,103,117,110,72
7156,88,81,115,117,116,79,109,77,112,108,73,70,99,104,119,74,25,85,91,86
7157,110,78,112,75,109,87,86,74,113,20,88,50,66
7158,115,91,107,54,98,117,73,86,106,74,110,111,88,94,15,44,80
7159,114,98,119,111,86,106,73,99,78,113,74,70,110,15,108,88,2,96,79,112,11,76,91
7160,77,78,108,119,80,107,113,88,75,91,111,90,96,110,76,81,74,102,103
7161,83,112,80,106,91,87,98,119,94,72,44,111,31,19
7162,76,117,98,85,102,80,119,99,73,88,95,8,92,101,74,75
7163,104,118,111,81,103,73,101,110,94,90,109,92,95,80,70,63,117,119,87
7164,116,94,5,74,107,77,99,80,90,106,78,111,117,115,109,104,32,27,79,81,73,76,22,114,108,84,36,12,54
7165,91,88,110,75,81,87,116,85,82,80,92,29,113,11,83,74,96,36,111,79
7166,76,97,88,86,119,83,73,63,100,109,85,90,118,116,113,82,102,111,4,41,53,79,101,11,103,29,99,28,110
7167,113,112,79,94,117,115,104,90,101,110,111,116,86,98,81,78
7168,117,73,79,103,110,81,99,106,86,102,112,52,74,113,29,111,70,54,96,77,116,108,36
7169,98,75,91,87,95,112,78,106,101,83,74,107,118,88,96,108,79,110,119,102,113
7170,116,74,113,92,87,2,73,102,104,118,94,79,82,55,110
7171,77,118,119,109,102,115,98,81,78,87,96,84,82,101,112,104,94,108,88,13,113,106,111
7172,92,107,70,108,116,101,76,79,87,109,96,117,64,103,110,95,90,22,73,13,74,91
7173,119,77,96,91,5,111,94,63,108,88,92,78,74,54,26,73,72,86,101,70,93,85,95,80,75,104,81
7174,108,98,94,87,76,112,119,78,75,74,111,88,106,29,83,109,85,117,110
7175,81,98,87,112,109,75,73,119,108,116,85,111,102,70,113,117,76,93,82,88
7176,114,75,83,91,119,96,74,107,81,116,95,100,101,23,78,110,85,90,111,73,40,2,70
7177,114,83,85,88,119,94,110,76,102,1,117,77,96,111,101,106,80,56,50,118,97,109,67,116
7178,99,109,111,90,113,92,110,112,83,88,40,58,87,75,93,80
7179,92,106,103,90,85,101,98,73,115,80,19,83,70,88,118,26,113,116,36,78,91
7180,112,111,75,76,108,102,82,83,97,86,94,79,101,5,70,85,61,90,118,119,93,81,103,113
7181,78,107,109,108,80,83,87,35,102,7,88,76,6,115,74,111,85,11,90,116,99
7182,106,118,101,99,96,109,78,79,94,91,107,75,119,86,73,23,11,88,15,104,110,115,117,64,116,108,82
7183,82,119,81,91,76,115,116,80,108,83,99,103,77,85,107,111,36,70,113,61
7184,92,79,109,111,96,7,91,108,94,87,78,99,88,95,64,116,76,47,74,112
7185,79,96,68,4,117,75,74,85,112,70,62,115,7,113,99,82,104
7186,70,74,91,116,106,78,92,87,115,76,96,110,4,108,85,101,88,11,77,113,83,103,98,97,119,111,81
7187,106,111,90,87,112,104,110,92,77,101,86,98,81,108,28,88,91,115,94,85
7188,90,87,115,113,81,80,101,96,64,111,77,110,75,79,39,99
7189,117,103,73,74,96,112,100,78,92,88,77,79,75,105,85,107,93,23,109,81,116,86
7190,94,104,74,116,99,112,117,119,88,98,103,73,80,54,29,67,111,87,83,108,106
7191,99,87,85,108,76,112,119,74,91,90,115,29,111,65,75,79
7192,104,77,98,95,78,91,119,92,80,90,103,24,73,75,39,74
7193,82,86,100,81,73,109,79,115,76,90,111,112,113,103,108,106,94,110,117,102,116,104
7194,87,99,103,111,115,78,83,113,117,98,85,110,2,80,116,79,109,102,118,86,104,81,6,112
7195,83,79,94,90,104,101,86,98,100,75,110,105,117,60,53,99,1,81,115
7196,87,112,119,90,70,111,88,47,86,22,80,106,54,95,97,73
7197,76,107,112,83,116,118,23,87,105,11,79,101,119,45,73,95,110,42,75,5,106
7198,103,78,112,116,77,113,109,79,111,70,75,2,44,30,10,9
7199,80,86,98,99,101,77,79,73,78,96,75,117,119,113,112,28,108,60,10,107,85,110
7200,81,70,113,107,91,78,118,80,92,85,96,77,76,79,119,88,2,98,95,73,83,116,104,101
7201,75,98,74,108,76,78,94,104,77,101,99,70,64,83,82,86,107,81,100,109,118,88,105,110,111,115
7202,87,75,77,81,79,80,88,104,82,119,117,106,86,62,36,99,102
7203,116,118,78,85,115,106,74,103,88,51,109,70,67,113
7204,70,110,77,83,101,88,90,76,95,78,73,118,109,98,82,74,63,99,85,40
7205,111,108,112,76,85,77,92,70,104,117,110,96,79,106,83,109,20,75,7,98,113,93,60,14,101
7206,77,115,88,107,111,102,74,2,108,56,73,42,79,116,30,85,86,112,55,70
7207,98,108,94,90,102,111,115,79,70,78,86,7,106,73,21,80,109,91,95,10,15,87,117,96,107,92,76,103
7208,80,115,87,111,54,113,10,73,6,109,102,104,118,24,41,12,1,85,94,33,63,88
7209,70,117,80,116,77,109,104,110,115,74,112,101,5,79,107,73,35,98,119,96,100,91,92
7210,87,109,86,92,107,2,73,106,94,110,108,119,74,83,91,116,81,49,75,80,23,113,97
7211,100,119,112,108,90,109,104,86,82,102,85,115,110,74,116,76,117,22,113,46,97,94
7212,107,2,96,111,91,113,90,87,77,24,85,116,94,117,99,100,102,112,31,108,50,95,76,78
7213,106,112,78,80,109,86,119,116,117,76,102,115,110,26,88,81,14,27,83
7214,85,78,108,90,98,76,77,96,94,79,93,64,95,91,75,119,63,49,109,110,38,87,118,105,117
7215,70,107,92,87,94,108,76,117,102,82,79,30,78,106,83,75,112,66,10,110
7216,67,106,90,111,70,85,75,107,27,12,64,109,38,88,91,79,94,73
7217,108,111,88,118,110,94,75,116,87,70,73,22,105,92,119,98
7218,119,111,116,88,99,110,112,106,101,107,104,48
7219,118,113,76,85,99,115,92,2,80,111,87,103,3,106,40,86,116,97,82,70,117
7220,85,118,107,70,81,73,4,98,104,94,92,111,96,106,108,113,90,117,87,74,101,34,2,54,83,16,116
7221,81,70,90,112,110,108,118,85,101,86,92,111,114,79,82,77,33,116,117,104
7222,85,115,101,118,79,74,107,106,81,90,88,102,92,112,87,95,72,76,86,94,75,28,109,114,34,119,1
7223,100,116,109,98,115,70,104,85,110,106,90,20,87,96,102,91,83,82,92,111,94,4,79
7224,116,97,104,99,111,70,87,88,76,73,109,94,112,80,119,15,82,118,113,106,24,8,6,108,107
7225,106,94,74,115,70,85,80,77,99,81,92,97,82,116,26,103,83,118,93,59,35,73,109
7226,85,101,79,103,106,116,104,78,75,74,24,118,110,109,107,15,80,87,76,21,113,99,32,70,82
7227,86,76,102,98,2,100,75,78,85,95,111,96,35,56,109,108
7228,119,101,83,113,76,109,70,106,79,81,10,56,78,59,87,92,4,115
7229,80,116,73,82,96,100,81,86,94,104,102,75,103,74,119,76,111,14,101,99,36,85
7230,83,81,99,94,98,13,96,73,108,75,78,109,118,38,54,86,101,90,2,7,24,82,113,51,103,79
7231,109,112,88,108,78,90,94,102,53,24,73,107,119,106,96,98,76
7232,113,99,76,101,73,102,109,88,106,87,115,74,75,117,91,40,110,116,108,85,94
7233,90,81,91,113,75,95,110,107,115,70,119,99,86,73,108,112,80,78,82,96,8,85,77,74,109
7234,108,111,113,110,85,86,97,96,91,73,107,98,22,48,23,117,16,95,103,5,87
7235,111,2,109,82,83,101,118,86,93,78,76,105,80,91,119,108,77
7236,74,115,90,118,117,88,75,106,94,91,109,98,73,87,101,79,99,116,108,78,103,18,112,3,96,83,81,19,77,43,100
7237,113,117,90,91,83,103,92,77,94,108,79,116,86,118,112,109,33,111,110,40,81,19,55,98,10
7238,96,100,119,109,103,113,75,79,85,1,101,87,58,83,111,3,92,6,82,91,117,93,102,86
7239,82,115,78,113,110,88,73,75,2,112,106,95,101,81,85,111,119,38,109,70,91,96
7240,113,91,81,101,98,110,80,107,94,79,108,112,99,116,77,74,73,90,54,118,119,63,13,78
7241,110,116,83,87,74,109,111,94,85,86,66,90,82,95,61,75,118,115
7242,90,85,112,118,75,113,99,115,96,86,87,73,94,109,81,103,101,83,98,116
7243,80,70,116,79,118,86,87,77,101,73,48,110,34,57
7244,117,106,115,70,96,86,80,118,111,76,83,119,32,40,97,36,102,88,20,113,35,91
7245,103,119,94,104,92,81,109,100,75,74,108,87,66,4,118,107,85,76,63,82,83,73,95,101,90,110
7246,117,75,113,86,106,88,77,118,112,7,109,119,73,83,40,25,6,111,92,79
7247,112,74,88,73,96,90,119,83,104,94,107,86,70,77,103,69,58,101,85
7248,100,115,81,113,109,106,118,112,116,86,90,85,74,107,96,88,111,91,2
7249,87,91,102,74,90,109,95,79,88,107,100,113,93,63,98,31,2,68,86,24,112,52,108,96,116,117
7250,96,104,91,110,74,85,81,115,93,108,90,83,80,2,17,106,103,75,69,77,94,10,116
7251,110,73,117,118,106,80,99,86,49,113,108,63,92,88,95,76,112
7252,86,118,85,80,79,73,81,106,108,93,16,109,99,117,104,103,96,112,100,94,119,88,2
7253,108,76,70,101,87,85,98,119,99,112,81,79,97,117,102,75,83,78,96,6,80,93,30,92
7254,76,107,85,96,82,74,103,106,101,81,118,5,86,108,99,88,80,95,102,61,78,83,117,75
7255,82,91,85,80,87,48,99,43,113,111,77,83,57,106,88,29,98,79,78
7256,93,107,108,96,115,74,103,101,110,91,116,106,111,89,114,87,94,84,51,112,73,86,75,24,78,61,99
7257,117,70,78,96,76,90,75,107,88,119,111,101,110,74,86
7258,80,117,78,116,94,96,92,83,70,90,113
7259,54,110,91,104,87,81,83,115,109,2,77,113,96,76,69,43,90,112,73
7260,29,103,82,91,101,83,107,95,79,109,94,84,115,110,96,77,106,62,105,108,97,6,117
7261,110,101,80,91,106,74,79,104,83,117,107,112,82,116,76,11,77,75,109,113,24,98,78
7262,110,107,108,106,103,102,78,99,74,90,96,73,85,116,105,111,61,21,9,94,89,119
7263,29,80,75,117,90,108,106,101,96,82,113,104,74,102,91,70,77,85,89,62,83,111,97,105
7264,99,76,100,98,83,102,82,70,107,88,119,73,96,118,87,86,109,45,85,9,4,111
7265,88,75,85,73,83,95,54,117,96,104,90,41,81,113,112,13,107,97,80,10,118,60,119,115,108
7266,85,91,74,103,78,94,109,86,2,113,112,98,69,63,106,117,76,73,46,104,81,57,70,64,83,110
7267,104,29,117,80,116,112,119,76,96,102,100,106,115,78,82,92,101,88,77,50,94,70
7268,70,29,74,77,76,115,73,78,90,113,96,92,85,36,105,94,2,98,86,106,111,4,75
7269,119,103,85,90,112,88,107,87,104,96,106,102,116,111,83,110,97,118,12,79,91,113,74,75,108
7270,86,90,96,108,78,94,109,80,102,77,74,92,68,54,116,88,5,91
7271,98,119,115,102,91,106,76,104,108,110,113,111,82,78,118,92
7272,119,88,79,2,73,117,77,75,108,4,101,96,6,81,102,115,51,87,98,91
7273,80,111,85,79,102,101,115,92,96,73,108,99,77,109,116,24,81,95,86,91
7274,103,75,76,93,91,81,83,110,107,90,106,100,82,102,116,1,118,74,56,30,37,35,52,80,94,98,2
7275,90,78,75,73,115,77,87,80,111,103,81,94,104,109,118,119,95,99,96,113,88,7,19,98
7276,83,76,70,107,101,100,119,73,77,24,4,75,78,40,21,106,84,111,102,87,81,89,19,118,8,96,95
7277,96,79,97,109,83,119,86,88,107,95,75,113,17,87,117,48,8,43,101,91
7278,111,79,77,99,115,83,112,108,80,78,94,103,101,117,96,76,85,116,41,107,119
7279,76,101,111,107,96,78,92,112,86,102,98,117,115,81,113,91,15,2,74
7280,90,101,115,94,81,103,113,117,91,76,106,93,44,77,24,79,74,3,112,85,104
7281,100,90,99,80,92,78,83,86,109,74,79,91,101,13,94,116,117,76,24,102,44,95,46,107,54
7282,70,77,78,118,99,98,101,104,94,96,119,117,83,87,80,108,32,90,112,91,102,30,86,54,82,95
7283,107,117,93,109,4,74,77,83,100,111,90,75,96,86,91,73,112,55,32,31,78,113,118,97,2,19,79,115,70,80,87
7284,107,90,108,78,117,118,101,80,91,73,71,64,109,94,81
7285,77,91,116,112,113,85,114,88,47,118,106,81,9,72,110,62,76,74,98,73,1,94
7286,85,106,87,83,108,86,109,77,107,91,78,81,76,65,119,79,103,98,118,82,94,99,80,111,116,96
7287,103,101,77,74,102,80,112,98,76,109,95,78,99,117,108,79,92,106,113,100,116,96,111
7288,108,80,85,116,102,81,119,112,88,87,94,97,95,115,15,31,73,36,75,5,17,16,83,100
7289,82,109,96,111,103,115,81,91,90,104,76,101,116,85,106,112,71,6,74
7290,75,77,83,116,117,82,118,81,14,62,5,108,113,110,41,101,6,103,115,94
7291,113,103,110,115,86,112,76,74,109,99,81,78,98,111,80,92,100,117,30,6,2,21,73,85,77,91
7292,78,112,80,99,110,85,101,4,70,82,83,96,75,103,36,77,37,109,98,65,39
7293,118,96,70,112,92,99,103,86,88,57,90,102,66,78,113
7294,103,70,90,112,109,73,74,96,87,76,86,108,29,81,106,102,104,1,116,36,100
7295,74,94,110,90,101,108,118,106,57,107,76,103,91,112,33,53,89,73
7296,106,70,119,113,87,116,99,80,94,107,79,109,75,18,81,102,74,88,117,56,90,89,86,115,96,77
7297,117,106,86,74,79,90,91,116,94,103,112,75,111,87,115,77,80,5,93
7298,117,110,94,91,77,87,119,107,116,108,70,79,113,103,95,104,85,96,81,74,92,90,109,86
7299,101,110,94,118,111,106,112,119,99,88,75,115,116,98,109,86,76,66,83,87,74,70,104
7300,109,102,76,86,104,88,98,111,81,87,93,77,79,115,113,100,96,99,112,110,57,80,107,103,78,90,118,39,4,35,116
7301,112,114,113,119,90,75,115,82,100,92,83,74,109,85,94,5,46,77,2,23,70,26,27,1,81
7302,70,112,99,86,119,96,82,117,107,80,73,78,118,2,79,22,11,108,113,94,53,56,85,74,77,95
7303,76,109,115,104,98,118,107,79,110,96,91,13,70,90,116,92,20
7304,70,73,92,113,110,101,96,112,98,83,116,117,85,24,81
7305,87,107,88,112,86,94,81,29,96,99,115,51,103,67,74,77,5,63,109,78
7306,102,82,116,86,96,92,81,93,85,95,101,15,6,91,80,17,75,104,88
7307,63,91,101,87,73,96,102,76,88,110,94,112,74,80,118,107,54,18,20,93,75,7,99,57,21,1,83,113,82
7308,99,70,119,80,81,79,110,112,104,87,78,95,106,102,73,109,96,116,108,92,88,101,111
7309,101,75,86,111,108,106,115,83,78,87,116,46,80,70,119,100,94,99
7310,102,86,96,88,112,106,4,119,74,73,17,116,90,113,64,87,94,77,79,91,103,104,108
7311,108,116,82,76,90,109,101,81,112,103,107,27,92,117,56,17,113,91,99
7312,87,90,109,103,110,96,112,92,75,94,86,73,116,108,78,115,107,8,23,74
7313,83,119,75,85,95,80,104,101,109,2,78,82,97,111,103,84,118,81,51,73,87,112,88,54,106
7314,91,99,74,113,117,98,81,92,80,76,108,73,1,96,5,109,116,26,60,90,78,77,70
7315,102,91,111,99,76,94,88,108,55,90,92,80,97,115,83
7316,107,76,101,118,87,80,110,70,78,79,117,102,83,26,75,21,74,37,12,85,92,73,113,82
7317,82,117,83,115,98,102,90,96,116,92,88,78,100,107,106,111,94,1,119,99,95,87
7318,102,88,79,110,98,112,85,101,107,87,83,81,70,76,111,78,58,109,108
7319,79,119,109,4,70,104,85,75,112,116,91,101,63,96,14,103,83,118,97,76,8,106,37
7320,110,86,90,118,107,108,99,111,75,106,73,112,83,77,85,102,104,29,96
7321,86,81,111,74,96,80,117,83,78,115,40,108,119,65,22,25,73
7322,78,101,86,91,112,70,94,118,85,98,108,2,103,113,104,115,73,9,4,96
7323,73,82,112,83,115,94,78,119,92,86,97,24,100,117,108,91,49,107,75,70,111,87,85,106,88
7324,113,99,106,111,91,79,78,87,90,116,112,85,88,105
7325,88,73,83,109,108,118,74,70,86,119,90,115,93,79,4,92,57,96,100,82,102
7326,98,77,78,70,87,80,85,101,17,30,49,92,104,99,109,75
7327,63,82,88,95,76,100,75,81,99,101,119,4,70,87,94,49,113,84,102,93,79,109,5,13
7328,91,88,74,73,101,90,106,86,116,110,80,21,115,108,25,76,119,99
7329,104,98,109,88,94,85,78,118,106,80,96,73,113,75,24,6,55,102,90,86,116,87,91,103,110,107
7330,90,98,91,94,99,104,100,81,106,101,110,107,70,117,82,28,118,109,78,119,97,93,75,116
7331,116,94,92,70,108,86,111,74,73,79,81,21,6,78,13,117,115,99,76
7332,107,98,115,82,95,91,75,73,96,111,100,80,108,106,102,87,77,21,11,109,63,83
7333,87,75,80,112,70,86,119,94,34,113,13,73
7334,116,78,75,80,109,119,86,111,2,73,108,74,92,54,91,106,117,76,104,82,43
7335,86,118,99,104,107,91,101,78,75,1,80,58,110,106,83,88,16,113,94,15,35,70,112,73
7336,87,119,102,92,108,101,94,115,117,85,106,62,70,73,23,79,63,75
7337,115,93,90,80,103,77,106,91,78,94,79,109,119,96,98,92,110,48,100,82,51,88,87,95,108
7338,115,78,113,99,83,104,95,70,1,79,106,94,116,117,77,112,90,80
7339,100,81,102,113,91,104,75,103,83,115,82,24,2,67,99,98,4,110,76,41,101,30,35,85,71,12
7340,92,80,78,96,91,116,79,98,111,108,4,73,106,105,101,90,26,110,99,22,75,115,118
7341,94,119,80,107,108,85,96,110,75,73,92,86,91,115,109,4,24,88,106,81,40,101,116
7342,114,86,115,76,107,111,88,106,109,113,14,18,80,112,110,70,78,94,117,83,108,99
7343,103,6,106,101,102,87,95,85,40,104,107,113,26,69,109,77,23,57,73,47,93
7344,113,107,73,108,90,76,117,83,96,20,9,81,86,112,85
7345,78,77,86,101,107,111,80,87,7,110,102,91,114,92,96,106,88,90,109,21,11,118,9
7346,102,98,74,78,79,117,99,81,111,83,118,92,119,96,77,103,15,110,30,75,88,80,14,86
7347,74,77,116,86,90,91,118,88,103,99,70,92,107,112,85,75,115,7,80,102,5,66,104,110
7348,74,83,79,94,112,103,85,111,99,117,87,101,76,2,95,96,3,119,90
7349,111,117,113,109,88,85,80,83,74,104,116,86,70,106,75,78,82,93,103,54,119,98,91,112
7350,92,94,107,76,91,75,95,85,117,81,79,116,118,113,70,96,63,80,110,103,23,106,39,83,115,87
7351,70,111,98,109,76,73,88,77,110,106,96,112,85,95,108,101,23,97,91,19,116,87
7352,29,117,77,106,80,92,86,101,103,70,115,97,94,5,112,116,107,79,118,56,40,109,76,113,110
7353,81,106,83,80,90,119,117,74,88,87,96,98,113,78,111,77,118,82,21,63,115,86
7354,96,119,99,112,87,86,79,105,78,81,75,90,107,118
7355,119,80,78,106,74,108,92,96,102,109,83,5,19,75,118,115,97,87
7356,101,106,109,75,81,110,107,92,80,70,76,74,116,113,32,11,119,24,103,43,79,90
7357,101,108,88,70,91,115,119,77,79,86,102,80,87,113,82,90,96,99,118,110,116,112,76,1
7358,92,79,24,85,107,75,81,87,91,49,112,115,2,96,116,104,23,102,117,26,99
7359,92,110,107,112,115,74,100,118,99,83,88,90,76,119,96,113,104
7360,76,107,79,73,109,116,108,102,103,94,118,111,95,74,119,86,110,98,106,88,78,83,75,112
7361,113,91,119,115,80,103,83,116,74,108,85,97,95,65,69,104,87,75,52,19,117
7362,96,107,115,80,104,86,76,85,106,108,102,8,74,112,78,72,87
7363,96,104,74,83,107,117,112,76,85,102,88,82,101,113,105,109,2,78,110,106,103,75,81,99
7364,87,112,111,91,86,113,99,75,107,27,94,51,3,36,45,79
7365,91,80,82,111,73,79,115,77,96,83,88,6,86,99,116,98,76,114,118,72,81
7366,109,78,104,80,91,98,74,101,87,77,5,96,75,16,118,83,88,24,106
7367,93,77,90,75,109,101,113,107,98,108,43,74,91,52,102,104,67,81,87
7368,74,110,104,101,87,117,115,113,88,86,76,116,90,96,119,75,109,46,70,108,111,107
7369,87,81,106,91,92,102,119,80,96,38,78,103,57,101,28,111,4,98,79
7370,116,79,108,110,94,81,76,102,113,78,74,35,80,22,86,73,117,32,115,96,70
7371,87,101,78,70,92,105,106,108,75,54,115,86,100,74,81,32,119,109,110,77,88
7372,87,111,86,99,113,80,118,112,73,90,2,106,88,20,108,96,74,117,59,78
7373,83,96,95,107,92,101,114,119,118,70,100,115,113,93,77,104,16,87,99,116,75,88
7374,96,99,75,94,86,117,107,118,88,109,106,81,76,87,113,33,116,100,115,65,91,103,20
7375,116,110,113,2,74,79,102,88,91,119,95,77,87,101,94,75,82,76,92,109,112,85,73,99
7376,106,88,102,99,85,87,101,107,108,83,96,115,116,75,24,80,76,117,103,81,35,113,65,78,93,118
7377,92,73,115,116,87,79,88,106,78,117,85,94,107,97,111,109,119,86,118,104,103,81,54,101,9,98
7378,70,99,98,110,104,87,111,119,90,108,74,106,78,101,94,66,117,91,67
7379,101,117,119,85,106,107,112,80,73,118,116,87,78,79,109,91,88
7380,101,94,78,90,96,108,107,91,81,102,113,80,103,83,119,111,88,86,59,70,10,82,4,87,57
7381,29,110,91,74,85,78,109,83,88,111,106,90,116,66,98,117,95,20,27,103,73,86,99,82
7382,111,98,4,96,78,86,87,106,117,85,88,104,54,110,75,69,44,79
7383,108,112,119,109,94,106,110,88,70,113,77,118,115,90,75,73,98,92,100,93,2,82,87,81,74,53,101,80,76
7384,77,110,90,98,117,74,102,101,116,104,111,96,93,85,91,107,78,59,113,28,22,108,66,88,97,75
7385,85,77,103,117,90,74,80,73,106,75,101,99,53,119,82,109
7386,70,92,90,75,110,80,88,74,96,98,111,73,102,91,24,112,109,99,45,82
7387,94,91,79,86,116,107,85,113,109,55,111,70,104,89,2,92,108,112
7388,101,86,85,87,74,111,104,96,118,98,73,107,100,102,108,88,3,57,2,14
7389,99,114,94,106,108,115,110,109,101,112,117,90,87,119,83,118,75,24,102,78,104,67,15,111,6,88,54,64
7390,81,86,88,100,118,92,90,74,117,73,106,19,112,94,101,102,107,67,12,104,40,2,34,109,116,79
7391,92,86,103,119,118,73,76,75,85,80,110,77,98,87,81,117,74,101,78,96,95,112,106,84,104,24
7392,98,76,81,103,101,107,78,105,91,102,86,70,79,119,111,73,109,75,80,29,118,117,77
7393,98,115,108,104,73,109,116,81,79,4,87,112,78,91,76,118,99,117,100,102,74,2,111,85
7394,78,98,117,118,110,112,101,104,106,20,111,92,79,76,80,115,113,107,1,116,29,70,2,99,96
7395,118,101,90,99,96,85,115,103,102,113,75,108,73,94,95,86,109,78,110,58,66
7396,94,112,115,79,118,38,77,80,66,6,87,92,93,75,113,107,88,90,81,103,83
7397,96,111,91,75,119,101,85,86,76,94,98,102,108,106,73,118,74,70,58,82
7398,96,113,116,95,101,78,91,92,74,109,117,104,93,80,82,87,27,31,5,75,77,43,115,99
7399,76,98,107,10,24,46,88,77,94,114,86,4,115,78,35,99,73,87,108,81,119
7400,102,100,119,99,104,70,116,23,88,98,77,22,71,106,80,86,108,4,90,1,87,83,74
7401,74,29,113,118,70,96,101,112,110,98,103,91,107,104,108,41,88,90,87,82,94,84,85,116
7402,118,107,115,88,111,83,108,109,112,2,87,102,81,85,49,86,96,97,29,23
7403,78,74,87,116,64,85,98,2,76,110,71,77,69,108,32,90,106,46,105,4,96,101
7404,87,115,111,76,112,74,104,79,102,90,91,110,96,93,73,63,86,70,106,118,45,82
7405,98,85,116,99,83,101,91,75,106,111,80,79,110,109,65,76,115,107,74,43,92,73
7406,70,94,88,91,80,81,95,90,102,86,117,101,60,5,119,35,99,111,85,3,47,27
7407,106,109,14,99,80,112,110,73,2,85,90,76,89,15,93,1,107,116,88,77
7408,90,116,78,79,88,94,112,85,108,76,36,101,103,73,80,111,97,115
7409,108,78,86,77,110,90,96,76,88,107,81,75,89,24,80,93,59,1,111,101,112,79,33,85
7410,85,91,74,92,87,118,70,83,106,86,99,111,119,112,116,113,2,23,101,94,15,102,88,107
7411,116,81,76,80,110,96,102,119,113,98,83,115,75,111,82,86,104,97,99,87,38
7412,102,98,115,116,73,74,79,76,80,83,109,4,94,117,91,87,75,18,13,42,22,97,56,112,21,63,23,106
7413,78,73,99,92,91,87,86,94,103,70,112,1,57,77,90,79,118,28,96,104,119,75
7414,112,70,96,108,85,74,103,77,113,109,116,86,78,80,83,81,87,98,82,94,2,79,31,102
7415,106,88,90,116,94,99,113,110,112,103,92,62,80,107,73,31,42,108,83,109,33,78
7416,55,106,119,91,111,110,102,78,98,99,107,53,86,73,96,4,118,117
7417,115,76,90,106,91,80,95,79,86,4,99,116,92,85,15,82,43,49,66,101,42,73
7418,113,107,110,95,29,86,92,78,94,85,81,115,74,104,118,23,93,96,83,88,68,109,119
7419,117,106,88,119,113,87,94,109,80,115,2,76,48,82,77,118,52,99,103,83,108,81,79,86
7420,94,73,85,110,77,87,96,108,75,76,113,74,81,88,109,100,12,102,97,80,91,83,66
7421,90,85,73,96,118,97,95,115,109,91,101,46,117,81,108,56,87,119
7422,92,73,115,95,88,110,117,104,100,90,101,85,102,5,87,93,83,86,39,118,111,119,97,116,24
7423,106,80,115,118,79,85,75,108,76,81,74,117,100,113,87,78,55
7424,75,106,96,79,73,111,80,90,74,99,117,24,43,91,81,119,15,63
7425,111,88,115,86,75,76,80,99,78,90,83,77,55,100,95,44,109,108,116,112
7426,86,76,116,91,94,83,107,109,73,4,70,75,110,74,82,68,81,20,115,79
7427,117,109,96,82,74,102,94,97,112,80,70,91,87,101,64,111,76,20,29,115,61,92,103,107,118
7428,111,93,76,102,86,75,106,94,4,83,103,19,79,21,107,82,91,110,97,117,18,7,101,43,1,73
7429,118,80,88,85,96,29,86,101,95,111,66,68,90,77,73
7430,90,80,73,103,110,96,95,106,109,98,94,115,91,116,87,49,113,99,65,5,74
7431,117,75,94,108,78,107,81,91,4,79,36,11,99,109,22,86,88,84,104
7432,5,94,115,103,86,101,99,118,96,95,87,70,112,76,106,109,81,117,88,107,10,82,119
7433,70,94,97,92,29,112,111,78,119,95,115,76,116,73,86,109,87,6,75,113
7434,107,109,118,88,96,101,76,70,95,86,113,80,119,114,78,12,21,17,87,102,77,106,72,61,90
7435,83,102,79,87,70,78,76,108,74,117,77,114,119,118,95,113,90,99,98,103,109,75
7436,73,108,75,74,94,116,81,54,98,24,113,109,77,91,96,118,115,101,105,13,85,100,78,93,87
7437,80,77,101,106,112,103,95,73,98,111,117,74,9,94,90,70,23,116,110,10
7438,113,85,88,78,106,98,108,79,107,87,83,82,114,96,37,70,76,77,75,117
7439,74,90,78,101,73,87,96,86,76,36,61,65,99,103,94,112
7440,109,78,106,110,118,117,85,77,73,104,95,76,116,108,93,98,20,52,88,107,43,80,94,82
7441,90,78,83,86,108,85,80,74,103,107,73,109,94,98,79,29,106,36,77,117,87,26,92
7442,103,102,77,87,118,101,85,88,79,92,108,104,119,113,116,99,94,82,89,42,112,74
7443,29,73,79,70,119,86,116,74,104,88,110,87,77,98,52,32,112,22
7444,99,78,85,76,90,74,106,101,75,112,104,111,108,91,96,94,83,86,119,102,81,58,103,2,69,80
7445,117,77,79,92,86,102,83,78,98,85,73,103,90,100,24,46,106,81,97,49,80,115,112,96,29,41,95,113
7446,110,112,70,73,109,84,108,28,81,87,116,85,88,90
7447,73,91,116,98,94,101,1,109,46,75,112,83,85,118,81,82
7448,116,74,77,106,112,73,109,95,59,75,80,91,32,92,94
7449,79,88,114,83,73,113,99,118,102,97,116,66,108,92,39,112,94,71,86,70,106,78
7450,76,73,115,94,96,117,85,2,70,103,64,46,102,57,5,116,67,3,1,99,113,98
7451,110,76,99,85,82,116,78,103,74,101,115,88,87,106,118,83,29,113,26,90,107
7452,109,70,85,73,79,106,111,74,101,118,110,78,100,116,115,119
7453,76,81,119,97,90,79,118,80,85,98,70,87,116,101,111,83,86,53
7454,102,80,100,111,78,110,119,113,79,118,2,48,116,93,94,97,104,38,40,90,98,23,4
7455,91,92,76,87,81,85,94,111,54,78,36,57,77,98,83,119,2,99,109,75,113,110
7456,87,119,85,103,74,107,104,115,77,97,118,82,64,80,96,2,78,99,18,43,112,116,46,113
7457,81,80,94,76,74,101,104,103,78,17,113,87,83,109,23,110,106
7458,80,90,111,106,99,113,112,108,70,102,101,85,96,69,29,118,5,65,58,48
7459,110,76,75,119,82,99,115,78,117,116,86,101,73,111,81,106,80,94,92,83,70,109,97,113
7460,108,94,91,86,115,116,106,78,73,74,103,117,97,119,113,56,43,88,92,16,26,107,70,24,104
7461,96,87,99,79,112,119,82,106,90,107,75,118,104,113,73,110,88,92,117,103,26,77,7,74,48,66,70,102
7462,103,79,111,80,88,74,24,81,113,36,44,54,90,100,78,1,116,112,77
7463,91,80,76,117,68,70,74,115,79,23,116,113,111,108,2,21
7464,107,101,86,119,79,99,113,117,92,88,93,77,70,87,115,78,2,81,7,29
7465,117,102,115,106,118,112,92,75,85,110,111,73,2,24,88,80,100,78,28,105,104,119,99,97,83,4
7466,112,93,103,111,77,94,106,107,102,83,108,98,96,119,110,114,24,86,75,73
7467,76,109,103,83,110,115,91,99,82,81,105,111,92,79,94,30,52,20,75,50,18,88
7468,99,91,106,101,110,108,88,107,118,87,98,35,90,76,75,38,116,112,109,83
7469,109,93,80,98,113,86,70,118,75,119,74,106,100,43,91,116,77,81,2,97,24,87,3,18,92,23,115
7470,117,81,76,108,87,109,94,115,79,90,96,78,113,118,103,101,80,119,111,77,25,27,13,73,102,106,116,99,98
7471,78,80,77,106,79,87,118,91,75,110,109,92,111,90,82,115,94,69,22,96,104,71
7472,109,103,92,111,98,110,80,113,87,96,79,70,63,86,91,94,117,88,78,74,33,115,38,101
7473,85,111,74,109,95,101,83,87,117,88,118,99,107,54,79,57,94,102,2,28,105,19,76,80,4,106
7474,90,99,74,85,91,106,103,102,87,75,95,116,118,80,119,78,79,70
7475,87,88,90,77,73,79,102,85,96,110,108,82,104,86,119,26,101,83,74
7476,111,91,117,85,106,92,90,54,78,87,74,113,101,94,99,7,88,81
7477,96,113,91,74,87,75,108,116,106,77,21,73,112,104,82,94,110,107,88,47,109
7478,90,85,111,112,109,98,107,86,92,74,116,115,62,30,94,71,9
7479,94,106,109,91,73,116,87,95,98,119,118,79,108,110,99,75,111,102,78,55,112,117,46,115,90,76,104,96
7480,118,94,116,115,88,98,104,75,85,80,2,76,108,97,54,77,86,112,96,93,72,50,91,103
7481,102,118,111,106,104,80,87,77,112,86,73,110,107,54,10,116,24,92
7482,85,70,95,104,79,111,78,98,119,4,106,107,83,99,73,87,77,91,94,23,113,109
7483,79,74,109,110,99,116,112,83,107,111,88,26,91,113,15,103,119,75
7484,78,96,108,113,102,90,73,111,99,101,82,112,118,30,106,114
7485,118,73,112,104,106,79,90,111,107,91,119,102,76,94,87,74,115,103,13,117,101,81,80,6,97,108
7486,110,87,111,116,90,81,92,94,91,97,106,80,118,73,102,70,100,74,115
7487,80,109,118,94,72,77,87,73,79,101,99,56,88,111,61,116
7488,92,96,108,80,106,76,117,101,98,74,91,29,59,5,25,115,81,79,86
7489,80,111,107,101,110,91,83,2,74,119,117,87,113,115,23,108,53,82,76
7490,85,112,96,80,77,101,78,98,73,53,115,110,90,118,86,67,103
7491,119,96,115,93,2,74,113,90,109,87,106,107,86,101,94,88,75,108,112,102,61
7492,88,107,110,98,83,82,99,24,111,96,86,117,87,73,103,119,60,100,115
7493,113,117,80,110,73,106,76,79,109,119,94,104,90,49,87,88,118,6,57,74
7494,77,104,81,113,98,73,92,109,70,102,112,91,111,78,117,103,118,4,115,96,107,2,97
7495,96,29,83,86,79,91,101,78,70,98,85,87,18,106,112,44,74
7496,81,96,117,76,80,75,119,79,99,103,78,112,104,88,106,73,91,109,87,101,116,86,36,115,89,48,3,93,74
7497,113,75,103,104,91,102,81,95,79,93,58,98,112,76,111,115,96,109,78,43,83,107
7498,104,108,107,70,106,90,99,86,76,119,110,6,34,91,112,19,116
7499,98,103,83,112,99,119,118,101,92,79,90,104,91,96,94,80,87,75,116,109
7500,77,98,99,81,86,103,70,115,79,94,87,110,104,88,2,100,76,105,91,106,85,112,68,101
7501,78,75,101,83,76,70,117,119,106,79,73,82,105,115,96,98,77,80,81,88
7502,116,74,86,119,82,77,91,83,112,101,118,88,108,113,81,115,2,87,93,78,62,111,117,110,60,94,107
7503,79,91,106,86,81,73,78,104,117,77,94,75,85,2,101,103,90,116,98,96,119
7504,90,103,102,118,79,76,111,106,74,82,85,104,110,88,91,1,71,101,109,116,86,95,78
7505,103,107,115,74,88,98,111,96,83,119,117,76,78,85,113,100,86,104,44,101
7506,85,95,90,103,115,106,83,119,75,88,118,102,112,99,92,87,24,98,5,82,26,104,86,52,31,70,96
7507,98,91,92,67,90,115,95,99,103,102,74,109,68,84,83,45,112,106,76,12,108,85
7508,99,101,116,83,86,108,73,103,78,96,110,94,111,90,113,77,21
7509,101,70,96,111,80,110,115,106,26,91,104,79,6,9,2,94,95,102,108,119
7510,117,100,98,111,119,103,102,88,74,77,108,101,26,83,107,94,70,90,109,81,44,55
7511,93,90,109,87,77,107,80,73,119,105,95,102,113,92,7,91,99,20,101,35,111,86,116
7512,103,119,81,112,74,106,94,76,85,113,88,93,98,86,80,105,33,1,63,77,118,109,117
7513,108,119,90,113,75,102,79,94,106,83,44,87,73,74,117,88,76,39,110
7514,109,73,92,82,117,87,81,86,76,112,70,103,4,104,88,93,106,77,113,107,95,111,2,42,52,13,91,98,119,116
7515,110,75,112,5,119,106,90,108,103,2,116,118,78,51,88,98,77,19,74,32,115,87
7516,115,98,111,90,86,112,106,70,94,109,110,78,85,47
7517,113,81,98,87,54,86,70,83,117,105,108,75,79,93,91,88,104,80,110,29,109,32
7518,94,109,98,102,115,86,83,85,113,118,112,107,99,24,116,81,4,108,66,90,13,74
7519,98,101,73,83,108,118,79,78,99,111,70,82,110,113,81,100,103,26,56,106,93,88,39,54
7520,115,113,80,92,96,99,88,94,70,73,72,117,85,86,112,104,110,107,21,116,101
7521,73,112,94,88,119,99,118,65,80,70,77,96,117,90,109,74,102,101
7522,78,111,118,91,90,27,101,80,96,92,115,119,83,77,75,102,104
7523,79,118,70,111,74,113,73,110,75,99,94,83,30,76,24,103,101,91,21,86,47,102,116
7524,119,99,112,78,113,74,108,118,41,5,17,22,73,102,77,111
7525,80,91,92,112,111,96,115,83,109,94,119,103,98,77,100,106,54,74,56,117,34,113,118,46,11,2,40,63,102
7526,79,80,73,82,104,103,108,116,74,102,91,88,76,87,58,50,85,94,43,117,90,20
7527,78,116,90,94,109,77,107,83,92,108,95,81,98,75,112,88,119,11,29,101,76,97
7528,77,110,70,111,82,90,103,83,118,91,75,113,55,100,117,73,79,86,10,101,92,81,102,29
7529,83,75,115,91,110,96,111,73,78,116,99,95,90,109,82,113,80,97,107,70,100,43,104
7530,87,99,80,103,83,104,96,75,78,36,64,94,110,77,101,106,108,102,23
7531,81,78,85,77,70,79,103,94,80,99,88,115,97,73,102,75,117,106,68,104,119
7532,102,107,81,101,118,112,109,94,77,74,110,115,111,86,1,87,76,82,98,93,116,103,99
7533,112,115,70,109,88,78,82,104,118,113,117,91,76,99,107,103,100,74,83,90,108
7534,97,117,90,79,82,85,74,107,116,76,78,111,84,98,83,118,92,95,91,73,109,27,113
7535,112,115,88,93,103,70,86,91,74,73,99,110,96,77,109,92,113,51,116,118,63,117
7536,90,81,70,99,96,110,75,103,86,93,76,77,91,73,111,104,7,13,6,9,8,95
7537,110,36,81,117,85,106,115,4,90,83,101,69,103,88,79,75,109,86,21,32,111,94,8,91,107
7538,100,92,83,118,106,103,74,108,70,116,65,104,109,80,86,66,73,91
7539,110,94,109,117,79,98,83,70,58,99,87,91,111,118,90,74,73
7540,24,81,91,87,88,92,75,107,97,106,117,80,86,63,115,83,95,118,78,84,21,101,102,113,99,20,22,76
7541,92,106,109,88,78,81,73,108,86,70,82,98,4,104,118,71,79,91,96,9,100,116,119
7542,95,118,85,108,101,80,104,83,117,113,40,76,74,98,55,100,75,102,35,119,109
7543,115,108,78,109,106,101,119,112,98,4,3,116,96,45,85,99,14,76,80,113
7544,75,116,111,81,98,78,112,110,76,101,99,35,30,108,86,84,113,95,104,87,74,94,105,103
7545,76,93,108,111,95,77,99,112,107,85,97,83,90,32,113,94,119,86,75,73,74,67,30
7546,117,80,81,98,70,94,78,73,88,112,115,54,116,108,85,74,109,95,119,86,79
7547,116,96,24,117,76,118,90,86,73,2,103,100,78,13,112,110,85,98,36,46,83,108,19
7548,109,112,113,96,75,98,80,74,94,119,90,83,104,103,115,117,100,64,87,81,91
7549,114,93,117,83,80,96,95,75,90,2,79,4,97,92,70,119,1,23,6,12,94,113,104,88,78,9,111,76,115
7550,70,75,88,108,78,95,96,90,99,61,81,43,117,39,83,98,73,107
7551,90,98,81,109,107,91,73,106,99,94,86,93,108,88,85,76,102,77,60,24,117,61,92,41,110,44,28
7552,78,81,104,100,2,111,88,75,85,108,103,82,91,19,15,70,87,119,30,94,102,80
7553,77,99,86,102,83,79,74,116,115,88,95,111,87,85,82,91,117,70,106,18,23,75,81,11,112,96,24
7554,77,94,80,103,110,117,119,118,75,82,113,102,74,24,107,21,73,76,111,108,1
7555,102,96,113,112,76,82,90,75,114,100,87,2,115,119,5,83,6,10,101,84,91,78,7,74,111
7556,70,106,82,80,116,91,83,112,79,119,109,77,88,78,87,117,73,92,115,96,108,118,102,75,101,94
7557,88,79,73,104,116,74,83,75,70,96,82,90,101,112,107,77,24,103,98,87,119,91,110
7558,73,80,118,81,107,74,82,79,103,75,119,65,88,70,77,110,78,104,25,116,113
7559,85,98,99,101,73,102,76,109,119,70,91,87,86,111,35,112,118,107,103,92,71,65
7560,108,86,111,117,99,70,104,85,74,116,115,80,75,112,78,106,101,102,88,92
7561,111,79,74,80,109,95,78,86,117,42,106,70,13,5,116,85,29,24,7,76
7562,102,90,75,107,80,83,91,103,86,87,104,15,112,113,44,88,116,81,67,108,111
7563,110,75,118,80,104,85,90,74,108,91,117,106,115,78,96,79,70,101,88,2
7564,93,77,119,75,106,108,107,83,90,117,110,100,74,82,57,81,7,15,95,102,98,63,19,58,84,91,62,87,104
7565,57,83,110,76,80,90,85,74,99,111,108,112,116,86,19,98,109,49,29,70,73,101,77
7566,104,74,109,116,86,79,110,94,106,57,19,101,83,77,105,90,73,107,108,118
7567,74,106,112,108,79,116,99,107,87,98,104,110,109,117,31,62,46,70
7568,87,106,86,99,74,77,98,90,112,76,94,115,73,113,83,70,23,111,5,7,79,78,116
7569,88,99,106,73,87,70,96,74,81,90,103,109,83,65,107,78,86,75,30,116,82,113
7570,76,75,117,74,77,111,104,91,118,80,81,83,70,106,24,79,92,96,85,101,57,13,115,110,43,114
7571,96,75,85,103,76,78,77,117,119,116,90,87,99,95,83,86,106,110,31,104,80,98,112,30,42,73
7572,106,77,113,111,90,87,117,110,83,79,112,100,73,94,92,52,118,9,88,43,75,116,55,103
7573,114,98,119,70,109,74,80,102,73,86,103,24,2,5,77,104,118,83,87,38,30,92,67,110,22,96
7574,106,112,75,85,99,107,111,2,109,80,94,86,90,88,70,104,83,81
7575,73,76,111,116,96,80,77,110,50,107,98,82,85,104,119,103,117,87,99,12,94,70,67,92,83,106,118,105
7576,85,118,95,114,73,115,75,113,117,106,98,112,88,40,90,102,84,78,80,20,109,110,108,116,99
7577,92,80,119,118,74,77,110,99,117,75,106,10,76,43,90,13,32,107,112,78,95
7578,109,118,106,103,108,76,70,112,80,81,53,83,91,43,3,19,87,101
7579,117,111,104,76,118,85,74,113,108,90,83,95,103,91,63,2,86
7580,87,85,98,110,44,108,117,88,116,104,115,74,112,34,57
7581,83,117,115,73,107,101,112,85,106,90,103,76,98,96,88,86,74,79
7582,93,117,119,115,76,85,73,82,96,98,91,80,94,118,92,78,34,72,104,107,81,99,23,95,74,36,111,97,77
7583,101,86,83,75,106,108,111,88,107,116,109,113,119,91,118,70,94,117,115
7584,78,90,110,96,76,74,24,87,112,95,119,109,118,91,32,85,88,79,104
7585,85,74,110,87,106,116,75,117,103,94,99,108,118,113,107,72,64
7586,81,96,115,70,87,79,113,83,28,75,48,74,112,78,102,15,82
7587,101,78,79,108,70,73,111,75,99,86,106,65,53
7588,90,91,74,80,81,104,70,92,78,77,106,118,85,108,87,107,12,115,79,49,19,119,25
7589,57,108,88,110,116,119,90,115,107,112,104,94,79,96,11,63,118,109,106,53,86,10,99
7590,57,102,83,119,87,117,81,82,111,109,71,74,104,77,36,112,75,92,54,93,88,115,99,76
7591,110,90,88,117,77,104,98,76,103,106,97,109,75,101,74,118,50,73,105,70,86,64,116
7592,92,85,101,107,94,117,113,108,102,78,112,1,86,115,74,11,111,44,20,87,96
7593,111,79,91,94,104,96,112,88,81,82,107,75,102,30,77,87,114,86,70,110,95,92
7594,79,119,88,96,85,82,87,103,108,113,100,117,101,74,94,83,10,111,59,86,21,64,75
7595,73,76,88,70,103,107,91,118,111,74,86,94,101,6,98,80,75,104
7596,78,87,118,116,79,82,86,90,77,106,93,107,76,1,80,112,102,5,70,26,11,74,17,75,115
7597,85,76,77,104,103,94,83,90,101,80,99,86,75,79,111,91,88,78,116,92,95,18,96,2,108
7598,86,95,73,74,111,87,97,112,77,94,101,78,53,105,6,106,113,103
7599,104,75,112,117,59,108,85,119,79,87,96,102,88,4,111
7600,97,75,85,110,113,82,112,74,118,111,83,86,71,117,23,72,102,76,116,2,24,73,87
7601,111,119,101,112,108,74,107,94,102,80,75,106,118,32,114,70,73,76,85,110
7602,88,78,75,87,118,76,96,82,79,94,104,115,102,3,30
7603,85,107,95,82,86,112,80,79,88,116,90,76,78,101,111,63
7604,98,115,78,91,81,73,80,77,95,75,101,85,74,4,90,58,117,53,51,107,48,10,8,110,87,109,108
7605,107,106,98,101,79,103,74,78,83,81,2,87,19,90,115,86,73,118,92,95,54,112,68,94,96
7606,78,86,99,80,74,106,90,94,104,85,96,77,79,97,103,75,76,83,119,40,87
7607,99,111,88,70,98,116,23,73,77,112,109,115,107,113,101,2,76
7608,93,86,76,99,77,96,94,81,91,83,79,116,118,9,108,88,85,102,117,80,104,39,75,36
7609,94,85,106,79,83,82,75,2,91,113,108,88,114,37,117,43,41,32,92,119,17,116
7610,113,104,98,96,95,102,90,70,105,88,116,117,83,80,108,112,94,109,110,30,91,76,87
7611,108,91,103,106,92,75,74,101,86,7,87,113,88,114,94,22,78,53
7612,91,13,70,94,74,80,108,110,102,88,75,90,87,112,104,77,96,106,115,29,19,73,111,78,54,42,117
7613,83,115,113,90,82,118,94,86,104,98,74,117,27,106,54,102,77
7614,75,99,90,101,73,86,96,77,106,2,83,107,111,80,79,88,38,94,92,102,13,109,6,67
7615,80,112,78,74,115,105,99,87,117,113,95,57,96,76,75,64,86
7616,63,112,76,103,106,79,116,109,78,98,75,73,117,66,85,1,96,88,54,102,110,99,28
7617,116,43,98,88,80,115,75,79,119,90,112,99,4,118,74,107,95,77,110,111,16,59,68,44,86,96,78,101
7618,110,106,76,73,112,83,100,90,113,103,117,94,118,77,81,80,119,93,74,85,92,12,79
7619,82,102,112,118,107,70,109,96,99,87,100,75,116,111,83,76,117,77,90,91,98,93,74,85
7620,109,98,106,100,77,116,83,93,101,115,119,87,88,76,72,96,92,24,110,64,55,103,22,102
7621,96,101,119,98,87,94,81,109,108,90,79,38,113,106,82,78,83,112,89,86,53,92,107,115,88
7622,116,113,111,101,98,82,77,94,102,90,85,76,96,70,54,110,64,104,83,3,1,106,5
7623,118,70,90,85,106,80,26,77,88,110,78,119,109,5,75,73,82,23,74,107,94
7624,78,111,79,86,99,87,119,98,106,101,80,73,118,113,16
7625,80,87,108,73,99,92,91,111,98,79,2,113,94,7,83,115,75,59,101,86,112,61,19,67
7626,78,115,112,88,104,83,110,119,86,111,82,100,94,116,73,74,108,118,102,77,103,21,113,39,61,105
7627,77,109,106,90,83,113,91,78,112,66,108,111,70,73,104,101,107,76,54,116,74
7628,75,106,108,118,86,98,96,109,117,78,52,110,15,20,113,112,111,95,83,85
7629,106,79,99,63,77,78,95,20,94,87,110,108,119,97,15,82,86,100,98,27,109,14,65,90
7630,57,86,102,95,90,116,111,43,78,107,48,115,92,76,101,4,113,33,119,112,99
7631,107,86,73,98,83,70,113,117,106,54,101,112,85,119,109,67,91,52,76
7632,83,111,79,112,98,78,70,117,102,91,119,87,110,99,75,76,96,106,108,86,1,80,115,73
7633,111,92,109,73,101,77,81,22,98,102,117,86,94,91,115,76
7634,111,83,70,96,108,90,73,100,76,115,81,91,80,94,15,27,8,87,43,48,109,103
7635,83,94,70,112,107,96,100,80,82,108,117,113,85,4,23,86,75,72,2,6
7636,107,94,80,83,117,31,76,73,99,110,112,95,87,2,90,111,82,114,88,77,79
7637,111,83,110,85,81,113,96,117,115,119,76,86,118,2,88,78,36,70,82,10,95
7638,85,91,83,103,82,97,77,101,102,78,86,27,73,113,114,93,2,111,50,79,94,76,96
7639,90,88,107,92,80,119,91,87,109,110,95,104,79,69,23,73,86,11,55,96
7640,81,61,80,86,79,107,106,98,82,116,99,104,112,88,73,111,76,78,90,31,110,83,52,115
7641,78,90,109,79,80,75,91,70,98,83,99,111,88,95,113,86,85,108,117,115,19,33,104,92
7642,109,74,81,73,113,76,24,70,85,98,116,77,42,89,112,96,95,102
7643,91,4,101,110,87,95,102,36,116,96,118,57,74,117,94,97,107
7644,83,111,96,73,74,75,91,116,115,107,76,85,70,82,113,90,118,36,109,97,4,7,28
7645,117,91,103,99,102,104,78,77,2,110,73,85,16,76,70,7,111,96,118,4,83
7646,57,74,94,70,111,99,119,91,90,75,113,103,101,102,104,115,109,69,30,88,98,118,116,107,78
7647,91,77,103,110,73,83,112,113,107,85,96,57,89,80,93,87,82,99,28,117,115,109,86
7648,118,113,111,108,94,88,87,112,96,104,76,93,106,80,116,115,86,6,43,119,52,117,73,79
7649,94,90,88,119,76,110,103,75,108,74,106,83,118,109,111,87,78,6,116
7650,115,116,101,74,107,87,94,78,82,73,70,106,71,109,77,83,90,75,117,99,28,112,108,91,119
7651,112,85,91,70,108,101,90,2,92,111,86,104,69,78,66,3,80,6
7652,119,86,91,116,112,104,76,108,80,24,115,102,92,4,94,75,26,103,77,111,87,106,101,74,88,55,73,99
7653,116,78,83,73,108,77,115,79,103,112,113,12,5,98,106,90,70,82,89,99,110,91
7654,74,109,99,119,91,87,78,111,90,112,118,108,94,113,88,76,97,77,4,98,101
7655,73,75,78,95,54,20,100,1,26,7,6,99,109,110,41,79,102,96,53,65,117,111,98,2,21,87
7656,110,119,113,109,81,4,111,103,83,87,107,75,50,99,98,91,78,13,94,28,118,77,10,108,90,79,88
7657,74,79,103,101,70,87,98,116,119,107,73,80,7,5,20,110,109,86,94,113,115,99,83,108,78,106
7658,99,96,111,85,119,80,87,109,91,86,78,73,71,98,88,45,94
7659,101,118,86,110,80,107,74,87,109,102,70,73,106,24,96,111,91,116,112,97,104,115
7660,104,115,118,80,83,96,86,103,40,54,98,112,74,113,15
7661,93,76,86,75,79,106,73,98,90,116,85,2,22,23,88,112,19,101,103,99,96,108,107
7662,81,119,74,73,101,94,75,86,80,85,98,93,109,115,106,66,11,96,24,2,63,56
7663,78,76,98,116,83,105,86,7,1,115,81,82,106,5,110,91,87,96,63,79
7664,92,82,99,78,83,88,85,87,90,113,7,91,39,79,86,109,102,95,75,112,24,116,70
7665,111,74,102,85,88,103,76,107,90,119,117,87,114,91,80,112,63,99,106,113
7666,74,91,86,93,108,88,95,90,110,109,75,99,76,96,115,80,103,89,2,106,64,1,83
7667,80,106,94,112,118,116,108,81,98,74,7,90,119,77,70,91
7668,82,75,79,99,104,83,118,85,86,109,113,88,107,110,111,21,108,80,92,1,106,78,101,105,5
7669,79,116,87,117,110,74,118,92,82,94,85,75,98,103,78,24,73,23,99,70
7670,88,75,101,98,110,116,115,94,86,77,112,85,78,80,96,79,107,61,89,69,90,119
7671,118,91,77,117,108,90,112,73,111,88,95,87,107,72,81,82,97,66,119,7,113
7672,119,101,85,117,76,96,115,88,81,92,110,25,6,35,10,87,108,94,75,24,61,83
7673,85,76,113,106,96,115,116,78,83,108,74,81,88,91,92,111,45,93,90,109
7674,29,99,73,80,108,76,83,103,119,109,79,70,77,101,48,116,98,117,94,15,97,88,75,92,93
7675,73,90,80,109,112,115,81,107,96,93,101,86,77,102,106,104,7,75,117,103,119,24
7676,115,106,76,111,110,70,73,119,104,78,94,83,118,72,2,113,50,46,75
7677,79,112,101,76,110,83,78,99,22,109,90,115,117,106,87,30,91,98
7678,70,73,101,82,118,86,94,102,98,93,104,74,95,106,85,96,81,100,119,77,90
7679,92,113,70,98,79,117,63,96,76,119,118,77,26,4,80,95,116,93,75,83,50,112,101,54,81,106,108
7680,101,111,91,4,88,79,118,86,109,69,70,119,73,74,89,98,116,2
7681,100,102,119,103,74,113,115,96,108,73,88,112,82,70,94,78,57,95,4,86,76,66,93
7682,78,95,61,118,106,76,87,107,5,115,2,93,23,111,116,94,103,108,75,83,113,70,79,66
7683,109,73,92,98,101,91,113,104,119,85,117,90,80,88,79,99,87,86,81,115,96,2
7684,96,99,98,111,76,77,28,85,92,113,112,30,101,10,83,49
7685,75,87,80,119,111,110,83,109,76,118,106,116,107,88,32,101,96,21,37,70,54
7686,116,24,111,109,75,73,78,74,90,92,98,118,96,112,106,76
7687,85,104,44,98,83,76,102,113,93,74,6,87,79,114,118,40,81,107,15,115,95,119,24
7688,93,117,88,86,80,118,110,82,73,119,103,70,109,108,85,96,75,107,87,41,99,91
7689,77,117,109,70,112,87,104,99,111,78,101,75,118,3,115,102,79
7690,101,75,83,77,73,76,92,116,119,99,17,79,7,98,10,91,70,106,80,74,112,45,103,118
7691,81,83,115,98,74,96,106,70,111,76,88,108,109,94,99,102,73,103,119,117,91,101
7692,111,91,75,108,85,86,117,87,109,92,98,80,106,115,118,4,110,94,84,79,102
7693,80,96,75,111,90,117,106,41,118,113,85,112,61,116,108,81,115,107,42,94,83,101
7694,103,74,78,116,76,73,115,99,86,100,104,91,101,111,44,119,90,112,62,38,117,92,41,80
7695,87,94,82,90,101,104,76,24,116,110,93,83,100,15
7696,115,106,111,94,91,108,77,119,98,103,102,116,78,107,113,60,104,96,85
7697,79,94,101,98,110,113,73,87,88,109,99,112,96,91,111,18,104,23,70,103,105,90
7698,57,117,88,76,91,92,70,77,74,94,113,102,103,31,8,86,79,96,93,75,111,119,114
7699,80,88,113,86,119,115,78,77,107,85,90,101,75,104,79,109,18,60,117,92
7700,99,74,109,86,91,118,108,75,111,73,79,98,90,104,77,87,85,44,37
7701,96,101,70,112,116,75,91,82,110,85,78,94,79,80,73,11,74,104,81
7702,111,110,103,76,43,29,116,112,106,87,79,77,1,35,94,117,56,93,2,66,21,80
7703,74,116,80,107,106,103,110,78,86,85,91,87,88,53,40,82,98,66,101
7704,99,80,77,104,83,74,110,106,101,81,109,76,62,88,73,41,92,90,97,85,79
7705,110,117,76,102,107,100,78,75,115,90,91,108,116,95,99,81,92,35,44,79,113,54,109,119,106,87,96
7706,107,92,90,94,98,115,80,91,111,108,78,85,119,112,81,73,82,106,102,100,65,88,74
7707,118,112,43,70,107,90,73,80,83,109,79,61,111,106,32,6,77,88,87,113,28,75
7708,108,88,86,75,78,73,110,77,76,102,80,117,98,87,119,116,111,104,30,96,26,2,42,90
7709,74,70,113,78,92,107,119,98,96,85,117,114,19,83,77,88,82,115,118,38
7710,104,94,83,80,99,90,75,82,109,112,119,70,81,78,100,96,107,62,73,24
7711,103,92,90,77,70,94,79,117,75,114,104,105,111,81,24,107,5,78,12,118
7712,103,109,115,86,83,4,117,112,92,108,91,106,85,39,13,76,17,80,99,118,47,87,45,5,95
7713,112,104,98,108,113,73,83,92,115,88,80,66,85,70,75,45,95,41,91,109,87,94,2
7714,76,73,75,74,110,82,92,116,102,115,96,117,41,72,99,78,94,100,36,90,77,108,85,83,81
7715,109,80,118,111,94,85,83,96,116,88,81,74,112,102,119,115,101,87,103
7716,116,112,118,80,96,94,95,102,113,117,74,90,77,88,99,119,108,104,76,13,36,81,46,91,79
7717,113,118,76,85,108,83,86,110,101,103,119,112,75,74,82,70,91,88,54,80,111,72,114,77,102,93,3,78,117
7718,99,115,73,78,75,79,110,74,70,80,103,88,98,94,59,108,32,116,77,85,1,35,104,86
7719,74,94,77,101,99,88,98,119,91,75,70,19,84,80,4,85,7,117,49,57,82,95
7720,112,118,86,75,74,98,85,107,4,78,96,106,119,90,108,111,105,27,101,88,99
7721,119,102,111,83,116,94,117,76,87,79,88,85,104,118,90,70,81,100,74,46,13,73,2,115,92
7722,91,106,75,118,80,116,94,29,76,87,83,92,119,43,40,101,111,89,100
7723,52,113,101,83,99,94,75,85,103,117,73,70,79,86,115,102,96,98,80,90,20,77
7724,86,75,98,108,110,88,76,83,109,78,101,94,96,104,73,22,85,15,97,33,113,8,10
7725,94,83,96,81,73,111,86,82,112,115,101,24,76,90,108,116,98,119,78,80,68,37,11,100,33,103,22,41
7726,80,115,104,109,76,102,99,106,75,103,90,72,118,116,40,113,101,94,110,59,98,95
7727,79,87,81,109,107,98,104,116,103,108,90,91,110,111,61,118,113,85,80,76
7728,29,118,98,88,96,117,99,75,90,74,116,86,87,104,95,59,62,107,119,103,113,6,112,52
7729,79,104,107,83,96,75,90,111,103,2,54,100,24,101,110,91,78,119,5,66,84,116,81,7,62,95
7730,98,85,29,111,75,104,117,90,86,103,51,68,112,115,99,102,119,37,3,118,101,9,96
7731,99,91,94,116,81,106,70,77,109,101,98,38,110,87,88,117,51,102,32,103
7732,80,91,96,98,119,85,118,86,81,75,103,116,70,113,99,78,104,73,94,101,74,76
7733,81,90,78,94,76,107,119,83,96,112,117,104,101,85,43,37,2,111,15,98
7734,117,109,106,115,108,74,102,78,119,30,110,87,73,97,100,89,98,96,26
7735,29,76,101,115,117,118,86,78,96,91,104,116,81,82,75,106,56,74,107,111,1,99
7736,82,118,103,117,86,100,80,76,79,46,112,95,102,94,110,113,90,49,73,119,88,115,33,23,87
7737,109,70,108,115,113,76,83,97,77,111,102,67,106,2,112,92,80,8,21,90,85
7738,101,111,107,80,87,78,109,113,83,112,106,77,85,91,88,93,76,116,103,81,102,74,28
7739,99,73,74,116,79,119,115,109,102,87,75,113,8,17,88,98,76,10
7740,118,119,91,47,96,103,99,78,98,113,117,107,92,60,54,110,55,74,85,115,2,93,101,9,106
7741,79,83,74,104,101,91,109,110,116,78,108,102,107,103,92,85,94,90,115,113,95,119
7742,108,85,116,106,102,101,109,111,83,78,81,86,110,94,51,72,99,13,37,90,77
7743,76,78,111,91,113,98,100,106,89,83,103,24,2,23,19,55,85,116,117
7744,107,92,112,87,111,98,79,83,118,93,96,104,99,24,113,5,105,95,81,115,101
7745,117,77,88,74,96,99,109,75,101,100,86,102,87,119,118,95,98,51,43,83,73,112
7746,77,109,63,117,100,98,115,91,110,78,90,75,28,119,83,36,85,81,73,7,70
7747,99,118,108,106,115,90,102,75,104,110,92,87,96,80,98,70,42,74,19,109,111
7748,83,92,73,87,118,106,88,102,112,75,110,98,61,49,90,109,70,99,101,8,111,85
7749,86,101,96,110,92,80,79,119,98,81,2,77,107,74,82,109,112,87,118,113,90
7750,107,76,98,90,109,73,116,106,104,113,101,108,95,118,14,103,86,91,110,114,77,36,115,85
7751,109,77,110,112,94,90,106,91,113,70,78,103,85,111,96,119,86,69,83,101,108,102,10,74,104
7752,75,76,117,118,96,104,95,85,90,93,83,80,86,112,113,18,110,73,17,101,92
7753,108,74,91,80,88,90,106,81,85,119,118,38,116,79,96,111,75,92,110
7754,106,77,76,85,109,87,82,111,81,119,83,88,117,90,108,113,101,112,103,33,73,96
7755,95,76,1,111,94,77,112,87,98,118,115,89,13,81,96,12,116,73
7756,110,83,118,86,109,99,70,98,79,80,74,108,5,111,75,73,81,119,1,3,93,87,13
7757,76,101,79,83,98,119,103,94,82,100,96,114,10,6,78,108,118,24,41,109,86,88,107,43,44,113,74,22,115,26,106
7758,88,70,86,115,79,119,73,92,75,76,110,90,107,96,85,112,109,98,87,80,24,78,104,10,71,117
7759,78,79,92,77,106,116,74,109,99,118,76,101,90,91,98,67,17,15,97,22,108
7760,78,80,118,83,113,93,99,81,75,112,107,103,98,110,77,74,70,109,4,60,119,101,66,96,111
7761,103,81,85,15,76,96,115,95,109,88,114,83,77,30,91,97,80,48,87,92,86,62,79,33,102
7762,112,99,81,118,110,98,83,63,119,77,27,85,22,106,1,94,73,90
7763,92,98,99,116,104,108,113,91,110,107,77,85,101,94,119,67,111,31,78
7764,111,107,80,115,87,119,112,102,85,99,42,116,94,105,117,83,109,3,113,95,35,14,77
7765,104,110,107,98,76,77,87,83,108,90,74,109,37,97,103,10,24,78,86,91,95,99,117,116,28
7766,75,86,85,102,106,118,101,74,119,108,79,30,21,57,54,76,80,11,104,81
7767,110,106,94,76,78,90,114,51,101,102,87,24,95,108,20,33,83
7768,101,117,119,106,116,113,81,91,83,107,75,112,105,79,96,87,84,108,77,78,98
7769,109,53,111,98,73,96,78,108,95,44,24,101,2,112,116,88,66,113
7770,70,116,77,92,99,88,90,106,74,118,115,96,75,86,29,81,104
7771,80,117,102,98,94,101,74,96,116,73,103,99,76,104,83,43,7
7772,88,96,112,86,113,80,87,76,73,110,119,91,115,14,48,58,90
7773,107,106,73,94,98,74,79,108,86,112,87,109,85,81,95,99,57,117
7774,115,79,90,91,73,110,103,111,116,104,98,113,27,5,61,109,99,71
7775,108,88,117,83,80,76,94,91,102,24,118,73,51,109,19,85,66,86,22,79,110
7776,78,94,79,106,113,115,86,74,85,76,92,102,110,93,73,109,91,55,99
7777,115,97,98,91,80,78,74,109,113,55,75,94,85,117,73,112,20,31
7778,77,118,110,115,90,116,80,82,87,112,91,76,83,104,101,119,99,74,92,81,111,113,94,88,107,85
7779,85,109,74,86,115,76,106,118,80,98,88,112,33,110,96,90,79,35,75,95
7780,109,94,110,86,102,90,1,106,96,10,99,79,111
7781,113,102,77,74,109,88,103,70,112,104,108,78,116,91,118,115,98,117,82,111,23,94,73,101,87
7782,86,118,101,98,109,75,115,112,83,87,90,91,99,85,28,47,80,68
7783,91,116,75,94,96,98,103,76,88,74,111,83,80,101,109,70,87,112,64,107,95,7,110,104,117
7784,119,118,96,83,116,80,112,101,99,82,110,24,78,115,106,86,70,102,103,79,107,97,104
7785,101,107,75,81,74,102,113,76,119,86,73,106,118,99,17,88,14,91,8,92,117
7786,83,112,98,116,118,80,107,106,79,81,64,37,34,119
7787,113,82,70,81,106,80,90,74,111,104,98,96,92,109,99,115,88,27,94,34,85
7788,113,98,104,108,94,90,101,70,105,95,102,115,112,117,4,77,73,99,111,54,50,91,116,36,24
7789,79,100,94,102,98,101,87,81,82,91,70,1,73,74,108,96,110,3,88,115,78,75,46,43,112,80
7790,102,106,77,110,116,99,103,76,91,52,111,109,90,83,101,117,28,27,119,118,57,73,82,86,96
7791,85,94,82,93,91,115,106,102,99,76,81,90,110,70,104,79,95,75,103,112,86,118,98
7792,86,80,107,111,118,94,85,79,109,101,104,108,78,115,113,96
7793,88,79,70,102,86,90,99,96,2,83,18,78,98,82,105,106,13,87,73,118
7794,119,116,74,86,101,2,92,115,93,83,118,96,98,80,111,91,104,87,100,77,112,99,82,89,35,62
7795,110,104,92,87,94,117,101,85,86,102,80,119,55,16,107,45,75,98,19,5,74,1
7796,109,110,96,101,81,76,102,115,4,100,98,104,90,80,2,75,67,86,68,14,117,21,88,60,118,24,6
7797,79,91,74,115,99,104,80,111,106,94,96,73,88,85,90
7798,112,111,83,106,74,110,118,1,80,94,87,54,116,85,113,101,90,108,104,35,78
7799,113,118,117,100,75,103,101,15,83,82,19,112,76,109,77,60,87,104,84,55,80,119,63,106,116
7800,78,118,75,109,74,112,94,111,103,115,95,116,102,73,80,87,98,107,114,113,90
7801,75,106,76,70,109,103,94,83,110,87,108,78,104,73,80,79,112,86,74
7802,76,116,100,117,106,86,101,113,118,81,90,112,77,24,41,75,2,64,14,28,92,119,82,80,83,108,7,91
7803,86,81,92,107,85,79,100,115,98,110,117,111,102,118,112,35,108,77,12,87,119,103,93,90
7804,77,93,101,98,95,74,86,116,90,81,82,107,73,118,111,14,106,5,103,96,78,117
7805,106,80,109,99,112,111,90,96,83,110,104,91,92,98,21,86,105,70,44,68,119,77,108,88
7806,99,112,111,107,82,75,70,79,110,104,78,81,73,116,86,2,18,7,100,33,22,62,118
7807,73,82,63,113,87,107,104,86,24,78,117,74,83,114,93,94,92,21,118,8,108,38,58,57,102,90,81,96
7808,81,119,90,111,79,91,99,118,96,100,117,101,73,24,75,112,107,102,1,83
7809,99,82,102,104,88,98,111,92,70,83,113,118,97,77,29,89,75
7810,104,87,116,109,113,117,112,75,24,92,5,119,108,81,99,83,91,78,90,94,82,57,88,111,73,106,77
7811,77,98,111,82,12,104,102,109,107,63,116,100,90,26,83,75,14,46,87,35,73
7812,108,79,82,98,83,81,112,106,113,86,78,99,91,117,75,70,45,110,15,77,28,103,101
7813,118,80,108,102,70,77,98,101,110,117,115,104,116,92,76,82,12,85,75
7814,119,73,111,87,108,118,74,79,112,104,78,90,80,75,85,106,24,96,117
7815,107,115,83,96,106,87,109,111,79,93,75,102,80,110,88,114,90,44,81,108,70,103,119,57,4,74
7816,83,78,74,103,109,106,91,119,85,118,100,33,81,87,7,90,92,108,117,59,54,76,104,93,73
7817,102,112,99,108,94,81,96,80,70,86,111,103,91,104,2,85,119,59,68,88,67,21,54
7818,81,113,108,92,98,83,76,93,119,112,90,115,24,73,104,87,85,79,7,86,95,101,41,66,80,100,57
7819,83,110,117,70,106,94,90,73,103,96,82,102,99,75,108,109,29,113,112,101,89,116,6
7820,83,77,76,109,113,85,70,82,104,88,103,93,99,86,118,98,112,59,110,80,74,79,117,106
7821,112,74,76,107,115,90,94,79,77,80,99,116,118,65,85,98,78,105,19,55,73,3,109,93
7822,92,112,85,75,73,101,78,94,119,77,70,115,24,117,107,88,57,30,86,74,80,106
7823,75,108,70,110,115,80,76,86,116,24,38,44,48,34,78,96
7824,98,78,75,91,115,92,117,79,31,118,102,119,81,73,111,90,99,114,2,70
7825,115,57,77,111,109,107,89,116,91,90,75,29,96,83,119,110,104,81,108,76
7826,108,115,98,111,86,102,113,112,78,94,99,119,103,101,118,56,76,83
7827,107,79,119,92,108,99,75,110,83,118,102,105,78,87,88,116,85,106,96,90
7828,88,80,91,99,93,90,87,73,119,82,1,100,96,107,74,76,103,115,77,117,110,109,104,102,2
7829,116,87,85,76,77,98,119,54,101,80,86,112,108,99,95,115,26,82,106,107,81,37,111,110,96
7830,108,116,109,119,107,79,103,111,101,102,98,80,76,64,15
7831,119,87,98,2,83,95,73,104,110,99,78,107,92,3,19,23,111,113
7832,73,101,93,76,95,98,109,74,96,94,104,75,113,102,80,82,90,91,116,7,67,19,117,106,53,50
7833,96,81,109,80,86,115,119,48,65,106,91,111,112
7834,92,91,76,75,111,106,80,107,118,108,99,70,96,101,90,104,93,2,55,78,74,116
7835,81,104,94,106,79,113,86,119,99,116,91,111,118,109,96,92,103,80,88,55
7836,91,94,75,117,113,81,1,96,88,87,115,3,103,110,104,112,111,98,43,92,83,107,78
7837,87,91,94,81,88,92,80,102,111,76,99,74,109,96,119,112,59
7838,87,77,106,112,99,74,70,94,62,116,115,92,76,48,93,88,108,78
7839,86,107,95,85,119,106,90,92,118,111,104,73,4,101,29,115,100,103,75,99,96,52,110,78
7840,78,96,54,83,76,108,82,111,110,116,75,99,106,87,66,55,46,15,113,67,24,50,119,79
7841,111,85,101,91,81,87,112,116,97,74,80,115,108,99,107,86
7842,93,81,116,92,109,78,99,91,24,107,12,118,19,110,98,79
7843,87,115,75,73,113,108,96,118,98,116,94,101,106,85,74,21,76,112,10,93,109,14,92,99
7844,113,103,116,76,118,88,82,83,98,101,110,104,96,7,33,39,112
7845,77,73,79,106,117,82,111,115,85,102,119,2,104,113,86,92,88,112,109,118,100,101,38,98,10
7846,104,86,113,95,70,93,80,92,77,98,10,103,116,102,94,88,83,36,7,115
7847,108,98,74,73,118,86,116,96,104,113,95,79,101,107,111,80,103,48,119
7848,109,102,98,83,116,118,74,70,111,119,88,101,90,113,110,112,4,117,73,80,36,26,107,99
7849,116,109,85,115,79,95,108,77,118,101,106,88,111,58,81,28,5,104
7850,94,112,87,80,104,109,88,98,115,116,83,10,108,48,79,99,96
7851,92,94,77,119,106,110,102,76,101,70,29,93,86,107,115,78,118,79,83,6,108,91,90
7852,78,75,70,99,109,87,60,111,47,86,119,102,103,101,90
7853,76,90,75,116,74,82,85,73,100,110,2,115,88,77,113,104,107,117,10,98,92,78,22,14,112,101
7854,93,83,113,112,101,106,118,87,104,77,76,116,108,23,117,107,53,98,74,9,110,119
7855,103,96,99,87,102,98,118,100,76,117,112,80,95,78,109,63,114,74,101,119
7856,88,54,104,93,119,116,112,77,75,118,48,83,59,106,86,115,96,80
7857,92,118,116,90,107,108,88,113,91,115,94,119,22,17,66,96,109
7858,95,99,106,119,86,96,87,76,113,79,74,98,100,97,78,102,107,4,7,115,90,62,108,92,80
7859,107,79,75,103,90,113,109,106,116,82,93,112,80,110,47,83,102,65,77,108,76,69,100,101
7860,111,83,87,116,82,93,56,113,96,92,78,91,102,79,118,74
7861,90,91,118,81,107,77,80,94,112,70,109,98,72,64,52,48,51,106,15,12,4,108,78,65,111
7862,29,76,115,102,116,75,107,106,95,73,30,101,119,74,54,24,98
7863,77,79,108,106,92,101,90,109,53,117,54,86,76,2,88
7864,115,116,80,98,81,111,87,86,79,107,78,12,102,101,83,108,22,117,99,4,84,90
7865,78,110,108,85,81,119,117,79,88,74,83,107,80,116,115,106,96,101,90,75,102,73
7866,99,106,110,74,96,90,107,95,91,80,88,66,112,23,54,86,24,116
7867,88,119,91,86,111,108,81,98,80,109,75,116,2,76,110,54,70,107,105,62
7868,74,118,111,106,81,73,82,78,99,90,98,15,101,94,86,83
7869,102,119,88,103,117,99,108,77,111,78,96,116,80,86,118,82,85,94,101,74,76
7870,106,91,90,117,92,73,111,79,88,83,1,107,86,103,118,85,108,119,74,33,110
7871,103,29,116,74,88,113,110,79,104,91,81,118,23,112,70,99,119,94,97,75
7872,74,110,70,108,85,116,115,90,78,75,81,8,2,96,118,80
7873,117,70,106,109,90,110,98,101,108,85,96,107,118,75,84,113,6,103,115,32,80,116
7874,112,46,93,86,41,85,95,74,115,107,98,4,76,56,45,102,63,9,55,88,118,87,31,113,78,20
7875,107,119,108,90,115,117,87,97,88,2,101,94,85,77,75,113,74,80,102,86,78,112
7876,119,73,94,74,98,111,103,108,107,80,87,110,113,91,46,77,8,54,101
7877,99,116,80,76,107,115,86,102,118,111,96,117,92,94,83,70,91,79,24,82
7878,90,109,94,107,4,111,24,77,91,101,112,81,92,118,1,86,74,103,117,88,78,84,95,116,113
7879,91,119,79,115,98,94,81,70,88,112,83,111,102,75,92,80,103,78
7880,92,88,99,113,81,75,109,106,74,108,96,94,77,83,7,110,73,116,112,35,87,11,61,29,101,65,4,91
7881,102,79,82,74,107,98,119,75,73,94,83,89,86,22,87,101,106,117,118,91,44,76
7882,85,88,94,81,108,79,113,80,109,78,86,92,87,116,101,93,103,73,76,100,16,119,74,102
7883,87,98,116,111,86,73,74,115,85,109,70,78,93,67,104,25,90,42,48,117
7884,109,96,116,103,75,78,94,86,74,107,30,118,60,108,90,101,106,76
7885,102,77,117,75,108,110,79,96,109,83,116,115,86,94,84,87,57,98,10,104,100,19,65,106,48,118,93,21,78
7886,107,70,86,80,112,90,77,108,78,106,119,103,94,64,110,98,96,118,91,14,88,116
7887,87,96,74,79,106,75,56,91,46,113,92,118,116,109,73,110,95,78
7888,101,115,75,108,11,83,86,97,107,70,81,88,82,92,104,74,79,28,119,91,4,116
7889,98,86,85,108,91,106,78,117,109,76,103,101,88,96,36,111,79,82,73,75,92
7890,83,101,110,96,91,82,116,73,70,85,109,81,103,118,111,67,77,88,104,86,97,2,35,20,107
7891,107,96,76,79,117,86,91,116,98,99,19,112,110,94,90,87,102,85,73,77
7892,101,74,112,109,117,96,116,95,94,78,10,88,54,70,45,87,2,110,83,98,82
7893,101,85,106,99,79,78,77,91,87,110,83,80,111,113,97,76,103,2,114,82,70,100,94,107,118
7894,104,116,107,119,92,93,75,64,11,103,85,88,86,70,32,52,22,98,115
7895,104,117,78,116,70,75,81,93,73,82,79,83,96,94,103,85,101,91,107,115,111,98,88,119,80,109
7896,96,111,106,2,102,107,86,70,79,117,94,83,90,26,74,115,101,1,110,38,36,109,75,85
7897,86,101,2,70,98,94,80,110,106,109,99,83,75,92,108,102,61,100,74,76,73,118,119
7898,110,109,88,103,107,94,82,74,80,113,75,70,92,86,83,100,96,101,99,78
7899,106,102,73,83,104,99,110,98,77,82,76,116,95,89,74,101,13,118,85,97,46,86,28
7900,118,99,109,77,83,104,82,115,6,86,81,85,106,78,113,74,94,68,90,92,119,29,70
7901,82,85,117,103,83,74,94,110,95,118,119,96,50,104,68,87,73,2,90,27,64
7902,115,96,75,94,91,81,113,111,95,73,108,70,90,101,118,109,119,11,88,112,103,74,51,6,80,116
7903,119,91,77,102,79,75,110,103,88,99,115,107,97,85,109,15,83,76,20,54,73
7904,118,81,101,117,82,83,115,96,28,80,92,23,78,103,107,70,21,86,2,102
7905,119,76,75,98,110,94,116,107,117,88,106,77,39,82,18,90
7906,104,112,103,115,78,92,107,109,108,75,37,80,55,46,49,93,101,102,4
7907,116,75,76,107,113,73,108,98,91,83,80,109,72,112,61,82,52,88,87,106,99,74,77
7908,116,87,81,98,78,110,117,55,72,74,90,2,115,82
7909,83,77,99,117,98,86,116,115,80,101,73,95,74,70,92,7,88,113,96,30,36
7910,110,91,94,70,115,116,111,101,112,118,81,77,93,23,80,86,98,96,113,1,75,83,103,92
7911,91,119,99,92,96,76,101,75,107,108,112,80,94,104,117,74,113,36,88,86,18,116,81,79,85,106
7912,92,78,79,110,99,94,118,91,113,93,108,119,98,90,116,109,7,111,77,81,87,103,85,86,106
7913,100,111,70,115,110,88,75,101,106,87,108,118,85,78,94,73,104,82,9,44,80,76
7914,102,74,107,98,94,96,90,83,86,103,77,116,84,73,81,27,14,68,109,12,87,78
7915,83,113,87,75,109,117,96,108,115,118,73,91,76,101,59,90,86,77,58,3,49,112
7916,90,108,115,81,101,107,110,94,87,70,104,88,102,75,116,111,106,46,33,6,7,62
7917,83,73,101,110,104,74,88,80,116,76,112,75,103,107,87,93,72,28,37,79,77,71,102,56,42,82,115,106,40
7918,80,86,101,77,81,99,94,116,119,3,70,76,107,111,118,95,112,103,98,54,109,108,83,87,110
7919,81,107,92,85,116,73,94,90,82,93,99,101,98,106,115,87,83,62,117,54,80,38,75,100,78,88,7,109
7920,106,80,91,70,74,104,36,90,108,109,76,16,99,107,77,64,86,78,24,94,117
7921,99,73,90,88,98,92,91,106,82,67,36,77,83,107,78,101,80,72,38,39,69,116,118,79
7922,113,80,70,96,112,92,99,101,107,119,91,90,78,104,83,81,42,115,85
7923,90,98,86,88,76,118,70,91,111,79,49,85,21,52,116
7924,91,115,108,99,119,117,76,86,79,102,110,106,94,113,6,67,104,100,74,15,83
7925,103,75,79,86,77,101,78,81,106,107,90,115,104,65,38,118,88,7,111,34,80,94,83,98
7926,88,77,108,114,102,90,112,98,73,96,101,85,15,67,5,81,51,50,8,74,61,80
7927,92,94,77,113,99,118,86,117,80,97,70,87,104,75,88,102,108,90,55,95
7928,92,86,108,85,54,71,119,38,29,70,74,94,106,103,76
7929,116,74,113,104,94,101,76,81,108,103,82,54,119,36,96,69,78,111,114,109,107,85,83
7930,115,75,107,82,77,118,90,110,2,80,112,73,93,101,100,78,59,25,111,108,23,70
7931,107,111,86,75,74,91,99,109,106,78,83,1,93,48,112
7932,104,107,97,70,106,96,91,74,81,77,109,102,119,101,99,20,79,68,90,108,103,83
7933,103,99,117,94,85,74,81,92,110,86,78,118,34,87,108,76,96,35,115,95,113,83,114,24,19,112,90
7934,86,113,82,109,78,100,72,83,77,85,110,103,92,81,19,5,26,73,12,24
7935,117,115,79,86,90,85,116,111,91,98,96,110,101,104,88,107,113,106,109
7936,91,78,95,76,117,86,118,75,110,115,73,103,109,119,104,98,101,100,81,2,18,4,13,108,5,83,93,47,88
7937,113,76,110,119,94,98,111,83,77,74,114,115,92,91,103,88,6,108,118,75,80,102
7938,83,79,70,115,99,85,73,95,106,16,91,54,116,75,97,80,11,89,90,94,50,98
7939,116,111,108,85,107,110,82,81,79,119,80,109,90,74,76,118,96,87
7940,108,77,79,78,87,109,115,74,94,112,70,117,116,103,65,85,83,102,118,100,82,76
7941,80,109,111,91,93,119,77,112,101,90,107,92,116,88,94,106,79,76,74,2,85,43,70,95,24,115
7942,94,108,109,87,116,99,112,98,83,118,80,74,115,96,73,103,77,110,19,76,55,104,92,101,82,91
7943,104,74,106,118,77,111,90,94,117,85,70,108,107,112,2,7,5,87,69,119,99,98
7944,116,109,94,5,115,118,106,74,80,72,98,107,73,66,96,104,112,117,83,64,75,90,110
7945,111,113,98,96,83,82,2,106,44,118,70,13,101,94,73,86,11,49
7946,78,87,94,109,102,75,119,91,70,104,96,95,88,24,82,98,116,118,100,2,97,74,76,73
7947,111,110,108,98,118,107,81,96,91,90,92,87,73,78,18,94
7948,116,92,112,101,80,4,118,98,111,83,100,68,77,93,82,22,119,19,55,70,105,95,2
7949,91,80,98,70,76,111,101,113,118,96,94,73,81,106,78,74,22,69,103,105,16,90,92,108
7950,94,76,99,91,102,87,111,92,98,101,80,75,117,90,96,93,103,37,55,85,119,54,113,74,83,95,77
7951,54,94,116,117,109,106,112,115,73,110,96,87,77,46,98,81,101,118,72,27,86,104,75
7952,107,103,102,96,75,80,86,115,104,91,111,76,108,118,112,82,85,101,110,77,106
7953,116,118,96,87,86,70,119,91,80,104,110,18,25,111,67,99,90
7954,116,78,117,109,119,87,115,75,102,118,106,90,104,93,79,32,96,108,73,48
7955,92,115,114,76,77,107,117,99,112,106,94,111,96,118,70,85,97,81,75,116,17,100,103,95
7956,87,98,73,119,76,77,110,86,115,75,74,88,99,106,52,108,82,71,79,80,91,112
7957,85,88,110,113,70,106,116,81,99,115,79,114,61
7958,83,96,87,106,91,70,79,2,99,76,75,74,107,7,109,115,32,116,88
7959,81,115,108,73,110,118,116,75,70,82,80,111,91,109,95,113,96,77,107,85,94,103
7960,112,70,74,115,101,83,76,117,80,96,108,50,85,110
7961,92,108,94,111,115,109,96,106,76,119,74,83,82,107,116,110,112,90,101,113,117,41,77
7962,103,109,79,102,90,111,117,101,80,95,110,83,106,112,107,59,15,70,35,115,85,87,62
7963,74,118,81,82,73,104,113,95,112,98,116,107,119,83,46,3,68
7964,109,96,119,73,94,90,77,91,98,64,116,112,10,37,108,49,110,107,2,43,95,80,103,70
7965,111,88,76,116,73,83,98,81,112,70,108,94,97
7966,112,116,82,99,85,117,102,119,111,73,105,96,83,88,91,94,35,108,101,16,61,107,92,2,113,76
7967,113,112,109,116,107,85,83,91,118,108,99,81,111,106,86,79,115,96,37,90,98,38
7968,77,118,86,103,99,111,90,94,106,112,80,78,75,110,73,117,92,91,74,83,88
7969,76,107,108,74,119,99,111,82,112,88,73,116,80,1,93,77,110,50,9,94,49,118
7970,99,98,85,118,116,109,94,112,115,101,106,76,107,113,55,79,21,110,83,84
7971,94,119,79,90,75,83,108,112,102,101,109,87,118,77,80,67,113,117,93,104
7972,96,119,77,80,115,75,117,81,111,79,102,40,86,112,108,97,94,82,59,110,113,109,78
7973,74,113,108,90,96,80,104,70,91,82,67,93,92,88,94,81,103,117,55,2,25
7974,99,78,116,98,92,76,94,96,91,101,83,113,111,115,108,75,95,42,80,110,87,74,81,1,104,112
7975,108,81,96,111,118,119,70,80,74,18,40,101,73
7976,96,87,102,106,101,109,81,89,86,51,115,108,85,112,34,73,24,90,78,111
7977,73,112,77,95,113,76,103,87,83,81,98,17,118,53,78,108
7978,103,111,116,99,86,80,70,101,106,87,91,19,112,96,108,82,25,94,118,119
7979,77,104,113,74,87,76,82,86,102,118,70,58,29,68,105,4,96,108,110
7980,78,85,91,87,102,81,97,70,95,73,104,82,90,107,103,111,115,28,33,51,86,24,19,77
7981,85,81,98,83,100,118,87,78,102,93,15,109,104,90,111,23,106,103,76,66,108,79
7982,115,110,96,91,77,108,82,112,111,106,41,74,80,83,95,99,71,73
7983,82,95,85,94,86,106,110,87,76,109,5,115,70,101,88,53,55,118,50,103,9,104,117,10
7984,74,115,92,117,82,86,93,95,99,75,52,111,102,108,78,88,47,104,106,81,109,79,113,42
7985,75,108,98,74,91,96,106,73,111,113,85,102,81,83,78,104,117,76,99
7986,102,96,88,109,79,116,112,74,118,73,92,95,108,106,101,75,117,24,113,4,81,20,110,94,77,85
7987,79,78,111,91,83,117,99,102,109,103,74,86,107,100,112,87,76,82,113,48,73,116,94
7988,116,77,80,83,98,73,78,82,115,111,22,107,113,119,103,100,112,102,10,104
7989,85,77,94,90,87,92,117,74,118,107,115,99,86,101,72,108,15,75,5,106,20,1,35,22,113,111
7990,103,112,94,106,90,96,75,113,82,108,45,107,88,98,11,102,119,83,95,68,97,111
7991,86,111,96,85,108,88,109,79,117,91,110,112,98,106,97,45,1,80
7992,75,96,111,119,110,82,86,73,103,29,70,25,106,98,115,91,78,47,87,5,108,109,113
7993,76,113,108,85,81,92,78,112,73,116,107,98,75,1,88,110,70,109,95,111,57
7994,98,77,83,112,117,87,79,74,116,115,96,108,80,102,109,106,92,94,70,105,113,85,81
7995,104,119,108,111,4,73,86,74,102,88,75,70,96,109,67,101,87,64,24,82,100,110
7996,70,82,76,99,108,96,116,75,115,88,107,101,104,119,110,33,91,117,13,80,45,103
7997,119,74,81,75,107,28,82,100,95,83,115,50,96,106,108,90,116,77,101,117,86,110
7998,74,103,90,118,83,92,80,104,88,94,79,21,42,109,112,75,86,113,34,96,4,110,91,87,46,99
7999,86,117,85,99,76,92,98,74,91,118,83,104,90,100,106,22,87,94,70,116,88,81,77,101,82
8000,88,119,103,118,96,108,94,113,117,82,87,76,101,102,62,77,109,80,70,106,54,90,73
8001,112,98,87,74,82,117,108,75,104,90,80,115,83,92,79,7,116,15,111
8002,86,90,87,110,96,94,78,99,113,115,119,108,76,84,30,107,88,56,112,91,81
8003,88,86,70,29,92,110,111,2,80,74,75,108,79,71,107,26,116,103
8004,112,87,74,75,81,97,86,6,88,45,80,99,93,103,73,119,78,109,70
8005,80,78,110,88,116,70,104,86,76,115,87,83,82,91,119,97,2,73,109,54,24,112,96,101
8006,86,85,99,78,79,108,106,115,70,74,90,87,88,33,83,109,24,112,56,8,113,116,42
8007,109,86,117,74,87,99,78,108,81,119,116,96,6,84,106,23
8008,75,99,80,83,102,78,77,94,106,81,91,104,98,82,74,85,118
8009,104,88,79,116,110,109,77,83,23,76,78,75,115,82,40,89,15,21,100,73,87,91,94,96
8010,70,106,86,75,90,79,103,98,87,102,71,109,119,44,101,56,110,78,94
8011,81,76,97,118,102,103,80,115,75,117,6,112,95,10,96,90,86,73,113,82,71,87,35,27,106,107,108
8012,112,86,92,70,83,75,108,77,74,88,101,111,110,85,78,98,66,96,73,117,113
8013,111,91,96,76,112,113,103,95,110,102,75,116,109,56,117,17,86,70,92,29,108,115,90,87,81,80,85
8014,100,5,113,91,117,90,78,79,88,32,111,83,74,109,81,119,103,65,86,92,70,118
8015,91,92,109,78,117,103,108,105,79,98,74,118,80,90,36,106,82,33
8016,93,117,77,109,24,96,107,23,101,87,74,88,94,60,69,114,75,97,118,52,67,57
8017,102,76,87,88,101,107,98,81,94,73,100,2,93,110,83,116,7,113,106,10,119,82,112,54,80,99,79
8018,87,113,70,96,118,75,74,90,108,77,119,82,98,83,99,85,94,93,80,81,68
8019,99,104,85,103,86,101,119,102,109,79,116,115,88,91,113,40,90,81,2,106,3
8020,75,107,102,99,113,92,43,106,74,93,83,116,79,18,12,10,111,115,54,70,57
8021,115,90,77,79,80,118,88,74,96,95,8,99,117,108,94,83,76,112,92,107,113
8022,116,78,115,112,110,90,107,99,108,80,96,5,95,109,118,92,114,16,103,87,79,85,101
8023,70,83,81,77,110,88,112,76,2,119,111,108,96,55,91,113,78,73,109,105,85,57,101
8024,91,80,104,98,101,111,99,116,90,108,73,86,45,74,113,51,88,78
8025,101,29,114,81,82,15,74,102,88,89,24,46,119,111,103,86,21,6,100,79,92,84,115,8,25,104,62,83,10,112,26,13,76,94,56,93,17,95,110
8026,94,114,54,79,112,96,119,2,109,70,75,41,106,111,102,118,101,117,88,113,104,6,103
8027,77,117,81,91,116,92,118,104,102,103,100,115,49,86,119,35,70,46,79,64,99,63,15,106
8028,75,111,101,91,88,83,107,98,81,116,99,118,85,112,5,71,70,86,115,80
8029,94,101,70,83,85,81,77,78,95,75,91,113,117,103,111,7,98,96,74
8030,108,78,94,87,90,106,116,99,80,86,110,74,101,14,118
8031,70,73,74,81,82,85,113,79,98,78,118,83,91,41,109,119,33,116
8032,110,119,88,86,109,85,81,74,87,118,115,82,102,106,98,77,93,91,95,83,96,103,80,92,79,117,47,63
8033,93,77,117,100,118,55,83,95,107,74,62,96,90,23,116,113,4,109,80,92,112,103,104,94,73,91,76
8034,85,118,103,94,92,87,79,90,88,111,96,109,119,102
8035,115,81,109,116,75,86,80,96,92,117,74,87,103,12,98,56,77,108,83,70,113,97
8036,86,116,113,117,119,80,109,78,70,115,102,81,110,50,104,28,93,99,15,118,12,103
8037,98,79,106,103,85,88,110,83,95,117,73,24,61,119,4,71,104,75,54,116,45,111
8038,70,80,113,90,102,88,109,117,78,118,40,106,51,116,99,42,94,16,108
8039,118,98,78,115,112,94,104,96,99,88,119,80,75,113,25,51,45,105
8040,117,109,88,110,83,111,113,112,96,108,94,75,62,90,87,106,95,74,46,92,70
8041,87,92,76,77,111,94,91,73,85,119,95,109,108,70,90,106,33,75,115,83,12,9,47,101,30,72,117,93
8042,74,99,77,80,90,111,113,101,109,86,1,82,70,23,61,106,75,88,79
8043,87,99,75,98,92,88,108,80,107,77,94,113,95,96,74,29,31,112,23,85,51,106
8044,79,86,85,88,113,92,95,74,75,103,99,70,82,115,96,58,119,81,110,76,107,78,117
8045,118,109,112,119,111,73,74,106,90,116,78,85,110,4,86,83,113,96,101,104,94
8046,101,116,102,87,73,117,98,74,91,70,99,104,112,2,86,118,96,24,78,72,75,54
8047,109,70,87,83,101,54,91,82,112,79,73,85,96,8,95,11,116,24,97,110,104,107,29,103
8048,80,111,101,78,102,77,91,86,100,107,24,110,117,108,98,94,115,119,22,81,79,42,106,39,103,112
8049,110,87,106,79,77,99,81,116,107,90,96,98,112,5,94,109,119
8050,77,103,86,79,107,94,73,113,112,78,74,108,90,75,98,99,66,45,111
8051,115,116,118,79,117,96,82,94,110,91,108,86,95,92
8052,88,79,110,103,78,83,116,87,99,80,41,67,106,102,74,96,81,115,114,112
8053,115,96,91,100,101,78,108,106,85,109,86,74,98,4,103,107,88,99,23,43,33,111,114,75,102
8054,114,116,87,106,107,77,90,109,96,102,104,91,88,73,41,99,4,74,117,94,101,118,78,43,92
8055,108,94,109,102,106,76,78,113,116,107,110,91,70,81,80,87,93,71,117,92,96,86
8056,119,78,76,83,90,73,111,70,75,99,79,116,67,52,107,44,66,85,36,109,104
8057,99,80,94,90,78,110,96,86,119,88,87,2,98,74,52,82,113,112,102,115
8058,109,106,112,81,76,92,117,77,91,108,82,115,83,96,90,119,107,103,88,70,38,7
8059,118,70,91,77,76,119,81,113,73,103,106,88,109,86,116,11,108,101,107,115,95,98,85
8060,113,79,90,77,96,87,107,74,73,119,60,91,70,97,76,108,110
8061,74,90,115,99,73,94,93,85,119,92,113,109,101,108,78,98,75,87,118,88,111
8062,108,86,109,113,116,92,77,106,95,104,118,70,67,76,102,88,99,110,4,93,74,119
8063,63,82,98,81,86,118,101,87,115,100,76,74,119,110,111,90,21,75,107,85,27,78,106,113
8064,102,87,118,117,79,74,115,106,76,112,91,66,85,81,113,100,84
8065,101,112,106,103,75,118,119,99,24,110,117,47,111,113,87,78,91,80,41,88
8066,94,86,109,108,81,78,80,82,76,77,110,75,83,92,111,106,91,2,33,101,90,103,85,88
8067,93,87,104,81,4,112,118,82,86,103,74,95,83,94,97,28,101,85,106,109,117,70,105,80,90,73,115,108
8068,85,91,107,92,118,98,112,86,116,90,110,109,111,4,64,106,83,103,77,10,73
8069,102,113,116,90,109,83,101,96,107,77,108,95,85,63,115,61,74,5,87,78,4,13,68,82,81,21,70,93,79
8070,112,57,76,85,118,116,106,108,119,4,115,103,91,110,74,81,20,96,86,39,7,101,15,93
8071,112,96,109,91,86,99,94,78,118,110,83,77,75,88,98,101,87,103,102,100,11,76,113
8072,73,106,88,76,90,87,75,115,101,109,116,91,70,85,25,44,111
8073,78,90,119,108,110,116,109,83,94,113,102,81,88,84,118,16,98,57
8074,90,116,78,94,2,10,110,118,74,109,85,76,75,86,113,98,36,89,43,96,73
8075,75,86,74,85,88,108,95,2,104,96,81,82,10,98,99,106,119,115,113,43,79,76,97,112,15,103,118,107,102
8076,77,102,101,74,78,103,83,108,111,75,117,112,118,90,109,116,24,106,79,92,94
8077,107,81,101,102,95,110,80,75,103,73,97,85,94,117,115,96,86,68,12
8078,115,102,100,99,77,83,118,112,74,107,93,117,87,116,110,24,85,81,54,6,2,70,73,55,76,109
8079,79,83,102,86,104,76,91,101,103,117,78,119,94,50,98,110,85,113,57,44,15,90
8080,107,78,118,93,109,112,88,113,104,101,108,115,97,87,86,103,98,94,76,74,80,73,57,83,102,106,85
8081,94,108,113,73,109,118,102,96,115,111,119,79,76,1,90,100,83,77,75,74,82,57,88,114
8082,91,73,74,118,96,117,81,98,80,110,76,107,86,112,104,116,103,90,37,77
8083,113,116,110,115,90,76,80,96,109,118,87,94,100,77,5,57,98,73,23,108,111,99,48,101,117
8084,76,87,75,113,101,96,106,78,111,86,88,107,65,30,49,6,99,112,98,81,90,83
8085,85,108,112,80,118,90,70,106,113,116,83,115,92,96,94,119,101,10,77
8086,92,108,73,117,74,87,116,101,75,110,69,70,85,103,95,16,111,107
8087,76,103,73,104,92,102,119,75,96,116,77,85,110,93,78,100,118,117,74,88,109,80,98,24,112,108,9
8088,85,119,83,107,78,87,106,117,81,105,101,118,77,113,28,88,84,9,90,89,93,67,82,76
8089,117,115,92,105,98,54,90,80,103,88,83,96,10,43,85,99,82,101,106,110,74
8090,81,87,116,118,115,113,74,101,94,102,68,88,6,99,12,75
8091,82,80,91,108,94,102,99,116,92,75,115,39,96,85,119,81,117,70,84,89,88,4,101
8092,96,86,109,116,73,113,108,78,75,83,70,77,106,117,37,80,112,100,40,115,101,99,79,110,119
8093,106,96,73,118,90,92,110,104,99,117,83,116,103,108,24,77,113,26,88,46,49,95,50
8094,80,99,116,92,86,107,106,109,75,110,87,112,81,79,90,111,64,108,115,96
8095,75,101,79,119,88,118,111,107,4,87,109,98,113,116,114,5,94,55,92,90,115
8096,107,109,7,99,70,104,119,86,106,118,39,113,82,5,29,101,91,88,117,66,111,76,103
8097,57,119,97,81,87,79,7,117,92,99,82,83,118,104,101,58,52,80,88,70,74,110
8098,118,75,91,112,113,76,109,94,86,107,99,108,110,87,73,115,48,81,15
8099,103,88,99,91,80,77,118,101,109,116,73,104,21,90,95,115,108,85,74
8100,76,118,111,78,82,75,9,83,80,99,62,77,115,79,91,73,70,90,74,98,36,96,93,114
8101,115,113,86,85,108,102,97,76,2,79,80,99,112,101,96,13,117
8102,88,103,99,108,96,118,76,112,70,87,115,104,22,74,10,4,79,106,52,86,71,98
8103,87,75,73,96,70,85,90,118,108,95,106,44,78,112,57,110,74,83,101,111
8104,73,117,85,77,82,93,91,101,80,96,70,99,90,83,97,112,109,6,94,43,76,84,86,52,88,92,118,4,100
8105,7,106,83,73,85,108,98,79,91,107,101,117,111,90,74,103,115,26,60,116,110
8106,91,111,73,85,94,80,90,109,103,110,79,51,105,101,30,104,41,108
8107,80,79,75,102,107,78,28,94,106,97,77,70,73,74,117,119,118,109,23,4,87,3,96,113,68,88,2
8108,70,117,73,101,88,107,94,92,76,102,30,91,82,116,86,8,108,52,112,83
8109,117,102,99,75,98,85,87,113,78,115,116,77,73,24,106,37,101,80,89,19,94,54,90,110
8110,94,85,118,109,76,117,103,107,73,90,78,75,59,77,4,12,100,112,37,34,113,55,24,87,88
8111,74,96,88,75,79,111,117,85,77,110,92,98,116,108,107,80,86,95,115
8112,96,119,108,113,101,79,73,80,44,40,90,77,111,98,57,12,87,3,112,117,99
8113,88,101,92,113,90,77,95,86,116,91,110,83,78,76,104,94,96,55,85,99,75,81,109,107,97,119
8114,112,86,80,110,75,91,70,99,47,2,76,119,113,88,82,115,100,77,107,40,55,34,98
8115,117,38,112,108,81,83,116,85,106,101,87,88,90,78,109,110,37,86,80,56,115
8116,102,94,73,81,85,75,83,107,98,115,96,104,117,18,82,80,12,79,116,86
8117,87,77,80,116,74,86,99,79,109,94,83,90,73,78,88,63
8118,116,98,106,109,104,118,108,80,107,112,9,14,73,89,111,17,53,117
8119,96,87,112,119,12,91,117,107,109,111,118,92,99,85,81,56,95,79
8120,107,90,118,101,119,117,115,96,77,87,94,91,11,116,23,86
8121,115,111,106,76,82,87,88,107,80,57,70,108,86,113,101,79,24,60,74,83,92,78,2
8122,119,70,85,77,90,104,80,86,87,96,117,79,24,113,18,81,99,106,19,13,17,73,115,92,1,51
8123,91,106,88,80,98,77,99,116,96,70,2,63,76,94,10,74,56,90,111,7,108,69,104
8124,112,109,116,75,117,99,74,85,107,118,106,73,111,80,96,16,97,94
8125,107,96,98,101,92,115,111,102,118,113,44,116,75,74,103,18,41,76,54,31,70,119
8126,109,85,81,88,82,74,118,83,110,113,99,87,104,119,77,108,76,103,60,65,100,102
8127,94,87,113,118,77,101,78,83,107,109,92,7,99,80,98,102,106,24,116,65,33,1,95,81
8128,95,88,96,106,79,80,108,87,113,77,112,92,110,24,75,70,118,105,111,90,104,45,83
8129,106,76,75,117,102,94,119,96,83,109,59,90,118,88,37,80,92,19,95,111,113,104
8130,73,94,81,79,80,116,75,70,117,90,24,98,8,102,28,86,92,5,107,87,64
8131,91,81,107,110,98,74,80,101,117,99,116,94,77,111,2,14,82,90,33,104,85,79
8132,113,90,115,96,87,119,91,102,70,76,107,112,99,85,95,21,12,26,38,4,77,108,6
8133,76,118,83,88,95,87,81,90,107,21,82,96,115,30,74,75,100,41,110,78,101,10,99,47,112
8134,90,98,111,119,106,96,80,104,113,87,79,117,77,114,110
8135,91,82,76,98,104,87,119,113,96,101,70,75,73,85,99,115,4,116,78,2,107,74
8136,104,81,75,118,115,74,90,108,94,96,117,111,78,83,103,80,87,109,65,86,116,98,73,70,101
8137,108,118,75,73,101,81,112,109,110,90,111,78,87,98,119
8138,81,99,112,92,108,102,94,106,110,96,90,116,80,78,70
8139,109,106,86,85,101,74,75,115,76,90,80,113,73,107,111,17,118,5,56,20,112,116
8140,87,94,101,108,118,106,85,96,110,86,97,99,80,111,7,112,88,102,19,50,81
8141,115,107,119,98,76,70,96,85,117,41,75,80,111
8142,107,88,106,98,85,118,76,87,108,2,113,80,86,112,29,111,83,18,116,21,96,102
8143,79,104,112,78,106,103,116,102,90,92,110,94,119,68,118,19,98,74,2,95
8144,79,74,73,96,80,83,78,117,85,99,108,104,87,101,94,75,113,98,12,86,4,15,88
8145,92,93,80,104,86,82,81,111,87,101,91,117,73,103,28,90,35,85,113,41,23,83,78,70,98,74
8146,102,93,96,119,73,109,85,91,95,76,24,103,79,101,92,29,107,106,98,113,75,4,100,104,74,77
8147,98,109,94,110,92,106,80,12,24,75,55,111,104,90,78,4,25
8148,119,118,87,80,82,2,17,98,3,97,112,92,115,90,113,96,116,79,86,73,106
8149,87,88,112,82,103,78,107,110,98,75,99,115,70,81,106,118,73,101,111,77,109,2,95
8150,94,74,104,78,73,91,112,79,80,70,90,59,83,107,99,111,92,103,24,96,98,76,100
8151,106,76,98,77,117,88,103,94,75,80,81,74,95,115,19,93,86,23,107,96,90,87,113
8152,85,91,113,90,78,75,117,95,74,98,118,70,76,86,96,99,112,106,82,29,77,79
8153,70,82,113,110,107,4,108,94,93,112,73,77,87,115,75,111,109,76,99,100,78,88,83,80,92,68,57,74,117
8154,86,74,73,110,119,70,77,99,83,117,108,88,78,79,91,98
8155,99,28,112,106,85,90,77,80,117,86,92,79,107,74,78,91,93,15,73,101,87,94,83
8156,96,85,81,92,108,103,110,79,112,116,94,83,24,106,40,52,5,62,89,6,19,13,111,36,4,76,78
8157,83,102,115,78,101,107,82,80,85,54,117,113,2,1,96,90,100,99,104
8158,76,88,111,86,113,100,75,112,87,108,119,83,79,110,116,94,73,99,109,70,95
8159,93,90,106,119,73,111,87,110,41,98,79,101,80,33,116,91,75,78
8160,81,77,111,78,98,75,85,102,74,104,55,115,116,119,96,112,83,84,110,79
8161,76,4,85,112,110,88,2,103,75,113,82,74,94,108,23,101,107,102,79,81,61,26,104,87
8162,67,119,90,116,101,86,73,98,79,85,81,94,9,117,103,2,111,4,70,83
8163,112,77,87,96,113,88,101,81,100,86,85,90,76,75,82,44,9,79,110,104,91,54,27,61,74,106,12,39,98,19,92
8164,73,107,109,85,77,116,119,86,75,108,106,99,112,87,111,80,81,115,88
8165,86,101,108,103,85,91,113,111,80,116,83,106,81,75,90,37,78,98,70,94,64,96
8166,96,112,70,115,90,79,106,80,119,82,101,81,109,29,86,30,25,111,75,64
8167,104,99,87,86,115,101,113,108,74,75,79,90,85,98,15,70,72,26,118,110,117,91
8168,73,90,91,112,104,78,113,77,97,111,116,98,110,1,80,4,107,2,94,102
8169,107,118,111,82,96,88,91,81,98,99,109,75,73,87,110,100,36,13,104,76,86,113
8170,54,96,76,73,118,81,80,111,99,83,75,78,7,106,94,98,102,107,23,91,97,85,64,116,86,82,87
8171,73,118,119,81,109,116,115,94,88,90,101,76,70,112,1,30,117,79,108,92,69,54,86,34,113,96
8172,91,99,104,101,76,108,109,115,116,81,71,5,103,43,90,79,106,3,117,85,50,107
8173,90,111,94,70,116,75,87,102,109,98,115,81,119,107,108,78,92,36,42,112,1,16,7,79,118,106
8174,83,108,75,104,116,80,90,94,87,85,110,98,55,103,77,40,6,58,54
8175,106,88,117,113,76,94,85,118,79,73,32,80,83,92,119
8176,99,94,113,2,117,98,75,102,109,95,76,73,107,77,85,80,17,90,108,96
8177,98,101,110,115,88,83,116,109,70,94,74,104,106,119,117,90,7,99
8178,83,94,106,117,101,74,73,99,95,85,77,76,111,87,75,5,92,103,79,70,40,119,88,96,32
8179,117,81,94,93,76,85,91,75,83,111,98,74,104,88,79,110,54,96,112,87,78,21,106
8180,101,104,96,90,111,86,119,108,106,91,75,99,87,80,117,83,73,71,74,97,109,92,95
8181,92,118,102,119,87,96,109,5,75,15,88,54,111,91,73,106,86
8182,74,106,92,70,101,107,99,110,73,75,90,16,85,87,79,113,13,88,25,98,27
8183,73,74,107,113,79,115,109,88,118,98,99,85,111,78,90,96,108,82,53,97,76,112
8184,83,90,110,91,101,94,108,73,119,111,96,81,106,80,79,28,102,75,45,38,116,49,36,100,117
8185,104,96,87,81,99,115,77,102,97,110,118,59,16,75,79,95,73
8186,81,113,107,80,91,103,77,90,108,75,87,83,116,92,88,85,37,99,101,73
8187,94,119,82,116,81,83,108,75,91,19,74,86,107,60,88
8188,93,96,110,113,94,76,107,82,92,104,78,99,88,87,97,73,106,109,108,118,95,115,81,103
8189,77,99,88,115,85,70,74,96,117,94,34,4,73,9,41,63,1,2
8190,113,96,86,98,99,85,75,116,101,81,80,106,46,73,76
8191,88,90,103,74,99,101,113,118,109,80,85,83,79,91,75,96,111,107,104
8192,101,88,77,117,112,87,86,119,92,74,102,94,111,7,96,118,76,75
8193,101,73,87,103,94,109,88,116,24,99,110,70,75,113,74,114,78
8194,73,118,77,74,91,108,117,86,116,102,90,94,83,81,88,87,107,29,70,98,104
8195,75,91,103,116,108,117,98,94,54,118,111,88,107,112,90,86
8196,99,104,98,70,113,81,80,79,82,96,90,118,57,72,42,94,95,86,107,102,100,83,77
8197,70,77,101,82,78,91,117,108,99,107,83,80,22,76,90,79
8198,92,75,91,83,113,80,93,98,81,73,85,15,76,118,101,104,103,105,57,66,116,1,44,88,96,13,58,90
8199,91,76,83,106,109,78,107,73,87,110,24,25,90,93,82,88,100,96,103,113,29,31,86,74,75,34,111
8200,116,94,117,85,112,81,101,75,106,110,111,98,97,109,52,83,21,80,103
8201,104,115,108,78,99,102,79,101,113,110,77,4,98,92,41,80,81,91,109,82,74,112,106,1,111
8202,78,92,109,96,88,85,103,101,111,115,106,80,3,90,91,104,83
8203,91,73,77,85,86,87,116,94,92,96,102,106,117,78,74,9,99,81,80,82,119,24
8204,108,80,115,87,112,101,107,73,99,78,90,102,96,119,88,76,32,77,53,83,59,70
8205,74,106,117,94,70,103,91,101,116,86,76,85,110,80,89,108,59,107,102,75,73,87,92,57,111
8206,108,80,76,83,79,106,75,82,116,118,102,98,81,29,89,87,86,69,96,24,9,5,111
8207,94,96,112,70,99,106,103,74,76,113,92,98,57,116,30,97,79,82,66,87,4,107,1
8208,112,113,91,94,119,108,15,96,85,115,87,74,79,34,80,86,73,90,118,101
8209,107,83,93,79,74,77,94,111,81,80,46,96,92,85,108,88,75,103,104,30,78,117,100
8210,78,110,112,111,75,76,119,118,94,82,91,99,101,73,1,103,35,98,86,63,80,95
8211,119,107,86,74,75,116,102,109,87,80,99,106,79,85,101,111,113,72,78,108,90,67,51
8212,116,111,101,94,87,80,78,76,110,83,75,20,65,109,92,108,84,96,99
8213,78,94,107,113,108,88,112,91,39,80,115,111,109,117,105,86,73,103,83
8214,86,85,74,92,115,99,76,113,106,54,73,107,57,112,5,102,70,109,117,81,79
8215,111,110,73,115,90,109,92,112,79,15,74,83,118,117,65,5,96,19,62,78
8216,74,73,86,117,75,110,96,70,78,39,79,109,103,18,112
8217,106,78,118,74,82,115,95,75,76,99,79,32,61,100,97,102,1,50,42,89,98,77,104,113
8218,79,78,80,113,82,119,92,85,101,95,98,77,83,90,91,75,19,18,94,112,76,41,115,108
8219,74,79,76,113,109,85,83,103,86,87,91,82,78,45,88,101,106,75,24,52,119,118,43,27,98
8220,110,73,107,94,96,90,111,109,83,55,113,101,103,112,115,77,116
8221,73,88,82,118,103,77,54,110,75,79,91,70,99,113,74,116,97,81,64,80,98,85,12,112
8222,96,86,77,111,70,99,119,115,73,108,103,113,110,98,91,88,87,118,10,34,41,81,76,75,112
8223,86,96,80,76,101,117,77,73,63,94,83,104,82,112,98,74,43,88,116
8224,101,112,98,111,91,96,107,95,88,79,74,76,114,108,119,4,115,118,110
8225,110,77,70,115,90,100,112,35,23,88,80,75,86,94,113
8226,74,106,92,110,113,96,87,85,73,103,111,116,76,98,88,41,115,86,90,75,108,112,114,79
8227,107,108,79,94,112,52,101,102,85,63,87,28,27,73,49,111,91,117,50,70
8228,70,76,109,108,87,106,115,98,25,110,75,90,97,51,46,82,83
8229,102,99,75,79,103,118,88,98,115,76,86,91,104,109,12,107,117,94,85,26,62,6,74,108
8230,108,112,91,101,82,92,78,75,70,119,109,80,76,79,66,95,19,103,116,55,99,113,117,57,110,4
8231,85,88,106,77,87,94,107,76,119,86,46,79,112,27,104,83,73,9,111,47,98,91,81
8232,83,75,109,74,36,108,70,116,117,73,90,113,94,96,101
8233,112,96,86,85,74,95,116,118,115,90,47,56,98,73,94,70,65,102,76,49
8234,85,94,116,90,81,111,77,80,113,108,83,106,88,109,107,75,13,92,82,17,84,114,86,103,79,32,91
8235,103,76,96,117,110,118,70,95,73,87,106,98,92,20,82,85,94,81,101,77,13,57,74,88,100
8236,81,106,75,104,79,77,85,78,110,69,80,95,90,111,108,91,36,88,116
8237,116,91,103,86,108,115,109,110,76,111,6,79,104,63,90,27,72,106,113,35,85,25
8238,86,97,102,70,29,87,90,113,115,75,101,78,54,108,44,110,7,105,73,99,117,112,91,79,111,89
8239,87,100,81,82,110,77,86,98,80,109,88,106,101,118,96,107,7,116,99,24,104,78,111,103,115
8240,108,104,82,102,103,78,112,100,99,94,97,109,75,110,118,111,113,24,90,95,119,2
8241,2,92,75,90,118,107,98,96,108,91,74,81,86,94,88,48,15,42,119,78,100,76
8242,80,90,116,118,78,101,99,85,96,86,108,2,117,106,9,67,5,83
8243,54,83,86,75,91,77,108,74,116,118,92,80,82,113,26,111,66,104,49,117,87,107,79
8244,109,116,83,81,99,112,111,92,86,118,117,75,108,24,100,56,73,95,107,54,94
8245,101,86,109,74,117,96,107,115,106,2,108,52,116,25,80
8246,83,107,103,82,106,80,94,115,96,101,2,76,64,92,102,113,89,112,22,70,100,87,105,90,116,79
8247,117,90,96,118,112,92,79,103,99,106,94,86,80,56,77,75,110,98,111,108,113,76,107
8248,93,86,119,28,73,102,115,107,113,90,117,111,2,75,91,61,29,110,60,78
8249,107,100,113,117,77,79,111,85,81,74,112,99,101,80,75,83,93,116,50,109,58,118,82,119,24,98,78
8250,87,117,115,75,94,108,106,99,74,83,85,107,97,119,79,29,96,17,110,111,5
8251,99,86,75,79,98,109,111,88,73,47,70,76,1,23,96,55,117,113,115
8252,110,87,106,78,73,75,94,116,82,32,36,108,69,114,92
8253,117,29,85,82,100,116,113,110,75,109,107,94,98,102,104,65,96,112,78,111,73,58,108,106
8254,117,74,95,107,92,104,85,119,99,87,73,96,86,106,116,101,83,78,110,118,88,79,47,80
8255,108,116,96,104,70,76,79,85,88,90,86,83,74,98,94,99,112,119,26,100
8256,108,83,101,94,118,88,119,24,87,112,97,42,96
8257,76,73,74,111,88,109,90,112,77,101,106,87,98,117,103,110,99,115,78,24,96,70
8258,75,110,90,77,85,73,117,70,17,76,94,103,98,104,89,101,63
8259,85,106,80,99,73,70,111,78,116,72,109,24,98,71,75,104,83,117,87
8260,110,70,118,78,86,109,75,95,90,79,4,98,74,102,116,76,28,101,100,94,15,93
8261,111,106,118,82,85,113,95,70,93,79,76,87,101,110,62,63,80,115
8262,108,116,81,111,109,106,104,119,76,83,92,110,75,91,86,78,56,94,115,95,73,118,5
8263,108,99,112,92,2,73,107,20,54,55,119,104,21,115,101,118,109,76,116
8264,101,115,106,117,103,104,86,24,88,107,93,99,80,110,73,75,96,102,79,111
8265,112,87,110,75,86,74,98,91,115,119,101,88,79,116,78,97,22,94,81,14,96,107,117,106,111
8266,101,92,75,80,117,46,99,96,98,110,119,85,31,109,82,87,6,33,79,73,88,19,2,113
8267,118,77,116,99,74,86,79,108,107,80,88,83,73,98,67,75,78,113,101,111,104
8268,83,99,74,112,73,110,75,77,113,85,67,86,93,42,55,23,92,104,102
8269,86,81,113,90,104,99,117,48,83,92,80,85,2,115,64,109,76,111,110
8270,111,98,115,74,102,80,73,82,94,112,116,109,106,83,99,96,81,85,75,114,76,93,92,12
8271,102,119,99,106,115,118,73,38,91,90,83,92,86,96,98,82,109,17,110,77,69,13,103,76
8272,115,75,77,91,78,117,83,87,93,95,98,76,40,5,109,85,111,97,82,26,94,119
8273,119,114,85,87,107,78,101,74,94,106,80,103,73,79,53,1,76,88
8274,91,96,73,101,95,103,108,88,118,74,117,98,102,6,115,110,107,109
8275,112,76,106,74,104,116,98,80,117,82,101,94,88,73,95,86,51,24,91,54,3,110,10,64,78
8276,99,91,111,109,79,110,27,108,3,72,11,53,87,116,70,63,78,107
8277,107,98,75,81,90,94,92,108,103,74,85,113,111,105,2,10,70,86,101,96,106,93
8278,110,80,118,96,78,87,88,94,115,81,113,74,62,75,3,33,104,2,73,119,98,95,70,99
8279,96,77,116,98,80,97,10,108,83,109,90,73,113,63,100,82,111,81,31,17,86,36,110,87,107
8280,75,108,85,106,90,107,77,74,83,94,103,115,78,112,109,79,119,96,80
8281,73,83,117,86,119,118,78,106,87,108,85,77,107,81,4,103,112,74,115,26,76
8282,100,94,96,81,105,109,87,76,91,118,30,102,73,72,74,111,98
8283,79,76,82,106,86,81,92,117,73,78,101,19,75,116,113,115,112,74,107,102,100,54,85
8284,116,87,110,78,112,98,88,80,119,118,75,77,84,86,97,35,49,108
8285,104,81,115,118,92,96,99,94,70,73,23,79,90,95,113,116,82,108,106,102,85
8286,107,90,86,78,109,110,79,92,119,116,94,30,80,117,104,76,52,10,108
8287,99,94,106,111,118,98,101,91,78,80,102,54,81,70,8,109,115
8288,91,108,73,87,99,119,83,113,75,90,86,85,102,88,79,109,82,25,10,74
8289,88,78,100,111,113,109,96,104,83,74,103,106,85,87,22,4,115,90,108
8290,76,75,94,70,79,118,91,109,111,4,103,117,95,93,87,106,77,104,85,100,3,101,119,88
8291,92,76,110,87,99,70,107,91,101,115,96,111,52,1,109
8292,112,98,86,88,118,115,101,109,110,78,83,76,74,116,91,105,87,93,117,60,29,79
8293,73,83,76,74,86,87,82,102,70,118,91,104,112,4,94,78,99,95,106,71,88,98
8294,118,76,27,108,100,115,98,107,85,95,87,96,111,49,73,80,68,117,119,83,74,24,110,88,103,106,89,81,75
8295,93,76,98,106,92,104,118,109,119,87,111,94,101,90,81,107,108,113,112,102,80,100,78
8296,78,119,85,113,104,90,116,91,88,76,109,110,106,79,5,33,115,51,65
8297,70,29,106,88,108,117,102,107,101,91,94,90,96,109,119,80,77,84,115,114,111,36,99,118
8298,113,101,85,70,90,78,74,75,102,107,87,94,106,118,109,73,67,83
8299,99,107,87,102,73,85,103,104,95,75,79,54,92,81,86,119,90,44,66,77,110
8300,76,54,93,118,116,100,75,73,113,70,29,94,105,47,63,88,85,4,115,51,61,59,24,112,78
8301,102,83,113,96,77,117,87,24,109,92,81,116,110,84,103,101,98,80,104,2,58,15,107,99,75
8302,107,108,29,102,101,115,96,90,117,73,12,79,80,88,85,113,15
8303,91,98,90,119,85,86,109,116,1,112,115,104,107,72,78,44,110,59,4,56,73,99
8304,119,96,76,115,98,88,74,73,116,1,94,70,112,87,101,12,78,113,86,80
8305,90,115,85,110,103,106,99,87,80,76,108,91,70,39,88,38,74,116
8306,73,76,116,109,82,92,103,91,119,115,107,78,94,112,4,108,102,87,83,80,100,111
8307,86,119,107,118,102,116,94,78,87,75,96,111,54,97,74,113,84,98,70,103,115,99,112
8308,113,4,112,70,110,99,109,85,117,76,116,94,91,83,90,119,75,118,108,88
8309,119,107,98,92,75,85,81,106,103,101,70,24,65,83,116,110,112,109,113,102,86,118,80,115
8310,106,91,113,88,94,102,116,98,117,74,101,118,96,107,78,112,93,82,31,25,80
8311,79,119,70,94,109,108,85,73,116,99,81,117,2,80,106,22,74,118
8312,74,91,112,70,109,110,82,90,98,76,115,78,106,92,87,99,101,19,80,86,84,116,9
8313,115,119,78,107,73,109,106,111,118,104,86,80,1,76,88,83,103,56,77,79,112,96,41,87
8314,78,117,98,102,75,77,70,76,110,82,96,101,4,25,111,2,61,114,99,55,73,119,20,69,88,33,79
8315,111,80,102,119,101,73,85,118,108,86,87,110,107,2,116,94,98,57,54,63,88,82,96,117,70,29,9,1,115,78,95
8316,99,76,111,3,98,109,95,85,102,72,15,21,54,65,58,80,119,75,94
8317,2,114,74,104,96,99,117,77,101,118,109,112,25,94,81,90,86,20,71,87,5,23,98,110
8318,90,102,74,91,75,94,99,46,73,78,79,110,100,101,104
8319,78,85,117,111,81,107,95,108,118,119,54,87,29,94,86,61,110,116,106,96
8320,81,91,112,86,85,73,117,70,77,74,94,26,59,101,103,113,14,12,99
8321,108,112,116,118,81,88,119,103,109,117,78,102,52,115,79,13,76,83,10,95,86
8322,109,88,99,112,119,80,75,91,74,70,116,4,96,56,54,73,107,97,83
8323,99,79,107,118,92,110,73,83,87,85,9,94,98,67,112,101,90,37,78
8324,113,104,118,91,77,74,81,103,109,78,110,116,88,101,96,86,73,107,115,99,85,63,82,47,38,79,75,94,92
8325,90,83,80,76,98,95,104,70,101,85,102,119,106,75,87
8326,115,106,101,70,81,95,85,98,78,76,1,119,111,116,80,107,31,108,87,117,86,91
8327,106,91,73,109,110,108,94,116,119,96,113,87,88,103,85,80,86,12,40,111,99
8328,99,116,85,98,81,96,73,76,111,12,24,74,79,88,119,106,80,83,90,77,92,46,109
8329,113,80,78,109,110,96,98,99,101,106,116,65,111,86,75,77,103,44,70,119
8330,78,98,76,91,108,77,103,80,88,95,83,92,18,106,119,113,86,61,90,63,100,79,118
8331,107,83,95,86,76,119,103,104,106,100,75,92,7,72,102,98,111,82,112,10,118,88,41,108
8332,111,80,74,88,86,119,77,110,91,81,99,4,64,113,39,2,11,107,83,19,78
8333,101,113,95,111,96,83,117,20,91,103,30,86,110,81,53,94,92,58,75,116
8334,85,116,111,81,4,76,96,98,109,79,113,82,117,92,75,78,108,83,70,101,112,94
8335,100,107,92,95,73,96,108,104,4,103,115,97,24,75,109,8,63,77,117,81,74,82,90,76,102,93
8336,114,85,90,5,98,119,111,86,77,112,91,115,70,78,57,29,96,117
8337,86,81,106,116,115,104,70,60,78,75,88,80,112,79,113,94,24,87
8338,87,113,108,85,117,98,91,116,95,111,110,82,93,119,67
8339,114,79,98,111,102,99,91,110,112,24,80,83,2,70,76,103,107,28,68,67,116,54,82
8340,73,118,77,83,116,90,111,75,76,74,2,108,112,107,98,15
8341,112,113,111,106,81,108,91,107,116,42,97,98,22,87,9,110
8342,86,108,111,101,98,73,119,107,77,117,112,75,96,97,109,70,90,83,18,110,94,80
8343,112,94,73,108,98,91,85,86,43,78,116,58,51,109,76,32,118,103,107
8344,111,96,102,92,98,117,81,75,112,103,110,57,90,63,74,101,70
8345,113,75,106,116,85,87,107,92,68,96,98,72,18,83,115,102,30,94,54,117,95
8346,83,107,103,80,79,112,90,70,1,86,77,104,117,75,119,82,89,57,43,114,94,108,111,106
8347,103,41,82,100,116,81,88,83,110,101,70,87,74,94,115,90,98,96,108
8348,102,80,88,101,113,117,116,54,108,109,76,86,77,70,74,94,95,87,73,3,112,64,118,91,90,110,2
8349,79,101,96,88,78,99,70,115,83,111,112,21,91,113,75,97,119,2
8350,119,79,74,89,92,80,116,98,102,117,48,96,59,49,23,108,2
8351,90,101,78,83,116,104,108,87,81,33,80,77,112,73,86,96
8352,79,76,96,70,115,111,85,98,75,107,81,73,112,117,118,99,90,80,104,106,91,83,77,88,87
8353,116,28,79,94,83,70,119,113,76,112,103,101,115,117,98,19,118,78,87,106,88,67,80,85,91
8354,76,107,86,119,70,85,88,99,91,103,82,74,100,117,87,79,96,113,80,6,95,112,73,116
8355,73,106,95,108,90,80,75,79,74,99,76,112,118,107,94,101,19,15,7,43,110
8356,116,103,110,86,85,76,113,98,119,56,108,59,92,57,91,87,101,94,90
8357,78,77,109,98,86,76,74,96,99,73,108,83,81,107,94,102,117,116,114,110,92,90,112,1,97
8358,74,108,94,88,77,86,79,92,91,2,24,113,16,101,98,85,80,109,96
8359,75,85,5,70,76,87,86,78,103,116,90,119,38,108,74,96,13,69,106,107,111,91
8360,111,110,82,106,73,116,101,109,88,103,86,10,74,85,94,90,75,9,87,79,115
8361,70,98,75,79,76,80,91,112,83,94,110,115,104,108,86,90,113,74,88,7,77,116
8362,78,92,115,94,80,116,99,77,103,47,85,101,75,95,66,106
8363,92,100,85,87,107,86,74,111,77,80,81,96,99,73,116,102,88,101,45,89,112,106,42,9,90,91,76,82,4,109
8364,70,116,83,85,108,102,99,109,79,115,107,82,81,95,111,94,96,78,86,46,105,90,65,112,6,77
8365,74,98,112,111,102,70,113,2,77,73,88,75,108,117,83,110,24,109,95,78,91
8366,85,29,111,94,98,88,74,118,102,119,75,81,52,86,109,91,100,76,73,64,110
8367,92,108,73,83,117,119,107,75,116,70,81,88,78,111,19,91,80,86,102,104,61,100,60,115,113
8368,117,74,118,104,70,85,107,103,73,87,4,116,78,98,2,12,64,101,18,88,43,110,1,96,26
8369,88,108,86,103,117,83,107,90,106,99,101,111,115,116,119,109,73,46,87,79,81,35
8370,119,90,110,118,81,86,117,74,88,4,106,107,102,104,83,101,82,109,85,71,108,69,78,24
8371,101,117,78,115,107,103,110,112,76,106,74,111,94,119,81,77,85,96
8372,78,75,88,119,111,76,73,99,74,112,110,33,108,64,93,106,43,98,87,102
8373,90,99,85,109,111,106,87,119,116,108,91,107,73,98,102
8374,118,92,119,70,96,111,86,99,110,24,108,87,63,81,91,74,100,112,73,82,27,76
8375,83,96,110,91,115,104,82,111,78,98,86,112,116,113,70,87,2,59,97,64,90,100,94,25,23,18,101
8376,111,115,85,86,102,103,83,113,117,82,90,91,88,92,1,37,21,112,45,26,87,35,99,24,96,100
8377,85,92,118,111,76,99,113,91,82,102,112,75,90,116,78,87,77,54,96,67
8378,110,83,96,94,77,80,73,74,79,102,104,88,38,99,41,116,43,118,91
8379,85,99,77,94,80,116,73,78,113,119,76,111,88,79,112,108,75,91,90,43,86,42,104
8380,113,92,80,73,70,117,118,107,85,86,75,77,90,109,119,81,78,102,99,94,31,114,116
8381,102,107,75,112,70,96,29,99,9,98,104,73,88,115,78,85,56,103,82,106,76,91,95,92
8382,108,87,102,117,113,81,101,83,90,88,116,85,76,104,112,24,109,72,82,75,4,54,92,74
8383,116,102,119,117,98,78,113,74,80,118,109,83,110,5,77,8,32,70,101,52,100,93,85,86,61,91
8384,118,77,74,91,80,103,79,110,112,83,96,76,107,113,101,75,115,90,13,24,46,99,95
8385,76,94,57,107,15,96,92,112,103,111,86,74,117,88,79,110,23,115,109,83,106,102,100,108
8386,88,81,108,87,78,118,115,95,92,100,117,35,119,110,96,112,55,91,85,56,90,98,77,106,13,64,70
8387,74,101,94,86,111,116,107,91,73,87,75,119,108,76,98,106,79,36,88,104,96,23,77,70
8388,112,77,68,113,78,96,80,109,110,90,87,85,119,118,75,74,86,89,107
8389,116,110,107,101,79,112,74,104,90,86,83,96,91,99,106,78,17,67,97,119,31,7,13,82
8390,115,101,73,104,76,96,110,106,103,78,88,80,86,87,102,79,38,112,7,99,108
8391,80,104,103,101,90,82,106,77,118,108,110,70,99,109,81,95,91,98,39,85,43,78,86,96
8392,29,101,119,110,83,113,102,111,91,33,96,79,46,109,99,117,80,10,78,115,82
8393,90,116,112,81,83,119,75,74,111,103,94,79,14,108,115,101,107,32,78
8394,90,99,85,80,104,102,73,78,101,15,1,77,96,91,92,67,12,86,19,75,103,116,82,61,93
8395,87,83,76,86,108,70,96,2,99,90,91,4,106,78,13,64,23,55,115
8396,86,118,108,78,75,104,88,87,115,109,113,25,117,81,90,5,116,12,80,77,20,92
8397,105,91,111,110,117,70,108,102,106,78,73,88,74,94,116,79,98,101,10,16,104,113,56
8398,110,117,101,102,83,108,92,111,91,96,88,107,94,22,116,99,86,78,112,106
8399,80,74,107,83,98,86,91,88,113,94,110,119,109,96,75,99,118,90,81,92,101,111,77,58,112,8,95,20,116,63,108
8400,80,81,77,88,101,118,108,112,99,92,70,104,42,1,74,110,82,3,105,90,5
8401,87,108,119,98,96,75,77,86,113,79,109,80,82,104,100,85,111,117,112
8402,85,76,79,88,102,107,86,29,75,2,83,103,109,116,82,111,26,98,22,80,95
8403,76,92,94,91,112,117,110,82,87,108,119,103,102,2,115,98,74,10,57,90,79,118,40,97,113,101,109,100,107
8404,73,115,76,98,95,80,108,109,99,94,74,70,101,90,119,112,50,118
8405,108,115,109,106,79,4,102,76,91,85,73,112,70,78,58,47,87,101
8406,2,109,98,112,92,82,99,90,102,100,88,104,96,119,87,74,25,111,13,107
8407,111,74,87,101,91,116,110,70,80,106,4,2,115,90,107,61,92,97,118,34,98,81
8408,77,82,92,105,102,94,99,109,83,117,113,86,93,11,2,96,112,106,23,115,108,98,79,85,76
8409,77,88,110,96,106,70,109,98,94,81,92,102,113,118,35,104,47,79,90,57,62,29,91,89,22,108
8410,100,101,75,103,104,73,94,79,70,91,42,92,87,95,102,20,118,115,78,43,40,82,90,119
8411,99,85,119,80,118,112,92,104,96,74,25,72,4,111,77,79,107,113,94,116,115
8412,81,116,115,75,111,74,73,112,87,94,101,86,2,20,95,13,80,106,3,103,43,118,76
8413,74,78,87,90,109,113,119,99,73,79,105,103,96
8414,104,86,110,112,87,85,109,91,108,103,93,99,71,11,117,95
8415,70,117,74,103,86,91,98,29,104,81,94,99,87,116,111,109,79,115,113,118,35,107,55
8416,118,110,81,94,85,98,79,101,112,91,109,11,26,16,92,104,111,108,6,99,47,117
8417,78,107,85,92,87,76,96,110,104,58,69,63,25,111,109,86
8418,107,87,108,110,90,117,102,76,83,112,118,85,58,101,70,115,95,40,77,41,22,119,91,23,99
8419,88,81,73,76,74,86,96,101,110,90,83,91,80,119,48,5
8420,118,87,116,88,80,79,96,108,101,85,91,117,86,83,94,113,111,98,110
8421,108,88,115,118,103,87,119,70,91,104,94,82,111,102,96,76,74,67,90,77,109,101,75,68,117,95
8422,119,109,106,115,112,116,103,82,5,110,85,92,105,74,75,102,87,83,118,88,77,107,1
8423,93,106,118,110,117,77,101,112,78,116,74,104,113,99,73,96,107,97,35,63,80
8424,77,80,118,111,73,78,74,109,94,110,76,98,92,75,106,23,15,96,55,79,116,64,113,115,35,82,66,112
8425,73,96,110,119,78,80,106,98,75,101,108,90,94,86,91,41,99
8426,85,116,96,101,79,78,98,119,94,76,80,2,74,77,107,10,24,99,81
8427,119,112,94,98,74,106,1,99,46,80,87,66,96,57,75,117,101,118
8428,92,113,111,77,104,109,119,85,81,76,100,110,28,112,67,1,86,106,116,10,108
8429,29,98,78,110,31,94,107,86,76,91,75,90,99,96,118,2,92,119,113,115,116,88,64,4,87
8430,2,73,119,79,118,91,101,76,3,70,109,116,104,80,86,77,115,112,75,98
8431,96,85,76,107,111,92,88,112,110,109,75,102,115,98,87,97,86,106,8,70,74,31,93,83
8432,106,114,78,113,75,96,91,77,119,94,54,80,112,86,105,20,37,99,118,90,72,111
8433,88,54,110,78,96,116,119,86,73,108,77,101,75,81,15,51,92,83,31,118,87
8434,92,81,87,85,79,78,103,70,94,107,65,22,116,99,118,73,5,75,111,19
8435,111,78,91,86,118,96,92,117,83,116,108,115,110,102,103,101,80,87,104,97,95,93,113
8436,95,73,108,119,86,103,99,98,106,80,77,87,83,115,61,111,45,97,38,92,76,28,70
8437,88,118,75,79,101,110,98,119,77,92,56,74,90,86,111,104,78,107
8438,111,119,116,79,78,96,88,98,108,32
8439,87,83,99,108,102,104,76,101,74,113,118,105,116,86,119,109,88,107,117
8440,91,74,76,75,109,115,90,116,81,119,95,46,102,112,86,98,78,103,87
8441,118,82,75,76,101,96,86,106,92,74,99,87,94,104,112,110,85,73,81,91,68,56,88,119,102,4,41,107,15,116
8442,87,86,77,80,101,109,96,76,116,85,25,70,88,6,108,78,79,99
8443,94,111,86,119,70,98,102,88,101,109,96,81,74,110,97,99,10,118,106,104,115
8444,101,112,75,118,115,91,74,86,97,81,47,110,114,73,95,32,98,58,18,20,117,100,83,22,109,105
8445,102,111,119,74,107,118,78,112,116,103,87,29,91,22,96,88,101,113,24,73,85,90
8446,110,98,112,108,96,79,91,74,73,57,85,88,116,99,111,77,75
8447,110,99,76,86,118,92,107,75,113,98,101,78,108,119,85,116,61,96,80,73
8448,54,87,110,80,111,118,119,83,79,108,23,16,70,115,63,104
8449,88,106,99,107,96,74,117,108,109,118,90,114,97,116,104,100,86,76,68,20,98,36,9,66
8450,112,107,118,91,85,86,99,119,24,90,110,81,116,109,92,80,2,74,48,75,3,115,103
8451,78,98,112,104,77,119,95,117,99,88,85,100,90,1,113,106,94,74,76,70,115,81,101,2,5,83,11
8452,83,80,109,101,118,110,113,91,87,75,90,119,73,77,82,108,36,111,76
8453,94,83,104,85,95,76,112,106,80,113,116,99,20,82,81,90,92,88,107,75,86,43,79
8454,98,85,75,78,109,102,95,91,99,79,77,110,118,14,115,108,111
8455,73,93,88,96,70,111,113,92,77,118,117,98,91,116,95,1,109,107,24,86,102,106,110
8456,111,78,108,104,79,37,24,119,112,17,109,98,76,86,87
8457,110,73,115,109,81,99,94,92,79,74,118,82,83,113,90,88,78,96,2,77,87,101,105
8458,74,80,119,115,109,107,78,77,79,114,85,116,95,81,108,103,88
8459,93,73,101,91,79,88,119,87,81,108,90,1,116,54,100,77,98,76,47,12,106,112,99,115,113,37,15,2
8460,102,87,94,115,90,96,80,81,104,106,82,103,93,117,24,73,109,70,88,74,47,98,49,83
8461,74,87,109,79,101,76,110,78,118,92,94,108,96,86,47,90,77,97,107,91,102,63,2,70,22
8462,81,92,70,116,108,99,73,83,98,96,103,88,113,74,39,86,119,115,90,78,75,91,100
8463,115,73,70,112,87,98,74,106,107,119,96,90,82,81,23,97,92,80,67,19,108
8464,91,92,76,104,110,115,106,86,87,117,116,112,119,60,11,96,99,15
8465,110,96,86,24,115,94,78,108,112,75,71,80,104,101,4,15,95,77,5,107,92,106
8466,107,110,78,113,106,76,86,96,118,70,87,112,101,83,32,80,73,77,119,88
8467,78,113,85,101,108,111,107,119,70,106,99,69,87,104,77,90
8468,74,110,103,104,117,118,111,115,116,79,92,39,90,119,32,81,78,102,114,86,95,94
8469,101,119,73,98,94,104,113,117,107,75,106,115,81,90,109,78,40,61,85,79,32,29
8470,94,104,119,98,91,108,79,70,103,83,99,86,88,92,85,106,113,60,76,21,115,110,68,101
8471,81,102,109,113,87,108,76,75,78,93,98,110,115,103,106,91,112,7,94,90,111,67,6,83
8472,110,91,87,103,7,96,107,73,83,102,88,69,70,116,109,78,118,117,81,86,9,77,108
8473,80,88,87,103,107,96,118,74,92,106,102,98,113,110,81,75,111,73,116,76,119,101,100,109,24,117,82,86,95
8474,74,99,95,94,112,70,103,119,110,92,113,118,4,117,90,30,91,80,76,33,106
8475,107,29,78,110,106,119,75,87,92,99,118,96,113,111,91,53,108,77,6,71,102,81,79,117
8476,109,116,118,104,75,88,96,98,77,78,90,52,108,70,85,102,54
8477,101,117,110,109,82,70,87,77,112,7,73,78,81,79,96,76,91,92,83,113,19,9,74,75,50,115,103
8478,108,2,70,96,112,102,106,75,113,109,83,118,110,85,111,98,100,73,101,107,20,88,5
8479,90,96,73,110,111,109,108,107,80,75,70,94,112,106,86,97,76,101,78,46,2,119,105,4,113,92,71,82
8480,88,85,83,115,119,87,70,77,90,102,114,98,79,117,97,81,3,116,112,110,99,4,94,18,82,15
8481,104,86,91,70,119,75,103,94,112,95,110,80,85,106,116,2,108,87,90,88,117,78
8482,88,91,99,75,90,103,95,87,92,76,102,109,4,83,70,85,62,54,98,45,112
8483,82,92,110,70,95,102,75,96,99,117,104,81,76,83,101,116,4,109,74,79,94,112,77,98,55,115,106
8484,81,96,109,70,117,118,73,112,24,116,94,110,74,65,95,106,101,11,111,119,115
8485,93,117,70,111,76,110,99,100,88,92,81,118,101,109,96,95,82,98,102,97,107,86,103
8486,74,4,112,119,85,94,83,102,87,115,1,89,110,48,109,106,100,88,73,64,80,86,96
8487,80,86,90,74,81,94,82,107,88,55,112,76,117,73,100,101,34,92,91,116,10
8488,76,101,78,116,107,74,111,115,118,112,103,113,83,90,80,117,104,106,75,97,30,9,95,1
8489,96,107,99,116,86,75,101,115,110,77,119,79,74,88,95,81
8490,113,93,75,96,73,88,116,102,80,109,78,118,83,3,107,79,101,108,70,87,22,33,98,21
8491,103,113,81,108,99,95,110,77,106,119,78,79,90,96,75,93,92,88,6,13,7,2
8492,111,99,81,12,76,118,57,98,94,40,61,56,102,86,77,73,119,75
8493,29,107,82,110,75,117,86,80,70,99,118,74,101,116,115,88,112,90,105,83,78,92,76,63,18,56,104,96
8494,87,70,85,88,98,106,74,108,116,77,78,79,86,73,25,90,118,50,17,80
8495,109,42,106,70,78,99,85,116,87,91,90,88,118,74,94,108,107,113,119,32,111
8496,74,117,83,80,104,116,101,118,108,70,94,87,76,109,111,78,99,86,60,95
8497,79,96,119,116,74,95,75,90,98,77,88,78,24,76,83,107,115,56
8498,94,99,119,110,74,108,73,115,83,113,112,86,116,106
8499,117,92,106,93,76,118,79,107,109,96,90,104,78,21,81,101,5,83,10,37,86,115,98,34,73,19,88,112,116,66,111,100
8500,76,90,70,113,91,104,108,115,79,101,119,74,7,88,94,96
8501,110,119,99,86,85,112,98,102,92,70,78,80,76,90,8,77,106,4
8502,87,108,22,112,101,70,80,94,97,4
8503,101,91,110,75,99,103,94,118,96,70,62,87,117,111,68,106,112
8504,75,112,78,98,118,88,80,74,113,86,81,109,119,108,104,73,106,116
8505,98,106,73,87,108,94,90,101,50,97,35,112,99,20,91,10,116,92
8506,87,75,76,86,99,91,81,80,117,77,110,35,16,116,118,55,83,74
8507,101,79,76,75,111,109,92,118,98,80,104,83,2,115,97,70,94,93,103,87,73,74,78,107,86,90,9
8508,96,110,117,86,112,98,73,99,76,87,119,85,91,95,88,70,116,107,103,106,82,75,67,53
8509,99,118,92,103,104,81,24,79,2,102,82,101,117,110,77,115,91,22,73,95,83,70,58,69,98,112
8510,74,80,104,103,112,117,73,76,119,108,94,109,33,75,91,93,22,111,96
8511,96,94,98,79,113,116,86,75,24,70,99,117,80,87,106,77,81,68,101,104,107,119,85,111,91
8512,82,111,87,70,110,113,119,99,116,90,75,78,98,101,88,65,103,106,4,5,108,28,73,102
8513,99,86,91,108,112,119,80,118,94,101,77,88,73,78,87,109,102,115
8514,73,82,118,98,79,90,95,110,101,96,80,116,83,86,87,100,74,97,109,2,54,1,75,76
8515,107,113,115,117,111,118,78,103,91,77,112,82,28,54,73,81,92,7,85,106,108,104
8516,110,75,107,104,88,87,116,73,85,113,98,74,109,117,101,55,102,82,99,91,23,57,81,95,58,106
8517,83,119,87,76,107,77,54,79,96,95,4,75,111,93,102,92,6,16,109,118,91
8518,92,102,107,80,104,91,79,106,103,116,94,78,88,110,74,90,109,87,98,119,3,95,101,73,118
8519,85,116,76,78,101,115,104,88,107,70,98,113,75,86,119,111,40,99,106,83,34,74,96,10,95,82
8520,112,77,92,91,101,82,88,99,110,94,97,111,103,65,117,33,6,86,102,22,7
8521,115,81,99,73,76,82,93,88,83,117,80,87,107,85,102,106,118,108,90,34,101
8522,119,98,83,110,107,82,109,90,81,76,85,113,99,116,91,78,93,73,106,112
8523,80,109,78,119,116,88,118,111,96,102,81,74,92,73,101,79,99,12,103
8524,108,70,63,113,116,101,83,73,96,80,102,26,111,81,110,19,77,91,94,72,118
8525,117,109,73,95,82,77,93,116,75,102,74,90,92,79,87,110,66,70,103,83,30,10,24,17,80,100,31,20,111,106
8526,90,111,78,76,109,116,4,108,101,99,96,106,117,87,74,100,73,88,77,104,24,2
8527,82,77,112,103,105,73,92,119,79,116,28,80,87,104,75,23,113,89,83,38,86,10,108,65,94
8528,111,94,110,88,86,24,70,81,87,90,75,117,115,113,67,60,8,42,80,93,73,83,85,20,45,108,109,116
8529,75,106,110,46,66,88,83,96,113,47,105,111,116,99,108,76,74,81,68,86
8530,74,90,92,110,99,112,98,104,96,94,108,70,93,115,78,111,83,1,41,109,81
8531,73,23,112,88,85,111,118,103,110,107,115,75,76,94,117,99,89,101,97,57,78,87,51,54,113,100
8532,86,88,96,119,75,98,91,110,90,108,70,72,118,111,78,92,106,103
8533,104,82,78,90,109,98,75,81,17,111,83,80,9,49,108,88,116,19,107,86
8534,106,110,96,104,75,99,70,78,102,113,76,5,117,109,111,83,85,100,45,101,112
8535,103,102,70,88,2,119,78,82,96,106,75,74,94,24,81,80,76,86,55,84,90,100,109,93,79,91
8536,115,91,78,83,110,112,99,80,74,102,103,96,79,113,98
8537,115,108,119,79,82,77,107,93,81,90,99,73,91,102,116,118,113,95,5,80,24,40,112,78,106,109
8538,86,110,109,88,119,81,107,57,118,74,78,76,108,91,61,103,69,116,96
8539,78,74,87,112,108,81,98,107,109,82,77,75,80,106,72,90
8540,77,118,78,108,119,86,85,91,116,87,110,73,80,99,24,109,115,104,82,31,89,100,79,74,70
8541,115,98,118,88,73,113,76,96,101,82,111,79,103,112,102,83,108,75,116,2,33,95,11,106
8542,94,81,101,98,88,118,75,80,86,79,36,90,68,119,113,82,115,117,74,12,105,110,103,104
8543,77,76,118,78,85,119,102,98,103,81,79,70,74,45,113,69,92,87,95,93,49,23,112
8544,116,90,74,106,85,88,99,70,79,103,76,115,72,117,119,75,91,2,80,108
8545,74,76,96,83,109,81,91,98,117,118,2,38,87,110,102,113,86,55,111,115
8546,70,115,85,79,96,119,113,73,77,91,90,19,106,80,99,56,108,111,110,93
8547,119,103,113,118,78,91,111,102,101,77,66,86,74,108,114,30,106,87
8548,111,107,109,110,96,81,98,90,102,101,88,68,100,73,46,39,118,99
8549,99,107,96,95,117,54,87,94,109,90,113,119,85,118,98,78,77,73,55,13,83,15,79,111
8550,86,96,79,102,74,70,111,75,76,73,110,90,78,27,112,107,85,92,99
8551,106,87,98,96,79,104,115,93,85,103,77,112,64,94,105,48,88,5,25,113,10,76,83,118
8552,78,91,99,110,118,104,74,77,76,109,24,119,96,66,108,88,80,107,113,117,106,2
8553,103,104,113,97,73,117,91,81,98,110,116,95,79,85,99,77,83,94,80,82,109,57,118
8554,98,118,4,108,77,107,94,110,85,109,106,70,76,75
8555,107,98,112,79,81,119,85,110,108,96,111,94,83,95,104,88,91,66,106,118,89,109,92,68,13,73
8556,91,102,78,103,107,86,90,104,94,87,34,108,112,79,57,73,118,27,119,100,77,114,82,4,76
8557,113,86,81,119,80,74,107,85,109,115,91,97,101,103,4,73,117,99,98,76,78,82
8558,116,88,99,86,95,78,85,70,98,113,73,106,109,74,24,94,117,7,56,115,108,23,81
8559,78,74,70,111,103,104,83,118,115,49,80,73,108,63,35,87,117,79,113
8560,101,111,94,86,108,113,118,67,96,109,80,97,110,15,73,13,70,88
8561,73,24,88,75,103,118,99,109,119,96,54,20,110,111,98,91,92,87,115,74,5,101,117,94
8562,90,115,87,76,96,110,92,74,99,73,79,98,111,109,112,42,65,80,58,106,78
8563,93,85,101,110,87,88,91,75,113,81,70,2,80,94,79,82,118,67,69,86,108
8564,107,94,73,80,98,101,111,70,106,113,75,115,99,118,85,87,104,92,119,103
8565,90,86,91,87,85,96,73,112,115,106,88,117,78,94,108,83,15,116,36,50,103,10
8566,76,74,116,117,115,101,77,102,106,88,81,111,97,13,79,104,94,15,95,103
8567,98,108,118,99,73,96,90,104,111,76,109,112,119,103,79,71,78,85,102
8568,117,75,83,109,119,93,102,118,21,112,81,113,1,73,115,108,79,82,96,74,111,4,76,116
8569,76,119,88,75,86,102,74,103,118,95,82,110,80,91,87,92,114,94,85,68,108,77,47,70
8570,79,115,43,77,102,101,98,95,93,109,85,76,75,99,83,78,92,113,24,40,82,108,91,105
8571,86,87,77,75,94,83,91,70,74,103,108,110,118,104,101,65,116,117,5,113,93,112,76
8572,73,96,79,116,111,90,85,113,98,108,41,80,99,75,57,76,83,110,102,29
8573,112,107,88,96,106,83,118,117,98,73,104,94,80,92,99,113,72,4,1,86,75,77
8574,98,106,96,99,73,87,91,101,107,79,24,78,33,57,70,90,43,81,102,19,83
8575,113,81,106,99,91,115,93,97,83,90,107,111,78,26,118,109,80,92,117,41,98,119,95,100,86,102,1
8576,82,78,80,75,101,108,112,115,86,98,100,107,83,99,74,109,106,28,20,73,92,65,87
8577,75,111,73,83,98,70,99,76,107,100,96,86,118,119,115,93,92,78,16
8578,101,106,110,118,78,54,113,99,74,91,70,15,8,96,100,86,97,109,79,45,77
8579,86,8,77,88,83,96,92,103,80,87,118,98,115,116,105,36,112,101,117
8580,75,111,109,101,110,113,78,86,115,118,73,90,74,70,2,66,95,114,82,76
8581,80,91,85,103,77,116,98,92,96,94,104,119,87,10,76,107,115,113,40,38,99,52,7,117
8582,83,96,73,76,106,92,113,109,94,104,54,70,119,87,110,116,108,78,97,98,115,85,91,74
8583,75,110,78,112,106,118,90,74,119,108,101,107,88,83,103,76,19,85,8,94,26,54,98
8584,29,88,83,109,111,80,90,87,92,74,78,75,24,32,118,51,18,108,98,100,119,95,81,103,106
8585,94,112,88,83,85,119,109,64,111,113,52,118,66,73,49
8586,73,86,113,85,112,90,80,93,87,82,119,74,118,7,103,94,79
8587,79,91,113,107,118,96,100,108,87,112,66,34,25,80,110,78,109,4,36,32,90
8588,75,77,94,102,86,108,81,101,79,90,96,92,99,73,119,23,91,111,113
8589,109,98,99,87,119,83,85,101,118,52,58,86,75,42,77,111
8590,91,79,74,112,116,103,102,78,73,94,63,3,86,4,107,96,109
8591,113,85,102,87,107,97,110,91,81,101,88,104,111,3,69,94,103,118,115,22,116,7
8592,106,103,85,102,91,111,96,88,108,70,78,116,74,9,112,75,92,73
8593,114,119,98,106,77,94,111,10,86,87,113,85,92,33,70,103,115,59,84,116,108
8594,118,107,73,103,75,88,112,83,111,96,78,70,101,93,98,100,79,113,117,99,119
8595,92,90,104,94,106,107,112,75,101,96,76,98,110,102,109,7,27,85,83,78
8596,74,79,83,109,85,86,107,112,104,96,92,116,12,75,106,77,9,101,87,110,111,4,73,2
8597,83,87,73,77,75,78,99,109,88,82,39,80,47,28,46,113,101,115,118,51,111
8598,106,81,102,86,107,108,95,94,77,104,54,83,70,103,80,110,24,116,96,91,111,76
8599,88,91,96,107,54,112,113,74,92,36,76,56,111,43,108,87
8600,109,75,112,99,111,103,117,36,87,73,110,91,83,90,101
8601,96,87,82,93,101,76,86,113,106,78,103,99,79,109,100,111,69,88,43,73,75,83,36,60,90,114,80,39
8602,79,5,70,103,109,85,108,73,83,117,119,118,92,102,41,12,88,90,82,113,100,105
8603,83,108,100,80,9,24,112,115,101,75,70,98,77,93,106,2,119,86,96,73
8604,78,116,83,117,79,81,115,87,103,109,76,106,73,108,110,100,75,101,70,107,91,104,97
8605,82,103,109,113,110,28,77,5,104,85,99,107,70,116,73,6,111,92,115,86,94,78,21,106,74,22,91,26
8606,87,113,99,75,74,103,110,117,88,94,83,86,5,51,115,80,55,64,12,97,91
8607,99,116,118,73,110,119,88,108,75,97,39,94,54,98,115,81
8608,87,81,102,82,118,92,77,111,115,79,88,96,112,74,99,66,75,98,116,103,109
8609,77,96,103,104,99,88,94,4,113,112,81,10,54,82,56,111,62,93,87,75
8610,111,39,70,87,85,108,113,96,52,101,80,98,106,2,18
8611,103,116,115,94,104,110,112,106,85,86,101,108,92,44,111,91,28,88,99,78,82
8612,86,94,106,76,108,98,113,96,115,109,118,117,82,90,105
8613,104,106,74,99,109,92,101,111,86,110,112,73,93,90,79,95,113,88,85,91,43,77,23,96,75,78,31,108,15,80
8614,109,82,75,94,81,83,87,113,93,112,77,2,101,97,99,119,24,88,100,78,71,118,74
8615,111,104,118,112,101,109,74,99,107,90,97,78,29,110,6,108,115,46,2,54,80,86,102
8616,116,74,87,80,111,91,102,73,106,92,42,98,85,105
8617,77,104,98,90,103,81,86,108,1,107,100,28,47,23,78,93,118,75,87,106,116
8618,111,87,96,119,116,78,115,77,108,75,104,79,4,90,85,83,7,91,66,45
8619,107,24,118,78,2,103,90,111,96,79,97,82,100,110,7,26,80,49,75,93,9,70,86
8620,74,79,109,85,5,91,75,90,96,115,116,7,77,103,118,80,26,29,87,113,92,105
8621,87,75,111,86,106,74,94,88,113,30,104,53,101,91,97,93,107
8622,99,86,101,106,90,83,80,81,102,87,104,72,7,79,78,111,73,77,88,24,84
8623,117,96,87,75,80,115,107,102,99,77,118,103,29,108,113,74,86,66,116,70
8624,118,109,92,79,100,85,4,110,101,113,107,1,73,78,119,76,86,10,96,87,2,9,49,117,95,24
8625,88,102,104,99,73,111,112,96,115,81,76,87,79,101,85,12,91,106,118,108,109,78
8626,90,101,86,80,75,87,77,70,74,94,4,110,111,109,118,49,115,97
8627,113,74,90,88,78,70,112,116,96,47,110,82,92,60,68,75,117,111,77,63,102,115,21
8628,102,75,90,118,88,110,73,119,74,91,86,80,2,108,83,112,111,79,82,101,106
8629,80,96,98,76,70,118,110,106,95,113,82,86,116,4,109,75,79,91,74,77
8630,94,88,83,97,119,82,113,115,112,92,111,75,100,77,117
8631,116,77,73,102,111,94,76,2,92,80,86,101,57,96,109,3,107,83,66,103,87,85,97,108
8632,117,76,95,118,70,74,75,113,99,102,116,44,112,56,115
8633,119,112,83,96,75,76,85,117,24,86,62,79,88,102,43,103,104,49,82,21,115,12,94
8634,7,96,107,117,98,94,104,87,112,78,24,99,81,75,103,115,109,118,88,106,80
8635,88,115,109,82,119,107,87,80,81,100,112,75,108,106,96,93,49,101,118,110,90,43,98
8636,117,110,96,115,85,92,91,75,90,66,88,101,102,60,86,54,111,112,76,87
8637,112,104,78,115,95,110,81,98,76,87,109,75,64,67,108,90,94,116,106,58,82,10,101,24,80,91
8638,85,91,109,88,104,75,118,115,76,99,101,119,96,82,15,41,107,78,13,97,113,44,14,90,108
8639,81,100,95,90,107,119,112,80,88,91,103,106,99,63,58,108,82,118,7
8640,88,73,96,112,119,77,116,106,108,110,85,101,91,83,118,27,90,109,17,111,117,74,75,98,115,103
8641,98,99,76,104,115,117,87,74,86,118,107,111,94,73,108,65,83,62,109
8642,87,77,119,111,98,117,115,118,110,104,102,74,94,93,76,92,82,63,75,91,78,43,24,68,103,71
8643,102,86,90,83,106,119,80,117,85,104,98,99,109,20,87,88,108,112,75,31
8644,116,77,108,118,112,4,90,76,101,111,85,104,113,21,54,117,74,115,95,109,98,60,91,88
8645,103,75,96,90,88,115,82,110,114,73,101,108,13,98,8,38,119,85,80
8646,112,106,75,107,78,99,83,73,70,117,98,119,101,91,92,17,118,7,20,111,81,110,50,108,65,76,88
8647,117,83,109,112,77,92,75,81,116,106,78,111,73,79,80,110,108,57,65,8,70,94
8648,97,74,108,86,85,112,77,76,118,95,100,69,113,94,73,109,83,63,87,80,4,98
8649,74,94,96,70,101,73,117,86,90,116,87,91,113,111
8650,73,85,78,107,96,112,80,94,118,101,111,106,4,90,98,54,61,109,86,119,117,87
8651,112,87,75,110,106,99,102,103,85,89,81,10,86,116,92,94,104
8652,29,116,90,117,106,52,112,78,46,87,5,41,119,108,86,43,115,104,83,81,70
8653,98,91,116,108,101,80,75,29,111,109,73,69,86,74
8654,77,78,80,87,90,73,103,111,70,85,88,86,42,112,94,118,6,113
8655,78,98,76,100,83,85,111,93,77,104,106,101,74,70,115,94,58,119,108,81
8656,85,94,118,106,115,101,79,116,108,80,31,78,99,110,113,74,38,75,89
8657,24,83,117,87,85,99,101,88,86,70,77,30,82,98,74,103,94,2,107,106,109
8658,85,96,92,101,87,117,112,104,110,90,91,83,118,99,113,35,106,51,103,76,70
8659,108,104,80,78,79,75,119,118,82,85,110,90,77,92,109,100,41,73,24,103,83,74,111,19,116,101,96
8660,90,116,83,88,117,86,110,79,81,74,82,101,107,103,92,38,102,114,100,99,119,80
8661,115,102,74,98,83,86,117,112,113,110,90,4,79,44,111,106,94,85,82,95,119,72,99,15,118
8662,79,57,94,80,99,87,86,108,111,112,98,44,119,76,56,16,101,77,102
8663,76,112,113,98,73,4,107,79,104,94,106,77,111,96,109,110,74,65,2,100
8664,85,94,111,109,99,76,74,86,108,70,2,10,110,83,44,77,79,96,113
8665,117,77,79,113,111,116,99,104,112,107,118,81,86,90,80,110,82,87,119,74
8666,110,101,87,88,75,115,39,116,80,111,73,90,94,96,113,108,19
8667,116,90,98,77,75,87,86,103,83,80,49,16,119,100,99
8668,109,116,73,96,111,90,19,92,85,112,78,87,118,107,5,99,104,97,86
8669,107,87,110,96,103,101,88,91,78,81,83,70,108,85,118,117,94,61,90,115,106
8670,96,83,108,76,90,110,73,78,46,102,109,119,98,4,74,21,104,114,32,17,75,95,93,38,112,91,94,116
8671,111,106,116,112,85,78,101,90,96,113,70,2,79,33,118,102
8672,115,107,93,78,111,90,98,80,92,76,102,73,116,112,70,99,109,75,106,95,28,91,34,110,72,117
8673,83,87,88,78,101,81,79,75,92,104,24,82,85,119,74,13,107,60,62,5,90,118,46,43,76,73
8674,95,116,57,108,82,98,119,99,20,87,100,94,90,96,85,83,75,91,1,44,111,24
8675,96,107,28,97,117,118,30,4,83,99,94,51,104,116,87,108,93
8676,106,98,101,79,83,108,116,96,85,90,97,118,73,75,114,7
8677,87,113,98,117,101,106,116,45,119,94,92,72,86,57,2,107
8678,57,82,101,118,103,119,77,97,95,2,7,91,55,102,80,106,100,93,113,9,92,65,75,110,87,43,81,74
8679,112,108,113,96,70,79,85,101,76,80,109,78,38,41,115,60,92,57,98
8680,74,106,83,79,99,70,110,76,96,118,2,9,100,81,4,78,49,86,95,98,75,91,112,80,119
8681,110,116,103,109,115,101,106,99,108,90,91,86,112,87,94,76,81,7,77,17,78
8682,110,118,86,87,74,91,96,78,80,102,113,75,103,85,88,106,73,105,115,76
8683,85,80,88,119,116,110,73,107,112,74,70,113,98,106,75,117,96,78,24,104,103,83,2,30,4,82,90,87
8684,77,87,118,101,91,79,109,104,83,86,45,98,70,78,96,80,68,111
8685,112,116,118,83,119,102,86,85,77,58,81,13,39,80,113,99,108,88,101,76,105
8686,104,75,112,108,113,102,54,86,91,70,119,110,73,117,94,43,116,90,80,74,109
8687,79,113,110,75,73,118,119,103,85,111,81,96,99,78,112,18,108,102,101
8688,101,73,91,118,81,86,83,106,2,24,74,88,96,113,115,102,62,110,112,19,61,90,117,108,109,116
8689,102,108,103,91,79,116,96,83,73,119,101,115,81,95,66,118,117,113,15,60,88,74,86,106,98
8690,94,79,76,81,107,111,92,112,103,91,86,74,72,39,117,73,95,116,49,83,108,93,119
8691,79,65,73,98,91,112,4,75,115,106,92,77,107,113,78,72,5,99,23,88
8692,107,110,92,80,91,73,113,76,117,74,88,79,102,77,94,106,109,87,82,118,83,85,103,101,81
8693,113,70,110,88,106,112,83,81,98,101,119,78,77,108,107,32,76,84,99
8694,113,73,89,87,94,78,95,10,109,85,106,110,104,70,79,119,103,75,90,11,111,74,83,98,2
8695,85,83,92,75,79,20,109,80,113,77,95,88,96,115,101,102,99,74,98,53,31,2,107,24,103,16,94
8696,85,104,119,87,102,111,107,116,79,108,113,75,93,96,101,103,118,98,109
8697,94,117,107,79,98,77,70,73,104,118,109,85,103,83,115,101,97,90,95,24,62,21,4,100,86,108
8698,90,99,78,96,118,87,108,103,80,116,4,106,70,104,65,117,74,110
8699,86,88,91,106,115,99,96,78,87,75,30,77,117,83,85,7,101,108,79,119
8700,96,88,70,116,78,83,112,79,115,92,76,85,109,103,94,108,113,87,4,110,90
8701,86,116,75,104,98,73,94,107,79,77,106,91,80,88,118,2,15,112,70,89,105,87,119,22
8702,96,98,90,116,104,118,75,2,92,111,115,112,103,4,108,70,78,77,74,94,110,23,55,99,107,13,87,117
8703,117,90,96,93,79,92,95,5,101,97,98,104,91,107,119,29,118,99,6,75,116,2
8704,93,102,83,76,95,114,30,117,106,92,46,33,67,1,37,107,88,70,2,112
8705,109,110,112,80,99,73,115,96,78,74,18,102,101,70,86,91
8706,90,85,78,96,116,117,111,76,110,119,86,103,6,2,4,99,44,97,102,24
8707,94,113,85,83,92,98,117,102,95,76,111,96,87,110,74,69,33,37,107,88,73,108
8708,4,88,106,73,101,90,75,109,86,83,63,113,71,87,107,99,77,78,74,108,91,57
8709,104,74,73,91,77,80,70,93,87,117,85,22,106,88,14,98,86
8710,103,115,106,93,118,112,75,102,77,87,101,113,86,83,100,78,68,76,98,111,74,7,73,96,99,80,90,119
8711,75,74,107,106,73,113,115,24,83,98,70,50,9,119,88,29,22,118,77,54,99,23,117
8712,107,77,85,87,101,96,108,110,109,106,111,78,8,79,55,113,99,95,42,20,9,67,88,112
8713,103,112,79,88,110,115,104,109,96,111,78,87,94,106,21,92,90,28,101,2
8714,81,94,118,98,111,116,82,104,79,96,78,87,74,93,90,101,102,109,2,110,52,24,77,95,107,83,97,85
8715,70,103,111,86,117,73,108,99,101,87,76,115,118,98,37,90,47,34,110,62,100,80,113
8716,75,79,77,85,118,103,95,90,24,109,44,104,9,88,117,110,105,94,42
8717,118,116,106,86,73,117,75,88,77,83,115,99,80,98,61,52
8718,109,102,115,82,4,101,106,103,77,112,87,93,113,75,74,119,85,91,107,73,117,29,49,78,54
8719,114,113,101,81,74,116,83,104,102,117,82,80,79,111,87,119,108,95,98,78,85
8720,82,74,116,110,76,112,109,113,104,92,108,80,101,79,85,81,106,70,111,88,119,103
8721,90,73,103,83,104,102,116,99,92,119,113,115,107,109,101,96,70,4,24,112,118,9,11,76,75
8722,96,111,93,113,70,83,119,112,91,107,99,100,88,86,110,116,73,81,97,108,106,76,85,22,104,98,19,95,77,90
8723,96,116,82,99,75,86,80,103,81,77,73,88,91,110,118,43,2,114,7,70
8724,106,81,118,107,96,70,73,88,108,115,85,79,117,67,101,104,26,94,80,98
8725,119,110,99,76,116,111,74,98,85,75,118,86,64,81,14,102
8726,93,108,85,110,76,83,115,99,75,109,103,104,70,86,90,66,97,4,101,111,96
8727,87,112,119,86,76,117,102,54,101,74,111,103,88,116,92,75,95,105,115,82,97,113,67,91
8728,102,119,79,87,111,73,83,92,99,107,103,90,94,58,82,33,98,47,112,81,116,40,101,7,55,110,115,86
8729,113,74,85,110,115,82,103,116,77,93,92,108,100,39,27,87,47,29,111,96,7,109,13,15,117,106
8730,91,70,109,94,106,82,73,104,117,99,103,87,83,110,86,101,4,14,55,97,6,107,26,100
8731,91,102,90,109,93,99,78,94,73,4,106,108,111,63,7,112,66,44,29,96,27,104,75,17,110
8732,73,92,103,109,106,91,88,108,30,3,110,102,74,107,112,83,79
8733,75,99,113,77,83,104,88,2,81,102,80,119,90,111,8,106,109,115,78,108,91
8734,76,83,79,81,113,73,85,106,115,2,90,98,62,74,70,80,26,49
8735,109,67,75,85,95,74,106,112,81,113,110,94,117,34,119,103,26,98,20,101,77
8736,94,104,5,91,88,73,109,75,90,115,74,117,78,99,80,70,67,81
8737,92,117,81,88,96,106,91,108,73,119,4,79,70,86,65,87,95,80,54,94
8738,88,75,85,98,116,96,103,83,91,113,90,92,79,21,119,107,74,41,76,31,48,84,106,58,80
8739,90,80,82,85,112,115,99,73,70,98,74,101,117,103,104,54,87,83,86,63,77
8740,74,119,101,90,102,73,109,77,98,111,103,108,87,49,89,99,115,3
8741,82,83,108,107,85,94,75,118,104,73,109,88,113,80,42,51,93,101,8,77,81,103,111,70,96
8742,79,70,81,104,106,118,109,80,83,49,85,111,119,96,86,101,88,78,107,90
8743,94,85,93,110,83,109,91,100,113,107,112,82,119,86,77,87,115,96,78,104,40,108,111,99,76
8744,76,118,85,2,112,96,91,106,110,95,88,41,77,74,55,98,116,87
8745,115,116,77,92,99,119,90,88,111,103,24,98,82,102,87,29,117,78,118,74,112
8746,90,78,96,83,108,101,115,119,112,98,79,48,94,74,11,80,60,118,87
8747,115,108,99,107,96,106,110,80,92,77,113,103,112,87,101,91,48,111,98,117,73
8748,112,85,29,90,91,113,109,77,108,87,115,78,80,95,117,118,99,110,119,9,19,84,73,23,103,66,98
8749,77,119,73,86,101,110,94,115,88,113,91,106,108,15,109,92,117,107,85,93,78
8750,77,71,41,87,74,116,99,83,86,22,96,88,1,75,98,100,111
8751,111,92,106,76,73,85,116,75,77,107,119,96,88,103
8752,80,115,101,108,103,116,113,90,74,86,75,94,81,119,92,93,118,16
8753,91,109,79,70,112,96,98,83,59,78,113,95,92,2,101,63,111,76,103,106,108
8754,117,87,98,91,102,108,99,119,81,106,74,109,4,10,6,26,80,85,118,82,111
8755,85,111,75,70,88,109,99,110,108,115,118,101,119,76,2,102,90,78,73,103,94,106,74
8756,73,109,74,111,99,108,82,104,81,87,101,85,94,86,115,103,13,83,15,45,79,119,80,96
8757,116,111,107,79,80,102,110,108,94,101,85,99,96,106,39,10,19,78,2
8758,75,100,85,92,101,110,99,117,111,96,79,47,112,42,118,107,95,113,3,106,80
8759,104,79,102,118,116,109,110,117,115,101,1,93,98,19,99,80,85,105,88,13,111
8760,96,118,99,91,81,106,76,108,117,86,83,104,101,87,112,113,79,24,74,100,77,2,29,98
8761,73,98,101,88,99,113,118,76,104,110,85,119,93,111,79,82,81,115,96,108,116,29,87,24
8762,111,74,115,110,81,78,99,79,24,87,104,76,73,54,14,106,98,113,94,109
8763,80,109,106,111,98,96,79,110,70,85,101,118,73,117,99,90,119,107,75,95,74,104,94,108,87,116
8764,115,75,93,107,101,103,80,119,73,85,87,44,94,74,83,118,112,99,63,72
8765,85,99,79,83,118,75,106,98,78,108,102,94,103,111,112,110,109,4,114,104,26,5
8766,75,108,81,79,115,118,83,102,86,80,110,95,99,113,85,92,87,91,94,23,82,119,9,11,116,101
8767,115,111,103,94,106,107,119,77,81,96,116,91,108,109,98,83,117,102,42,105,114,92,17
8768,118,95,73,117,110,99,78,50,6,108,107,113,96,77,75,104,85,119,80,115
8769,76,85,83,93,109,73,115,88,80,112,79,108,95,75,91,52,30,117,81,92
8770,90,87,109,113,116,78,107,106,7,75,110,80,119,12,111,112,86
8771,116,118,75,79,83,81,119,88,90,101,113,78,30,98,36,103,94,7,80
8772,96,85,112,99,74,77,103,115,86,105,108,106,81,110,80,90,109,116,26,79,113
8773,91,81,119,80,87,113,4,115,99,92,103,1,79,111,112,59,89,82,100,13,10,110,98,93
8774,79,112,87,77,75,118,54,49,92,74,109,86,117,111,113,70,110,108
8775,79,88,106,109,81,75,92,85,107,115,73,111,91,101,112,83,99,95,94
8776,98,87,78,75,108,96,118,74,81,113,88,116,109,106,86,100,19,5,80,90,83
8777,112,79,86,82,110,118,98,107,117,88,116,92,99,100,111,87,104,30,108,70,94,101
8778,116,99,101,109,111,113,106,91,112,78,110,102,21,73,85,80,87,117,105,79,4
8779,107,88,81,118,99,109,92,111,98,115,70,117,85,83,86,73,74,94,108,112
8780,24,118,116,70,110,73,87,78,98,107,93,113,109,115,102,22,112,105,119,1,79,75
8781,75,77,88,116,102,79,91,104,117,110,81,109,106,101,23,87,74,2,114,78,96,28,113,99
8782,81,109,110,106,118,87,74,95,82,115,117,92,75,79,96,98,116,80,50,112,102,94,97,91,113
8783,4,101,86,94,119,82,80,74,78,117,70,87,1,73,113,11,9,7,88,100,14,90
8784,119,113,110,117,90,111,107,88,76,77,106,74,83,99,66,96,72,87,101,31,86,115
8785,70,94,77,107,78,111,65,83,86,104,85,73,91,98,115,18
8786,70,18,7,98,114,88,76,95,117,110,92,94,5,111,16,91,108,109,115,6,84,102,55,1,119,113,22,20,90,74,107,99,106,103,29,15,46
8787,90,118,73,20,106,87,116,99,78,79,15,110,80,111,101,88,107,108,74,75
8788,75,25,74,77,86,82,103,96,113,102,104,101,99,118,92,111,110,88,116,106,117,81
8789,77,108,85,103,83,111,96,70,10,104,89,24,35,31,44,41,15,90,107,39,62,84,110,4,6,100
8790,75,96,82,118,90,91,97,110,78,95,106,102,92,103,98,119,6,108,88,115,77,104,74,63,55,36
8791,74,104,116,96,115,112,99,108,80,86,81,90,91,18,50,76,84,70
8792,119,113,70,74,76,87,78,90,88,82,62,116,57,112,98
8793,79,28,91,102,107,77,108,85,74,104,78,82,109,119,106,88,76,118,96,27,105,66,81,117
8794,81,88,111,98,78,113,116,94,74,86,108,90,79,106,82,109,23,87,101
8795,101,110,83,92,78,88,108,79,104,75,111,81,90,115,42,76,118,102,116,96,2,87,103,91,36,77,24,99
8796,91,87,112,98,92,80,70,85,74,115,83,95,27,111,71,77,88
8797,119,101,81,83,88,85,77,80,103,107,104,75,109,111,110,64,30,113,76,70,117,55,79,108,90
8798,116,107,83,76,109,110,70,90,94,119,81,82,102,118,98,51,27,95,7,97,100,36,86,92,75
8799,87,96,113,107,117,104,91,83,99,76,109,108,79,115,118,105,101,66,110,90,94
8800,90,80,109,74,96,106,119,118,111,53,73,6,78,65,91,110,83,7,95,76,102
8801,109,92,118,82,88,98,77,75,74,101,112,95,83,76,80,21,2,91,84,42,96
8802,92,83,87,116,119,115,109,102,111,88,90,94,108,73,70,20,29,89,77,65,80
8803,98,88,74,104,76,78,70,119,80,79,83,113,95,44,117,19,101,86,20,109,118,90,99,94
8804,107,104,87,76,86,101,75,70,83,92,26,96,98,2,109,93,103,59,90,21,29,108,1,99,113
8805,88,98,110,117,73,94,111,96,95,74,112,80,91,77,104,79,97,63,36,83
8806,74,86,78,108,102,88,76,111,85,97,116,92,106,117,80,113,99,119
8807,77,73,79,104,96,91,110,76,107,119,82,115,100,70,117,68,85,94,101,111,5,18,116,81
8808,94,90,109,83,82,112,98,110,86,103,91,108,81,10,75,111,77,106,25,96,85,12,105,80
8809,79,94,80,76,119,73,112,87,99,86,106,101,116,109,29,2,115,118,72,70,110,98,96,78,113,103
8810,56,81,92,88,116,106,74,95,118,80,87,90,104,83,79,115,73,69,112,111,117,96,98,102
8811,116,102,108,73,76,90,94,109,103,86,91,104,79,68,107,110,101,115,118,85
8812,91,101,94,78,79,106,110,80,115,116,86,25,119,107,109,14,113,60,81,97,31,7
8813,79,87,75,112,90,98,74,108,42,109,81,118,73,5,115
8814,85,75,79,111,78,118,87,80,110,83,119,102,5,1,99,117
8815,110,82,107,119,79,101,109,74,104,93,85,23,106,94,73,86
8816,109,112,99,86,118,81,82,94,83,107,75,79,119,77,104,9,97,106,5,28,92,110,96,103,76
8817,78,85,96,106,116,112,111,76,79,102,98,110,113,52,28,75,87,26,109,88,74,117,118
8818,115,87,101,110,78,117,104,18,103,112,119,90,91,75,76,60,36,58,70,94
8819,99,107,103,80,75,87,85,73,90,113,98,111,109,74,24,77,118,101,94,9,79,10,106
8820,101,94,74,87,103,95,91,85,117,90,76,106,79,75,70,59,109,115,119,113,97,88,33,73
8821,102,106,116,94,101,90,74,91,88,79,113,118,111,98,96,87,112,75,92,110,70,66,109
8822,119,83,87,103,98,74,99,94,96,112,76,77,78,101,95,116,80,118,91,82,105,55,110
8823,117,96,91,112,75,74,111,79,98,78,70,110,114,90,108,119,83,1,15,6,20,92,101,87,66
8824,73,109,90,93,99,88,78,115,96,112,113,75,74,97,106,98,62,64,110,80,119,70
8825,112,111,94,70,75,107,98,119,96,83,80,113,33,116,4,56,79,108,41,27
8826,113,80,73,88,98,90,75,91,119,102,106,112,115,101,74,85,99,65,103,43,57,89
8827,85,78,87,75,106,119,116,102,90,97,111,113,101,108,79,73,94,81,88
8828,101,94,80,70,86,111,90,82,2,102,116,109,81,103,115,43,91,87,110,26
8829,77,103,96,109,118,110,104,93,95,102,73,111,71,80,90,88,54,116,83,106
8830,100,93,73,92,108,79,94,90,76,116,85,87,96,111,62,83,95,82,98,80,107,117,99,101
8831,115,108,54,90,113,82,96,80,81,70,89,76,107,77,88,117,109,46,26,4,111,79,33,19,102,73,101,22
8832,86,81,115,92,118,74,88,90,110,108,83,94,34,78,10,119,70
8833,98,88,76,94,85,115,109,113,80,102,112,78,96,79,81,7,87,64
8834,2,108,94,70,77,78,117,113,112,82,80,106,73,119,38,83,42,103,92,28,32,90
8835,117,108,116,85,101,99,83,96,94,2,119,106,11,80,70,103,79
8836,80,90,108,70,119,29,109,74,116,95
8837,74,87,83,88,116,113,101,76,75,82,103,70,73,108,102,99,78,14,107,91,94,86
8838,111,85,92,2,82,110,81,4,118,23,102,97,26,18,19,119,63,50,54,96,98,90,104,10,115,75,48,101
8839,101,115,107,106,102,75,74,92,117,90,94,80,21,26,88,110,36,33,95,24,113,76,104
8840,73,106,110,103,96,119,88,109,102,113,87,90,49,105,67,99
8841,112,86,118,70,94,87,107,96,2,99,81,77,37,101,116,39,55,74,108
8842,76,108,78,113,106,111,99,115,98,80,116,97,95,90,96,83,86,119,77,65,75
8843,115,93,75,91,119,102,109,98,83,26,78,81,65,73,52,7,117,24,104,46,12,113,87,64,108,85
8844,76,88,80,116,103,118,78,113,92,101,119,99,110,69,107,36,102,87,117,82
8845,109,108,110,82,100,83,101,85,119,115,96,99,117,113,70,76,79,105,77,106,86,74
8846,83,86,79,70,85,96,80,118,111,104,74,117,76,106,73,119,113,98,77,87,107,91,99,94
8847,94,118,96,81,101,115,92,116,95,80,97,85,99,84,102,107,76,100,61,86
8848,100,108,82,74,79,88,115,76,119,91,86,81,106,118,92,85,97,84,101,112,96,105,95,73,22
8849,83,104,85,113,109,77,87,100,98,95,81,2,116,47,5,99,73,118,96,102,90,74,97,80,78,82
8850,83,109,82,86,90,106,103,93,104,77,2,81,113,119,79,43,98,55,116,62,85,89,111,71,73,118,61
8851,112,113,90,110,116,86,92,106,117,95,108,85,102,101,77,65,99,109,107,88,81,18,75,28
8852,91,94,76,112,108,116,93,90,103,87,77,78,106,81,80,79,110,111,98,63,73,74,115,88,83,15,12,43,113
8853,107,92,91,109,119,73,75,106,112,76,111,90,100,104,98,96,86,79,6,41,101,9,77,113
8854,77,74,83,116,98,110,91,103,118,94,115,87,86,119,104,80,112,76,88,100,48,78,107,81,102
8855,81,103,111,86,117,76,97,100,80,21,63,104,75,2,44,110,83,8,6,82,96,5,79,98,119,92,12,101,107,113,4,34,116,15
8856,81,94,111,74,86,118,117,108,96,113,119,116,77,87,67,80,93,110,106
8857,112,75,94,99,116,87,119,88,83,98,73,107,108,106,90
8858,29,113,95,78,79,2,115,107,54,74,102,19,101,116,108,104,91,23,39,93
8859,81,116,88,87,99,103,110,101,23,86,115,111,107,113,102,76,10
